// =================================
// Image Data Header
// =================================

#ifndef IMAGES_H
#define IMAGES_H

#include <Arduino.h>

// License screen image (320x170 pixels, RGB565)
// Stored in PROGMEM to save RAM
const uint16_t image_noLicense[] PROGMEM = {
    0x0000, 0x0000, 0x0000, 0x0000, 0x0000, 0x0000, 0x0000, 0x0020, 0x0020, 0x0020, 0x0000, 0x0000, 0x0000, 0x0000, 0x0041, 0x0000, 
	0x0000, 0x0000, 0x0000, 0x0000, 0x0000, 0x0000, 0x0000, 0x0000, 0x0000, 0x0000, 0x0000, 0x0000, 0x0000, 0x0000, 0x0000, 0x0000, 
	0x0000, 0x0000, 0x0020, 0x0020, 0x0000, 0x0000, 0x0000, 0x0000, 0x0000, 0x0000, 0x0000, 0x0000, 0x0000, 0x0000, 0x0000, 0x0000, 
	0x0000, 0x0000, 0x0000, 0x0000, 0x0000, 0x0000, 0x0000, 0x0000, 0x0000, 0x0000, 0x0000, 0x0000, 0x0000, 0x0000, 0x0000, 0x0020, 
	0x0000, 0x0000, 0x0000, 0x0000, 0x0000, 0x0000, 0x0000, 0x0000, 0x0000, 0x0000, 0x0000, 0x0000, 0x0000, 0x0000, 0x0000, 0x0020, 
	0x0000, 0x0000, 0x0000, 0x0000, 0x0000, 0x0000, 0x0000, 0x0000, 0x0000, 0x0000, 0x0000, 0x0000, 0x0000, 0x0000, 0x0000, 0x0000, 
	0x0000, 0x0000, 0x0000, 0x0000, 0x0000, 0x0000, 0x0000, 0x0000, 0x0000, 0x0000, 0x0000, 0x0000, 0x0000, 0x0000, 0x0000, 0x0000, 
	0x0000, 0x0000, 0x0000, 0x0000, 0x0000, 0x0000, 0x0000, 0x0000, 0x0000, 0x0000, 0x0000, 0x0000, 0x0000, 0x0000, 0x0000, 0x0000, 
	0x0800, 0x0800, 0x0800, 0x0000, 0x0000, 0x0000, 0x0020, 0x0021, 0x0000, 0x0000, 0x0000, 0x0000, 0x0000, 0x0000, 0x0000, 0x0000, 
	0x0000, 0x0000, 0x0000, 0x0000, 0x0000, 0x0000, 0x0000, 0x0000, 0x0000, 0x0000, 0x0000, 0x0000, 0x0000, 0x0000, 0x0000, 0x0000, 
	0x0000, 0x0000, 0x0000, 0x0000, 0x0000, 0x0000, 0x0000, 0x0000, 0x0000, 0x0000, 0x0000, 0x0000, 0x0000, 0x0000, 0x0000, 0x0000, 
	0x0000, 0x0000, 0x0000, 0x0000, 0x0000, 0x0000, 0x0000, 0x0000, 0x0000, 0x0000, 0x0000, 0x0000, 0x0000, 0x0000, 0x0000, 0x0000, 
	0x0000, 0x0000, 0x0000, 0x0000, 0x0000, 0x0000, 0x0000, 0x0000, 0x0000, 0x0000, 0x0000, 0x0000, 0x0000, 0x0000, 0x0000, 0x0000, 
	0x0000, 0x0000, 0x0000, 0x0000, 0x0000, 0x0000, 0x0000, 0x0000, 0x0000, 0x0000, 0x0000, 0x0000, 0x0000, 0x0000, 0x0000, 0x0000, 
	0x0000, 0x0000, 0x0000, 0x0000, 0x0000, 0x0000, 0x0000, 0x0000, 0x0000, 0x0000, 0x0000, 0x0000, 0x0000, 0x0000, 0x0000, 0x0000, 
	0x0000, 0x0000, 0x0000, 0x0000, 0x0000, 0x0000, 0x0000, 0x0000, 0x0000, 0x0000, 0x0000, 0x0000, 0x0000, 0x0000, 0x0000, 0x0000, 
	0x0000, 0x0000, 0x0000, 0x0000, 0x0000, 0x0000, 0x0000, 0x0000, 0x0000, 0x0000, 0x0000, 0x0000, 0x0000, 0x0000, 0x0000, 0x0000, 
	0x0000, 0x0000, 0x0000, 0x0000, 0x0000, 0x0000, 0x0000, 0x0000, 0x0000, 0x0000, 0x0020, 0x0000, 0x0020, 0x0000, 0x0000, 0x0000, 
	0x0000, 0x0000, 0x0000, 0x0000, 0x0000, 0x0000, 0x0000, 0x0000, 0x0000, 0x0000, 0x0000, 0x0000, 0x0000, 0x0000, 0x0000, 0x0000, 
	0x0000, 0x0000, 0x0000, 0x0000, 0x0000, 0x0820, 0x1000, 0x0800, 0x0040, 0x0020, 0x0000, 0x0000, 0x0000, 0x0800, 0x0821, 0x0000, 
	0x0000, 0x0000, 0x0000, 0x0801, 0x0000, 0x0000, 0x0000, 0x0020, 0x0040, 0x0000, 0x0000, 0x0000, 0x0020, 0x0000, 0x0000, 0x0000, 
	0x0800, 0x1000, 0x1000, 0x1000, 0x1000, 0x1000, 0x1000, 0x1000, 0x1000, 0x1000, 0x1000, 0x0800, 0x1000, 0x1000, 0x1000, 0x1000, 
	0x1000, 0x1000, 0x1000, 0x0800, 0x0800, 0x0000, 0x0000, 0x0000, 0x0000, 0x0000, 0x0000, 0x0000, 0x0000, 0x0000, 0x0000, 0x0000, 
	0x0000, 0x0000, 0x0000, 0x0000, 0x0000, 0x0000, 0x0000, 0x0000, 0x0000, 0x0000, 0x0000, 0x0000, 0x0000, 0x0000, 0x0000, 0x0000, 
	0x0000, 0x0000, 0x0000, 0x0000, 0x0000, 0x0000, 0x0000, 0x0000, 0x0000, 0x0000, 0x0000, 0x0000, 0x0000, 0x0000, 0x0000, 0x0000, 
	0x0000, 0x0000, 0x0000, 0x0000, 0x0000, 0x0000, 0x0000, 0x0000, 0x0000, 0x0000, 0x0000, 0x0000, 0x0000, 0x0000, 0x0000, 0x0000, 
	0x0000, 0x0000, 0x0000, 0x0000, 0x0000, 0x0000, 0x0000, 0x0000, 0x0000, 0x0000, 0x0000, 0x0000, 0x0000, 0x0000, 0x0000, 0x0000, 
	0x0000, 0x0000, 0x0000, 0x0000, 0x0000, 0x0000, 0x0000, 0x0000, 0x0000, 0x0000, 0x0000, 0x0000, 0x0000, 0x0000, 0x0000, 0x0000, 
	0x0000, 0x0000, 0x0000, 0x0000, 0x0000, 0x0000, 0x0000, 0x0020, 0x0000, 0x0000, 0x0000, 0x0000, 0x0000, 0x0000, 0x0000, 0x0000, 
	0x0000, 0x0000, 0x0000, 0x0000, 0x0000, 0x0000, 0x0000, 0x0000, 0x0000, 0x0000, 0x0000, 0x0000, 0x0000, 0x0000, 0x0000, 0x0000, 
	0x0000, 0x0000, 0x0000, 0x0000, 0x0000, 0x0000, 0x0000, 0x0000, 0x0000, 0x0000, 0x0000, 0x0000, 0x0000, 0x0000, 0x0000, 0x0000, 
	0x0000, 0x0000, 0x0020, 0x0020, 0x0000, 0x0000, 0x0000, 0x0000, 0x0000, 0x0000, 0x0000, 0x0000, 0x0000, 0x0000, 0x0000, 0x0800, 
	0x0000, 0x0000, 0x0000, 0x0000, 0x0000, 0x0000, 0x0000, 0x0000, 0x0000, 0x0000, 0x0000, 0x0000, 0x0000, 0x0000, 0x0000, 0x0000, 
	0x0000, 0x0000, 0x0000, 0x0000, 0x0000, 0x0000, 0x0000, 0x0000, 0x0000, 0x0000, 0x0000, 0x0000, 0x0000, 0x0000, 0x0000, 0x0000, 
	0x0000, 0x0000, 0x0000, 0x0000, 0x0000, 0x0000, 0x0000, 0x0000, 0x0000, 0x0000, 0x0000, 0x0000, 0x0000, 0x0000, 0x0000, 0x0000, 
	0x0000, 0x0000, 0x0000, 0x0000, 0x0000, 0x0020, 0x0020, 0x0020, 0x0000, 0x0000, 0x0000, 0x0000, 0x0000, 0x0000, 0x0000, 0x0000, 
	0x0000, 0x0000, 0x0000, 0x0000, 0x0000, 0x0000, 0x0000, 0x0000, 0x0000, 0x0000, 0x0000, 0x0000, 0x0000, 0x0000, 0x0000, 0x0000, 
	0x0000, 0x0000, 0x0000, 0x0000, 0x0000, 0x0000, 0x0000, 0x0000, 0x0000, 0x0000, 0x0000, 0x0800, 0x0800, 0x1000, 0x1000, 0x1000, 
	0x1000, 0x1000, 0x1000, 0x1000, 0x1000, 0x1000, 0x1000, 0x1000, 0x1000, 0x1000, 0x1000, 0x1000, 0x1000, 0x1000, 0x1000, 0x0800, 
	0x0000, 0x0000, 0x0000, 0x0000, 0x0000, 0x0000, 0x0800, 0x0000, 0x0000, 0x0020, 0x0000, 0x0000, 0x0800, 0x0000, 0x0000, 0x0021, 
	0x0020, 0x0000, 0x0000, 0x0000, 0x0000, 0x0000, 0x0800, 0x0000, 0x0000, 0x0841, 0x0861, 0x0000, 0x0000, 0x0000, 0x0000, 0x0820, 
	0x2000, 0x3000, 0x3820, 0x4020, 0x4820, 0x4800, 0x4800, 0x4800, 0x4800, 0x4000, 0x4000, 0x4000, 0x4000, 0x4000, 0x4000, 0x4000, 
	0x4800, 0x4800, 0x4000, 0x3821, 0x3021, 0x2000, 0x1800, 0x0800, 0x0000, 0x0000, 0x0000, 0x0000, 0x0000, 0x0000, 0x0000, 0x0000, 
	0x0000, 0x0000, 0x0000, 0x0000, 0x0000, 0x0000, 0x0000, 0x0000, 0x0000, 0x0000, 0x0000, 0x0000, 0x0000, 0x0000, 0x0000, 0x0000, 
	0x0000, 0x0000, 0x0000, 0x0000, 0x0000, 0x0000, 0x0000, 0x0000, 0x0000, 0x0000, 0x0000, 0x0000, 0x0000, 0x0000, 0x0000, 0x0000, 
	0x0000, 0x0000, 0x0000, 0x0000, 0x0000, 0x0000, 0x0000, 0x0000, 0x0000, 0x0000, 0x0000, 0x0000, 0x0000, 0x0000, 0x0000, 0x0000, 
	0x0000, 0x0000, 0x0000, 0x0000, 0x0000, 0x0000, 0x0000, 0x0000, 0x0000, 0x0000, 0x0000, 0x0000, 0x0000, 0x0000, 0x0000, 0x0000, 
	0x0000, 0x0000, 0x0000, 0x0000, 0x0000, 0x0000, 0x0000, 0x0000, 0x0000, 0x0000, 0x0000, 0x0000, 0x0000, 0x0000, 0x0000, 0x0000, 
	0x0000, 0x0000, 0x0000, 0x0000, 0x0000, 0x0000, 0x0000, 0x0000, 0x0000, 0x0000, 0x0000, 0x0000, 0x0000, 0x0000, 0x0000, 0x0000, 
	0x0000, 0x0000, 0x0000, 0x0000, 0x0000, 0x0000, 0x0000, 0x0000, 0x0000, 0x0000, 0x0000, 0x0000, 0x0000, 0x0000, 0x0000, 0x0000, 
	0x0000, 0x0800, 0x0000, 0x0000, 0x0000, 0x0000, 0x0000, 0x0000, 0x0000, 0x0000, 0x0000, 0x0000, 0x0000, 0x0000, 0x0000, 0x0000, 
	0x0000, 0x0000, 0x0000, 0x0000, 0x0000, 0x0000, 0x0000, 0x0000, 0x0000, 0x0000, 0x0000, 0x0000, 0x0000, 0x0000, 0x0000, 0x0000, 
	0x0000, 0x0000, 0x0000, 0x0000, 0x0000, 0x0000, 0x0000, 0x0000, 0x0000, 0x0000, 0x0000, 0x0000, 0x0000, 0x0000, 0x0000, 0x0000, 
	0x0000, 0x0000, 0x0000, 0x0000, 0x0000, 0x0000, 0x0000, 0x0000, 0x0000, 0x0000, 0x0000, 0x0000, 0x0000, 0x0000, 0x0000, 0x0000, 
	0x0000, 0x0000, 0x0000, 0x0000, 0x0000, 0x0000, 0x0000, 0x0000, 0x0000, 0x0000, 0x0000, 0x0000, 0x0000, 0x0000, 0x0000, 0x0000, 
	0x0000, 0x0000, 0x0000, 0x0000, 0x0000, 0x0000, 0x0000, 0x0000, 0x0000, 0x0000, 0x0000, 0x0000, 0x0000, 0x0000, 0x0000, 0x0000, 
	0x0000, 0x0000, 0x0000, 0x0000, 0x0000, 0x0000, 0x0000, 0x0000, 0x0000, 0x0000, 0x0000, 0x0000, 0x0000, 0x0000, 0x0000, 0x0000, 
	0x0000, 0x0000, 0x0000, 0x0000, 0x0000, 0x0000, 0x0000, 0x0800, 0x0800, 0x1800, 0x2000, 0x3021, 0x4021, 0x4821, 0x4800, 0x4800, 
	0x4800, 0x4000, 0x4800, 0x4800, 0x4800, 0x4800, 0x4800, 0x4800, 0x4800, 0x4800, 0x4000, 0x4000, 0x4000, 0x3800, 0x3800, 0x2800, 
	0x0820, 0x0020, 0x0000, 0x0020, 0x0020, 0x0000, 0x0000, 0x0820, 0x0000, 0x0020, 0x0000, 0x0000, 0x0000, 0x0000, 0x0000, 0x0020, 
	0x0000, 0x0000, 0x0000, 0x0000, 0x0000, 0x0000, 0x0800, 0x0800, 0x2905, 0x41e8, 0x4228, 0x39c7, 0x39a7, 0x39c8, 0x31c7, 0x39a6, 
	0x7249, 0x8269, 0x928a, 0x9aab, 0xa2ab, 0xa2ab, 0xaacb, 0xaaeb, 0xa28a, 0x9a8a, 0x9a8a, 0x9a6a, 0x9269, 0x9249, 0x9249, 0x9229, 
	0x9229, 0x9229, 0x8a29, 0x8229, 0x7229, 0x61e8, 0x49a6, 0x4186, 0x3145, 0x2945, 0x2945, 0x2144, 0x2124, 0x2104, 0x2104, 0x2104, 
	0x10c2, 0x10a2, 0x10a2, 0x10a2, 0x1082, 0x1082, 0x0881, 0x0881, 0x0861, 0x0861, 0x0881, 0x0881, 0x1082, 0x10a2, 0x10a2, 0x10a2, 
	0x10a2, 0x1082, 0x1082, 0x1082, 0x1082, 0x1082, 0x1062, 0x1062, 0x18a3, 0x18a3, 0x18c3, 0x18c3, 0x18e3, 0x18e4, 0x18e4, 0x2104, 
	0x2965, 0x3145, 0x3165, 0x3165, 0x3165, 0x3166, 0x3166, 0x3166, 0x3186, 0x3186, 0x3186, 0x3186, 0x3186, 0x3186, 0x3186, 0x3186, 
	0x2965, 0x2965, 0x2965, 0x2965, 0x2965, 0x2965, 0x2965, 0x2965, 0x3186, 0x3186, 0x3186, 0x3186, 0x3186, 0x3186, 0x3186, 0x3186, 
	0x3166, 0x3186, 0x3186, 0x3186, 0x3186, 0x3186, 0x39a6, 0x3986, 0x3986, 0x3186, 0x3186, 0x3186, 0x3186, 0x3186, 0x3186, 0x3186, 
	0x3186, 0x3186, 0x2986, 0x2986, 0x2966, 0x2945, 0x2925, 0x2104, 0x2104, 0x2104, 0x1904, 0x1904, 0x2104, 0x2104, 0x28e4, 0x28e4, 
	0x20e3, 0x20e3, 0x20e3, 0x20e3, 0x20e3, 0x20e3, 0x20e3, 0x20e3, 0x20e4, 0x2104, 0x2104, 0x2104, 0x2924, 0x2925, 0x2945, 0x2945, 
	0x3145, 0x3125, 0x3125, 0x3125, 0x2925, 0x2925, 0x2925, 0x2925, 0x2924, 0x2924, 0x2924, 0x2924, 0x2904, 0x2904, 0x2904, 0x2904, 
	0x2104, 0x2104, 0x2104, 0x28e4, 0x28e4, 0x20e4, 0x20e3, 0x20e3, 0x20e4, 0x20e4, 0x20e4, 0x20e4, 0x20e4, 0x20e4, 0x2104, 0x2104, 
	0x3145, 0x3145, 0x3145, 0x3165, 0x3165, 0x3165, 0x3165, 0x3165, 0x3186, 0x3186, 0x3166, 0x3166, 0x3166, 0x3186, 0x3166, 0x3166, 
	0x2965, 0x2965, 0x2965, 0x2965, 0x2965, 0x2965, 0x2965, 0x2965, 0x2966, 0x2966, 0x2966, 0x2966, 0x2966, 0x2966, 0x2966, 0x2966, 
	0x2986, 0x2986, 0x2986, 0x2986, 0x2986, 0x2986, 0x2986, 0x2986, 0x2965, 0x2965, 0x2965, 0x2965, 0x2965, 0x2965, 0x2965, 0x2965, 
	0x2945, 0x2124, 0x2104, 0x1903, 0x18e3, 0x18e3, 0x10c3, 0x10a2, 0x0882, 0x0882, 0x1082, 0x1062, 0x1062, 0x1062, 0x1062, 0x1062, 
	0x1082, 0x0882, 0x0882, 0x0882, 0x0882, 0x0882, 0x0882, 0x0882, 0x10c2, 0x10c3, 0x18c3, 0x18e3, 0x18e3, 0x18e3, 0x1903, 0x1904, 
	0x1904, 0x1924, 0x1924, 0x2124, 0x2124, 0x2104, 0x2904, 0x2904, 0x3924, 0x4165, 0x59a7, 0x7208, 0x8229, 0x8a49, 0x9229, 0x9209, 
	0x8a28, 0x8a29, 0x8a29, 0x9229, 0x9229, 0x9a49, 0x9a4a, 0x9a4a, 0x9a4a, 0x9a6a, 0x9a6a, 0x926a, 0x9269, 0x8a49, 0x8a49, 0x7a69, 
	0x20c2, 0x10a2, 0x0882, 0x10a2, 0x10c2, 0x10a2, 0x18c3, 0x2945, 0x0041, 0x0000, 0x0000, 0x0800, 0x0000, 0x0000, 0x0020, 0x0000, 
	0x0000, 0x0000, 0x0020, 0x0040, 0x0020, 0x0000, 0x0000, 0x20e4, 0x83f0, 0x5aab, 0x39a7, 0x3986, 0x3166, 0x3166, 0x31c7, 0x41e8, 
	0x30e4, 0x38e4, 0x4105, 0x4105, 0x4904, 0x48e4, 0x4904, 0x4925, 0x4924, 0x4924, 0x4924, 0x4104, 0x40e3, 0x40c3, 0x40c3, 0x38c3, 
	0x38c3, 0x30c3, 0x30c3, 0x30c3, 0x28e3, 0x2904, 0x2904, 0x2104, 0x2124, 0x2124, 0x2124, 0x2104, 0x1903, 0x18e3, 0x18e3, 0x18c3, 
	0x18e3, 0x18e3, 0x18e3, 0x18c3, 0x10c3, 0x10c3, 0x10a2, 0x10a2, 0x10a2, 0x10a2, 0x10a2, 0x10a2, 0x10c3, 0x10c3, 0x18c3, 0x18c3, 
	0x18c3, 0x18c3, 0x18a3, 0x18a3, 0x10a3, 0x10a2, 0x10a2, 0x10a2, 0x1082, 0x1082, 0x1082, 0x10a2, 0x10a3, 0x18a3, 0x18c3, 0x18c3, 
	0x18c3, 0x18c3, 0x18c3, 0x18c3, 0x18c3, 0x18c3, 0x18e3, 0x18e3, 0x18e3, 0x18e3, 0x18e3, 0x18e3, 0x18e3, 0x18e3, 0x18e3, 0x18e3, 
	0x18e3, 0x18e3, 0x18e3, 0x18e3, 0x18e3, 0x18e3, 0x18e3, 0x18e3, 0x20e3, 0x20e3, 0x20e3, 0x20e3, 0x20e3, 0x2104, 0x2104, 0x2104, 
	0x20e3, 0x20e3, 0x20e4, 0x20e4, 0x2904, 0x2904, 0x2904, 0x2904, 0x2904, 0x2904, 0x2904, 0x2904, 0x2904, 0x2904, 0x2104, 0x2104, 
	0x2945, 0x2945, 0x2925, 0x2925, 0x2925, 0x2904, 0x20e4, 0x20c3, 0x18a3, 0x18c3, 0x18c3, 0x18c3, 0x18c3, 0x18a3, 0x18a3, 0x18a3, 
	0x18c3, 0x18c3, 0x18c3, 0x18c3, 0x18c3, 0x18c3, 0x18c3, 0x18c3, 0x18a3, 0x18a3, 0x18a3, 0x18c3, 0x18c3, 0x20c3, 0x20c3, 0x20e3, 
	0x20c3, 0x20c3, 0x20c3, 0x20c3, 0x20c3, 0x20c3, 0x20c3, 0x20e3, 0x20e3, 0x20c3, 0x20c3, 0x20c3, 0x20c3, 0x20c3, 0x20c3, 0x20c3, 
	0x20e3, 0x20e3, 0x20c3, 0x20c3, 0x20a3, 0x20c3, 0x18c3, 0x18c3, 0x18c3, 0x18c3, 0x20c3, 0x20c3, 0x20a3, 0x20c3, 0x18e3, 0x20e3, 
	0x2904, 0x2904, 0x2904, 0x2904, 0x2904, 0x2904, 0x2904, 0x2904, 0x2904, 0x2904, 0x2904, 0x28e4, 0x28e4, 0x20e4, 0x20e4, 0x20e4, 
	0x20e3, 0x18e3, 0x18e3, 0x18e3, 0x18e3, 0x18e3, 0x18e3, 0x18e3, 0x20e3, 0x20e3, 0x20e3, 0x20e3, 0x20e3, 0x20e3, 0x20e3, 0x20e3, 
	0x18e3, 0x18e3, 0x18e3, 0x18e3, 0x18e3, 0x18e3, 0x18e3, 0x18e3, 0x18e3, 0x18e3, 0x18e3, 0x18e3, 0x18e3, 0x18e3, 0x18e3, 0x18e3, 
	0x18e3, 0x18e3, 0x18c3, 0x10a2, 0x10c2, 0x10c3, 0x10c3, 0x10c3, 0x10a2, 0x10a2, 0x10a2, 0x18a2, 0x18a2, 0x18a2, 0x1882, 0x18a2, 
	0x10a2, 0x10a2, 0x10a2, 0x10a2, 0x10a2, 0x10a2, 0x10a2, 0x10a2, 0x1082, 0x1082, 0x10a2, 0x10a2, 0x10a2, 0x10c3, 0x18c3, 0x10c3, 
	0x10e3, 0x10e3, 0x10e3, 0x18e3, 0x18e3, 0x18e3, 0x1904, 0x1903, 0x18e3, 0x20e3, 0x20e3, 0x20e3, 0x28c3, 0x28a2, 0x28a2, 0x2882, 
	0x28a2, 0x30a2, 0x30a2, 0x30a2, 0x38a3, 0x38a3, 0x40a3, 0x40a3, 0x40a3, 0x40a3, 0x40a3, 0x40c3, 0x38c3, 0x38a3, 0x38a3, 0x30a2, 
	0x28c3, 0x18a2, 0x10a2, 0x10c3, 0x10e3, 0x10c3, 0x2104, 0x3186, 0x2946, 0x0001, 0x0000, 0x0801, 0x0020, 0x0020, 0x0000, 0x0020, 
	0x0000, 0x0000, 0x0020, 0x0020, 0x0000, 0x0000, 0x2145, 0x630d, 0x3166, 0x1083, 0x1042, 0x1883, 0x1883, 0x1082, 0x1082, 0x0861, 
	0x1042, 0x1062, 0x1862, 0x1862, 0x1841, 0x1841, 0x1861, 0x1862, 0x1841, 0x1841, 0x1841, 0x1841, 0x1841, 0x1821, 0x1821, 0x1821, 
	0x1861, 0x1061, 0x1061, 0x1061, 0x1061, 0x1082, 0x1082, 0x1082, 0x1082, 0x1082, 0x1082, 0x1082, 0x1082, 0x10a2, 0x10a2, 0x1082, 
	0x0882, 0x0882, 0x0882, 0x0882, 0x0882, 0x0882, 0x0882, 0x0882, 0x0882, 0x0882, 0x0882, 0x0882, 0x0882, 0x0862, 0x0862, 0x0861, 
	0x1062, 0x1062, 0x1062, 0x1062, 0x0861, 0x0861, 0x0861, 0x0861, 0x0882, 0x0882, 0x1082, 0x1062, 0x1062, 0x1062, 0x1061, 0x1061, 
	0x0861, 0x0861, 0x0861, 0x0861, 0x1061, 0x1061, 0x1062, 0x1062, 0x1062, 0x1062, 0x1062, 0x1062, 0x1062, 0x1062, 0x1062, 0x1062, 
	0x1062, 0x1061, 0x1061, 0x1061, 0x1061, 0x1061, 0x1061, 0x1061, 0x1061, 0x1061, 0x1061, 0x1061, 0x1061, 0x1082, 0x1082, 0x1882, 
	0x1862, 0x1862, 0x1862, 0x1882, 0x1882, 0x1882, 0x1882, 0x1882, 0x1882, 0x1882, 0x1882, 0x1882, 0x1882, 0x1882, 0x1882, 0x1882, 
	0x1082, 0x1082, 0x1082, 0x1882, 0x1882, 0x1862, 0x1062, 0x1041, 0x1062, 0x1062, 0x1062, 0x1062, 0x1062, 0x1062, 0x1062, 0x1062, 
	0x1062, 0x1062, 0x1062, 0x1062, 0x1062, 0x1062, 0x1062, 0x1062, 0x1062, 0x1061, 0x1061, 0x1061, 0x1041, 0x1041, 0x1041, 0x1041, 
	0x1021, 0x1041, 0x1041, 0x1041, 0x1041, 0x1041, 0x1041, 0x1041, 0x1862, 0x1862, 0x1862, 0x1862, 0x1062, 0x1062, 0x1062, 0x1061, 
	0x1062, 0x1862, 0x1862, 0x1862, 0x1062, 0x1062, 0x1061, 0x0881, 0x1082, 0x1082, 0x1062, 0x1062, 0x1062, 0x1062, 0x1082, 0x1082, 
	0x1061, 0x1062, 0x1062, 0x1062, 0x1062, 0x1062, 0x1062, 0x1862, 0x1882, 0x1882, 0x1882, 0x1862, 0x1862, 0x1862, 0x1862, 0x1862, 
	0x1882, 0x1882, 0x1882, 0x1882, 0x1882, 0x1882, 0x1882, 0x1882, 0x1082, 0x1082, 0x1082, 0x1082, 0x1082, 0x1082, 0x1082, 0x1082, 
	0x1082, 0x1082, 0x1082, 0x1082, 0x1082, 0x1082, 0x1082, 0x1082, 0x1061, 0x1061, 0x1061, 0x1061, 0x1061, 0x1061, 0x1061, 0x1061, 
	0x1061, 0x0861, 0x0861, 0x0861, 0x0861, 0x0861, 0x0882, 0x1082, 0x0861, 0x0861, 0x0861, 0x1061, 0x1061, 0x1061, 0x1061, 0x1061, 
	0x0861, 0x0861, 0x0861, 0x0861, 0x0861, 0x0861, 0x0861, 0x0861, 0x0881, 0x0881, 0x0881, 0x0881, 0x0881, 0x0881, 0x0881, 0x0881, 
	0x0861, 0x0861, 0x0861, 0x0881, 0x0862, 0x0882, 0x0882, 0x0882, 0x0882, 0x0882, 0x0881, 0x0881, 0x0881, 0x0861, 0x1061, 0x1060, 
	0x1061, 0x1061, 0x1061, 0x1041, 0x1041, 0x1841, 0x1821, 0x1821, 0x1821, 0x1821, 0x1821, 0x1821, 0x1021, 0x1041, 0x1020, 0x1020, 
	0x1041, 0x1020, 0x0841, 0x0861, 0x0861, 0x0841, 0x0841, 0x1082, 0x2946, 0x2105, 0x1022, 0x0000, 0x0000, 0x0040, 0x0000, 0x0000, 
	0x0000, 0x0000, 0x0000, 0x0000, 0x0000, 0x2945, 0x4a8a, 0x52ab, 0x0021, 0x1062, 0x18a3, 0x18a3, 0x1062, 0x1082, 0x10c2, 0x0882, 
	0x1082, 0x1082, 0x1082, 0x1082, 0x1082, 0x10a2, 0x10a2, 0x18a2, 0x0861, 0x0861, 0x1061, 0x1061, 0x1061, 0x1061, 0x1862, 0x1061, 
	0x1061, 0x1081, 0x1082, 0x18a2, 0x18a2, 0x10a2, 0x10a2, 0x10a2, 0x10a3, 0x10a3, 0x10a3, 0x10a3, 0x18c3, 0x18c3, 0x18c3, 0x10c3, 
	0x10a2, 0x10a2, 0x10a2, 0x10a2, 0x10a2, 0x10a2, 0x10a3, 0x10a3, 0x10c3, 0x10a3, 0x10a2, 0x10a2, 0x1082, 0x0882, 0x0882, 0x0882, 
	0x1082, 0x1082, 0x1082, 0x1082, 0x1082, 0x1082, 0x1082, 0x1082, 0x1082, 0x1082, 0x1082, 0x1062, 0x1061, 0x1061, 0x1041, 0x1041, 
	0x1082, 0x1082, 0x1082, 0x10a2, 0x10a2, 0x10a2, 0x10a2, 0x10a2, 0x10a2, 0x10a2, 0x10a2, 0x10a2, 0x10a2, 0x10a2, 0x10a2, 0x18a2, 
	0x18a2, 0x1882, 0x1882, 0x1882, 0x1882, 0x1882, 0x1882, 0x1882, 0x1882, 0x1882, 0x1882, 0x20a2, 0x20a2, 0x20a3, 0x20a3, 0x20a3, 
	0x28a3, 0x28a3, 0x28a3, 0x28a3, 0x28a3, 0x28a3, 0x28a3, 0x28a3, 0x28a3, 0x28c3, 0x20a3, 0x20a3, 0x20c3, 0x20a3, 0x20a3, 0x20c3, 
	0x18c3, 0x20c3, 0x20c3, 0x20c3, 0x20a3, 0x18a3, 0x18a2, 0x10a2, 0x10a2, 0x10a2, 0x1082, 0x1882, 0x1882, 0x1082, 0x10a2, 0x10a2, 
	0x1082, 0x1082, 0x1082, 0x1082, 0x1082, 0x1082, 0x1082, 0x1082, 0x18a2, 0x18a2, 0x1882, 0x1882, 0x1882, 0x1082, 0x1082, 0x1882, 
	0x1882, 0x1882, 0x1882, 0x1882, 0x1882, 0x1882, 0x1882, 0x1882, 0x1882, 0x1882, 0x1882, 0x1882, 0x1882, 0x1882, 0x1882, 0x1882, 
	0x1882, 0x1882, 0x1882, 0x1882, 0x1082, 0x1082, 0x08a2, 0x08a2, 0x10a2, 0x10a2, 0x1082, 0x1082, 0x1082, 0x1082, 0x10a2, 0x10a2, 
	0x18c3, 0x18c3, 0x18c3, 0x20c3, 0x20c3, 0x20c3, 0x20c3, 0x20c3, 0x20c3, 0x20a3, 0x20a3, 0x20a3, 0x20a3, 0x2083, 0x2082, 0x2082, 
	0x1882, 0x1882, 0x1882, 0x1882, 0x1882, 0x1882, 0x1882, 0x1882, 0x20a2, 0x20a2, 0x20a2, 0x20a2, 0x20a2, 0x20a2, 0x20a2, 0x18a2, 
	0x1882, 0x18a2, 0x18a2, 0x18a2, 0x18a2, 0x18a2, 0x18a2, 0x18a2, 0x1062, 0x1062, 0x1062, 0x1062, 0x1062, 0x1062, 0x1062, 0x1062, 
	0x1061, 0x1082, 0x18a2, 0x18a2, 0x1082, 0x1082, 0x1082, 0x1082, 0x1082, 0x1082, 0x1082, 0x1082, 0x1082, 0x1082, 0x1062, 0x1082, 
	0x1082, 0x0882, 0x0882, 0x0882, 0x0882, 0x0882, 0x0882, 0x0882, 0x0882, 0x0882, 0x0882, 0x0882, 0x0882, 0x0881, 0x0881, 0x0881, 
	0x0882, 0x1082, 0x1082, 0x1082, 0x1082, 0x1082, 0x1082, 0x0882, 0x0882, 0x0882, 0x08a2, 0x10a2, 0x10a2, 0x1081, 0x1061, 0x1061, 
	0x1061, 0x1061, 0x1061, 0x1061, 0x1041, 0x1041, 0x1041, 0x1041, 0x1861, 0x1061, 0x1061, 0x1061, 0x1081, 0x1081, 0x1081, 0x1081, 
	0x1081, 0x1061, 0x1081, 0x1081, 0x1861, 0x1041, 0x0841, 0x0841, 0x10a3, 0x2966, 0x20e5, 0x0000, 0x0000, 0x0040, 0x0020, 0x0000, 
	0x0000, 0x0000, 0x0000, 0x0000, 0x20a3, 0x6b0c, 0x5b0c, 0x0000, 0x1083, 0x20a4, 0x18c4, 0x20e4, 0x20e3, 0x18a2, 0x1082, 0x2103, 
	0x2041, 0x2821, 0x2821, 0x2841, 0x2841, 0x2841, 0x2841, 0x2840, 0x2841, 0x2841, 0x2841, 0x2821, 0x2821, 0x2821, 0x2821, 0x2821, 
	0x2841, 0x2841, 0x2841, 0x2041, 0x1820, 0x1841, 0x1861, 0x1882, 0x18a2, 0x18a3, 0x10a3, 0x10a3, 0x10a3, 0x18a3, 0x18a3, 0x10a3, 
	0x10a3, 0x10a2, 0x10a2, 0x10a2, 0x10a2, 0x10a2, 0x10a2, 0x10a2, 0x10a2, 0x10a2, 0x10a2, 0x10a2, 0x10a2, 0x10a2, 0x1082, 0x1082, 
	0x1082, 0x1082, 0x1082, 0x1082, 0x1082, 0x1082, 0x1082, 0x1082, 0x1082, 0x1082, 0x1082, 0x1062, 0x1062, 0x1862, 0x1862, 0x1862, 
	0x0800, 0x0020, 0x0020, 0x0020, 0x0020, 0x0020, 0x0020, 0x0020, 0x0821, 0x0821, 0x0821, 0x0821, 0x0821, 0x0821, 0x0821, 0x0821, 
	0x1861, 0x1841, 0x1841, 0x1841, 0x1841, 0x1841, 0x1841, 0x1841, 0x1862, 0x1862, 0x1862, 0x1882, 0x2082, 0x2082, 0x2082, 0x2082, 
	0x2083, 0x2883, 0x2883, 0x2883, 0x2883, 0x2082, 0x2082, 0x2082, 0x20a3, 0x20a3, 0x20a2, 0x20a2, 0x20a2, 0x20a2, 0x20a2, 0x20a3, 
	0x18a3, 0x18a3, 0x2083, 0x1882, 0x1062, 0x1041, 0x0841, 0x0061, 0x0061, 0x0861, 0x0841, 0x1041, 0x1041, 0x0841, 0x0841, 0x0861, 
	0x1061, 0x1061, 0x1061, 0x1061, 0x1061, 0x1061, 0x1061, 0x1061, 0x1041, 0x1041, 0x1061, 0x1061, 0x1062, 0x1062, 0x1082, 0x1082, 
	0x1882, 0x1882, 0x1882, 0x1062, 0x1062, 0x1062, 0x1062, 0x1062, 0x1061, 0x1061, 0x1061, 0x1041, 0x1041, 0x1041, 0x1041, 0x1041, 
	0x1041, 0x1041, 0x1041, 0x1061, 0x0861, 0x0861, 0x0861, 0x0861, 0x0861, 0x0861, 0x0861, 0x0861, 0x0861, 0x1061, 0x1061, 0x1081, 
	0x1082, 0x1082, 0x1082, 0x1882, 0x1882, 0x1882, 0x1882, 0x1882, 0x18a2, 0x18a2, 0x1882, 0x1882, 0x1882, 0x1862, 0x1862, 0x1862, 
	0x1862, 0x1862, 0x1862, 0x1862, 0x1862, 0x1862, 0x1862, 0x1862, 0x1841, 0x1841, 0x1841, 0x1841, 0x1841, 0x1841, 0x1841, 0x1861, 
	0x0821, 0x0821, 0x0821, 0x0821, 0x0821, 0x0821, 0x0821, 0x0821, 0x0820, 0x0820, 0x0820, 0x0820, 0x0820, 0x0820, 0x0820, 0x0820, 
	0x0800, 0x1041, 0x1082, 0x1882, 0x1082, 0x1061, 0x1061, 0x1082, 0x1082, 0x1082, 0x1082, 0x1082, 0x1082, 0x1082, 0x1082, 0x1082, 
	0x1082, 0x0882, 0x0882, 0x0882, 0x0882, 0x0882, 0x0882, 0x0882, 0x0882, 0x0882, 0x0882, 0x0882, 0x0882, 0x1082, 0x1082, 0x10a2, 
	0x1082, 0x1062, 0x1062, 0x1062, 0x1062, 0x1062, 0x1062, 0x1062, 0x1061, 0x1061, 0x1040, 0x1820, 0x2000, 0x2000, 0x2800, 0x3000, 
	0x2800, 0x2800, 0x2800, 0x2800, 0x2800, 0x3000, 0x3020, 0x3020, 0x2820, 0x2800, 0x2800, 0x2000, 0x2000, 0x2020, 0x2020, 0x2040, 
	0x20a2, 0x18c2, 0x10a2, 0x1081, 0x1861, 0x1862, 0x1082, 0x0862, 0x0041, 0x1083, 0x2905, 0x2905, 0x0020, 0x0000, 0x0000, 0x0020, 
	0x0000, 0x0000, 0x1000, 0x2882, 0x834d, 0x51a7, 0x1882, 0x1062, 0x1863, 0x28e4, 0x10a2, 0x0881, 0x0840, 0x0840, 0x1040, 0x3041, 
	0x6061, 0x7020, 0x7861, 0x7861, 0x7041, 0x7040, 0x7020, 0x6800, 0x6800, 0x6800, 0x6800, 0x6800, 0x6800, 0x6800, 0x6800, 0x6000, 
	0x6000, 0x6000, 0x5800, 0x4800, 0x4020, 0x3861, 0x2881, 0x20a1, 0x18a2, 0x10a2, 0x1082, 0x0861, 0x1062, 0x1062, 0x1882, 0x1883, 
	0x18c3, 0x10c3, 0x10c3, 0x10a3, 0x10a2, 0x10a2, 0x10a2, 0x10a2, 0x10a2, 0x10a2, 0x10a2, 0x1082, 0x1082, 0x0882, 0x0882, 0x0882, 
	0x1082, 0x1082, 0x1082, 0x1082, 0x1082, 0x1082, 0x1082, 0x1082, 0x1082, 0x1082, 0x1062, 0x1062, 0x1882, 0x2082, 0x1821, 0x0800, 
	0x0800, 0x0000, 0x0000, 0x0000, 0x0000, 0x0000, 0x0000, 0x0000, 0x0800, 0x0800, 0x0800, 0x0800, 0x0800, 0x0800, 0x0800, 0x0800, 
	0x0800, 0x0800, 0x0800, 0x0800, 0x0800, 0x0800, 0x0800, 0x0800, 0x0800, 0x0800, 0x0800, 0x0800, 0x0800, 0x0800, 0x0800, 0x1000, 
	0x0800, 0x1000, 0x1000, 0x1000, 0x0800, 0x0800, 0x0800, 0x0800, 0x0800, 0x0800, 0x0800, 0x0800, 0x0800, 0x0800, 0x0800, 0x0800, 
	0x0000, 0x0000, 0x0000, 0x0000, 0x0000, 0x0020, 0x0020, 0x0040, 0x0020, 0x0020, 0x0000, 0x0800, 0x0000, 0x0000, 0x0021, 0x0021, 
	0x0020, 0x0020, 0x0020, 0x0820, 0x0020, 0x0020, 0x0000, 0x0000, 0x0821, 0x0820, 0x0000, 0x0000, 0x0000, 0x0000, 0x0000, 0x0000, 
	0x0820, 0x0820, 0x0800, 0x0800, 0x0800, 0x0800, 0x0000, 0x0000, 0x0820, 0x0820, 0x0820, 0x0820, 0x0800, 0x0800, 0x0800, 0x0000, 
	0x0800, 0x0800, 0x0820, 0x0020, 0x0020, 0x0020, 0x0000, 0x0820, 0x0820, 0x0800, 0x0000, 0x0000, 0x0020, 0x0020, 0x0000, 0x0000, 
	0x0000, 0x0000, 0x0000, 0x0000, 0x0000, 0x0000, 0x0000, 0x0000, 0x0800, 0x0800, 0x0800, 0x0800, 0x0800, 0x0800, 0x0800, 0x0800, 
	0x0800, 0x0800, 0x0800, 0x0800, 0x0800, 0x0800, 0x0800, 0x0800, 0x0800, 0x0800, 0x0800, 0x0800, 0x0800, 0x0800, 0x0800, 0x0800, 
	0x0800, 0x0800, 0x0800, 0x0800, 0x0800, 0x0800, 0x0800, 0x0800, 0x0800, 0x0800, 0x0800, 0x0800, 0x0800, 0x0800, 0x0800, 0x0800, 
	0x0000, 0x0800, 0x1862, 0x20a3, 0x1882, 0x1041, 0x1041, 0x1062, 0x1082, 0x1082, 0x1082, 0x1082, 0x1082, 0x1082, 0x1082, 0x1082, 
	0x1082, 0x0882, 0x0882, 0x0882, 0x0882, 0x0882, 0x0882, 0x0882, 0x0882, 0x0882, 0x0882, 0x0882, 0x0882, 0x0882, 0x0882, 0x1062, 
	0x1862, 0x1862, 0x1862, 0x1862, 0x1862, 0x1862, 0x1862, 0x2061, 0x2861, 0x3041, 0x3841, 0x4841, 0x5821, 0x6000, 0x6801, 0x7821, 
	0x7000, 0x7000, 0x7000, 0x7000, 0x7000, 0x7821, 0x7821, 0x7000, 0x7820, 0x7000, 0x7000, 0x7820, 0x7840, 0x7820, 0x7800, 0x6040, 
	0x2800, 0x18a1, 0x10a1, 0x1060, 0x0800, 0x2062, 0x20c3, 0x18a2, 0x18a2, 0x0841, 0x1021, 0x3125, 0x2103, 0x0000, 0x0000, 0x0000, 
	0x0000, 0x0000, 0x1000, 0x4945, 0xa3af, 0x40e4, 0x1841, 0x1862, 0x30e5, 0x1862, 0x0841, 0x0000, 0x1860, 0x1000, 0x2800, 0x5021, 
	0xca48, 0xc9c6, 0xc9a5, 0xc185, 0xc165, 0xc165, 0xc9a6, 0xc9a7, 0xc186, 0xc1a7, 0xc1a7, 0xc1a7, 0xb987, 0xb987, 0xb9a7, 0xb9a7, 
	0xb1a7, 0xb1c8, 0xa9e8, 0xa208, 0x9228, 0x7a08, 0x59c6, 0x4164, 0x2903, 0x2103, 0x18e3, 0x18c3, 0x18a3, 0x18a3, 0x18a3, 0x18a3, 
	0x20e4, 0x18e4, 0x18e4, 0x18e3, 0x18e3, 0x18c3, 0x18c3, 0x18c3, 0x18c3, 0x18c3, 0x18c3, 0x18c3, 0x18c3, 0x18c3, 0x10c3, 0x10c3, 
	0x10a2, 0x10a2, 0x10a2, 0x10a2, 0x10a2, 0x10a2, 0x10a2, 0x10a2, 0x18c3, 0x18a2, 0x20c3, 0x28e4, 0x20a3, 0x1821, 0x1000, 0x1841, 
	0x1021, 0x0821, 0x0821, 0x0821, 0x0821, 0x0821, 0x0821, 0x0821, 0x0821, 0x0821, 0x0821, 0x0821, 0x0821, 0x0821, 0x0821, 0x0821, 
	0x1021, 0x1020, 0x1020, 0x1020, 0x1020, 0x1020, 0x1020, 0x1020, 0x0800, 0x0800, 0x0800, 0x0800, 0x0800, 0x0800, 0x0800, 0x0800, 
	0x0800, 0x0800, 0x0800, 0x0800, 0x0800, 0x0800, 0x0800, 0x0800, 0x0800, 0x0800, 0x0800, 0x0800, 0x0800, 0x0000, 0x0000, 0x0000, 
	0x0000, 0x0000, 0x0821, 0x0000, 0x0000, 0x0000, 0x0800, 0x0820, 0x0800, 0x0800, 0x1020, 0x1041, 0x1041, 0x0841, 0x0021, 0x0020, 
	0x0821, 0x0020, 0x0020, 0x0000, 0x0000, 0x0020, 0x0820, 0x0841, 0x0020, 0x0020, 0x0020, 0x0820, 0x0821, 0x0841, 0x0841, 0x0841, 
	0x0821, 0x0821, 0x0821, 0x0821, 0x0821, 0x0821, 0x0841, 0x0841, 0x0820, 0x0820, 0x0020, 0x0000, 0x0000, 0x0820, 0x0820, 0x0820, 
	0x1041, 0x1041, 0x0861, 0x0841, 0x0020, 0x0820, 0x0820, 0x1021, 0x1000, 0x1000, 0x0800, 0x0800, 0x0820, 0x0020, 0x0000, 0x0000, 
	0x0000, 0x0000, 0x0000, 0x0000, 0x0000, 0x0000, 0x0000, 0x0000, 0x0000, 0x0000, 0x0000, 0x0800, 0x0800, 0x0800, 0x0800, 0x0800, 
	0x0800, 0x0800, 0x0800, 0x0800, 0x0800, 0x0800, 0x0800, 0x0800, 0x1020, 0x1020, 0x1020, 0x1020, 0x1020, 0x1020, 0x1020, 0x1021, 
	0x0821, 0x0821, 0x0821, 0x0821, 0x0821, 0x0821, 0x0821, 0x0821, 0x0821, 0x0821, 0x0821, 0x0821, 0x0821, 0x0821, 0x0821, 0x0821, 
	0x1041, 0x0800, 0x0800, 0x1041, 0x20c3, 0x20c3, 0x20c3, 0x18a2, 0x18a3, 0x18a3, 0x18a3, 0x18a2, 0x10a2, 0x10a2, 0x10a2, 0x10a2, 
	0x10a2, 0x10a2, 0x10a2, 0x10a2, 0x10a2, 0x10a2, 0x10a2, 0x10a2, 0x10c3, 0x10c3, 0x10c3, 0x10c3, 0x10c3, 0x10c3, 0x10c3, 0x18a3, 
	0x1883, 0x2083, 0x20a3, 0x20a3, 0x20a3, 0x28c3, 0x28c3, 0x30a2, 0x40e3, 0x5104, 0x6945, 0x89a6, 0xa1e8, 0xb1e8, 0xb987, 0xb126, 
	0xb966, 0xc166, 0xc186, 0xc166, 0xc186, 0xc1a6, 0xc1a6, 0xc186, 0xc9a6, 0xc186, 0xc165, 0xc965, 0xd186, 0xd186, 0xc945, 0xa904, 
	0x5020, 0x1800, 0x1000, 0x0800, 0x1841, 0x0800, 0x1041, 0x28c3, 0x1000, 0x2841, 0x2861, 0x3124, 0x20e3, 0x0000, 0x0000, 0x0020, 
	0x0000, 0x0800, 0x1000, 0x61c7, 0xb410, 0x3862, 0x1841, 0x2082, 0x2063, 0x1001, 0x0800, 0x1040, 0x1800, 0x4840, 0x7083, 0xdaed, 
	0xd1c7, 0xc924, 0xc944, 0xd1a6, 0xd1c7, 0xc9a6, 0xc186, 0xb945, 0xb966, 0xb986, 0xb987, 0xb186, 0xb166, 0xa965, 0xa966, 0xa986, 
	0xa186, 0x99a7, 0x8966, 0x7104, 0x50a2, 0x3881, 0x2881, 0x2081, 0x1881, 0x1081, 0x0861, 0x0861, 0x0841, 0x0821, 0x0821, 0x0821, 
	0x0861, 0x0861, 0x0861, 0x0841, 0x0841, 0x0841, 0x0841, 0x0841, 0x0841, 0x0841, 0x0841, 0x0841, 0x0841, 0x0841, 0x0841, 0x0841, 
	0x0841, 0x0841, 0x0841, 0x0841, 0x0841, 0x0841, 0x0841, 0x0841, 0x0841, 0x1082, 0x18a2, 0x1882, 0x1841, 0x1821, 0x1801, 0x1000, 
	0x0000, 0x0000, 0x0000, 0x0000, 0x0000, 0x0000, 0x0000, 0x0000, 0x0000, 0x0000, 0x0000, 0x0000, 0x0000, 0x0000, 0x0000, 0x0000, 
	0x0000, 0x0000, 0x0000, 0x0000, 0x0000, 0x0000, 0x0000, 0x0000, 0x0800, 0x0800, 0x0800, 0x0800, 0x0800, 0x0800, 0x0800, 0x0800, 
	0x0800, 0x0800, 0x0800, 0x0800, 0x0000, 0x0000, 0x0000, 0x0000, 0x0000, 0x0000, 0x0000, 0x0000, 0x0000, 0x0000, 0x0000, 0x0000, 
	0x0020, 0x0020, 0x0020, 0x0000, 0x0000, 0x0800, 0x1800, 0x2000, 0x3021, 0x2800, 0x1800, 0x0800, 0x0800, 0x0000, 0x0000, 0x0000, 
	0x0821, 0x0820, 0x0820, 0x0820, 0x0821, 0x0821, 0x0841, 0x0841, 0x0841, 0x0841, 0x0841, 0x0841, 0x0841, 0x0841, 0x0820, 0x0020, 
	0x0820, 0x0821, 0x0821, 0x0841, 0x0841, 0x0841, 0x0841, 0x0841, 0x0841, 0x0841, 0x0821, 0x0820, 0x0820, 0x0820, 0x0820, 0x0820, 
	0x0820, 0x0820, 0x0020, 0x0000, 0x0000, 0x0800, 0x1800, 0x2021, 0x2001, 0x1800, 0x1000, 0x1000, 0x0800, 0x0820, 0x0000, 0x0000, 
	0x0000, 0x0000, 0x0000, 0x0000, 0x0000, 0x0000, 0x0000, 0x0000, 0x0000, 0x0000, 0x0000, 0x0000, 0x0000, 0x0000, 0x0000, 0x0000, 
	0x0000, 0x0800, 0x0800, 0x0800, 0x0800, 0x0800, 0x0800, 0x0800, 0x0000, 0x0000, 0x0000, 0x0000, 0x0000, 0x0000, 0x0000, 0x0000, 
	0x0000, 0x0000, 0x0000, 0x0000, 0x0000, 0x0000, 0x0000, 0x0000, 0x0000, 0x0000, 0x0000, 0x0000, 0x0000, 0x0000, 0x0000, 0x0000, 
	0x0821, 0x0800, 0x0800, 0x1021, 0x1862, 0x1862, 0x1862, 0x1862, 0x1041, 0x1041, 0x0841, 0x0841, 0x0841, 0x0841, 0x0841, 0x0841, 
	0x0041, 0x0841, 0x0841, 0x0841, 0x0841, 0x0841, 0x0841, 0x0841, 0x0841, 0x0841, 0x0841, 0x0841, 0x0841, 0x0841, 0x0841, 0x0841, 
	0x0821, 0x0821, 0x1021, 0x1041, 0x1041, 0x1041, 0x1841, 0x1841, 0x2040, 0x2840, 0x3820, 0x4841, 0x68c3, 0x8925, 0x9946, 0x9905, 
	0xa966, 0xb186, 0xb186, 0xb185, 0xb185, 0xb186, 0xb9a6, 0xb986, 0xb144, 0xb965, 0xc986, 0xd1a6, 0xd9a6, 0xd966, 0xd145, 0xc945, 
	0xb166, 0x6800, 0x2800, 0x30c1, 0x0000, 0x0000, 0x1842, 0x2842, 0x5082, 0x79c7, 0x5944, 0x30e2, 0x18a2, 0x0000, 0x0000, 0x0000, 
	0x0000, 0x1020, 0x1000, 0x61a6, 0xb3cf, 0x4082, 0x28a2, 0x28c3, 0x1821, 0x1000, 0x1000, 0x2020, 0x4820, 0x80c3, 0xf34f, 0xd1e9, 
	0xc146, 0x9841, 0x8000, 0x8820, 0x8841, 0x8021, 0x7000, 0x6800, 0x6000, 0x5800, 0x5800, 0x5000, 0x5000, 0x4800, 0x4800, 0x4800, 
	0x3800, 0x3800, 0x3000, 0x2800, 0x2000, 0x1800, 0x1000, 0x1000, 0x0800, 0x0000, 0x0000, 0x0000, 0x0000, 0x0000, 0x0000, 0x0000, 
	0x0000, 0x0000, 0x0000, 0x0000, 0x0000, 0x0000, 0x0000, 0x0000, 0x0000, 0x0000, 0x0000, 0x0000, 0x0000, 0x0000, 0x0000, 0x0000, 
	0x0000, 0x0000, 0x0000, 0x0000, 0x0000, 0x0000, 0x0000, 0x0000, 0x0000, 0x0800, 0x0800, 0x0800, 0x1000, 0x1841, 0x1000, 0x0800, 
	0x0000, 0x0000, 0x0000, 0x0000, 0x0000, 0x0000, 0x0000, 0x0000, 0x0000, 0x0000, 0x0000, 0x0000, 0x0000, 0x0000, 0x0000, 0x0000, 
	0x0000, 0x0000, 0x0000, 0x0000, 0x0000, 0x0000, 0x0000, 0x0000, 0x0000, 0x0000, 0x0000, 0x0000, 0x0000, 0x0000, 0x0000, 0x0000, 
	0x0000, 0x0000, 0x0000, 0x0000, 0x0020, 0x0020, 0x0020, 0x0020, 0x0000, 0x0000, 0x0000, 0x0000, 0x0020, 0x0020, 0x0020, 0x0020, 
	0x0861, 0x0000, 0x0000, 0x0820, 0x1020, 0x2000, 0x3000, 0x4001, 0x58e5, 0x4883, 0x2821, 0x1000, 0x0800, 0x0800, 0x0821, 0x1041, 
	0x0820, 0x0821, 0x0841, 0x0861, 0x0841, 0x0841, 0x0821, 0x0820, 0x0841, 0x0841, 0x0841, 0x0841, 0x0820, 0x0020, 0x0000, 0x0000, 
	0x0820, 0x0820, 0x0820, 0x0820, 0x0820, 0x0821, 0x0821, 0x0821, 0x0020, 0x0820, 0x0841, 0x0841, 0x0841, 0x0841, 0x0821, 0x0820, 
	0x0820, 0x0820, 0x0840, 0x0820, 0x0800, 0x1020, 0x2062, 0x3083, 0x3062, 0x2801, 0x1800, 0x1000, 0x0800, 0x0800, 0x0820, 0x0000, 
	0x0000, 0x0020, 0x0020, 0x0020, 0x0000, 0x0000, 0x0000, 0x0020, 0x0000, 0x0000, 0x0000, 0x0000, 0x0000, 0x0000, 0x0000, 0x0000, 
	0x0000, 0x0000, 0x0000, 0x0000, 0x0000, 0x0000, 0x0000, 0x0000, 0x0000, 0x0000, 0x0000, 0x0000, 0x0000, 0x0000, 0x0000, 0x0000, 
	0x0000, 0x0000, 0x0000, 0x0000, 0x0000, 0x0000, 0x0000, 0x0000, 0x0000, 0x0000, 0x0000, 0x0000, 0x0000, 0x0000, 0x0000, 0x0000, 
	0x0000, 0x0800, 0x1021, 0x1021, 0x0800, 0x0800, 0x0800, 0x0800, 0x0800, 0x0800, 0x0000, 0x0000, 0x0000, 0x0000, 0x0000, 0x0000, 
	0x0000, 0x0000, 0x0000, 0x0000, 0x0000, 0x0000, 0x0000, 0x0000, 0x0000, 0x0000, 0x0000, 0x0000, 0x0000, 0x0000, 0x0000, 0x0000, 
	0x0000, 0x0000, 0x0000, 0x0000, 0x0000, 0x0000, 0x0000, 0x0800, 0x0800, 0x1000, 0x1800, 0x1800, 0x2800, 0x3000, 0x3800, 0x4000, 
	0x4000, 0x4800, 0x4800, 0x4800, 0x4800, 0x4800, 0x5000, 0x5000, 0x6000, 0x6800, 0x7000, 0x8020, 0x8000, 0x8000, 0xa0a3, 0xd1c8, 
	0xd147, 0xc167, 0x78e3, 0x3000, 0x1860, 0x0820, 0x1000, 0x2800, 0xaa29, 0xcb4d, 0x79c6, 0x3080, 0x18a2, 0x0020, 0x0000, 0x0000, 
	0x0000, 0x0800, 0x1000, 0x5985, 0xbbcf, 0x50c3, 0x28a2, 0x2903, 0x2041, 0x2020, 0x2000, 0x4020, 0x88e3, 0xf32e, 0xe20a, 0xc147, 
	0x9925, 0x5800, 0x3800, 0x3800, 0x3000, 0x2800, 0x2800, 0x2800, 0x2800, 0x2000, 0x2000, 0x2000, 0x2000, 0x2000, 0x2000, 0x1800, 
	0x1800, 0x1000, 0x1000, 0x1000, 0x1821, 0x1821, 0x1000, 0x0800, 0x0800, 0x0000, 0x0000, 0x0000, 0x0000, 0x0020, 0x0000, 0x0000, 
	0x0000, 0x0000, 0x0000, 0x0000, 0x0000, 0x0000, 0x0000, 0x0000, 0x0000, 0x0000, 0x0000, 0x0000, 0x0000, 0x0000, 0x0000, 0x0000, 
	0x0000, 0x0000, 0x0000, 0x0000, 0x0000, 0x0000, 0x0000, 0x0800, 0x0800, 0x0800, 0x0800, 0x1041, 0x1861, 0x1020, 0x0800, 0x0800, 
	0x0820, 0x0040, 0x0040, 0x0040, 0x0040, 0x0040, 0x0040, 0x0040, 0x0020, 0x0020, 0x0020, 0x0020, 0x0020, 0x0020, 0x0020, 0x0020, 
	0x0020, 0x0020, 0x0020, 0x0020, 0x0020, 0x0020, 0x0020, 0x0020, 0x0000, 0x0000, 0x0000, 0x0000, 0x0000, 0x0000, 0x0000, 0x0000, 
	0x0020, 0x0020, 0x0020, 0x0020, 0x0020, 0x0020, 0x0020, 0x0020, 0x0000, 0x0000, 0x0020, 0x0020, 0x0020, 0x0020, 0x0020, 0x0020, 
	0x0020, 0x0820, 0x0800, 0x1000, 0x2000, 0x3000, 0x4822, 0x5883, 0x58a4, 0x4862, 0x3041, 0x1800, 0x1020, 0x1020, 0x1021, 0x1021, 
	0x1041, 0x1041, 0x1041, 0x1041, 0x0841, 0x0841, 0x0821, 0x0820, 0x0820, 0x0820, 0x0820, 0x0820, 0x0820, 0x0821, 0x0841, 0x0841, 
	0x0821, 0x0821, 0x0821, 0x0821, 0x0820, 0x0820, 0x0820, 0x0820, 0x0000, 0x0800, 0x0820, 0x0821, 0x1041, 0x1041, 0x1061, 0x1061, 
	0x1041, 0x1041, 0x0840, 0x0840, 0x0820, 0x1020, 0x2041, 0x2862, 0x3042, 0x2822, 0x2821, 0x2000, 0x1800, 0x1000, 0x0800, 0x0800, 
	0x0000, 0x0020, 0x0820, 0x0820, 0x0000, 0x0000, 0x0000, 0x0020, 0x0000, 0x0000, 0x0000, 0x0000, 0x0000, 0x0000, 0x0020, 0x0020, 
	0x0020, 0x0020, 0x0020, 0x0020, 0x0020, 0x0020, 0x0020, 0x0020, 0x0020, 0x0020, 0x0020, 0x0020, 0x0020, 0x0020, 0x0020, 0x0020, 
	0x0020, 0x0020, 0x0020, 0x0020, 0x0020, 0x0020, 0x0020, 0x0020, 0x0040, 0x0040, 0x0040, 0x0040, 0x0040, 0x0040, 0x0040, 0x0820, 
	0x0821, 0x0800, 0x0800, 0x1021, 0x1041, 0x1041, 0x0800, 0x0800, 0x0800, 0x0800, 0x0000, 0x0000, 0x0000, 0x0000, 0x0000, 0x0000, 
	0x0000, 0x0000, 0x0000, 0x0000, 0x0000, 0x0000, 0x0000, 0x0000, 0x0000, 0x0000, 0x0000, 0x0000, 0x0000, 0x0000, 0x0000, 0x0000, 
	0x0020, 0x0020, 0x0000, 0x0000, 0x0000, 0x0000, 0x0000, 0x0000, 0x0000, 0x0000, 0x1020, 0x1021, 0x1000, 0x1000, 0x1000, 0x1800, 
	0x1800, 0x1800, 0x1800, 0x1800, 0x1800, 0x1800, 0x1800, 0x2000, 0x2000, 0x2000, 0x2800, 0x3000, 0x2800, 0x2800, 0x3800, 0x80c4, 
	0xd168, 0xd947, 0xca08, 0x6040, 0x1800, 0x1000, 0x1800, 0x3800, 0xca4a, 0xeb2d, 0x7964, 0x3040, 0x18c3, 0x0041, 0x0000, 0x0000, 
	0x0000, 0x0000, 0x1000, 0x61a6, 0xc40f, 0x58c3, 0x2040, 0x2903, 0x2882, 0x2000, 0x48a2, 0x6882, 0xe2cb, 0xf26b, 0xb8a4, 0xc1c8, 
	0x5000, 0x2800, 0x2000, 0x2800, 0x2020, 0x1800, 0x1800, 0x1821, 0x1000, 0x0800, 0x0800, 0x0800, 0x1020, 0x1020, 0x0800, 0x0800, 
	0x1041, 0x0800, 0x0800, 0x1021, 0x1041, 0x1041, 0x1001, 0x0800, 0x0801, 0x0801, 0x0801, 0x0000, 0x0000, 0x0000, 0x0000, 0x0000, 
	0x0000, 0x0000, 0x0000, 0x0000, 0x0000, 0x0000, 0x0000, 0x0000, 0x0000, 0x0000, 0x0000, 0x0820, 0x0820, 0x0820, 0x0820, 0x0820, 
	0x0800, 0x0800, 0x0800, 0x0800, 0x0800, 0x0800, 0x0800, 0x0800, 0x1000, 0x1041, 0x1862, 0x1882, 0x1021, 0x0000, 0x0000, 0x0000, 
	0x0000, 0x0000, 0x0000, 0x0000, 0x0000, 0x0000, 0x0000, 0x0000, 0x0000, 0x0000, 0x0000, 0x0000, 0x0000, 0x0000, 0x0000, 0x0000, 
	0x0000, 0x0000, 0x0000, 0x0000, 0x0000, 0x0000, 0x0000, 0x0000, 0x0020, 0x0020, 0x0020, 0x0020, 0x0020, 0x0020, 0x0020, 0x0020, 
	0x0020, 0x0020, 0x0020, 0x0020, 0x0020, 0x0020, 0x0020, 0x0020, 0x0020, 0x0020, 0x0020, 0x0020, 0x0800, 0x0821, 0x0821, 0x0820, 
	0x0000, 0x1021, 0x1820, 0x2000, 0x3000, 0x4862, 0x5083, 0x4842, 0x3000, 0x2800, 0x1800, 0x1000, 0x1020, 0x1040, 0x1021, 0x1021, 
	0x1862, 0x1061, 0x1041, 0x0821, 0x0820, 0x0821, 0x1041, 0x1041, 0x1041, 0x1041, 0x1041, 0x0821, 0x0821, 0x0821, 0x1041, 0x1041, 
	0x1041, 0x1041, 0x1041, 0x1041, 0x0821, 0x0821, 0x0821, 0x0821, 0x1041, 0x1041, 0x0821, 0x0800, 0x0800, 0x0821, 0x1041, 0x1041, 
	0x1061, 0x1061, 0x1041, 0x0840, 0x0820, 0x0800, 0x1000, 0x1000, 0x2001, 0x2842, 0x3062, 0x3062, 0x2021, 0x1000, 0x1000, 0x0800, 
	0x0800, 0x0820, 0x0820, 0x0820, 0x0800, 0x0800, 0x0820, 0x0820, 0x0020, 0x0020, 0x0020, 0x0020, 0x0020, 0x0020, 0x0020, 0x0020, 
	0x0020, 0x0020, 0x0020, 0x0020, 0x0020, 0x0020, 0x0020, 0x0020, 0x0000, 0x0000, 0x0000, 0x0000, 0x0000, 0x0000, 0x0000, 0x0000, 
	0x0000, 0x0000, 0x0000, 0x0000, 0x0000, 0x0000, 0x0000, 0x0000, 0x0000, 0x0000, 0x0000, 0x0000, 0x0000, 0x0000, 0x0000, 0x0000, 
	0x0820, 0x0000, 0x0000, 0x0000, 0x1021, 0x1062, 0x1041, 0x0800, 0x0800, 0x0800, 0x0800, 0x0800, 0x0800, 0x0800, 0x0800, 0x0000, 
	0x0800, 0x0000, 0x0000, 0x0000, 0x0000, 0x0000, 0x0000, 0x0000, 0x0000, 0x0000, 0x0000, 0x0000, 0x0000, 0x0000, 0x0000, 0x0020, 
	0x0000, 0x0000, 0x0000, 0x0000, 0x0000, 0x0000, 0x0001, 0x0001, 0x0021, 0x0020, 0x0020, 0x0841, 0x0841, 0x0800, 0x0800, 0x0800, 
	0x0800, 0x0800, 0x0820, 0x0821, 0x0800, 0x0800, 0x0800, 0x1020, 0x0800, 0x1020, 0x1800, 0x1800, 0x2041, 0x2020, 0x1800, 0x3800, 
	0xa906, 0xe1c9, 0xd186, 0xc207, 0x4820, 0x2000, 0x2800, 0x4800, 0xd28a, 0xeb0c, 0x7923, 0x3040, 0x20a3, 0x0001, 0x0000, 0x0020, 
	0x0020, 0x0000, 0x1000, 0x69e6, 0xcc0f, 0x58a2, 0x2040, 0x3103, 0x2861, 0x2000, 0x5841, 0xe36e, 0xe209, 0xc8c4, 0xb945, 0x6800, 
	0x3000, 0x1800, 0x2020, 0x2881, 0x2061, 0x1820, 0x1841, 0x2041, 0x1821, 0x2021, 0x2041, 0x2062, 0x2061, 0x2061, 0x1841, 0x1841, 
	0x1020, 0x1041, 0x1882, 0x18a2, 0x1061, 0x0800, 0x0000, 0x0820, 0x0841, 0x0841, 0x0841, 0x0841, 0x0821, 0x0820, 0x0820, 0x0820, 
	0x0820, 0x0820, 0x0820, 0x0820, 0x0820, 0x0820, 0x0820, 0x0820, 0x0820, 0x0820, 0x0820, 0x0820, 0x0820, 0x0820, 0x0841, 0x0841, 
	0x1041, 0x1041, 0x1041, 0x1041, 0x1041, 0x1021, 0x1021, 0x1021, 0x0800, 0x1862, 0x1882, 0x0820, 0x0000, 0x0000, 0x0000, 0x0000, 
	0x0020, 0x0020, 0x0020, 0x0020, 0x0020, 0x0020, 0x0020, 0x0020, 0x0020, 0x0020, 0x0020, 0x0020, 0x0020, 0x0020, 0x0020, 0x0020, 
	0x0020, 0x0020, 0x0020, 0x0020, 0x0020, 0x0020, 0x0020, 0x0020, 0x0000, 0x0000, 0x0000, 0x0000, 0x0000, 0x0000, 0x0000, 0x0000, 
	0x0020, 0x0020, 0x0020, 0x0020, 0x0800, 0x0800, 0x0800, 0x0800, 0x0821, 0x0801, 0x0801, 0x0801, 0x0801, 0x0800, 0x0800, 0x0800, 
	0x1021, 0x1820, 0x2000, 0x3001, 0x4042, 0x50a3, 0x3861, 0x2000, 0x1820, 0x1020, 0x1040, 0x1040, 0x1040, 0x1861, 0x1861, 0x1862, 
	0x1041, 0x1041, 0x1021, 0x0821, 0x0821, 0x1021, 0x1041, 0x1041, 0x1061, 0x1061, 0x1041, 0x1041, 0x1021, 0x0821, 0x0820, 0x0820, 
	0x1021, 0x1021, 0x1021, 0x1021, 0x1021, 0x1021, 0x1021, 0x1021, 0x1062, 0x1061, 0x1041, 0x0821, 0x0800, 0x0800, 0x0800, 0x0800, 
	0x1061, 0x1861, 0x1061, 0x1881, 0x1081, 0x1061, 0x1040, 0x1000, 0x1820, 0x2021, 0x2842, 0x3062, 0x2842, 0x2041, 0x1820, 0x1000, 
	0x0820, 0x0820, 0x0800, 0x0800, 0x0820, 0x0820, 0x0820, 0x0820, 0x0820, 0x0020, 0x0020, 0x0020, 0x0020, 0x0020, 0x0020, 0x0020, 
	0x0000, 0x0000, 0x0000, 0x0000, 0x0000, 0x0000, 0x0000, 0x0000, 0x0020, 0x0020, 0x0020, 0x0020, 0x0020, 0x0020, 0x0020, 0x0020, 
	0x0020, 0x0020, 0x0020, 0x0020, 0x0020, 0x0020, 0x0020, 0x0020, 0x0020, 0x0020, 0x0020, 0x0020, 0x0020, 0x0020, 0x0020, 0x0020, 
	0x0000, 0x0000, 0x0000, 0x0000, 0x0000, 0x0820, 0x1041, 0x1041, 0x1021, 0x1021, 0x1021, 0x1021, 0x1021, 0x1021, 0x1021, 0x1021, 
	0x1041, 0x0841, 0x0841, 0x0841, 0x0841, 0x0841, 0x0841, 0x0841, 0x0820, 0x0820, 0x0820, 0x0820, 0x0820, 0x0820, 0x0820, 0x0820, 
	0x0020, 0x0020, 0x0020, 0x0020, 0x0821, 0x0821, 0x0821, 0x0821, 0x0000, 0x0000, 0x0020, 0x1061, 0x18a2, 0x18a2, 0x1861, 0x1041, 
	0x1021, 0x1021, 0x1041, 0x1862, 0x1841, 0x1000, 0x1821, 0x2041, 0x2061, 0x2882, 0x2020, 0x2020, 0x3082, 0x3082, 0x2020, 0x2800, 
	0x3800, 0xa166, 0xc924, 0xd145, 0xdb0c, 0x5840, 0x2000, 0x4820, 0xdb0b, 0xe32c, 0x7924, 0x3861, 0x2083, 0x0001, 0x0000, 0x0020, 
	0x0000, 0x0800, 0x1000, 0x69e6, 0xcbcf, 0x5862, 0x30a1, 0x3923, 0x3040, 0x4000, 0xcacb, 0xe28a, 0xc8e5, 0xd166, 0x90c2, 0x4000, 
	0x2800, 0x1000, 0x1820, 0x1841, 0x1000, 0x0800, 0x0800, 0x1000, 0x0800, 0x1000, 0x1821, 0x1821, 0x1000, 0x1000, 0x1000, 0x1000, 
	0x0800, 0x0800, 0x0820, 0x0820, 0x0000, 0x0000, 0x0000, 0x0020, 0x0020, 0x0021, 0x0020, 0x0020, 0x0000, 0x0000, 0x0820, 0x0820, 
	0x0000, 0x0000, 0x0000, 0x0000, 0x0000, 0x0000, 0x0000, 0x0000, 0x0000, 0x0000, 0x0000, 0x0000, 0x0000, 0x0820, 0x0820, 0x0800, 
	0x0800, 0x0800, 0x0800, 0x0800, 0x0800, 0x0800, 0x0800, 0x0800, 0x1021, 0x0800, 0x0000, 0x0800, 0x0820, 0x0020, 0x0020, 0x0040, 
	0x0020, 0x0000, 0x0000, 0x0000, 0x0000, 0x0000, 0x0000, 0x0000, 0x0020, 0x0020, 0x0020, 0x0020, 0x0020, 0x0020, 0x0020, 0x0020, 
	0x0020, 0x0020, 0x0020, 0x0020, 0x0020, 0x0020, 0x0020, 0x0020, 0x0020, 0x0020, 0x0020, 0x0020, 0x0020, 0x0020, 0x0020, 0x0020, 
	0x0820, 0x0800, 0x0800, 0x0800, 0x0800, 0x0800, 0x0800, 0x0800, 0x0801, 0x0801, 0x0821, 0x0801, 0x0800, 0x0800, 0x0800, 0x1000, 
	0x1821, 0x2000, 0x3001, 0x4883, 0x48c3, 0x3841, 0x1800, 0x1000, 0x0820, 0x0840, 0x0860, 0x0860, 0x1060, 0x1041, 0x1020, 0x1020, 
	0x0800, 0x0820, 0x1041, 0x1041, 0x1061, 0x1041, 0x1041, 0x1021, 0x0800, 0x0800, 0x1000, 0x1000, 0x1000, 0x1000, 0x1000, 0x1000, 
	0x1000, 0x1000, 0x1000, 0x1000, 0x1000, 0x0800, 0x1021, 0x1021, 0x0800, 0x0800, 0x1021, 0x1041, 0x1041, 0x1041, 0x0821, 0x0820, 
	0x0800, 0x0800, 0x1020, 0x1061, 0x1882, 0x1882, 0x1061, 0x0820, 0x1882, 0x1821, 0x1800, 0x2021, 0x2862, 0x3083, 0x2041, 0x1800, 
	0x1000, 0x1000, 0x0800, 0x0800, 0x0820, 0x0821, 0x0820, 0x0820, 0x0800, 0x0800, 0x0800, 0x0800, 0x0020, 0x0020, 0x0020, 0x0020, 
	0x0020, 0x0020, 0x0020, 0x0020, 0x0020, 0x0020, 0x0020, 0x0020, 0x0020, 0x0020, 0x0020, 0x0020, 0x0020, 0x0020, 0x0020, 0x0020, 
	0x0020, 0x0020, 0x0020, 0x0020, 0x0020, 0x0020, 0x0020, 0x0020, 0x0000, 0x0000, 0x0000, 0x0000, 0x0000, 0x0000, 0x0000, 0x0020, 
	0x0000, 0x0020, 0x0820, 0x0000, 0x0000, 0x0820, 0x0821, 0x0800, 0x0800, 0x0800, 0x0800, 0x0800, 0x0800, 0x0800, 0x0800, 0x0800, 
	0x0000, 0x0000, 0x0000, 0x0000, 0x0000, 0x0000, 0x0000, 0x0000, 0x0000, 0x0000, 0x0000, 0x0000, 0x0000, 0x0000, 0x0000, 0x0000, 
	0x0020, 0x0020, 0x0000, 0x0000, 0x0000, 0x0000, 0x0000, 0x0000, 0x0020, 0x0020, 0x0000, 0x0000, 0x0000, 0x0840, 0x0820, 0x0000, 
	0x0800, 0x0800, 0x0801, 0x1021, 0x1000, 0x0800, 0x0800, 0x1000, 0x1000, 0x1000, 0x1000, 0x1800, 0x2861, 0x2020, 0x1000, 0x2000, 
	0x2800, 0x4000, 0xc186, 0xe1a6, 0xda28, 0xca89, 0x4000, 0x5000, 0xdaaa, 0xdaca, 0x68e3, 0x3862, 0x2083, 0x0000, 0x0020, 0x0020, 
	0x0000, 0x0000, 0x1000, 0x61c6, 0xc38e, 0x5861, 0x3081, 0x38c2, 0x3800, 0xaa06, 0xda07, 0xd125, 0xd967, 0xa0c5, 0x4800, 0x3020, 
	0x1800, 0x1041, 0x1041, 0x1021, 0x0800, 0x0000, 0x0000, 0x0820, 0x0800, 0x0800, 0x0800, 0x0800, 0x0800, 0x0800, 0x0800, 0x0800, 
	0x0000, 0x0020, 0x0020, 0x0020, 0x0020, 0x0020, 0x0020, 0x0020, 0x0020, 0x0020, 0x0020, 0x0020, 0x0020, 0x0020, 0x0020, 0x0020, 
	0x0020, 0x0020, 0x0020, 0x0020, 0x0020, 0x0020, 0x0020, 0x0020, 0x0020, 0x0020, 0x0020, 0x0020, 0x0020, 0x0020, 0x0020, 0x0020, 
	0x0000, 0x0000, 0x0000, 0x0000, 0x0000, 0x0000, 0x0000, 0x0000, 0x0000, 0x0000, 0x0000, 0x0000, 0x0000, 0x0020, 0x0020, 0x0020, 
	0x0020, 0x0020, 0x0020, 0x0020, 0x0020, 0x0020, 0x0020, 0x0020, 0x0020, 0x0020, 0x0020, 0x0020, 0x0020, 0x0020, 0x0020, 0x0020, 
	0x0020, 0x0020, 0x0020, 0x0020, 0x0020, 0x0020, 0x0020, 0x0020, 0x0020, 0x0020, 0x0020, 0x0020, 0x0020, 0x0020, 0x0020, 0x0020, 
	0x0000, 0x0800, 0x0800, 0x0801, 0x0821, 0x0820, 0x0820, 0x0800, 0x1001, 0x1022, 0x0042, 0x0021, 0x0801, 0x0800, 0x0800, 0x1820, 
	0x2000, 0x4082, 0x50a3, 0x3842, 0x2020, 0x1840, 0x0820, 0x0820, 0x1841, 0x1841, 0x1041, 0x0861, 0x0040, 0x0020, 0x0800, 0x1021, 
	0x1041, 0x1041, 0x1082, 0x1061, 0x0000, 0x0820, 0x1061, 0x0800, 0x1040, 0x0800, 0x1800, 0x1800, 0x2800, 0x2000, 0x1800, 0x2000, 
	0x5104, 0x2000, 0x2000, 0x2001, 0x1000, 0x1021, 0x1021, 0x1021, 0x0800, 0x1020, 0x0820, 0x0820, 0x1882, 0x1041, 0x0000, 0x1862, 
	0x1841, 0x1841, 0x1000, 0x1000, 0x0800, 0x2082, 0x1882, 0x1861, 0x1861, 0x1861, 0x1040, 0x0800, 0x1800, 0x2862, 0x3883, 0x3042, 
	0x1800, 0x2041, 0x1820, 0x1000, 0x1020, 0x1020, 0x0800, 0x1041, 0x0821, 0x0800, 0x0800, 0x0000, 0x0800, 0x0820, 0x0820, 0x0020, 
	0x0020, 0x0020, 0x0000, 0x0000, 0x0000, 0x0000, 0x0020, 0x0020, 0x0020, 0x0020, 0x0020, 0x0020, 0x0020, 0x0020, 0x0020, 0x0020, 
	0x0020, 0x0020, 0x0020, 0x0020, 0x0020, 0x0020, 0x0020, 0x0020, 0x0020, 0x0020, 0x0020, 0x0020, 0x0020, 0x0020, 0x0020, 0x0020, 
	0x0020, 0x0020, 0x0020, 0x0000, 0x0000, 0x0000, 0x0000, 0x0000, 0x0800, 0x0800, 0x0800, 0x0800, 0x0800, 0x0800, 0x0800, 0x0020, 
	0x0000, 0x0020, 0x0020, 0x0020, 0x0020, 0x0020, 0x0020, 0x0020, 0x0020, 0x0020, 0x0020, 0x0020, 0x0020, 0x0020, 0x0020, 0x0020, 
	0x0000, 0x0000, 0x0000, 0x0000, 0x0000, 0x0000, 0x0000, 0x0000, 0x0020, 0x0020, 0x0020, 0x0020, 0x0020, 0x0020, 0x0020, 0x0020, 
	0x0000, 0x0000, 0x0000, 0x0000, 0x0000, 0x0020, 0x0000, 0x0000, 0x0800, 0x0800, 0x0800, 0x0800, 0x1000, 0x1820, 0x1820, 0x2041, 
	0x2020, 0x3000, 0x7021, 0xc9c8, 0xe1c7, 0xc924, 0xa123, 0x6800, 0xd186, 0xda69, 0x6924, 0x2862, 0x1882, 0x0000, 0x0000, 0x0020, 
	0x0000, 0x0000, 0x1000, 0x61a6, 0xc38e, 0x5842, 0x3081, 0x40c2, 0x70e1, 0xc206, 0xe9c6, 0xd0e3, 0xb8c4, 0x7822, 0x3000, 0x1000, 
	0x1841, 0x1041, 0x0821, 0x0800, 0x0000, 0x0000, 0x0000, 0x0020, 0x0020, 0x0020, 0x0020, 0x0000, 0x0000, 0x0000, 0x0000, 0x0000, 
	0x0020, 0x0020, 0x0020, 0x0020, 0x0020, 0x0020, 0x0020, 0x0020, 0x0020, 0x0020, 0x0020, 0x0020, 0x0020, 0x0020, 0x0020, 0x0020, 
	0x0020, 0x0020, 0x0020, 0x0020, 0x0020, 0x0020, 0x0020, 0x0020, 0x0020, 0x0020, 0x0020, 0x0020, 0x0020, 0x0020, 0x0020, 0x0020, 
	0x0020, 0x0020, 0x0020, 0x0020, 0x0020, 0x0020, 0x0020, 0x0020, 0x0020, 0x0020, 0x0020, 0x0020, 0x0020, 0x0020, 0x0020, 0x0020, 
	0x0020, 0x0020, 0x0020, 0x0020, 0x0020, 0x0020, 0x0020, 0x0020, 0x0020, 0x0020, 0x0020, 0x0020, 0x0020, 0x0020, 0x0020, 0x0020, 
	0x0020, 0x0020, 0x0020, 0x0020, 0x0020, 0x0020, 0x0020, 0x0020, 0x0020, 0x0020, 0x0020, 0x0020, 0x0020, 0x0020, 0x0020, 0x0020, 
	0x0820, 0x0800, 0x0800, 0x0801, 0x0800, 0x0820, 0x0820, 0x0820, 0x0800, 0x1042, 0x0041, 0x0020, 0x1041, 0x1820, 0x1000, 0x2040, 
	0x48c3, 0x50e4, 0x4082, 0x2800, 0x1820, 0x1061, 0x0861, 0x0861, 0x1862, 0x1862, 0x1041, 0x0841, 0x0041, 0x0841, 0x1041, 0x1041, 
	0x1861, 0x1020, 0x1040, 0x1000, 0x1000, 0x1000, 0x1000, 0x28c2, 0x1000, 0x1820, 0x38c3, 0x40c3, 0x48c4, 0x3062, 0x2041, 0x2820, 
	0x69c7, 0x4041, 0x3021, 0x2841, 0x2041, 0x28c3, 0x2082, 0x1000, 0x30e3, 0x2061, 0x1000, 0x1000, 0x0800, 0x0800, 0x1020, 0x1841, 
	0x1000, 0x2041, 0x2061, 0x2061, 0x1000, 0x1820, 0x1020, 0x1841, 0x18a2, 0x1881, 0x1061, 0x1020, 0x1000, 0x1800, 0x2841, 0x3882, 
	0x3082, 0x1800, 0x1800, 0x2061, 0x1000, 0x0800, 0x1061, 0x0800, 0x0841, 0x0820, 0x0800, 0x0800, 0x0820, 0x0820, 0x0020, 0x0020, 
	0x0020, 0x0020, 0x0020, 0x0000, 0x0000, 0x0020, 0x0020, 0x0020, 0x0020, 0x0020, 0x0020, 0x0020, 0x0020, 0x0020, 0x0020, 0x0020, 
	0x0020, 0x0020, 0x0020, 0x0020, 0x0020, 0x0020, 0x0020, 0x0020, 0x0020, 0x0020, 0x0020, 0x0020, 0x0020, 0x0020, 0x0020, 0x0020, 
	0x0020, 0x0020, 0x0020, 0x0020, 0x0020, 0x0020, 0x0020, 0x0020, 0x0020, 0x0020, 0x0020, 0x0020, 0x0020, 0x0020, 0x0020, 0x0020, 
	0x0020, 0x0020, 0x0020, 0x0020, 0x0020, 0x0020, 0x0020, 0x0020, 0x0020, 0x0020, 0x0020, 0x0020, 0x0020, 0x0020, 0x0020, 0x0020, 
	0x0000, 0x0000, 0x0000, 0x0000, 0x0000, 0x0000, 0x0000, 0x0000, 0x0020, 0x0020, 0x0020, 0x0020, 0x0020, 0x0020, 0x0020, 0x0020, 
	0x0020, 0x0020, 0x0020, 0x0020, 0x0020, 0x0020, 0x0020, 0x0020, 0x0020, 0x0020, 0x0000, 0x0800, 0x1000, 0x1000, 0x1820, 0x1820, 
	0x1820, 0x2000, 0x4000, 0x8062, 0xc904, 0xd945, 0xc965, 0xa881, 0xe1a6, 0xc9e8, 0x58c3, 0x2082, 0x18a2, 0x0000, 0x0000, 0x0000, 
	0x0000, 0x0000, 0x1000, 0x69a6, 0xcb8e, 0x6042, 0x3882, 0x48c2, 0x8944, 0xc9c6, 0xe9c6, 0xc903, 0x8000, 0x4800, 0x2000, 0x1840, 
	0x1041, 0x0821, 0x0000, 0x0000, 0x0000, 0x0821, 0x0021, 0x0000, 0x0020, 0x0020, 0x0020, 0x0000, 0x0000, 0x0000, 0x0000, 0x0000, 
	0x0020, 0x0020, 0x0020, 0x0020, 0x0020, 0x0020, 0x0020, 0x0020, 0x0020, 0x0020, 0x0020, 0x0020, 0x0020, 0x0020, 0x0020, 0x0020, 
	0x0020, 0x0020, 0x0020, 0x0020, 0x0020, 0x0020, 0x0020, 0x0020, 0x0020, 0x0020, 0x0020, 0x0020, 0x0020, 0x0020, 0x0020, 0x0020, 
	0x0020, 0x0020, 0x0020, 0x0020, 0x0020, 0x0020, 0x0020, 0x0020, 0x0020, 0x0020, 0x0020, 0x0020, 0x0020, 0x0020, 0x0020, 0x0020, 
	0x0020, 0x0020, 0x0020, 0x0020, 0x0020, 0x0020, 0x0020, 0x0020, 0x0020, 0x0020, 0x0020, 0x0020, 0x0020, 0x0020, 0x0020, 0x0020, 
	0x0020, 0x0020, 0x0020, 0x0020, 0x0020, 0x0020, 0x0020, 0x0020, 0x0020, 0x0020, 0x0020, 0x0020, 0x0020, 0x0020, 0x0020, 0x0020, 
	0x0841, 0x0821, 0x0021, 0x0021, 0x0820, 0x0820, 0x0840, 0x0840, 0x1021, 0x0800, 0x0020, 0x0860, 0x2040, 0x2000, 0x2800, 0x4082, 
	0x40c3, 0x38a2, 0x1820, 0x0800, 0x1020, 0x1861, 0x1061, 0x1061, 0x0821, 0x0841, 0x0841, 0x0820, 0x1041, 0x1061, 0x1081, 0x0840, 
	0x0820, 0x0800, 0x1000, 0x1000, 0x38a2, 0x40a2, 0x2800, 0x4924, 0x30a2, 0x3061, 0x38a2, 0x3061, 0x2821, 0x2000, 0x1800, 0x2020, 
	0x2000, 0x1800, 0x2000, 0x2020, 0x1800, 0x2061, 0x1800, 0x1000, 0x3904, 0x2861, 0x2881, 0x3904, 0x2841, 0x1800, 0x2000, 0x1800, 
	0x1800, 0x1841, 0x1841, 0x2061, 0x1820, 0x1020, 0x0800, 0x1000, 0x1841, 0x20a2, 0x20c3, 0x2082, 0x1820, 0x1820, 0x1800, 0x1800, 
	0x3082, 0x2861, 0x1821, 0x1841, 0x1841, 0x1020, 0x0800, 0x0820, 0x0841, 0x0841, 0x0841, 0x0840, 0x0840, 0x0820, 0x0020, 0x0020, 
	0x0020, 0x0020, 0x0020, 0x0020, 0x0020, 0x0020, 0x0020, 0x0020, 0x0020, 0x0020, 0x0020, 0x0020, 0x0020, 0x0020, 0x0020, 0x0020, 
	0x0020, 0x0020, 0x0020, 0x0020, 0x0020, 0x0020, 0x0020, 0x0020, 0x0020, 0x0020, 0x0020, 0x0020, 0x0020, 0x0020, 0x0020, 0x0020, 
	0x0020, 0x0020, 0x0020, 0x0020, 0x0020, 0x0020, 0x0020, 0x0020, 0x0020, 0x0020, 0x0020, 0x0020, 0x0020, 0x0020, 0x0020, 0x0020, 
	0x0020, 0x0020, 0x0020, 0x0020, 0x0020, 0x0020, 0x0020, 0x0020, 0x0020, 0x0020, 0x0020, 0x0020, 0x0020, 0x0020, 0x0020, 0x0020, 
	0x0000, 0x0000, 0x0000, 0x0000, 0x0000, 0x0000, 0x0000, 0x0000, 0x0020, 0x0020, 0x0020, 0x0020, 0x0020, 0x0020, 0x0020, 0x0020, 
	0x0020, 0x0020, 0x0020, 0x0020, 0x0020, 0x0020, 0x0020, 0x0020, 0x0020, 0x0020, 0x0000, 0x0800, 0x0800, 0x1000, 0x1000, 0x1820, 
	0x2040, 0x2800, 0x3000, 0x5000, 0xb124, 0xf248, 0xc965, 0xc965, 0xe1c7, 0xb145, 0x4061, 0x20a2, 0x18c2, 0x0020, 0x0000, 0x0000, 
	0x0000, 0x0000, 0x1000, 0x69a6, 0xcb8f, 0x6062, 0x3882, 0x50a2, 0x9103, 0xc165, 0xea07, 0xc124, 0x6000, 0x3000, 0x2800, 0x2081, 
	0x1021, 0x0800, 0x0000, 0x0000, 0x0000, 0x0821, 0x0021, 0x0000, 0x0020, 0x0020, 0x0020, 0x0020, 0x0000, 0x0000, 0x0000, 0x0000, 
	0x0020, 0x0020, 0x0020, 0x0020, 0x0020, 0x0020, 0x0020, 0x0020, 0x0020, 0x0020, 0x0020, 0x0020, 0x0020, 0x0020, 0x0020, 0x0020, 
	0x0020, 0x0020, 0x0020, 0x0020, 0x0020, 0x0020, 0x0020, 0x0020, 0x0020, 0x0020, 0x0020, 0x0020, 0x0020, 0x0020, 0x0020, 0x0020, 
	0x0020, 0x0020, 0x0020, 0x0020, 0x0020, 0x0020, 0x0020, 0x0020, 0x0020, 0x0020, 0x0020, 0x0020, 0x0020, 0x0020, 0x0020, 0x0020, 
	0x0021, 0x0021, 0x0021, 0x0021, 0x0021, 0x0021, 0x0021, 0x0021, 0x0020, 0x0020, 0x0020, 0x0020, 0x0020, 0x0020, 0x0020, 0x0020, 
	0x0020, 0x0020, 0x0020, 0x0020, 0x0020, 0x0020, 0x0020, 0x0020, 0x0020, 0x0020, 0x0020, 0x0020, 0x0820, 0x0820, 0x0820, 0x0820, 
	0x0821, 0x0821, 0x0021, 0x0021, 0x0820, 0x0820, 0x0840, 0x0840, 0x1061, 0x0800, 0x1020, 0x1860, 0x2000, 0x3000, 0x4062, 0x4082, 
	0x2000, 0x1800, 0x0800, 0x0800, 0x1861, 0x1861, 0x1021, 0x0820, 0x0000, 0x0841, 0x1061, 0x1020, 0x1841, 0x1000, 0x1040, 0x0800, 
	0x1000, 0x2881, 0x3061, 0x3041, 0x5945, 0x5104, 0x2000, 0x2800, 0x2020, 0x1800, 0x1800, 0x1800, 0x1800, 0x1800, 0x2020, 0x2041, 
	0x1800, 0x1800, 0x2041, 0x2041, 0x1000, 0x1800, 0x1800, 0x2020, 0x2000, 0x1800, 0x2020, 0x38e3, 0x2841, 0x2000, 0x4905, 0x38a3, 
	0x1000, 0x0800, 0x0800, 0x0800, 0x1820, 0x2082, 0x1841, 0x1861, 0x1000, 0x1820, 0x2062, 0x28a2, 0x2082, 0x2061, 0x1041, 0x1000, 
	0x1821, 0x28a3, 0x2062, 0x1821, 0x2062, 0x1021, 0x0800, 0x1041, 0x0820, 0x0840, 0x0841, 0x0841, 0x0840, 0x0820, 0x0020, 0x0020, 
	0x0020, 0x0020, 0x0020, 0x0020, 0x0020, 0x0020, 0x0020, 0x0020, 0x0020, 0x0020, 0x0020, 0x0020, 0x0020, 0x0020, 0x0020, 0x0020, 
	0x0020, 0x0021, 0x0021, 0x0021, 0x0021, 0x0021, 0x0021, 0x0021, 0x0021, 0x0021, 0x0021, 0x0021, 0x0021, 0x0021, 0x0021, 0x0021, 
	0x0020, 0x0020, 0x0020, 0x0020, 0x0020, 0x0020, 0x0020, 0x0020, 0x0020, 0x0020, 0x0020, 0x0020, 0x0020, 0x0020, 0x0020, 0x0020, 
	0x0020, 0x0020, 0x0020, 0x0020, 0x0020, 0x0020, 0x0020, 0x0020, 0x0020, 0x0020, 0x0020, 0x0020, 0x0020, 0x0020, 0x0020, 0x0020, 
	0x0020, 0x0020, 0x0020, 0x0020, 0x0020, 0x0020, 0x0020, 0x0020, 0x0020, 0x0020, 0x0020, 0x0020, 0x0020, 0x0020, 0x0020, 0x0020, 
	0x0000, 0x0000, 0x0020, 0x0020, 0x0020, 0x0020, 0x0020, 0x0020, 0x0020, 0x0020, 0x0000, 0x0800, 0x0800, 0x0800, 0x1000, 0x1000, 
	0x2041, 0x2840, 0x2800, 0x3800, 0xb1c6, 0xfb2c, 0xc104, 0xc945, 0xd9c7, 0x88a3, 0x3020, 0x20c3, 0x18e3, 0x0000, 0x0000, 0x0000, 
	0x0000, 0x0000, 0x1800, 0x71a6, 0xcbaf, 0x5862, 0x3861, 0x5082, 0xa104, 0xd166, 0xea28, 0xb964, 0x5000, 0x2800, 0x2840, 0x1000, 
	0x0800, 0x0000, 0x0800, 0x0000, 0x0000, 0x0000, 0x0000, 0x0020, 0x0020, 0x0020, 0x0020, 0x0020, 0x0020, 0x0000, 0x0000, 0x0000, 
	0x0020, 0x0020, 0x0020, 0x0020, 0x0020, 0x0020, 0x0020, 0x0020, 0x0020, 0x0020, 0x0020, 0x0020, 0x0020, 0x0020, 0x0020, 0x0020, 
	0x0020, 0x0020, 0x0020, 0x0020, 0x0020, 0x0020, 0x0020, 0x0020, 0x0020, 0x0020, 0x0020, 0x0020, 0x0020, 0x0020, 0x0020, 0x0020, 
	0x0020, 0x0020, 0x0020, 0x0020, 0x0020, 0x0020, 0x0020, 0x0020, 0x0020, 0x0020, 0x0020, 0x0020, 0x0020, 0x0020, 0x0020, 0x0020, 
	0x0021, 0x0021, 0x0021, 0x0021, 0x0021, 0x0021, 0x0021, 0x0021, 0x0020, 0x0020, 0x0020, 0x0020, 0x0020, 0x0020, 0x0020, 0x0020, 
	0x0020, 0x0020, 0x0020, 0x0020, 0x0020, 0x0020, 0x0020, 0x0020, 0x0020, 0x0020, 0x0020, 0x0820, 0x0820, 0x0820, 0x0820, 0x0820, 
	0x0001, 0x0001, 0x0821, 0x0820, 0x0800, 0x0820, 0x0040, 0x0040, 0x0820, 0x1840, 0x2020, 0x2800, 0x3800, 0x50a2, 0x48a3, 0x2000, 
	0x1000, 0x1041, 0x1842, 0x2062, 0x1882, 0x1061, 0x0020, 0x0040, 0x0861, 0x1081, 0x1861, 0x1000, 0x1000, 0x1000, 0x2020, 0x1800, 
	0x38a2, 0x5164, 0x4081, 0x2800, 0x2800, 0x1800, 0x1800, 0x1820, 0x1020, 0x1020, 0x1820, 0x2040, 0x2841, 0x2820, 0x2800, 0x2800, 
	0x2841, 0x2000, 0x2041, 0x2061, 0x1840, 0x1820, 0x2000, 0x2820, 0x1800, 0x1800, 0x1000, 0x1840, 0x1000, 0x1820, 0x4945, 0x4124, 
	0x1000, 0x1820, 0x1821, 0x1000, 0x1800, 0x2041, 0x1841, 0x2082, 0x2061, 0x1000, 0x1000, 0x2041, 0x28a2, 0x1861, 0x1061, 0x1882, 
	0x1821, 0x1000, 0x2062, 0x28a3, 0x1821, 0x1821, 0x1841, 0x0800, 0x0800, 0x0020, 0x0040, 0x0040, 0x0820, 0x0820, 0x0820, 0x0800, 
	0x0820, 0x0020, 0x0020, 0x0820, 0x0820, 0x0020, 0x0020, 0x0020, 0x0020, 0x0020, 0x0020, 0x0020, 0x0020, 0x0020, 0x0020, 0x0020, 
	0x0020, 0x0021, 0x0021, 0x0021, 0x0021, 0x0021, 0x0021, 0x0021, 0x0021, 0x0021, 0x0021, 0x0021, 0x0021, 0x0021, 0x0021, 0x0021, 
	0x0020, 0x0020, 0x0020, 0x0020, 0x0020, 0x0020, 0x0020, 0x0020, 0x0020, 0x0020, 0x0020, 0x0020, 0x0020, 0x0020, 0x0020, 0x0020, 
	0x0020, 0x0020, 0x0020, 0x0020, 0x0020, 0x0020, 0x0020, 0x0020, 0x0020, 0x0020, 0x0020, 0x0020, 0x0020, 0x0020, 0x0020, 0x0020, 
	0x0020, 0x0020, 0x0020, 0x0020, 0x0020, 0x0020, 0x0020, 0x0020, 0x0020, 0x0020, 0x0020, 0x0020, 0x0020, 0x0020, 0x0020, 0x0020, 
	0x0000, 0x0000, 0x0000, 0x0020, 0x0020, 0x0020, 0x0020, 0x0020, 0x0020, 0x0020, 0x0000, 0x0000, 0x0800, 0x0800, 0x0800, 0x1000, 
	0x1000, 0x2020, 0x2020, 0x2800, 0xaa06, 0xfbae, 0xc0c3, 0xc905, 0xc1a6, 0x6841, 0x2820, 0x2104, 0x18c3, 0x0000, 0x0000, 0x0800, 
	0x0000, 0x0000, 0x2000, 0x71a6, 0xcbaf, 0x5862, 0x3861, 0x4861, 0x98c3, 0xd9a7, 0xea48, 0xa124, 0x4000, 0x2020, 0x2040, 0x0800, 
	0x0000, 0x0000, 0x0821, 0x0821, 0x0000, 0x0000, 0x0000, 0x0021, 0x0020, 0x0020, 0x0020, 0x0020, 0x0020, 0x0020, 0x0000, 0x0020, 
	0x0020, 0x0020, 0x0020, 0x0020, 0x0020, 0x0020, 0x0020, 0x0020, 0x0020, 0x0020, 0x0020, 0x0020, 0x0020, 0x0020, 0x0020, 0x0020, 
	0x0021, 0x0021, 0x0021, 0x0021, 0x0021, 0x0021, 0x0021, 0x0021, 0x0021, 0x0021, 0x0021, 0x0021, 0x0021, 0x0021, 0x0021, 0x0021, 
	0x0021, 0x0021, 0x0021, 0x0021, 0x0021, 0x0021, 0x0021, 0x0021, 0x0021, 0x0021, 0x0021, 0x0021, 0x0021, 0x0021, 0x0021, 0x0021, 
	0x0021, 0x0021, 0x0021, 0x0021, 0x0021, 0x0021, 0x0021, 0x0021, 0x0021, 0x0021, 0x0021, 0x0021, 0x0021, 0x0021, 0x0021, 0x0020, 
	0x0020, 0x0020, 0x0020, 0x0020, 0x0020, 0x0020, 0x0020, 0x0020, 0x0820, 0x0820, 0x0820, 0x0820, 0x0820, 0x0820, 0x0820, 0x0821, 
	0x0800, 0x0800, 0x0820, 0x0820, 0x1000, 0x0800, 0x0020, 0x0820, 0x1020, 0x2020, 0x2800, 0x4020, 0x58e3, 0x50a2, 0x2800, 0x1800, 
	0x1021, 0x1082, 0x1862, 0x1842, 0x1041, 0x0841, 0x0040, 0x0881, 0x1081, 0x1061, 0x1020, 0x1000, 0x1820, 0x1800, 0x38a2, 0x38a2, 
	0x1800, 0x3061, 0x2000, 0x2800, 0x2020, 0x1000, 0x1840, 0x1020, 0x1820, 0x2040, 0x2020, 0x2861, 0x2840, 0x2800, 0x3000, 0x3821, 
	0x3020, 0x2800, 0x2820, 0x2861, 0x2881, 0x2840, 0x2000, 0x2821, 0x2000, 0x2841, 0x1820, 0x1020, 0x1020, 0x1000, 0x1820, 0x1000, 
	0x1000, 0x28a3, 0x4145, 0x2841, 0x1800, 0x1000, 0x1000, 0x1841, 0x2061, 0x2061, 0x1800, 0x1000, 0x1820, 0x2082, 0x20a2, 0x1041, 
	0x1862, 0x1000, 0x1801, 0x2883, 0x2883, 0x2041, 0x1821, 0x1821, 0x0800, 0x0820, 0x0020, 0x0020, 0x0820, 0x1021, 0x0800, 0x0800, 
	0x0820, 0x0020, 0x0820, 0x0820, 0x0820, 0x0820, 0x0020, 0x0020, 0x0820, 0x0820, 0x0820, 0x0820, 0x0820, 0x0820, 0x0820, 0x0820, 
	0x0021, 0x0021, 0x0021, 0x0021, 0x0021, 0x0021, 0x0021, 0x0021, 0x0021, 0x0021, 0x0021, 0x0021, 0x0021, 0x0021, 0x0021, 0x0021, 
	0x0021, 0x0021, 0x0021, 0x0021, 0x0021, 0x0021, 0x0021, 0x0021, 0x0020, 0x0020, 0x0020, 0x0020, 0x0020, 0x0020, 0x0020, 0x0020, 
	0x0021, 0x0021, 0x0021, 0x0021, 0x0021, 0x0021, 0x0021, 0x0021, 0x0021, 0x0021, 0x0021, 0x0021, 0x0021, 0x0021, 0x0021, 0x0021, 
	0x0020, 0x0020, 0x0020, 0x0020, 0x0020, 0x0020, 0x0020, 0x0020, 0x0020, 0x0020, 0x0020, 0x0020, 0x0020, 0x0020, 0x0020, 0x0020, 
	0x0000, 0x0800, 0x0000, 0x0000, 0x0020, 0x0020, 0x0020, 0x0020, 0x0020, 0x0020, 0x0000, 0x0000, 0x0800, 0x0800, 0x0800, 0x0800, 
	0x0800, 0x1820, 0x2060, 0x2800, 0x91a5, 0xf38d, 0xc8e4, 0xc925, 0xa965, 0x5000, 0x2020, 0x2104, 0x10c3, 0x0000, 0x0000, 0x0000, 
	0x0000, 0x0800, 0x2000, 0x7186, 0xc3af, 0x5062, 0x3061, 0x4861, 0x9083, 0xd9e8, 0xda28, 0x80a1, 0x2800, 0x1820, 0x2041, 0x1000, 
	0x0800, 0x0000, 0x0821, 0x0821, 0x0000, 0x0000, 0x0020, 0x0021, 0x0020, 0x0020, 0x0020, 0x0020, 0x0020, 0x0020, 0x0020, 0x0020, 
	0x0020, 0x0020, 0x0020, 0x0020, 0x0020, 0x0020, 0x0020, 0x0020, 0x0020, 0x0020, 0x0020, 0x0020, 0x0020, 0x0020, 0x0020, 0x0020, 
	0x0021, 0x0021, 0x0021, 0x0021, 0x0021, 0x0021, 0x0021, 0x0021, 0x0021, 0x0021, 0x0021, 0x0021, 0x0021, 0x0021, 0x0021, 0x0021, 
	0x0021, 0x0021, 0x0021, 0x0021, 0x0021, 0x0021, 0x0021, 0x0021, 0x0021, 0x0021, 0x0021, 0x0021, 0x0021, 0x0021, 0x0021, 0x0021, 
	0x0021, 0x0021, 0x0021, 0x0021, 0x0021, 0x0021, 0x0021, 0x0021, 0x0021, 0x0021, 0x0021, 0x0021, 0x0021, 0x0021, 0x0021, 0x0020, 
	0x0020, 0x0020, 0x0020, 0x0020, 0x0020, 0x0020, 0x0020, 0x0020, 0x0820, 0x0820, 0x0820, 0x0820, 0x0820, 0x0820, 0x0820, 0x0820, 
	0x1000, 0x1000, 0x1020, 0x1020, 0x1000, 0x1000, 0x0820, 0x1020, 0x2020, 0x2800, 0x4000, 0x58a3, 0x58e4, 0x3000, 0x0800, 0x1041, 
	0x0821, 0x1062, 0x1021, 0x0800, 0x1021, 0x1041, 0x0841, 0x1061, 0x0820, 0x0800, 0x1000, 0x1800, 0x3082, 0x2800, 0x40c3, 0x38a2, 
	0x0800, 0x0800, 0x1000, 0x1800, 0x2040, 0x2020, 0x2841, 0x2820, 0x2820, 0x3020, 0x2800, 0x3840, 0x3000, 0x3000, 0x3800, 0x3800, 
	0x5061, 0x5060, 0x4040, 0x3000, 0x2800, 0x2000, 0x2800, 0x3041, 0x2000, 0x2021, 0x1000, 0x1000, 0x1020, 0x1020, 0x1000, 0x1000, 
	0x1000, 0x2061, 0x38e4, 0x2842, 0x3062, 0x2021, 0x1000, 0x1820, 0x1000, 0x1861, 0x2062, 0x1800, 0x1800, 0x2062, 0x2882, 0x2061, 
	0x2062, 0x2083, 0x1801, 0x1800, 0x28a3, 0x2882, 0x1801, 0x2062, 0x1020, 0x0820, 0x0820, 0x0820, 0x1001, 0x1001, 0x1001, 0x0801, 
	0x0820, 0x0020, 0x0820, 0x0821, 0x0821, 0x0820, 0x0020, 0x0020, 0x0820, 0x0820, 0x0820, 0x0820, 0x0820, 0x0820, 0x0820, 0x0820, 
	0x0021, 0x0021, 0x0021, 0x0021, 0x0021, 0x0021, 0x0021, 0x0021, 0x0021, 0x0021, 0x0021, 0x0021, 0x0021, 0x0021, 0x0021, 0x0021, 
	0x0021, 0x0021, 0x0021, 0x0021, 0x0021, 0x0021, 0x0021, 0x0021, 0x0020, 0x0020, 0x0020, 0x0020, 0x0020, 0x0020, 0x0020, 0x0020, 
	0x0021, 0x0021, 0x0021, 0x0021, 0x0021, 0x0021, 0x0021, 0x0021, 0x0021, 0x0021, 0x0021, 0x0021, 0x0021, 0x0021, 0x0021, 0x0021, 
	0x0020, 0x0020, 0x0020, 0x0020, 0x0020, 0x0020, 0x0020, 0x0020, 0x0020, 0x0020, 0x0020, 0x0020, 0x0020, 0x0020, 0x0020, 0x0020, 
	0x0000, 0x0800, 0x0000, 0x0000, 0x0000, 0x0000, 0x0020, 0x0020, 0x0020, 0x0020, 0x0020, 0x0000, 0x0000, 0x0800, 0x0800, 0x0800, 
	0x0800, 0x1841, 0x2081, 0x2800, 0x68c2, 0xd289, 0xc905, 0xc946, 0x9965, 0x4000, 0x2020, 0x20c3, 0x10a2, 0x0020, 0x0000, 0x0000, 
	0x0020, 0x0800, 0x2000, 0x7186, 0xbbaf, 0x4882, 0x2861, 0x4061, 0x98e4, 0xd9e8, 0xb985, 0x6000, 0x2000, 0x1841, 0x1821, 0x0800, 
	0x0800, 0x0000, 0x0000, 0x0000, 0x0000, 0x0021, 0x0021, 0x0021, 0x0020, 0x0020, 0x0020, 0x0020, 0x0020, 0x0020, 0x0020, 0x0020, 
	0x0020, 0x0020, 0x0020, 0x0020, 0x0020, 0x0020, 0x0020, 0x0020, 0x0020, 0x0020, 0x0020, 0x0020, 0x0020, 0x0020, 0x0020, 0x0020, 
	0x0021, 0x0021, 0x0021, 0x0021, 0x0021, 0x0021, 0x0021, 0x0021, 0x0021, 0x0021, 0x0021, 0x0021, 0x0021, 0x0021, 0x0021, 0x0021, 
	0x0021, 0x0021, 0x0021, 0x0021, 0x0021, 0x0021, 0x0021, 0x0021, 0x0021, 0x0021, 0x0021, 0x0021, 0x0021, 0x0021, 0x0021, 0x0021, 
	0x0021, 0x0021, 0x0021, 0x0021, 0x0021, 0x0021, 0x0021, 0x0021, 0x0021, 0x0021, 0x0021, 0x0021, 0x0021, 0x0021, 0x0021, 0x0020, 
	0x0020, 0x0020, 0x0020, 0x0020, 0x0020, 0x0020, 0x0020, 0x0020, 0x0820, 0x0820, 0x0820, 0x0820, 0x0820, 0x0820, 0x0820, 0x0820, 
	0x1000, 0x1800, 0x1020, 0x0820, 0x0820, 0x1000, 0x1020, 0x2020, 0x2800, 0x3000, 0x58a3, 0x60e4, 0x3000, 0x1000, 0x1062, 0x0841, 
	0x1062, 0x1062, 0x1021, 0x1000, 0x1862, 0x1882, 0x1041, 0x0800, 0x1000, 0x1000, 0x1800, 0x3082, 0x4945, 0x2821, 0x2841, 0x1000, 
	0x1020, 0x1061, 0x1861, 0x1800, 0x2020, 0x2841, 0x2820, 0x3041, 0x3800, 0x4000, 0x4000, 0x68e3, 0x89e7, 0xbb2c, 0xe410, 0xf491, 
	0xfcb1, 0xf490, 0xd38d, 0xaa68, 0x81a6, 0x60e3, 0x4020, 0x2800, 0x2821, 0x2001, 0x2021, 0x2021, 0x1820, 0x1000, 0x1000, 0x1840, 
	0x1841, 0x1000, 0x1800, 0x1800, 0x38e4, 0x38e4, 0x1800, 0x1000, 0x1820, 0x1000, 0x1841, 0x28c3, 0x2041, 0x1000, 0x1800, 0x30e4, 
	0x28a3, 0x28a3, 0x2882, 0x1800, 0x1000, 0x2882, 0x38c3, 0x2001, 0x1841, 0x1021, 0x0820, 0x0800, 0x1001, 0x1001, 0x1001, 0x0801, 
	0x0820, 0x0020, 0x0821, 0x0821, 0x0821, 0x0821, 0x0020, 0x0020, 0x0820, 0x0820, 0x0820, 0x0820, 0x0820, 0x0820, 0x0820, 0x0820, 
	0x0021, 0x0021, 0x0021, 0x0021, 0x0021, 0x0021, 0x0021, 0x0021, 0x0021, 0x0021, 0x0021, 0x0021, 0x0021, 0x0021, 0x0021, 0x0021, 
	0x0021, 0x0021, 0x0021, 0x0021, 0x0021, 0x0021, 0x0021, 0x0021, 0x0020, 0x0020, 0x0020, 0x0020, 0x0020, 0x0020, 0x0020, 0x0020, 
	0x0021, 0x0021, 0x0021, 0x0021, 0x0021, 0x0021, 0x0021, 0x0021, 0x0021, 0x0021, 0x0021, 0x0021, 0x0021, 0x0021, 0x0021, 0x0021, 
	0x0020, 0x0020, 0x0020, 0x0020, 0x0020, 0x0020, 0x0020, 0x0020, 0x0020, 0x0020, 0x0020, 0x0020, 0x0020, 0x0020, 0x0020, 0x0020, 
	0x0000, 0x0800, 0x0000, 0x0000, 0x0000, 0x0000, 0x0020, 0x0020, 0x0020, 0x0020, 0x0020, 0x0020, 0x0000, 0x0000, 0x0000, 0x0800, 
	0x0800, 0x1841, 0x2061, 0x2000, 0x4000, 0xa985, 0xc905, 0xd187, 0x8985, 0x3820, 0x2000, 0x20a3, 0x1082, 0x0041, 0x0000, 0x0000, 
	0x0000, 0x0800, 0x1800, 0x71e8, 0xab6e, 0x48c3, 0x2861, 0x3840, 0x9904, 0xda49, 0xb185, 0x5000, 0x2800, 0x1841, 0x1841, 0x1000, 
	0x0800, 0x0020, 0x0020, 0x0020, 0x0020, 0x0020, 0x0020, 0x0020, 0x0020, 0x0020, 0x0020, 0x0020, 0x0020, 0x0020, 0x0020, 0x0020, 
	0x0020, 0x0020, 0x0020, 0x0020, 0x0020, 0x0020, 0x0020, 0x0020, 0x0020, 0x0020, 0x0020, 0x0020, 0x0020, 0x0020, 0x0020, 0x0020, 
	0x0021, 0x0021, 0x0021, 0x0021, 0x0021, 0x0021, 0x0021, 0x0021, 0x0021, 0x0021, 0x0021, 0x0021, 0x0021, 0x0021, 0x0021, 0x0021, 
	0x0021, 0x0021, 0x0021, 0x0021, 0x0021, 0x0021, 0x0021, 0x0021, 0x0841, 0x0841, 0x0021, 0x0020, 0x0020, 0x0021, 0x0841, 0x0841, 
	0x0021, 0x0021, 0x0021, 0x0021, 0x0021, 0x0021, 0x0021, 0x0021, 0x0021, 0x0021, 0x0021, 0x0021, 0x0021, 0x0021, 0x0021, 0x0021, 
	0x0000, 0x0020, 0x0841, 0x0841, 0x0820, 0x0020, 0x0020, 0x0820, 0x0820, 0x0820, 0x0820, 0x0820, 0x0800, 0x0800, 0x0821, 0x1041, 
	0x1841, 0x1000, 0x0000, 0x0040, 0x0861, 0x0820, 0x1820, 0x3041, 0x3800, 0x6966, 0x4883, 0x2000, 0x1800, 0x0820, 0x0021, 0x10c3, 
	0x0861, 0x0000, 0x1000, 0x2862, 0x1841, 0x1021, 0x1041, 0x1000, 0x2000, 0x4063, 0x2821, 0x2882, 0x1020, 0x0800, 0x1800, 0x2001, 
	0x1001, 0x2042, 0x1800, 0x2842, 0x2000, 0x2820, 0x3881, 0x3820, 0x4000, 0x9a48, 0xdbce, 0xf430, 0xfc50, 0xfbae, 0xf2cb, 0xfacb, 
	0xe268, 0xda47, 0xeaa9, 0xfb8d, 0xfc51, 0xfc71, 0xc34d, 0x81c7, 0x3800, 0x3000, 0x4062, 0x2800, 0x2800, 0x2021, 0x2061, 0x1000, 
	0x1020, 0x1820, 0x1800, 0x1000, 0x1000, 0x1821, 0x2882, 0x30e4, 0x1000, 0x1841, 0x0800, 0x1000, 0x28a3, 0x2882, 0x1000, 0x1800, 
	0x28a3, 0x28a2, 0x1841, 0x2041, 0x28c3, 0x2061, 0x2021, 0x38e4, 0x1821, 0x1021, 0x0821, 0x0800, 0x1000, 0x0801, 0x0821, 0x0841, 
	0x0861, 0x0841, 0x0020, 0x0000, 0x0000, 0x0020, 0x0000, 0x0000, 0x0020, 0x0020, 0x0020, 0x0020, 0x0020, 0x0820, 0x0820, 0x0820, 
	0x0020, 0x0021, 0x0021, 0x0021, 0x0021, 0x0021, 0x0021, 0x0021, 0x0021, 0x0021, 0x0021, 0x0021, 0x0021, 0x0021, 0x0021, 0x0021, 
	0x0021, 0x0021, 0x0021, 0x0021, 0x0021, 0x0021, 0x0021, 0x0021, 0x0021, 0x0021, 0x0021, 0x0021, 0x0021, 0x0021, 0x0021, 0x0021, 
	0x0021, 0x0021, 0x0021, 0x0021, 0x0021, 0x0021, 0x0021, 0x0021, 0x0021, 0x0021, 0x0021, 0x0021, 0x0021, 0x0021, 0x0021, 0x0021, 
	0x0021, 0x0021, 0x0021, 0x0021, 0x0021, 0x0021, 0x0021, 0x0021, 0x0020, 0x0020, 0x0020, 0x0020, 0x0020, 0x0020, 0x0020, 0x0020, 
	0x0801, 0x0801, 0x0800, 0x0000, 0x0020, 0x0020, 0x0020, 0x0020, 0x0020, 0x0020, 0x0020, 0x0020, 0x0020, 0x0020, 0x0020, 0x0000, 
	0x0000, 0x1020, 0x2021, 0x2000, 0x4000, 0xb1e7, 0xd166, 0xb904, 0x70e3, 0x2820, 0x2021, 0x20a3, 0x18c3, 0x0000, 0x0000, 0x0000, 
	0x0000, 0x0800, 0x1000, 0x61a6, 0x9b2c, 0x40a2, 0x2081, 0x3861, 0x90e4, 0xd249, 0xa965, 0x4800, 0x2800, 0x1801, 0x1020, 0x0800, 
	0x0800, 0x0020, 0x0020, 0x0020, 0x0020, 0x0020, 0x0020, 0x0020, 0x0020, 0x0020, 0x0020, 0x0020, 0x0020, 0x0020, 0x0020, 0x0020, 
	0x0020, 0x0020, 0x0020, 0x0020, 0x0020, 0x0020, 0x0020, 0x0020, 0x0020, 0x0020, 0x0020, 0x0020, 0x0020, 0x0020, 0x0020, 0x0020, 
	0x0021, 0x0021, 0x0021, 0x0021, 0x0021, 0x0021, 0x0021, 0x0021, 0x0021, 0x0021, 0x0021, 0x0021, 0x0021, 0x0021, 0x0021, 0x0021, 
	0x0021, 0x0021, 0x0021, 0x0021, 0x0021, 0x0021, 0x0021, 0x0021, 0x0841, 0x0021, 0x0021, 0x0021, 0x0021, 0x0021, 0x0021, 0x0841, 
	0x0021, 0x0021, 0x0021, 0x0021, 0x0021, 0x0021, 0x0021, 0x0021, 0x0021, 0x0021, 0x0021, 0x0021, 0x0021, 0x0021, 0x0021, 0x0021, 
	0x0020, 0x0020, 0x0841, 0x0841, 0x0020, 0x0020, 0x0020, 0x0820, 0x0820, 0x0820, 0x0820, 0x0820, 0x0800, 0x0800, 0x0821, 0x1041, 
	0x1841, 0x1020, 0x0841, 0x0861, 0x0020, 0x0800, 0x1800, 0x2000, 0x4882, 0x3821, 0x2821, 0x2041, 0x0800, 0x0021, 0x10a2, 0x0861, 
	0x0020, 0x1081, 0x2082, 0x1821, 0x1020, 0x0800, 0x1000, 0x1800, 0x48e5, 0x5105, 0x2821, 0x1820, 0x0000, 0x0000, 0x1021, 0x1801, 
	0x1801, 0x1801, 0x2001, 0x2821, 0x3041, 0x3020, 0x2800, 0x6924, 0xe450, 0xfcb2, 0xfbef, 0xca28, 0xb0c2, 0xa841, 0xb000, 0xb000, 
	0xa800, 0xb840, 0xb840, 0xb000, 0xb061, 0xc9a6, 0xf38e, 0xfd14, 0xd3ef, 0x68e3, 0x3800, 0x3800, 0x3821, 0x2000, 0x2041, 0x1000, 
	0x1000, 0x1000, 0x1000, 0x0800, 0x0800, 0x1020, 0x1841, 0x2082, 0x1000, 0x1841, 0x1841, 0x1000, 0x0800, 0x2062, 0x2862, 0x1800, 
	0x1000, 0x2081, 0x28a2, 0x2061, 0x1841, 0x2041, 0x2021, 0x1800, 0x2041, 0x1021, 0x0820, 0x0821, 0x1001, 0x1001, 0x0821, 0x0041, 
	0x0841, 0x0821, 0x0020, 0x0000, 0x0000, 0x0020, 0x0020, 0x0020, 0x0020, 0x0020, 0x0020, 0x0020, 0x0820, 0x0820, 0x0820, 0x0821, 
	0x0020, 0x0021, 0x0021, 0x0021, 0x0021, 0x0021, 0x0021, 0x0021, 0x0021, 0x0021, 0x0021, 0x0021, 0x0021, 0x0021, 0x0021, 0x0021, 
	0x0021, 0x0021, 0x0021, 0x0021, 0x0021, 0x0021, 0x0021, 0x0021, 0x0021, 0x0021, 0x0021, 0x0021, 0x0021, 0x0021, 0x0021, 0x0021, 
	0x0021, 0x0021, 0x0021, 0x0021, 0x0021, 0x0021, 0x0021, 0x0021, 0x0021, 0x0021, 0x0021, 0x0021, 0x0021, 0x0021, 0x0021, 0x0021, 
	0x0021, 0x0021, 0x0021, 0x0021, 0x0021, 0x0021, 0x0021, 0x0021, 0x0020, 0x0020, 0x0020, 0x0020, 0x0020, 0x0020, 0x0020, 0x0020, 
	0x0001, 0x0801, 0x0801, 0x0000, 0x0020, 0x0020, 0x0020, 0x0020, 0x0020, 0x0020, 0x0020, 0x0020, 0x0020, 0x0020, 0x0020, 0x0000, 
	0x0000, 0x1041, 0x2042, 0x2000, 0x4000, 0xa9c7, 0xd166, 0xc166, 0x6903, 0x2020, 0x1821, 0x20a3, 0x10c3, 0x0000, 0x0000, 0x0000, 
	0x0020, 0x0000, 0x1000, 0x4945, 0x82cb, 0x3082, 0x2081, 0x3861, 0x88e4, 0xd229, 0xa965, 0x4800, 0x2800, 0x1801, 0x1020, 0x0000, 
	0x0020, 0x0020, 0x0020, 0x0020, 0x0020, 0x0020, 0x0020, 0x0020, 0x0020, 0x0020, 0x0020, 0x0020, 0x0020, 0x0020, 0x0020, 0x0020, 
	0x0020, 0x0020, 0x0020, 0x0020, 0x0020, 0x0020, 0x0020, 0x0020, 0x0020, 0x0020, 0x0020, 0x0020, 0x0020, 0x0020, 0x0020, 0x0020, 
	0x0021, 0x0021, 0x0021, 0x0021, 0x0021, 0x0021, 0x0021, 0x0021, 0x0021, 0x0021, 0x0021, 0x0021, 0x0021, 0x0021, 0x0021, 0x0021, 
	0x0021, 0x0021, 0x0021, 0x0021, 0x0021, 0x0021, 0x0021, 0x0021, 0x0021, 0x0021, 0x0021, 0x0841, 0x0841, 0x0021, 0x0021, 0x0021, 
	0x0021, 0x0021, 0x0021, 0x0021, 0x0021, 0x0021, 0x0021, 0x0021, 0x0021, 0x0021, 0x0021, 0x0021, 0x0021, 0x0021, 0x0021, 0x0021, 
	0x0020, 0x0020, 0x0821, 0x0821, 0x0020, 0x0020, 0x0820, 0x0820, 0x0820, 0x0820, 0x0820, 0x0820, 0x0800, 0x0820, 0x0821, 0x0841, 
	0x0840, 0x0820, 0x0820, 0x1021, 0x0841, 0x1061, 0x1800, 0x1800, 0x3061, 0x2000, 0x1000, 0x0820, 0x0020, 0x10a2, 0x28e3, 0x0800, 
	0x1020, 0x1861, 0x1061, 0x0820, 0x0800, 0x1000, 0x1800, 0x2001, 0x2021, 0x2862, 0x1000, 0x1020, 0x1841, 0x1041, 0x1061, 0x1021, 
	0x1801, 0x3062, 0x2821, 0x2800, 0x3820, 0x4000, 0x91e7, 0xfcb2, 0xf38e, 0xc9a6, 0xa840, 0xa800, 0xa800, 0xa800, 0xb861, 0xc8c2, 
	0xd102, 0xd0e2, 0xc881, 0xc841, 0xc020, 0xa800, 0xa840, 0xc165, 0xfbae, 0xfc91, 0x8965, 0x5041, 0x3000, 0x3061, 0x1000, 0x1000, 
	0x1020, 0x1020, 0x0820, 0x0840, 0x0840, 0x0820, 0x1020, 0x1820, 0x2021, 0x3925, 0x30c3, 0x1000, 0x0800, 0x1841, 0x1841, 0x2082, 
	0x1000, 0x1820, 0x2882, 0x2081, 0x1820, 0x1841, 0x2862, 0x2042, 0x1000, 0x0820, 0x0841, 0x1041, 0x1821, 0x1000, 0x0840, 0x0041, 
	0x0841, 0x0020, 0x0000, 0x0000, 0x0020, 0x0020, 0x0820, 0x0820, 0x0020, 0x0820, 0x0820, 0x0820, 0x0821, 0x0821, 0x0821, 0x0821, 
	0x0020, 0x0021, 0x0021, 0x0021, 0x0021, 0x0021, 0x0021, 0x0021, 0x0021, 0x0021, 0x0021, 0x0021, 0x0021, 0x0021, 0x0021, 0x0021, 
	0x0021, 0x0021, 0x0021, 0x0021, 0x0021, 0x0021, 0x0021, 0x0021, 0x0021, 0x0021, 0x0021, 0x0021, 0x0021, 0x0021, 0x0021, 0x0021, 
	0x0021, 0x0021, 0x0021, 0x0021, 0x0021, 0x0021, 0x0021, 0x0021, 0x0021, 0x0021, 0x0021, 0x0021, 0x0021, 0x0021, 0x0021, 0x0021, 
	0x0021, 0x0021, 0x0021, 0x0021, 0x0021, 0x0021, 0x0021, 0x0021, 0x0020, 0x0020, 0x0020, 0x0020, 0x0020, 0x0020, 0x0020, 0x0020, 
	0x0021, 0x0001, 0x0001, 0x0021, 0x0021, 0x0021, 0x0020, 0x0020, 0x0020, 0x0020, 0x0020, 0x0020, 0x0020, 0x0020, 0x0020, 0x0000, 
	0x0800, 0x1021, 0x2041, 0x2000, 0x3800, 0xa186, 0xd146, 0xc186, 0x60e3, 0x2020, 0x1841, 0x18c3, 0x10e3, 0x0020, 0x0000, 0x0000, 
	0x0000, 0x0000, 0x0800, 0x4124, 0x6a8a, 0x30a2, 0x2081, 0x3040, 0x9104, 0xd249, 0xa965, 0x4800, 0x2800, 0x1821, 0x1041, 0x0000, 
	0x0020, 0x0020, 0x0020, 0x0020, 0x0020, 0x0020, 0x0020, 0x0020, 0x0020, 0x0020, 0x0020, 0x0020, 0x0020, 0x0020, 0x0020, 0x0020, 
	0x0020, 0x0020, 0x0020, 0x0020, 0x0020, 0x0020, 0x0020, 0x0020, 0x0020, 0x0020, 0x0020, 0x0020, 0x0020, 0x0020, 0x0020, 0x0020, 
	0x0021, 0x0021, 0x0021, 0x0021, 0x0021, 0x0021, 0x0021, 0x0021, 0x0021, 0x0021, 0x0021, 0x0021, 0x0021, 0x0021, 0x0021, 0x0021, 
	0x0021, 0x0021, 0x0021, 0x0021, 0x0021, 0x0021, 0x0021, 0x0021, 0x0020, 0x0021, 0x0841, 0x0841, 0x0841, 0x0841, 0x0021, 0x0020, 
	0x0021, 0x0021, 0x0021, 0x0021, 0x0021, 0x0021, 0x0021, 0x0021, 0x0021, 0x0021, 0x0021, 0x0021, 0x0021, 0x0021, 0x0021, 0x0021, 
	0x0020, 0x0820, 0x0821, 0x0821, 0x0820, 0x0820, 0x0820, 0x0821, 0x0820, 0x0820, 0x0820, 0x0820, 0x0820, 0x0820, 0x0821, 0x0841, 
	0x0040, 0x0820, 0x1000, 0x1800, 0x1862, 0x1861, 0x1820, 0x2882, 0x1000, 0x1840, 0x0000, 0x0000, 0x18a3, 0x20c3, 0x1841, 0x1820, 
	0x28a2, 0x1820, 0x0840, 0x0840, 0x1020, 0x30c3, 0x4104, 0x2841, 0x1000, 0x1000, 0x0800, 0x1000, 0x1021, 0x1001, 0x0841, 0x1021, 
	0x2041, 0x1800, 0x3041, 0x3820, 0x4820, 0x9a27, 0xfd54, 0xeb0b, 0xa841, 0xa800, 0xb020, 0xc903, 0xe207, 0xfaea, 0xf2ea, 0xe248, 
	0xf2c9, 0xf288, 0xea48, 0xf248, 0xea07, 0xd104, 0xb820, 0xa800, 0xb0a2, 0xda89, 0xfd33, 0x9a07, 0x4020, 0x3020, 0x30a2, 0x1821, 
	0x1821, 0x1040, 0x1040, 0x0860, 0x0860, 0x0840, 0x1020, 0x1000, 0x1820, 0x38e4, 0x28a3, 0x1861, 0x1020, 0x1020, 0x0800, 0x28e3, 
	0x28c2, 0x1000, 0x1000, 0x2081, 0x2082, 0x1841, 0x2062, 0x30c4, 0x0800, 0x0840, 0x0840, 0x0820, 0x1000, 0x1000, 0x1000, 0x0840, 
	0x0820, 0x0820, 0x0020, 0x0020, 0x0020, 0x0020, 0x0020, 0x0820, 0x0820, 0x0820, 0x0820, 0x0821, 0x0821, 0x0841, 0x0841, 0x0841, 
	0x0020, 0x0021, 0x0021, 0x0021, 0x0021, 0x0021, 0x0021, 0x0021, 0x0021, 0x0021, 0x0021, 0x0021, 0x0021, 0x0021, 0x0021, 0x0021, 
	0x0021, 0x0021, 0x0021, 0x0021, 0x0021, 0x0021, 0x0021, 0x0021, 0x0021, 0x0021, 0x0021, 0x0021, 0x0021, 0x0021, 0x0021, 0x0021, 
	0x0021, 0x0021, 0x0021, 0x0021, 0x0021, 0x0021, 0x0021, 0x0021, 0x0021, 0x0021, 0x0021, 0x0021, 0x0021, 0x0021, 0x0021, 0x0021, 
	0x0021, 0x0021, 0x0021, 0x0021, 0x0021, 0x0021, 0x0021, 0x0021, 0x0020, 0x0020, 0x0020, 0x0020, 0x0020, 0x0020, 0x0020, 0x0020, 
	0x0021, 0x0021, 0x0021, 0x0021, 0x0021, 0x0021, 0x0020, 0x0020, 0x0020, 0x0020, 0x0020, 0x0020, 0x0020, 0x0020, 0x0020, 0x0000, 
	0x0820, 0x1000, 0x1800, 0x1800, 0x3000, 0x9965, 0xc925, 0xc166, 0x58e3, 0x1820, 0x1041, 0x18c2, 0x10c3, 0x0000, 0x0000, 0x0000, 
	0x0000, 0x0000, 0x0800, 0x28e3, 0x5a28, 0x28a2, 0x1881, 0x3020, 0x9104, 0xd249, 0xa985, 0x4800, 0x2800, 0x1821, 0x1041, 0x0020, 
	0x0020, 0x0020, 0x0020, 0x0020, 0x0020, 0x0020, 0x0020, 0x0020, 0x0020, 0x0020, 0x0020, 0x0020, 0x0020, 0x0020, 0x0020, 0x0020, 
	0x0020, 0x0020, 0x0020, 0x0020, 0x0020, 0x0020, 0x0020, 0x0020, 0x0020, 0x0020, 0x0020, 0x0020, 0x0020, 0x0020, 0x0020, 0x0020, 
	0x0021, 0x0021, 0x0021, 0x0021, 0x0021, 0x0021, 0x0021, 0x0021, 0x0021, 0x0021, 0x0021, 0x0021, 0x0021, 0x0021, 0x0021, 0x0021, 
	0x0021, 0x0021, 0x0021, 0x0021, 0x0021, 0x0021, 0x0021, 0x0021, 0x0020, 0x0021, 0x0841, 0x0841, 0x0841, 0x0841, 0x0021, 0x0020, 
	0x0021, 0x0021, 0x0021, 0x0021, 0x0021, 0x0021, 0x0021, 0x0021, 0x0021, 0x0021, 0x0021, 0x0021, 0x0021, 0x0021, 0x0021, 0x0021, 
	0x0020, 0x0821, 0x0821, 0x0821, 0x0820, 0x0820, 0x0820, 0x0821, 0x0820, 0x0820, 0x0820, 0x0820, 0x0820, 0x0821, 0x0821, 0x0820, 
	0x1040, 0x1000, 0x3800, 0x4001, 0x2801, 0x0800, 0x1000, 0x18a2, 0x0820, 0x0000, 0x0000, 0x18a2, 0x28e4, 0x1841, 0x0800, 0x2082, 
	0x1841, 0x1000, 0x1000, 0x1000, 0x1000, 0x3103, 0x3944, 0x0800, 0x1000, 0x1841, 0x1020, 0x1020, 0x1021, 0x0800, 0x1001, 0x1821, 
	0x1800, 0x2840, 0x2800, 0x4860, 0x91e7, 0xfd33, 0xe2aa, 0xa000, 0xa000, 0xc0a2, 0xe1e7, 0xeaa9, 0xca48, 0x9923, 0x80c1, 0x8943, 
	0x7860, 0x7840, 0x80a1, 0xa9a5, 0xdaca, 0xfb6d, 0xf249, 0xc062, 0xa800, 0xa820, 0xe2ea, 0xfcb1, 0x9a27, 0x3000, 0x3020, 0x2841, 
	0x2021, 0x1820, 0x1020, 0x0840, 0x0860, 0x0840, 0x0820, 0x0800, 0x1000, 0x1000, 0x2061, 0x3904, 0x1841, 0x1000, 0x1020, 0x0800, 
	0x28c2, 0x1820, 0x0800, 0x1841, 0x18a2, 0x1041, 0x1000, 0x1821, 0x1882, 0x1061, 0x0020, 0x0800, 0x2800, 0x3021, 0x2800, 0x1000, 
	0x0820, 0x0821, 0x0820, 0x0020, 0x0020, 0x0000, 0x0020, 0x0020, 0x0820, 0x0820, 0x0820, 0x0821, 0x0821, 0x0841, 0x0841, 0x0841, 
	0x0020, 0x0021, 0x0021, 0x0021, 0x0021, 0x0021, 0x0021, 0x0021, 0x0021, 0x0021, 0x0021, 0x0021, 0x0021, 0x0021, 0x0021, 0x0021, 
	0x0021, 0x0021, 0x0021, 0x0021, 0x0021, 0x0021, 0x0021, 0x0021, 0x0021, 0x0021, 0x0021, 0x0021, 0x0021, 0x0021, 0x0021, 0x0021, 
	0x0021, 0x0021, 0x0021, 0x0021, 0x0021, 0x0021, 0x0021, 0x0021, 0x0021, 0x0021, 0x0021, 0x0021, 0x0021, 0x0021, 0x0021, 0x0021, 
	0x0021, 0x0021, 0x0021, 0x0021, 0x0021, 0x0021, 0x0021, 0x0021, 0x0020, 0x0020, 0x0020, 0x0020, 0x0020, 0x0020, 0x0020, 0x0021, 
	0x0021, 0x0021, 0x0021, 0x0021, 0x0021, 0x0021, 0x0020, 0x0020, 0x0020, 0x0020, 0x0020, 0x0020, 0x0020, 0x0020, 0x0020, 0x0000, 
	0x0820, 0x1000, 0x1000, 0x1800, 0x2800, 0x9145, 0xc925, 0xb945, 0x50e3, 0x1020, 0x1041, 0x18c2, 0x10c2, 0x0000, 0x0000, 0x0000, 
	0x0000, 0x0000, 0x0000, 0x1882, 0x41c6, 0x20c2, 0x18a2, 0x3040, 0x90e4, 0xd229, 0xa165, 0x4000, 0x2000, 0x1001, 0x1041, 0x0000, 
	0x0020, 0x0020, 0x0020, 0x0020, 0x0020, 0x0020, 0x0020, 0x0020, 0x0020, 0x0020, 0x0020, 0x0020, 0x0020, 0x0020, 0x0020, 0x0020, 
	0x0020, 0x0020, 0x0020, 0x0020, 0x0020, 0x0020, 0x0020, 0x0020, 0x0020, 0x0020, 0x0020, 0x0020, 0x0020, 0x0020, 0x0020, 0x0020, 
	0x0021, 0x0021, 0x0021, 0x0021, 0x0021, 0x0021, 0x0021, 0x0021, 0x0021, 0x0021, 0x0021, 0x0021, 0x0021, 0x0021, 0x0021, 0x0021, 
	0x0021, 0x0021, 0x0021, 0x0021, 0x0021, 0x0021, 0x0021, 0x0021, 0x0021, 0x0021, 0x0021, 0x0841, 0x0841, 0x0021, 0x0021, 0x0021, 
	0x0021, 0x0021, 0x0021, 0x0021, 0x0021, 0x0021, 0x0021, 0x0021, 0x0021, 0x0021, 0x0021, 0x0021, 0x0021, 0x0021, 0x0021, 0x0021, 
	0x0820, 0x0821, 0x0841, 0x0821, 0x0820, 0x0820, 0x0821, 0x0841, 0x0820, 0x0820, 0x0800, 0x0820, 0x0821, 0x0821, 0x0821, 0x1000, 
	0x1000, 0x2800, 0x80e5, 0x9167, 0x3841, 0x1000, 0x1040, 0x0840, 0x0840, 0x0000, 0x18a2, 0x3125, 0x1821, 0x1000, 0x1861, 0x1820, 
	0x0800, 0x0800, 0x1800, 0x2862, 0x2041, 0x1000, 0x0800, 0x0800, 0x0800, 0x1020, 0x1020, 0x1021, 0x1882, 0x1021, 0x1801, 0x2021, 
	0x2000, 0x3080, 0x3820, 0x60c2, 0xfd34, 0xeaeb, 0xa000, 0xb020, 0xc904, 0xea69, 0xd268, 0x90e2, 0x6000, 0x5800, 0x4800, 0x3800, 
	0x4820, 0x4000, 0x4800, 0x4800, 0x5000, 0x88a2, 0xd249, 0xfb6d, 0xd965, 0xb020, 0x9800, 0xca27, 0xfd95, 0x7964, 0x3800, 0x3061, 
	0x2000, 0x1800, 0x1000, 0x1000, 0x1020, 0x1020, 0x0820, 0x0800, 0x1000, 0x1000, 0x1820, 0x2882, 0x1821, 0x2061, 0x1820, 0x0800, 
	0x1000, 0x1861, 0x1841, 0x0800, 0x1041, 0x1862, 0x1821, 0x0800, 0x1062, 0x0840, 0x0000, 0x1820, 0x50c3, 0x7125, 0x5082, 0x2000, 
	0x1000, 0x0821, 0x0821, 0x0820, 0x0020, 0x0000, 0x0000, 0x0020, 0x0020, 0x0820, 0x0820, 0x0820, 0x0821, 0x0821, 0x0821, 0x0821, 
	0x0020, 0x0021, 0x0021, 0x0021, 0x0021, 0x0021, 0x0021, 0x0021, 0x0021, 0x0021, 0x0021, 0x0021, 0x0021, 0x0021, 0x0021, 0x0021, 
	0x0841, 0x0841, 0x0841, 0x0841, 0x0841, 0x0841, 0x0841, 0x0841, 0x0841, 0x0841, 0x0841, 0x0841, 0x0841, 0x0841, 0x0841, 0x0841, 
	0x0021, 0x0021, 0x0021, 0x0021, 0x0021, 0x0021, 0x0021, 0x0021, 0x0021, 0x0021, 0x0021, 0x0021, 0x0021, 0x0021, 0x0021, 0x0021, 
	0x0021, 0x0021, 0x0021, 0x0021, 0x0021, 0x0021, 0x0021, 0x0021, 0x0021, 0x0021, 0x0021, 0x0021, 0x0021, 0x0021, 0x0021, 0x0021, 
	0x0021, 0x0021, 0x0021, 0x0021, 0x0021, 0x0021, 0x0021, 0x0020, 0x0000, 0x0020, 0x0020, 0x0020, 0x0020, 0x0020, 0x0020, 0x0000, 
	0x0800, 0x1021, 0x1041, 0x1800, 0x2800, 0x9125, 0xc945, 0xb965, 0x48c3, 0x0840, 0x0860, 0x18c2, 0x10c2, 0x0000, 0x0000, 0x0000, 
	0x0000, 0x0000, 0x0000, 0x1061, 0x3185, 0x18c2, 0x18c2, 0x3061, 0x88c3, 0xd209, 0x9965, 0x3800, 0x1800, 0x1001, 0x1040, 0x0000, 
	0x0020, 0x0020, 0x0020, 0x0020, 0x0020, 0x0020, 0x0020, 0x0020, 0x0020, 0x0020, 0x0020, 0x0020, 0x0020, 0x0020, 0x0040, 0x0020, 
	0x0020, 0x0020, 0x0020, 0x0020, 0x0020, 0x0020, 0x0020, 0x0020, 0x0020, 0x0020, 0x0020, 0x0020, 0x0020, 0x0020, 0x0020, 0x0020, 
	0x0021, 0x0021, 0x0021, 0x0021, 0x0021, 0x0021, 0x0021, 0x0021, 0x0021, 0x0021, 0x0021, 0x0021, 0x0021, 0x0021, 0x0021, 0x0021, 
	0x0021, 0x0021, 0x0021, 0x0021, 0x0021, 0x0021, 0x0021, 0x0021, 0x0841, 0x0021, 0x0021, 0x0021, 0x0021, 0x0021, 0x0021, 0x0841, 
	0x0021, 0x0021, 0x0021, 0x0021, 0x0021, 0x0021, 0x0021, 0x0021, 0x0021, 0x0021, 0x0021, 0x0021, 0x0021, 0x0021, 0x0021, 0x0021, 
	0x0821, 0x0841, 0x0841, 0x0821, 0x0820, 0x0820, 0x0821, 0x0841, 0x0820, 0x0820, 0x0800, 0x0820, 0x0821, 0x0821, 0x0821, 0x1000, 
	0x2000, 0x6041, 0xb187, 0xa987, 0x4860, 0x1820, 0x1881, 0x0000, 0x0800, 0x0800, 0x28e4, 0x20a3, 0x1000, 0x1842, 0x2082, 0x0800, 
	0x1041, 0x0800, 0x2862, 0x4925, 0x3083, 0x1000, 0x0800, 0x1881, 0x1020, 0x1000, 0x1000, 0x0800, 0x1841, 0x1000, 0x2021, 0x3062, 
	0x3081, 0x2800, 0x3800, 0xf4b1, 0xe2eb, 0xc0e4, 0xa000, 0xc8e4, 0xeaaa, 0xb185, 0x7080, 0x5020, 0x4000, 0x3800, 0x3821, 0x3021, 
	0x3882, 0x2800, 0x2800, 0x3821, 0x4000, 0x4000, 0x7082, 0xa9a6, 0xf30b, 0xd185, 0xb020, 0xb061, 0xeb0b, 0xfcd2, 0x58a2, 0x2800, 
	0x2820, 0x2001, 0x2000, 0x1800, 0x1800, 0x1000, 0x1020, 0x0820, 0x0820, 0x1861, 0x1000, 0x1000, 0x2021, 0x30c3, 0x2882, 0x1841, 
	0x0800, 0x1861, 0x20a2, 0x1021, 0x0800, 0x1882, 0x2083, 0x1021, 0x0800, 0x0820, 0x0800, 0x2000, 0x60a3, 0x9166, 0x8104, 0x4800, 
	0x1000, 0x0020, 0x0821, 0x0820, 0x0020, 0x0000, 0x0020, 0x0820, 0x0020, 0x0020, 0x0020, 0x0020, 0x0820, 0x0820, 0x0820, 0x0821, 
	0x0020, 0x0021, 0x0021, 0x0021, 0x0021, 0x0021, 0x0021, 0x0021, 0x0021, 0x0021, 0x0021, 0x0021, 0x0021, 0x0021, 0x0021, 0x0021, 
	0x0841, 0x0841, 0x0841, 0x0841, 0x0841, 0x0841, 0x0841, 0x0841, 0x0841, 0x0841, 0x0841, 0x0841, 0x0841, 0x0841, 0x0841, 0x0841, 
	0x0021, 0x0021, 0x0021, 0x0021, 0x0021, 0x0021, 0x0021, 0x0021, 0x0021, 0x0021, 0x0021, 0x0021, 0x0021, 0x0021, 0x0021, 0x0021, 
	0x0021, 0x0021, 0x0021, 0x0021, 0x0021, 0x0021, 0x0021, 0x0021, 0x0021, 0x0021, 0x0021, 0x0021, 0x0021, 0x0021, 0x0021, 0x0021, 
	0x0021, 0x0021, 0x0021, 0x0021, 0x0021, 0x0021, 0x0021, 0x0021, 0x0000, 0x0000, 0x0000, 0x0000, 0x0020, 0x0020, 0x0020, 0x0020, 
	0x0000, 0x0820, 0x1041, 0x1800, 0x2800, 0x9125, 0xc965, 0xb144, 0x40e2, 0x0040, 0x0860, 0x18c2, 0x18a2, 0x0000, 0x0000, 0x0000, 
	0x0000, 0x0000, 0x0800, 0x1061, 0x3185, 0x18e3, 0x18c2, 0x2840, 0x88e4, 0xd229, 0x9965, 0x3800, 0x1800, 0x1021, 0x1041, 0x0800, 
	0x0020, 0x0020, 0x0020, 0x0020, 0x0020, 0x0020, 0x0020, 0x0020, 0x0020, 0x0020, 0x0020, 0x0020, 0x0020, 0x0020, 0x0020, 0x0020, 
	0x0020, 0x0020, 0x0020, 0x0020, 0x0020, 0x0020, 0x0020, 0x0020, 0x0020, 0x0020, 0x0020, 0x0020, 0x0020, 0x0020, 0x0020, 0x0020, 
	0x0021, 0x0021, 0x0021, 0x0021, 0x0021, 0x0021, 0x0021, 0x0021, 0x0021, 0x0021, 0x0021, 0x0021, 0x0021, 0x0021, 0x0021, 0x0021, 
	0x0021, 0x0021, 0x0021, 0x0021, 0x0021, 0x0021, 0x0021, 0x0021, 0x0841, 0x0841, 0x0021, 0x0020, 0x0020, 0x0021, 0x0841, 0x0841, 
	0x0021, 0x0021, 0x0021, 0x0021, 0x0021, 0x0021, 0x0021, 0x0021, 0x0021, 0x0021, 0x0021, 0x0021, 0x0021, 0x0021, 0x0021, 0x0821, 
	0x0821, 0x0841, 0x0841, 0x0020, 0x0820, 0x0820, 0x0840, 0x0841, 0x0820, 0x0820, 0x0800, 0x0800, 0x0821, 0x1021, 0x0820, 0x1800, 
	0x4800, 0x98e4, 0xb966, 0x7841, 0x3000, 0x1000, 0x0820, 0x0820, 0x0800, 0x2082, 0x2082, 0x1001, 0x2042, 0x2062, 0x0800, 0x1041, 
	0x0800, 0x0800, 0x30a3, 0x38c4, 0x1800, 0x1000, 0x2061, 0x0800, 0x1820, 0x1820, 0x1841, 0x1000, 0x1841, 0x1800, 0x2001, 0x3041, 
	0x3040, 0x3000, 0xaaa9, 0xfc91, 0xb904, 0xa000, 0xc083, 0xf28a, 0xb186, 0x6000, 0x3800, 0x4040, 0x3841, 0x2800, 0x2801, 0x2001, 
	0x2020, 0x2041, 0x2001, 0x2801, 0x3041, 0x3841, 0x4000, 0x5000, 0xa9c6, 0xfb4c, 0xc0c3, 0xb820, 0xb8e3, 0xfc50, 0xbb4c, 0x3000, 
	0x3020, 0x3021, 0x2821, 0x2021, 0x2021, 0x1821, 0x1020, 0x1020, 0x1041, 0x0800, 0x1000, 0x1820, 0x1000, 0x30c3, 0x30c3, 0x1000, 
	0x1000, 0x0800, 0x1882, 0x20c3, 0x1021, 0x0801, 0x1842, 0x1021, 0x1021, 0x1882, 0x1860, 0x1800, 0x4800, 0x80c4, 0x9904, 0x78a3, 
	0x1800, 0x0800, 0x0020, 0x0021, 0x0821, 0x0800, 0x0020, 0x0841, 0x0020, 0x0020, 0x0020, 0x0820, 0x0820, 0x0820, 0x0820, 0x0820, 
	0x0020, 0x0021, 0x0021, 0x0021, 0x0021, 0x0021, 0x0021, 0x0021, 0x0021, 0x0021, 0x0021, 0x0021, 0x0021, 0x0021, 0x0021, 0x0021, 
	0x0841, 0x0841, 0x0841, 0x0841, 0x0841, 0x0841, 0x0841, 0x0841, 0x0841, 0x0841, 0x0841, 0x0841, 0x0841, 0x0841, 0x0841, 0x0041, 
	0x0021, 0x0021, 0x0021, 0x0021, 0x0021, 0x0021, 0x0021, 0x0021, 0x0021, 0x0021, 0x0021, 0x0021, 0x0021, 0x0021, 0x0021, 0x0021, 
	0x0021, 0x0021, 0x0021, 0x0021, 0x0021, 0x0021, 0x0021, 0x0021, 0x0021, 0x0021, 0x0021, 0x0021, 0x0021, 0x0021, 0x0021, 0x0021, 
	0x0021, 0x0021, 0x0021, 0x0021, 0x0021, 0x0021, 0x0021, 0x0021, 0x0000, 0x0000, 0x0000, 0x0000, 0x0020, 0x0020, 0x0020, 0x0020, 
	0x0000, 0x0800, 0x0800, 0x1000, 0x2800, 0x9145, 0xc165, 0xa0e3, 0x40c2, 0x0020, 0x0861, 0x18c2, 0x18a2, 0x0000, 0x0000, 0x0000, 
	0x0000, 0x0000, 0x0000, 0x1081, 0x2965, 0x18e4, 0x18a3, 0x3021, 0x88c4, 0xc1e8, 0xa186, 0x3000, 0x1800, 0x2082, 0x1861, 0x0000, 
	0x0020, 0x0020, 0x0020, 0x0020, 0x0020, 0x0020, 0x0020, 0x0020, 0x0020, 0x0020, 0x0020, 0x0020, 0x0020, 0x0020, 0x0020, 0x0020, 
	0x0020, 0x0020, 0x0020, 0x0020, 0x0020, 0x0020, 0x0020, 0x0020, 0x0021, 0x0021, 0x0021, 0x0021, 0x0021, 0x0021, 0x0021, 0x0021, 
	0x0021, 0x0021, 0x0021, 0x0021, 0x0021, 0x0021, 0x0021, 0x0021, 0x0021, 0x0021, 0x0021, 0x0021, 0x0021, 0x0021, 0x0021, 0x0021, 
	0x0021, 0x0021, 0x0021, 0x0021, 0x0021, 0x0041, 0x0041, 0x0041, 0x0021, 0x0021, 0x0021, 0x0021, 0x0021, 0x0021, 0x0021, 0x0021, 
	0x0841, 0x0841, 0x0841, 0x0841, 0x0841, 0x0841, 0x0841, 0x0841, 0x0020, 0x0841, 0x0841, 0x0021, 0x0020, 0x0841, 0x0861, 0x1041, 
	0x0800, 0x1061, 0x0061, 0x0000, 0x0820, 0x1061, 0x0061, 0x0060, 0x0841, 0x0800, 0x0820, 0x0820, 0x1041, 0x1040, 0x0000, 0x2800, 
	0x8841, 0xb904, 0x9124, 0x3800, 0x1820, 0x0840, 0x1882, 0x0800, 0x2082, 0x3104, 0x0800, 0x1821, 0x28a3, 0x0800, 0x0820, 0x0800, 
	0x28a3, 0x2882, 0x1800, 0x1000, 0x1000, 0x1821, 0x1841, 0x0800, 0x1020, 0x1000, 0x1000, 0x1820, 0x1841, 0x2041, 0x2021, 0x2800, 
	0x2800, 0x5040, 0xfcb1, 0xe289, 0xb041, 0xb000, 0xe249, 0xc208, 0x6000, 0x5000, 0x4020, 0x3000, 0x2800, 0x2821, 0x2001, 0x1800, 
	0x1821, 0x2021, 0x2021, 0x2801, 0x2820, 0x2820, 0x3040, 0x4040, 0x5000, 0xba07, 0xfaeb, 0xb000, 0xb000, 0xda07, 0xfd32, 0x60c1, 
	0x3800, 0x2800, 0x2000, 0x2000, 0x1821, 0x1821, 0x1000, 0x1021, 0x1841, 0x1841, 0x1020, 0x1000, 0x1000, 0x1820, 0x1000, 0x1000, 
	0x1820, 0x1841, 0x0800, 0x1021, 0x2062, 0x1000, 0x1020, 0x2082, 0x2040, 0x2040, 0x0820, 0x1840, 0x2800, 0x5000, 0xa0c4, 0x9904, 
	0x4840, 0x1000, 0x0040, 0x0882, 0x0801, 0x1001, 0x0020, 0x0040, 0x0021, 0x0021, 0x0821, 0x0821, 0x0840, 0x0840, 0x0820, 0x0000, 
	0x0861, 0x0841, 0x0821, 0x0821, 0x0841, 0x0841, 0x0841, 0x0841, 0x0021, 0x0021, 0x0021, 0x0021, 0x0021, 0x0041, 0x0041, 0x0041, 
	0x0021, 0x0021, 0x0021, 0x0021, 0x0021, 0x0021, 0x0021, 0x0021, 0x0021, 0x0021, 0x0021, 0x0041, 0x0041, 0x0021, 0x0021, 0x0021, 
	0x0021, 0x0021, 0x0021, 0x0021, 0x0021, 0x0021, 0x0021, 0x0021, 0x0021, 0x0021, 0x0021, 0x0021, 0x0021, 0x0021, 0x0021, 0x0021, 
	0x0021, 0x0021, 0x0021, 0x0021, 0x0021, 0x0021, 0x0021, 0x0021, 0x0021, 0x0021, 0x0021, 0x0021, 0x0021, 0x0021, 0x0021, 0x0021, 
	0x0021, 0x0021, 0x0021, 0x0021, 0x0020, 0x0020, 0x0020, 0x0020, 0x0020, 0x0020, 0x0020, 0x0020, 0x0020, 0x0020, 0x0020, 0x0020, 
	0x0820, 0x1040, 0x1841, 0x1800, 0x2800, 0x8924, 0xc1a6, 0xa124, 0x48e3, 0x0820, 0x1041, 0x18c3, 0x10c2, 0x0000, 0x0000, 0x0000, 
	0x0000, 0x0000, 0x0000, 0x1061, 0x2965, 0x18e4, 0x18a3, 0x3041, 0x78c4, 0xb1e8, 0x99c7, 0x3800, 0x1800, 0x1861, 0x1861, 0x0820, 
	0x0020, 0x0020, 0x0020, 0x0020, 0x0020, 0x0020, 0x0020, 0x0020, 0x0020, 0x0020, 0x0020, 0x0020, 0x0020, 0x0020, 0x0020, 0x0020, 
	0x0020, 0x0020, 0x0020, 0x0020, 0x0020, 0x0020, 0x0020, 0x0020, 0x0021, 0x0021, 0x0021, 0x0021, 0x0021, 0x0021, 0x0021, 0x0021, 
	0x0021, 0x0021, 0x0021, 0x0021, 0x0021, 0x0021, 0x0021, 0x0021, 0x0021, 0x0021, 0x0021, 0x0021, 0x0021, 0x0021, 0x0021, 0x0021, 
	0x0021, 0x0021, 0x0021, 0x0021, 0x0021, 0x0041, 0x0041, 0x0041, 0x0021, 0x0021, 0x0021, 0x0021, 0x0021, 0x0021, 0x0021, 0x0021, 
	0x0841, 0x0841, 0x0841, 0x0841, 0x0841, 0x0841, 0x0841, 0x0841, 0x0021, 0x0841, 0x0841, 0x0021, 0x0021, 0x0841, 0x0861, 0x0841, 
	0x0800, 0x0841, 0x0040, 0x0020, 0x1020, 0x1041, 0x0040, 0x0040, 0x0820, 0x0800, 0x1020, 0x1021, 0x1041, 0x1000, 0x0800, 0x4020, 
	0xb924, 0xc145, 0x6861, 0x2800, 0x1020, 0x0841, 0x0800, 0x1021, 0x3104, 0x2061, 0x1821, 0x2082, 0x2062, 0x1000, 0x0800, 0x0800, 
	0x2882, 0x2841, 0x1000, 0x0800, 0x1020, 0x1020, 0x1041, 0x1000, 0x1000, 0x1000, 0x1820, 0x1820, 0x1820, 0x2020, 0x2020, 0x2820, 
	0x3000, 0x9a28, 0xfc91, 0xc923, 0xb000, 0xe1a6, 0xda8a, 0x80c3, 0x4800, 0x4020, 0x3020, 0x2800, 0x2000, 0x2021, 0x2021, 0x1800, 
	0x1000, 0x1800, 0x2001, 0x2021, 0x2020, 0x2040, 0x2840, 0x3040, 0x4820, 0x7882, 0xeacb, 0xe9e7, 0xb000, 0xb8a1, 0xfc4f, 0xa268, 
	0x4020, 0x3820, 0x2841, 0x2020, 0x1821, 0x1021, 0x1001, 0x1001, 0x1000, 0x1800, 0x1841, 0x1841, 0x1020, 0x1020, 0x1861, 0x2082, 
	0x3104, 0x1000, 0x1001, 0x1842, 0x1821, 0x2041, 0x1020, 0x2061, 0x2861, 0x2020, 0x0800, 0x1840, 0x2000, 0x4000, 0x8042, 0x98e4, 
	0x6881, 0x2800, 0x0800, 0x0042, 0x1001, 0x1001, 0x0020, 0x0040, 0x0041, 0x0022, 0x0821, 0x0821, 0x0820, 0x0820, 0x0820, 0x0820, 
	0x0841, 0x0841, 0x0821, 0x0021, 0x0821, 0x0821, 0x0021, 0x0021, 0x0021, 0x0021, 0x0021, 0x0021, 0x0021, 0x0041, 0x0041, 0x0041, 
	0x0021, 0x0021, 0x0021, 0x0021, 0x0021, 0x0021, 0x0021, 0x0021, 0x0021, 0x0021, 0x0021, 0x0041, 0x0041, 0x0021, 0x0021, 0x0021, 
	0x0021, 0x0021, 0x0021, 0x0021, 0x0021, 0x0021, 0x0021, 0x0021, 0x0021, 0x0021, 0x0021, 0x0021, 0x0021, 0x0021, 0x0021, 0x0021, 
	0x0021, 0x0021, 0x0021, 0x0021, 0x0021, 0x0021, 0x0021, 0x0021, 0x0021, 0x0021, 0x0021, 0x0021, 0x0021, 0x0021, 0x0021, 0x0021, 
	0x0021, 0x0021, 0x0021, 0x0020, 0x0020, 0x0020, 0x0020, 0x0020, 0x0020, 0x0020, 0x0020, 0x0020, 0x0020, 0x0020, 0x0020, 0x0020, 
	0x0820, 0x1040, 0x2041, 0x1800, 0x2800, 0x8144, 0xb186, 0x9925, 0x40c3, 0x0820, 0x1042, 0x18c3, 0x10c2, 0x0000, 0x0000, 0x0000, 
	0x0000, 0x0000, 0x0000, 0x0861, 0x2965, 0x18e4, 0x18c3, 0x2862, 0x6062, 0x8945, 0x7964, 0x2800, 0x1000, 0x1041, 0x0820, 0x0800, 
	0x0020, 0x0020, 0x0020, 0x0020, 0x0020, 0x0020, 0x0020, 0x0020, 0x0020, 0x0020, 0x0020, 0x0020, 0x0020, 0x0020, 0x0020, 0x0020, 
	0x0020, 0x0020, 0x0020, 0x0020, 0x0020, 0x0020, 0x0020, 0x0020, 0x0021, 0x0021, 0x0021, 0x0021, 0x0021, 0x0021, 0x0021, 0x0021, 
	0x0021, 0x0021, 0x0021, 0x0021, 0x0021, 0x0021, 0x0021, 0x0021, 0x0021, 0x0021, 0x0021, 0x0021, 0x0021, 0x0021, 0x0021, 0x0021, 
	0x0021, 0x0021, 0x0021, 0x0021, 0x0021, 0x0021, 0x0041, 0x0041, 0x0021, 0x0021, 0x0021, 0x0021, 0x0021, 0x0021, 0x0021, 0x0021, 
	0x0841, 0x0841, 0x0841, 0x0841, 0x0841, 0x0841, 0x0841, 0x0841, 0x0841, 0x0841, 0x0821, 0x0021, 0x0821, 0x0841, 0x0841, 0x0841, 
	0x0800, 0x0820, 0x0020, 0x0040, 0x1041, 0x0841, 0x0020, 0x0020, 0x0000, 0x1020, 0x1021, 0x1041, 0x1041, 0x1000, 0x3000, 0x7082, 
	0xb9a6, 0xa104, 0x3800, 0x2000, 0x1020, 0x0862, 0x0000, 0x28e4, 0x28e3, 0x0800, 0x2082, 0x1861, 0x1000, 0x1821, 0x0800, 0x1841, 
	0x2041, 0x1820, 0x1000, 0x1000, 0x1020, 0x1020, 0x1041, 0x1020, 0x1000, 0x1820, 0x1841, 0x1820, 0x1800, 0x2000, 0x2800, 0x3020, 
	0x4820, 0xe40f, 0xfbce, 0xa800, 0xb820, 0xfaeb, 0xc228, 0x5000, 0x4000, 0x3020, 0x2820, 0x2000, 0x1800, 0x1800, 0x1800, 0x1800, 
	0x1000, 0x1000, 0x1800, 0x1821, 0x1820, 0x2020, 0x2020, 0x2820, 0x4061, 0x4800, 0xb9e7, 0xfaec, 0xa800, 0xa800, 0xf34c, 0xec0f, 
	0x5020, 0x3820, 0x3041, 0x2020, 0x1821, 0x1821, 0x1821, 0x1821, 0x1000, 0x1800, 0x1841, 0x1841, 0x1000, 0x0800, 0x1841, 0x2082, 
	0x28a3, 0x1000, 0x1000, 0x1000, 0x1020, 0x20a2, 0x1841, 0x1800, 0x2861, 0x2020, 0x1020, 0x1040, 0x1820, 0x2000, 0x5000, 0x80e4, 
	0x8104, 0x5041, 0x1800, 0x0800, 0x1001, 0x0800, 0x0040, 0x0040, 0x0041, 0x0021, 0x0821, 0x0821, 0x0820, 0x0820, 0x0820, 0x0820, 
	0x0821, 0x0821, 0x0821, 0x0021, 0x0020, 0x0020, 0x0021, 0x0021, 0x0021, 0x0021, 0x0021, 0x0021, 0x0021, 0x0021, 0x0041, 0x0041, 
	0x0021, 0x0021, 0x0021, 0x0021, 0x0021, 0x0021, 0x0021, 0x0021, 0x0021, 0x0021, 0x0021, 0x0041, 0x0041, 0x0021, 0x0021, 0x0021, 
	0x0021, 0x0021, 0x0021, 0x0021, 0x0021, 0x0021, 0x0021, 0x0021, 0x0021, 0x0021, 0x0021, 0x0021, 0x0021, 0x0021, 0x0021, 0x0021, 
	0x0021, 0x0021, 0x0021, 0x0021, 0x0021, 0x0021, 0x0021, 0x0021, 0x0021, 0x0021, 0x0021, 0x0021, 0x0021, 0x0021, 0x0021, 0x0021, 
	0x0021, 0x0021, 0x0021, 0x0020, 0x0020, 0x0020, 0x0020, 0x0020, 0x0020, 0x0020, 0x0020, 0x0020, 0x0020, 0x0020, 0x0020, 0x0020, 
	0x0020, 0x0820, 0x1841, 0x1800, 0x2800, 0x7103, 0xa125, 0x80e4, 0x40c3, 0x0820, 0x1042, 0x18a3, 0x10c2, 0x0000, 0x0000, 0x0000, 
	0x0000, 0x0000, 0x0000, 0x0861, 0x2965, 0x18e4, 0x10c3, 0x2082, 0x4041, 0x5881, 0x48a1, 0x1800, 0x0800, 0x0820, 0x0000, 0x0000, 
	0x0020, 0x0020, 0x0020, 0x0020, 0x0020, 0x0020, 0x0020, 0x0020, 0x0020, 0x0020, 0x0020, 0x0020, 0x0020, 0x0020, 0x0020, 0x0020, 
	0x0020, 0x0020, 0x0020, 0x0020, 0x0020, 0x0020, 0x0020, 0x0020, 0x0021, 0x0021, 0x0021, 0x0021, 0x0021, 0x0021, 0x0021, 0x0021, 
	0x0021, 0x0021, 0x0021, 0x0021, 0x0021, 0x0021, 0x0021, 0x0021, 0x0021, 0x0021, 0x0021, 0x0021, 0x0021, 0x0021, 0x0021, 0x0021, 
	0x0021, 0x0021, 0x0021, 0x0021, 0x0021, 0x0021, 0x0021, 0x0021, 0x0021, 0x0021, 0x0021, 0x0021, 0x0021, 0x0021, 0x0021, 0x0021, 
	0x0041, 0x0041, 0x0041, 0x0041, 0x0041, 0x0041, 0x0841, 0x0841, 0x0841, 0x0821, 0x0821, 0x0821, 0x0841, 0x0841, 0x0841, 0x0821, 
	0x0821, 0x0821, 0x0820, 0x0841, 0x1061, 0x0821, 0x0820, 0x0840, 0x0000, 0x1020, 0x1841, 0x1041, 0x0820, 0x1800, 0x5000, 0x90e4, 
	0xa125, 0x6820, 0x2800, 0x2040, 0x1041, 0x0841, 0x1041, 0x2904, 0x1020, 0x1020, 0x2082, 0x1000, 0x1000, 0x1821, 0x1800, 0x28a2, 
	0x1820, 0x1000, 0x0800, 0x1040, 0x1040, 0x0820, 0x1020, 0x1021, 0x1020, 0x1821, 0x1820, 0x1820, 0x1800, 0x2000, 0x2800, 0x3800, 
	0x60a2, 0xfc71, 0xda28, 0xb000, 0xc8c2, 0xf2ca, 0x88e2, 0x4000, 0x3020, 0x2040, 0x2020, 0x1800, 0x1800, 0x1820, 0x2020, 0x1820, 
	0x1000, 0x1000, 0x1800, 0x1800, 0x1820, 0x1820, 0x2020, 0x2800, 0x3840, 0x4000, 0x80a2, 0xeb0c, 0xc904, 0xb020, 0xd208, 0xfcd2, 
	0x68c3, 0x3800, 0x3000, 0x2000, 0x2021, 0x1821, 0x1841, 0x1821, 0x1801, 0x1821, 0x1820, 0x1020, 0x0800, 0x0800, 0x0800, 0x1000, 
	0x1841, 0x38e4, 0x2021, 0x1000, 0x1040, 0x1881, 0x28a2, 0x1000, 0x2041, 0x2041, 0x1841, 0x1000, 0x1040, 0x1000, 0x2800, 0x60a2, 
	0x9966, 0x78a4, 0x2800, 0x1000, 0x1001, 0x0800, 0x0841, 0x0041, 0x0041, 0x0021, 0x0821, 0x0821, 0x0820, 0x0820, 0x0820, 0x0820, 
	0x0821, 0x0841, 0x0841, 0x0821, 0x0021, 0x0020, 0x0021, 0x0841, 0x0021, 0x0021, 0x0021, 0x0021, 0x0021, 0x0021, 0x0021, 0x0021, 
	0x0021, 0x0021, 0x0021, 0x0021, 0x0021, 0x0021, 0x0021, 0x0021, 0x0021, 0x0021, 0x0021, 0x0041, 0x0041, 0x0021, 0x0021, 0x0021, 
	0x0021, 0x0021, 0x0021, 0x0021, 0x0021, 0x0021, 0x0021, 0x0021, 0x0021, 0x0021, 0x0021, 0x0021, 0x0021, 0x0021, 0x0021, 0x0021, 
	0x0021, 0x0021, 0x0021, 0x0021, 0x0021, 0x0021, 0x0021, 0x0021, 0x0021, 0x0021, 0x0021, 0x0021, 0x0021, 0x0021, 0x0021, 0x0021, 
	0x0021, 0x0021, 0x0021, 0x0020, 0x0020, 0x0020, 0x0020, 0x0020, 0x0020, 0x0020, 0x0020, 0x0020, 0x0020, 0x0020, 0x0020, 0x0020, 
	0x0020, 0x0000, 0x0800, 0x1000, 0x2000, 0x60c2, 0x80c3, 0x70a3, 0x38c2, 0x0820, 0x1042, 0x18a3, 0x10a2, 0x0000, 0x0000, 0x0000, 
	0x0000, 0x0000, 0x0000, 0x1061, 0x2966, 0x18e4, 0x10c3, 0x1882, 0x3881, 0x4060, 0x38a1, 0x1000, 0x0820, 0x0020, 0x0000, 0x0000, 
	0x0020, 0x0020, 0x0020, 0x0020, 0x0020, 0x0020, 0x0020, 0x0020, 0x0020, 0x0020, 0x0020, 0x0020, 0x0020, 0x0020, 0x0020, 0x0020, 
	0x0020, 0x0020, 0x0020, 0x0020, 0x0020, 0x0020, 0x0020, 0x0020, 0x0021, 0x0021, 0x0021, 0x0021, 0x0021, 0x0021, 0x0021, 0x0021, 
	0x0021, 0x0021, 0x0021, 0x0021, 0x0021, 0x0021, 0x0021, 0x0021, 0x0021, 0x0021, 0x0021, 0x0021, 0x0021, 0x0021, 0x0021, 0x0021, 
	0x0021, 0x0021, 0x0021, 0x0021, 0x0021, 0x0021, 0x0021, 0x0021, 0x0021, 0x0021, 0x0021, 0x0021, 0x0021, 0x0021, 0x0021, 0x0021, 
	0x0041, 0x0041, 0x0041, 0x0041, 0x0041, 0x0041, 0x0841, 0x0841, 0x0841, 0x0821, 0x0821, 0x0821, 0x0841, 0x0841, 0x0841, 0x0821, 
	0x0842, 0x0821, 0x0820, 0x1041, 0x0841, 0x0021, 0x0820, 0x1041, 0x0800, 0x1040, 0x1041, 0x1021, 0x0800, 0x2800, 0x7800, 0xa904, 
	0x80c3, 0x3800, 0x2820, 0x1861, 0x0821, 0x0820, 0x20c3, 0x1861, 0x0000, 0x20c3, 0x1881, 0x1000, 0x1800, 0x2041, 0x38e4, 0x28a2, 
	0x1000, 0x0800, 0x0820, 0x1061, 0x1041, 0x1020, 0x1000, 0x1021, 0x1841, 0x1020, 0x1020, 0x1000, 0x2000, 0x2820, 0x3000, 0x3800, 
	0x8185, 0xfc2f, 0xc103, 0xb860, 0xd964, 0xd227, 0x5800, 0x4040, 0x2840, 0x2040, 0x1820, 0x1820, 0x1820, 0x1820, 0x2020, 0x2020, 
	0x1840, 0x1820, 0x1820, 0x1820, 0x1820, 0x1820, 0x2000, 0x2800, 0x2800, 0x4020, 0x5000, 0xe36c, 0xea89, 0xa800, 0xb0c3, 0xfcb2, 
	0x91a7, 0x4021, 0x3000, 0x2800, 0x2021, 0x1801, 0x1801, 0x1000, 0x1801, 0x1000, 0x1000, 0x1000, 0x1020, 0x1020, 0x0820, 0x0800, 
	0x1000, 0x3082, 0x2821, 0x1000, 0x0000, 0x0840, 0x28c2, 0x1841, 0x1000, 0x1862, 0x2082, 0x1000, 0x0840, 0x1040, 0x1000, 0x4021, 
	0x9126, 0x88c5, 0x4801, 0x1800, 0x1000, 0x0020, 0x0841, 0x0841, 0x0020, 0x0021, 0x0821, 0x0841, 0x0841, 0x0040, 0x0020, 0x0020, 
	0x0821, 0x0841, 0x0841, 0x0841, 0x0821, 0x0021, 0x0021, 0x0841, 0x0021, 0x0021, 0x0021, 0x0021, 0x0021, 0x0021, 0x0021, 0x0021, 
	0x0021, 0x0021, 0x0021, 0x0021, 0x0021, 0x0021, 0x0021, 0x0021, 0x0021, 0x0021, 0x0021, 0x0041, 0x0041, 0x0021, 0x0021, 0x0021, 
	0x0021, 0x0021, 0x0021, 0x0021, 0x0021, 0x0021, 0x0021, 0x0021, 0x0021, 0x0021, 0x0021, 0x0021, 0x0021, 0x0021, 0x0021, 0x0021, 
	0x0021, 0x0021, 0x0021, 0x0021, 0x0021, 0x0021, 0x0021, 0x0021, 0x0021, 0x0021, 0x0021, 0x0021, 0x0021, 0x0021, 0x0021, 0x0021, 
	0x0021, 0x0021, 0x0021, 0x0020, 0x0020, 0x0020, 0x0020, 0x0020, 0x0020, 0x0020, 0x0020, 0x0020, 0x0020, 0x0020, 0x0020, 0x0020, 
	0x0020, 0x0000, 0x0000, 0x0800, 0x1000, 0x48c1, 0x68a2, 0x60a2, 0x30c2, 0x0020, 0x1062, 0x18a4, 0x10a2, 0x0000, 0x0000, 0x0000, 
	0x0000, 0x0000, 0x0000, 0x1061, 0x2966, 0x18e4, 0x10c4, 0x1882, 0x30a2, 0x3081, 0x30e2, 0x1040, 0x0000, 0x0000, 0x0000, 0x0000, 
	0x0020, 0x0020, 0x0020, 0x0020, 0x0020, 0x0020, 0x0020, 0x0020, 0x0020, 0x0020, 0x0020, 0x0020, 0x0020, 0x0020, 0x0020, 0x0020, 
	0x0020, 0x0020, 0x0020, 0x0020, 0x0020, 0x0020, 0x0020, 0x0020, 0x0021, 0x0021, 0x0021, 0x0021, 0x0021, 0x0021, 0x0021, 0x0021, 
	0x0021, 0x0021, 0x0021, 0x0021, 0x0021, 0x0021, 0x0021, 0x0021, 0x0021, 0x0021, 0x0021, 0x0021, 0x0021, 0x0021, 0x0021, 0x0021, 
	0x0041, 0x0041, 0x0021, 0x0021, 0x0021, 0x0021, 0x0021, 0x0021, 0x0021, 0x0021, 0x0021, 0x0021, 0x0021, 0x0021, 0x0021, 0x0021, 
	0x0021, 0x0021, 0x0021, 0x0021, 0x0021, 0x0021, 0x0021, 0x0021, 0x0841, 0x0021, 0x0821, 0x0841, 0x0841, 0x0841, 0x0821, 0x0841, 
	0x0841, 0x0800, 0x0800, 0x1020, 0x0020, 0x0000, 0x0800, 0x1020, 0x0820, 0x0840, 0x0820, 0x0800, 0x1000, 0x4021, 0x9882, 0xa8e4, 
	0x6062, 0x1800, 0x2061, 0x0820, 0x0820, 0x1062, 0x3124, 0x0800, 0x1040, 0x18a2, 0x1020, 0x1020, 0x1800, 0x2841, 0x4125, 0x1800, 
	0x0800, 0x0800, 0x1040, 0x1040, 0x1040, 0x1020, 0x1000, 0x1020, 0x1841, 0x1020, 0x1000, 0x1000, 0x2020, 0x2820, 0x3020, 0x4000, 
	0x9a07, 0xfc2f, 0xb8a1, 0xb840, 0xe1e6, 0xd248, 0x5000, 0x3820, 0x2840, 0x1840, 0x1820, 0x1820, 0x1840, 0x1820, 0x2020, 0x2020, 
	0x2061, 0x1840, 0x1820, 0x1800, 0x1800, 0x2020, 0x2000, 0x2800, 0x2800, 0x4081, 0x4800, 0xcaea, 0xf2ea, 0xb041, 0xb8a2, 0xfbcf, 
	0xa208, 0x4000, 0x3000, 0x2800, 0x2841, 0x1800, 0x1801, 0x1800, 0x1821, 0x1820, 0x1020, 0x1040, 0x1040, 0x1040, 0x1020, 0x1020, 
	0x1821, 0x1800, 0x4104, 0x38e3, 0x1020, 0x1060, 0x2061, 0x2062, 0x0000, 0x1041, 0x2082, 0x1000, 0x0820, 0x1061, 0x1020, 0x2800, 
	0x7083, 0x88c4, 0x6083, 0x3000, 0x1000, 0x0020, 0x0841, 0x0820, 0x0020, 0x0020, 0x0821, 0x0841, 0x0841, 0x0041, 0x0040, 0x0020, 
	0x0841, 0x0841, 0x0841, 0x0841, 0x0841, 0x0821, 0x0821, 0x0841, 0x0841, 0x0841, 0x0021, 0x0021, 0x0021, 0x0021, 0x0021, 0x0021, 
	0x0021, 0x0021, 0x0021, 0x0021, 0x0021, 0x0021, 0x0021, 0x0021, 0x0021, 0x0021, 0x0021, 0x0041, 0x0041, 0x0021, 0x0021, 0x0021, 
	0x0021, 0x0021, 0x0021, 0x0021, 0x0021, 0x0021, 0x0021, 0x0021, 0x0021, 0x0021, 0x0021, 0x0021, 0x0021, 0x0021, 0x0021, 0x0021, 
	0x0021, 0x0021, 0x0021, 0x0021, 0x0021, 0x0021, 0x0021, 0x0021, 0x0021, 0x0021, 0x0021, 0x0021, 0x0021, 0x0021, 0x0021, 0x0021, 
	0x0021, 0x0021, 0x0021, 0x0020, 0x0020, 0x0020, 0x0020, 0x0020, 0x0020, 0x0020, 0x0020, 0x0020, 0x0020, 0x0020, 0x0020, 0x0020, 
	0x0040, 0x0020, 0x0020, 0x0800, 0x1000, 0x40c2, 0x58a2, 0x58c2, 0x28c2, 0x0041, 0x1062, 0x18a4, 0x10a2, 0x0000, 0x0000, 0x0000, 
	0x0000, 0x0000, 0x0000, 0x1041, 0x2946, 0x18e4, 0x18c4, 0x18a3, 0x28a2, 0x2880, 0x28e2, 0x1020, 0x0000, 0x0000, 0x0821, 0x0000, 
	0x0020, 0x0020, 0x0020, 0x0020, 0x0020, 0x0020, 0x0020, 0x0020, 0x0020, 0x0020, 0x0020, 0x0020, 0x0020, 0x0020, 0x0020, 0x0020, 
	0x0020, 0x0020, 0x0020, 0x0020, 0x0020, 0x0020, 0x0020, 0x0020, 0x0021, 0x0021, 0x0021, 0x0021, 0x0021, 0x0021, 0x0021, 0x0021, 
	0x0021, 0x0021, 0x0021, 0x0021, 0x0021, 0x0021, 0x0021, 0x0021, 0x0021, 0x0021, 0x0021, 0x0021, 0x0021, 0x0021, 0x0021, 0x0021, 
	0x0041, 0x0041, 0x0041, 0x0021, 0x0021, 0x0021, 0x0021, 0x0021, 0x0021, 0x0021, 0x0021, 0x0021, 0x0021, 0x0021, 0x0021, 0x0021, 
	0x0021, 0x0021, 0x0021, 0x0021, 0x0021, 0x0021, 0x0021, 0x0021, 0x0841, 0x0021, 0x0841, 0x0841, 0x0841, 0x0821, 0x0821, 0x0841, 
	0x0821, 0x0801, 0x1021, 0x1021, 0x0020, 0x0020, 0x0820, 0x0800, 0x0040, 0x0040, 0x0820, 0x0800, 0x2000, 0x60a2, 0xa924, 0x98a2, 
	0x3800, 0x1000, 0x1041, 0x0000, 0x1041, 0x28e3, 0x28c3, 0x1020, 0x1881, 0x0820, 0x0800, 0x1000, 0x2021, 0x2882, 0x2861, 0x1000, 
	0x1020, 0x0820, 0x1041, 0x0820, 0x0820, 0x1020, 0x1000, 0x1020, 0x1020, 0x1020, 0x1020, 0x1820, 0x2020, 0x2820, 0x3800, 0x4000, 
	0xa268, 0xfc2f, 0xb8c2, 0xb000, 0xf268, 0xda89, 0x5000, 0x3000, 0x2840, 0x1820, 0x1800, 0x1820, 0x1840, 0x1820, 0x1820, 0x2020, 
	0x2040, 0x1840, 0x1820, 0x1820, 0x2020, 0x2020, 0x2800, 0x2800, 0x3020, 0x4061, 0x4800, 0xaa27, 0xeaca, 0xb8a1, 0xc0c2, 0xfb2c, 
	0xa1e7, 0x4000, 0x3800, 0x2800, 0x2841, 0x1800, 0x2041, 0x1821, 0x1821, 0x1821, 0x1841, 0x1041, 0x1040, 0x0820, 0x0820, 0x1020, 
	0x1000, 0x1000, 0x3082, 0x38e3, 0x1820, 0x1020, 0x1800, 0x1821, 0x0821, 0x0821, 0x2062, 0x2041, 0x1020, 0x1040, 0x1841, 0x2000, 
	0x4800, 0x78a3, 0x7905, 0x4021, 0x1000, 0x0840, 0x0821, 0x0800, 0x0820, 0x0820, 0x0821, 0x0821, 0x0041, 0x0041, 0x0040, 0x0020, 
	0x0841, 0x0841, 0x0841, 0x0841, 0x0841, 0x0841, 0x0021, 0x0020, 0x0841, 0x0841, 0x0041, 0x0021, 0x0021, 0x0021, 0x0021, 0x0021, 
	0x0021, 0x0021, 0x0021, 0x0021, 0x0021, 0x0021, 0x0021, 0x0021, 0x0021, 0x0021, 0x0021, 0x0041, 0x0041, 0x0021, 0x0021, 0x0021, 
	0x0021, 0x0021, 0x0021, 0x0021, 0x0021, 0x0021, 0x0021, 0x0021, 0x0021, 0x0021, 0x0021, 0x0021, 0x0021, 0x0021, 0x0021, 0x0021, 
	0x0021, 0x0021, 0x0021, 0x0021, 0x0021, 0x0021, 0x0021, 0x0021, 0x0021, 0x0021, 0x0021, 0x0021, 0x0021, 0x0021, 0x0021, 0x0021, 
	0x0021, 0x0021, 0x0021, 0x0020, 0x0020, 0x0020, 0x0020, 0x0020, 0x0020, 0x0020, 0x0020, 0x0020, 0x0020, 0x0020, 0x0020, 0x0020, 
	0x0040, 0x0020, 0x0021, 0x0000, 0x0800, 0x38e2, 0x50a2, 0x48a2, 0x20c2, 0x0041, 0x1062, 0x18a4, 0x1082, 0x0000, 0x0000, 0x0000, 
	0x0000, 0x0000, 0x0000, 0x0841, 0x2925, 0x18c4, 0x18c4, 0x18a3, 0x20a2, 0x2081, 0x28c2, 0x1020, 0x0800, 0x0841, 0x1062, 0x0000, 
	0x0020, 0x0020, 0x0020, 0x0020, 0x0020, 0x0020, 0x0020, 0x0020, 0x0020, 0x0020, 0x0020, 0x0020, 0x0020, 0x0020, 0x0020, 0x0020, 
	0x0020, 0x0020, 0x0020, 0x0020, 0x0020, 0x0020, 0x0020, 0x0020, 0x0021, 0x0021, 0x0021, 0x0021, 0x0021, 0x0021, 0x0021, 0x0021, 
	0x0021, 0x0021, 0x0021, 0x0021, 0x0021, 0x0021, 0x0021, 0x0021, 0x0021, 0x0021, 0x0021, 0x0021, 0x0021, 0x0021, 0x0021, 0x0021, 
	0x0041, 0x0041, 0x0041, 0x0021, 0x0021, 0x0021, 0x0021, 0x0021, 0x0021, 0x0021, 0x0021, 0x0021, 0x0021, 0x0021, 0x0021, 0x0021, 
	0x0021, 0x0021, 0x0021, 0x0021, 0x0021, 0x0021, 0x0021, 0x0021, 0x0841, 0x0021, 0x0841, 0x0861, 0x0841, 0x0021, 0x0021, 0x0841, 
	0x0821, 0x0821, 0x1841, 0x1861, 0x0040, 0x0040, 0x0841, 0x0800, 0x0040, 0x0040, 0x0020, 0x1000, 0x3000, 0x80e3, 0xb185, 0x7881, 
	0x2000, 0x1882, 0x0820, 0x0820, 0x1061, 0x3124, 0x1820, 0x1841, 0x20a2, 0x0800, 0x1020, 0x1000, 0x30a3, 0x38e4, 0x1000, 0x1841, 
	0x1041, 0x1040, 0x1061, 0x0800, 0x0800, 0x1021, 0x1020, 0x1821, 0x0800, 0x1020, 0x1040, 0x1840, 0x2020, 0x2800, 0x3800, 0x4800, 
	0xaa68, 0xf3ee, 0xb8c2, 0xa800, 0xfaca, 0xd289, 0x5000, 0x3840, 0x2820, 0x1800, 0x1800, 0x1820, 0x1840, 0x1020, 0x1800, 0x1820, 
	0x1820, 0x1820, 0x1800, 0x1820, 0x2020, 0x2820, 0x2800, 0x2800, 0x3021, 0x3000, 0x5040, 0xaa27, 0xf32b, 0xa840, 0xb020, 0xfb8d, 
	0x99e7, 0x4000, 0x4041, 0x2820, 0x2021, 0x1000, 0x1841, 0x1000, 0x1000, 0x1000, 0x1020, 0x1020, 0x1040, 0x0820, 0x0820, 0x0820, 
	0x1021, 0x1841, 0x1800, 0x2841, 0x2020, 0x1000, 0x1800, 0x1000, 0x1862, 0x0800, 0x1821, 0x2882, 0x1841, 0x1000, 0x1841, 0x2000, 
	0x2800, 0x60a2, 0x8966, 0x5041, 0x1800, 0x1020, 0x0820, 0x0800, 0x0820, 0x0820, 0x0820, 0x0821, 0x0041, 0x0041, 0x0040, 0x0040, 
	0x0841, 0x0821, 0x0021, 0x0821, 0x0841, 0x0841, 0x0021, 0x0000, 0x0841, 0x0841, 0x0041, 0x0021, 0x0021, 0x0021, 0x0021, 0x0021, 
	0x0021, 0x0021, 0x0021, 0x0021, 0x0021, 0x0021, 0x0021, 0x0021, 0x0021, 0x0021, 0x0021, 0x0041, 0x0041, 0x0021, 0x0021, 0x0021, 
	0x0021, 0x0021, 0x0021, 0x0021, 0x0021, 0x0021, 0x0021, 0x0021, 0x0021, 0x0021, 0x0021, 0x0021, 0x0021, 0x0021, 0x0021, 0x0021, 
	0x0021, 0x0021, 0x0021, 0x0021, 0x0021, 0x0021, 0x0021, 0x0021, 0x0021, 0x0021, 0x0021, 0x0021, 0x0021, 0x0021, 0x0021, 0x0021, 
	0x0021, 0x0021, 0x0021, 0x0020, 0x0020, 0x0020, 0x0020, 0x0020, 0x0020, 0x0020, 0x0020, 0x0020, 0x0020, 0x0020, 0x0020, 0x0020, 
	0x0000, 0x0020, 0x0000, 0x0000, 0x0800, 0x30e2, 0x40a2, 0x3882, 0x20c2, 0x0020, 0x1063, 0x18a4, 0x1082, 0x0000, 0x0000, 0x0000, 
	0x0000, 0x0000, 0x0000, 0x0821, 0x2125, 0x18c4, 0x18c4, 0x18a3, 0x1881, 0x2081, 0x20a2, 0x1020, 0x0000, 0x0841, 0x0821, 0x0000, 
	0x0000, 0x0000, 0x0000, 0x0020, 0x0020, 0x0020, 0x0020, 0x0020, 0x0020, 0x0020, 0x0020, 0x0020, 0x0020, 0x0020, 0x0020, 0x0020, 
	0x0020, 0x0020, 0x0020, 0x0020, 0x0020, 0x0020, 0x0020, 0x0020, 0x0021, 0x0021, 0x0021, 0x0021, 0x0021, 0x0021, 0x0021, 0x0021, 
	0x0021, 0x0021, 0x0021, 0x0021, 0x0021, 0x0021, 0x0021, 0x0021, 0x0021, 0x0021, 0x0021, 0x0021, 0x0021, 0x0021, 0x0021, 0x0021, 
	0x0041, 0x0041, 0x0041, 0x0041, 0x0041, 0x0041, 0x0041, 0x0041, 0x0020, 0x0020, 0x0021, 0x0021, 0x0021, 0x0021, 0x0020, 0x0020, 
	0x0021, 0x0021, 0x0021, 0x0021, 0x0021, 0x0021, 0x0021, 0x0021, 0x0020, 0x0021, 0x0861, 0x0841, 0x0020, 0x0841, 0x0862, 0x0821, 
	0x0021, 0x1062, 0x1042, 0x0800, 0x0020, 0x0020, 0x0020, 0x0841, 0x0021, 0x0041, 0x0020, 0x1800, 0x6001, 0xa145, 0x9124, 0x4800, 
	0x2000, 0x1042, 0x1021, 0x1020, 0x1861, 0x1820, 0x1000, 0x2061, 0x1041, 0x1841, 0x1000, 0x1000, 0x1800, 0x1000, 0x0800, 0x1020, 
	0x0820, 0x0820, 0x1020, 0x1020, 0x1020, 0x1020, 0x1820, 0x1820, 0x1040, 0x1000, 0x1020, 0x1820, 0x1800, 0x2820, 0x3841, 0x4820, 
	0xa248, 0xf3ee, 0xb8a2, 0xb840, 0xfaeb, 0xd2aa, 0x5000, 0x3020, 0x2820, 0x2020, 0x2000, 0x1820, 0x1020, 0x1020, 0x1020, 0x1820, 
	0x1840, 0x1820, 0x1820, 0x1820, 0x2020, 0x2020, 0x2000, 0x2000, 0x2821, 0x3841, 0x4800, 0xaa27, 0xf32b, 0xb040, 0xb881, 0xfb2c, 
	0xa207, 0x4840, 0x3820, 0x2820, 0x1800, 0x1820, 0x1821, 0x1000, 0x1000, 0x1020, 0x1040, 0x1040, 0x0820, 0x0820, 0x0800, 0x0820, 
	0x0821, 0x0800, 0x0800, 0x1800, 0x4945, 0x2841, 0x1000, 0x1000, 0x2062, 0x2062, 0x1000, 0x1861, 0x28a2, 0x1000, 0x0800, 0x1800, 
	0x1800, 0x4881, 0x8125, 0x70c4, 0x3000, 0x1000, 0x1041, 0x0821, 0x0840, 0x0820, 0x0800, 0x0800, 0x0021, 0x0041, 0x0041, 0x0840, 
	0x0020, 0x0841, 0x0021, 0x0021, 0x0861, 0x0841, 0x0020, 0x0841, 0x0021, 0x0021, 0x0021, 0x0021, 0x0021, 0x0021, 0x0021, 0x0021, 
	0x0020, 0x0020, 0x0021, 0x0041, 0x0841, 0x0041, 0x0021, 0x0021, 0x0041, 0x0041, 0x0041, 0x0041, 0x0041, 0x0041, 0x0041, 0x0041, 
	0x0041, 0x0041, 0x0041, 0x0041, 0x0041, 0x0041, 0x0041, 0x0041, 0x0021, 0x0021, 0x0021, 0x0021, 0x0021, 0x0021, 0x0021, 0x0021, 
	0x0021, 0x0021, 0x0021, 0x0021, 0x0021, 0x0021, 0x0021, 0x0021, 0x0021, 0x0021, 0x0021, 0x0021, 0x0021, 0x0021, 0x0021, 0x0021, 
	0x0021, 0x0021, 0x0021, 0x0020, 0x0020, 0x0020, 0x0020, 0x0020, 0x0020, 0x0020, 0x0020, 0x0020, 0x0020, 0x0020, 0x0020, 0x0020, 
	0x0021, 0x0000, 0x0001, 0x0000, 0x0000, 0x3123, 0x40e3, 0x2861, 0x1081, 0x0862, 0x1062, 0x20c4, 0x1082, 0x0000, 0x0000, 0x0000, 
	0x0000, 0x0000, 0x0000, 0x0841, 0x2125, 0x18e4, 0x18c4, 0x18a3, 0x1041, 0x1861, 0x20a2, 0x1021, 0x0000, 0x0821, 0x0821, 0x0000, 
	0x0000, 0x0000, 0x0000, 0x0020, 0x0020, 0x0020, 0x0020, 0x0020, 0x0020, 0x0020, 0x0020, 0x0020, 0x0020, 0x0020, 0x0020, 0x0020, 
	0x0020, 0x0020, 0x0020, 0x0020, 0x0020, 0x0020, 0x0020, 0x0020, 0x0021, 0x0021, 0x0021, 0x0021, 0x0021, 0x0021, 0x0021, 0x0021, 
	0x0021, 0x0021, 0x0021, 0x0021, 0x0021, 0x0021, 0x0021, 0x0021, 0x0021, 0x0021, 0x0021, 0x0021, 0x0021, 0x0021, 0x0021, 0x0021, 
	0x0020, 0x0020, 0x0020, 0x0020, 0x0020, 0x0020, 0x0020, 0x0020, 0x0021, 0x0021, 0x0021, 0x0021, 0x0021, 0x0021, 0x0021, 0x0021, 
	0x0021, 0x0021, 0x0021, 0x0021, 0x0021, 0x0021, 0x0021, 0x0021, 0x0020, 0x0021, 0x0841, 0x0841, 0x0020, 0x0841, 0x0861, 0x0821, 
	0x0000, 0x0842, 0x1021, 0x0800, 0x0020, 0x0040, 0x0020, 0x0841, 0x0863, 0x0842, 0x0800, 0x2800, 0x8042, 0xa925, 0x78e3, 0x3000, 
	0x2862, 0x1862, 0x1021, 0x1041, 0x1861, 0x1820, 0x1841, 0x28a2, 0x1841, 0x1000, 0x1821, 0x2882, 0x2882, 0x2042, 0x1041, 0x0820, 
	0x0800, 0x0800, 0x0800, 0x1000, 0x1000, 0x1000, 0x1000, 0x1000, 0x1840, 0x1020, 0x1040, 0x1840, 0x2020, 0x2820, 0x3800, 0x4000, 
	0xa228, 0xfbef, 0xb8a2, 0xb020, 0xfb0b, 0xdacb, 0x5000, 0x3841, 0x2000, 0x2000, 0x2020, 0x2040, 0x1840, 0x1020, 0x1020, 0x1000, 
	0x1820, 0x1820, 0x1000, 0x1800, 0x1800, 0x2000, 0x2000, 0x2000, 0x2801, 0x3841, 0x4800, 0xba89, 0xfb8d, 0xb040, 0xb861, 0xfb2c, 
	0x9185, 0x3800, 0x3820, 0x3061, 0x2040, 0x1820, 0x1821, 0x1861, 0x1020, 0x1020, 0x1040, 0x1040, 0x0820, 0x0820, 0x0820, 0x0820, 
	0x0821, 0x0821, 0x0820, 0x1000, 0x38a2, 0x2841, 0x1000, 0x1000, 0x2042, 0x2062, 0x1020, 0x1020, 0x2041, 0x1800, 0x1000, 0x1040, 
	0x1020, 0x3040, 0x78c3, 0x78c4, 0x4021, 0x1000, 0x0800, 0x0841, 0x0840, 0x0820, 0x0800, 0x0800, 0x0021, 0x0041, 0x0841, 0x0820, 
	0x0020, 0x0841, 0x0021, 0x0021, 0x0841, 0x0841, 0x0021, 0x0841, 0x0021, 0x0021, 0x0021, 0x0021, 0x0021, 0x0021, 0x0021, 0x0021, 
	0x0020, 0x0021, 0x0021, 0x0021, 0x0041, 0x0041, 0x0041, 0x0021, 0x0020, 0x0020, 0x0020, 0x0020, 0x0020, 0x0020, 0x0020, 0x0020, 
	0x0020, 0x0020, 0x0020, 0x0020, 0x0020, 0x0020, 0x0020, 0x0020, 0x0021, 0x0021, 0x0021, 0x0021, 0x0021, 0x0021, 0x0021, 0x0021, 
	0x0021, 0x0021, 0x0021, 0x0021, 0x0021, 0x0021, 0x0021, 0x0021, 0x0021, 0x0021, 0x0021, 0x0021, 0x0021, 0x0021, 0x0021, 0x0021, 
	0x0021, 0x0021, 0x0021, 0x0020, 0x0020, 0x0020, 0x0020, 0x0020, 0x0020, 0x0020, 0x0020, 0x0020, 0x0020, 0x0020, 0x0020, 0x0020, 
	0x0000, 0x0000, 0x0821, 0x0821, 0x0800, 0x2903, 0x38c2, 0x2841, 0x1081, 0x0862, 0x1062, 0x20c4, 0x1082, 0x0000, 0x0000, 0x0000, 
	0x0000, 0x0020, 0x0000, 0x0841, 0x2145, 0x18e4, 0x18c4, 0x18c3, 0x0861, 0x1061, 0x2082, 0x1020, 0x0000, 0x0841, 0x0821, 0x0000, 
	0x0000, 0x0000, 0x0000, 0x0020, 0x0020, 0x0020, 0x0020, 0x0020, 0x0020, 0x0020, 0x0020, 0x0020, 0x0020, 0x0020, 0x0020, 0x0020, 
	0x0020, 0x0020, 0x0020, 0x0020, 0x0020, 0x0020, 0x0020, 0x0020, 0x0021, 0x0021, 0x0021, 0x0021, 0x0021, 0x0021, 0x0021, 0x0021, 
	0x0021, 0x0021, 0x0021, 0x0021, 0x0021, 0x0021, 0x0021, 0x0021, 0x0021, 0x0021, 0x0021, 0x0021, 0x0021, 0x0021, 0x0021, 0x0021, 
	0x0021, 0x0021, 0x0021, 0x0021, 0x0021, 0x0021, 0x0021, 0x0021, 0x0021, 0x0021, 0x0021, 0x0021, 0x0021, 0x0021, 0x0021, 0x0021, 
	0x0021, 0x0021, 0x0021, 0x0021, 0x0021, 0x0021, 0x0021, 0x0021, 0x0020, 0x0021, 0x0841, 0x0841, 0x0021, 0x0841, 0x0841, 0x0021, 
	0x0000, 0x0041, 0x0821, 0x0000, 0x0020, 0x0840, 0x0820, 0x0821, 0x1063, 0x0822, 0x0800, 0x3000, 0x9883, 0xa905, 0x6082, 0x2000, 
	0x2862, 0x1021, 0x1000, 0x1841, 0x1820, 0x1000, 0x2061, 0x2082, 0x1000, 0x0800, 0x2062, 0x3104, 0x2041, 0x1000, 0x0821, 0x0000, 
	0x1020, 0x1020, 0x1020, 0x1020, 0x1021, 0x1821, 0x1821, 0x1820, 0x1840, 0x1820, 0x1840, 0x2040, 0x2020, 0x3020, 0x3820, 0x4800, 
	0xb269, 0xfbef, 0xb8c2, 0xa820, 0xf2cb, 0xd2cb, 0x5000, 0x3821, 0x2820, 0x2840, 0x2040, 0x2040, 0x1840, 0x1840, 0x1840, 0x1840, 
	0x1841, 0x1841, 0x1821, 0x1821, 0x1841, 0x2041, 0x2021, 0x2001, 0x2000, 0x3821, 0x4800, 0xba48, 0xfb4c, 0xb020, 0xb820, 0xfb0c, 
	0xa1c7, 0x4000, 0x3000, 0x2820, 0x2020, 0x1820, 0x1000, 0x1000, 0x1020, 0x1020, 0x1040, 0x1040, 0x1020, 0x0820, 0x0800, 0x0800, 
	0x1021, 0x0821, 0x0820, 0x0800, 0x1800, 0x2841, 0x1000, 0x1020, 0x1821, 0x2062, 0x1061, 0x0800, 0x1821, 0x2041, 0x1020, 0x1040, 
	0x0820, 0x2000, 0x6842, 0x8905, 0x5883, 0x2000, 0x0800, 0x0841, 0x0841, 0x0820, 0x0800, 0x0800, 0x0021, 0x0021, 0x0821, 0x0820, 
	0x0820, 0x0821, 0x0021, 0x0021, 0x0841, 0x0841, 0x0021, 0x0841, 0x0021, 0x0021, 0x0021, 0x0021, 0x0021, 0x0021, 0x0021, 0x0021, 
	0x0021, 0x0021, 0x0021, 0x0021, 0x0021, 0x0021, 0x0041, 0x0841, 0x0021, 0x0021, 0x0021, 0x0021, 0x0021, 0x0021, 0x0021, 0x0021, 
	0x0021, 0x0021, 0x0021, 0x0021, 0x0021, 0x0021, 0x0021, 0x0021, 0x0021, 0x0021, 0x0021, 0x0021, 0x0021, 0x0021, 0x0021, 0x0021, 
	0x0021, 0x0021, 0x0021, 0x0021, 0x0021, 0x0021, 0x0021, 0x0021, 0x0021, 0x0021, 0x0021, 0x0021, 0x0021, 0x0021, 0x0021, 0x0021, 
	0x0021, 0x0021, 0x0021, 0x0020, 0x0020, 0x0020, 0x0020, 0x0020, 0x0020, 0x0020, 0x0020, 0x0020, 0x0020, 0x0020, 0x0020, 0x0020, 
	0x0000, 0x0000, 0x0821, 0x0821, 0x0800, 0x28c3, 0x30a2, 0x2061, 0x1081, 0x0861, 0x1062, 0x20e4, 0x1083, 0x0000, 0x0000, 0x0000, 
	0x0020, 0x0020, 0x0000, 0x0861, 0x2145, 0x10e4, 0x18c4, 0x18c3, 0x0882, 0x0861, 0x1861, 0x0800, 0x0000, 0x0841, 0x0041, 0x0000, 
	0x0000, 0x0000, 0x0000, 0x0020, 0x0020, 0x0020, 0x0020, 0x0020, 0x0020, 0x0020, 0x0020, 0x0020, 0x0020, 0x0020, 0x0020, 0x0020, 
	0x0020, 0x0020, 0x0020, 0x0020, 0x0020, 0x0020, 0x0020, 0x0020, 0x0021, 0x0021, 0x0021, 0x0021, 0x0021, 0x0021, 0x0021, 0x0021, 
	0x0021, 0x0021, 0x0021, 0x0021, 0x0021, 0x0021, 0x0021, 0x0021, 0x0021, 0x0021, 0x0021, 0x0021, 0x0021, 0x0021, 0x0021, 0x0021, 
	0x0841, 0x0841, 0x0841, 0x0841, 0x0841, 0x0841, 0x0841, 0x0841, 0x0041, 0x0021, 0x0021, 0x0020, 0x0020, 0x0021, 0x0021, 0x0041, 
	0x0021, 0x0021, 0x0021, 0x0021, 0x0021, 0x0021, 0x0021, 0x0021, 0x0020, 0x0841, 0x0841, 0x0821, 0x0821, 0x0841, 0x0841, 0x0020, 
	0x0041, 0x0021, 0x0021, 0x0000, 0x0020, 0x0840, 0x0820, 0x0801, 0x0801, 0x0801, 0x1000, 0x4841, 0xa926, 0xa105, 0x4820, 0x1000, 
	0x1821, 0x1000, 0x1000, 0x28a2, 0x1841, 0x1000, 0x2082, 0x1000, 0x1020, 0x1020, 0x28c3, 0x30e3, 0x1820, 0x0800, 0x0841, 0x1041, 
	0x1041, 0x1020, 0x1041, 0x1041, 0x1841, 0x1841, 0x1841, 0x2041, 0x1000, 0x1000, 0x2040, 0x2840, 0x2800, 0x3000, 0x4020, 0x5000, 
	0xba69, 0xfbae, 0xb0a2, 0xa000, 0xe289, 0xca8a, 0x5000, 0x3800, 0x3020, 0x2820, 0x2820, 0x2020, 0x1820, 0x1820, 0x2040, 0x2040, 
	0x2021, 0x2021, 0x2021, 0x2021, 0x2020, 0x2020, 0x2820, 0x2800, 0x2801, 0x4042, 0x5000, 0xa9e7, 0xf2eb, 0xb020, 0xc061, 0xfb2c, 
	0xaa07, 0x5040, 0x3800, 0x2800, 0x2000, 0x2061, 0x2061, 0x1841, 0x1020, 0x1020, 0x1040, 0x1040, 0x1020, 0x1020, 0x1020, 0x1000, 
	0x1021, 0x0801, 0x0820, 0x1040, 0x1000, 0x30c3, 0x1861, 0x1040, 0x1000, 0x1841, 0x18a2, 0x1020, 0x1841, 0x2882, 0x1020, 0x0820, 
	0x0840, 0x1800, 0x5021, 0x8126, 0x6905, 0x2800, 0x0800, 0x0021, 0x0841, 0x0841, 0x0820, 0x0800, 0x0021, 0x0021, 0x0820, 0x0820, 
	0x0821, 0x0821, 0x0021, 0x0821, 0x0841, 0x0841, 0x0821, 0x0841, 0x0021, 0x0021, 0x0021, 0x0021, 0x0021, 0x0021, 0x0021, 0x0021, 
	0x0021, 0x0021, 0x0021, 0x0020, 0x0021, 0x0021, 0x0841, 0x0841, 0x0841, 0x0841, 0x0841, 0x0841, 0x0841, 0x0841, 0x0841, 0x0841, 
	0x0841, 0x0841, 0x0841, 0x0841, 0x0841, 0x0841, 0x0841, 0x0841, 0x0021, 0x0021, 0x0021, 0x0021, 0x0021, 0x0021, 0x0021, 0x0021, 
	0x0021, 0x0021, 0x0021, 0x0021, 0x0021, 0x0021, 0x0021, 0x0021, 0x0021, 0x0021, 0x0021, 0x0021, 0x0021, 0x0021, 0x0021, 0x0021, 
	0x0021, 0x0021, 0x0021, 0x0020, 0x0020, 0x0020, 0x0020, 0x0020, 0x0020, 0x0020, 0x0020, 0x0020, 0x0020, 0x0020, 0x0020, 0x0020, 
	0x0000, 0x0000, 0x0801, 0x0800, 0x0000, 0x28c3, 0x28a2, 0x2061, 0x1081, 0x0861, 0x1062, 0x20e4, 0x10a3, 0x0000, 0x0000, 0x0000, 
	0x0020, 0x0020, 0x0000, 0x0861, 0x2165, 0x1104, 0x10c3, 0x10c3, 0x0881, 0x0861, 0x1882, 0x0820, 0x0000, 0x0021, 0x0021, 0x0000, 
	0x0000, 0x0000, 0x0000, 0x0020, 0x0020, 0x0020, 0x0020, 0x0020, 0x0020, 0x0020, 0x0020, 0x0020, 0x0020, 0x0020, 0x0020, 0x0020, 
	0x0020, 0x0020, 0x0020, 0x0020, 0x0020, 0x0020, 0x0020, 0x0020, 0x0021, 0x0021, 0x0021, 0x0021, 0x0021, 0x0021, 0x0021, 0x0021, 
	0x0021, 0x0021, 0x0021, 0x0021, 0x0021, 0x0021, 0x0021, 0x0021, 0x0021, 0x0021, 0x0021, 0x0021, 0x0021, 0x0021, 0x0021, 0x0021, 
	0x0841, 0x0841, 0x0841, 0x0841, 0x0841, 0x0841, 0x0841, 0x0841, 0x0841, 0x0041, 0x0021, 0x0021, 0x0021, 0x0021, 0x0041, 0x0841, 
	0x0021, 0x0021, 0x0021, 0x0021, 0x0021, 0x0021, 0x0021, 0x0021, 0x0021, 0x0841, 0x0841, 0x0821, 0x0821, 0x0841, 0x0821, 0x0020, 
	0x0861, 0x0841, 0x0020, 0x0021, 0x0040, 0x0840, 0x0820, 0x0800, 0x0000, 0x0801, 0x1820, 0x50c3, 0x9987, 0x80c4, 0x3000, 0x1000, 
	0x1801, 0x1001, 0x2062, 0x28c3, 0x1841, 0x1861, 0x20a3, 0x0800, 0x0800, 0x1020, 0x1840, 0x1800, 0x1000, 0x1000, 0x0820, 0x0821, 
	0x1020, 0x1000, 0x1020, 0x1020, 0x1020, 0x1020, 0x1820, 0x1820, 0x2041, 0x2040, 0x2840, 0x2840, 0x2800, 0x3000, 0x4040, 0x5020, 
	0xb249, 0xfbae, 0xa8a2, 0xa020, 0xf30b, 0xdaeb, 0x5000, 0x4020, 0x3000, 0x3000, 0x3000, 0x3020, 0x2820, 0x2820, 0x2800, 0x2800, 
	0x3000, 0x3000, 0x3000, 0x2820, 0x2820, 0x2800, 0x3000, 0x3000, 0x3821, 0x4021, 0x5000, 0xb207, 0xf2eb, 0xb041, 0xc082, 0xfb4d, 
	0xa1a6, 0x5020, 0x4020, 0x3000, 0x2000, 0x1800, 0x1800, 0x1820, 0x1820, 0x1020, 0x1020, 0x1020, 0x1020, 0x1020, 0x1020, 0x1000, 
	0x1001, 0x0800, 0x0821, 0x1882, 0x1000, 0x2882, 0x1000, 0x0800, 0x1000, 0x1040, 0x1882, 0x1041, 0x1821, 0x2062, 0x1020, 0x1020, 
	0x1040, 0x1000, 0x3800, 0x60e4, 0x58e4, 0x2821, 0x0800, 0x0841, 0x0841, 0x0821, 0x0821, 0x0020, 0x0020, 0x0020, 0x0820, 0x0821, 
	0x0841, 0x0021, 0x0021, 0x0821, 0x0821, 0x0841, 0x0841, 0x0841, 0x0021, 0x0021, 0x0021, 0x0021, 0x0021, 0x0021, 0x0021, 0x0021, 
	0x0021, 0x0021, 0x0021, 0x0020, 0x0021, 0x0021, 0x0841, 0x0841, 0x0841, 0x0841, 0x0841, 0x0841, 0x0841, 0x0841, 0x0841, 0x0841, 
	0x0841, 0x0841, 0x0841, 0x0841, 0x0841, 0x0841, 0x0841, 0x0841, 0x0021, 0x0021, 0x0021, 0x0021, 0x0021, 0x0021, 0x0021, 0x0021, 
	0x0021, 0x0021, 0x0021, 0x0021, 0x0021, 0x0021, 0x0021, 0x0021, 0x0021, 0x0021, 0x0021, 0x0021, 0x0021, 0x0021, 0x0021, 0x0021, 
	0x0021, 0x0021, 0x0021, 0x0020, 0x0020, 0x0020, 0x0020, 0x0020, 0x0020, 0x0020, 0x0020, 0x0020, 0x0020, 0x0020, 0x0020, 0x0020, 
	0x0000, 0x0021, 0x0801, 0x0000, 0x0000, 0x28e3, 0x28a2, 0x1820, 0x1081, 0x0861, 0x1082, 0x20e4, 0x10a3, 0x0000, 0x0000, 0x0000, 
	0x0020, 0x0000, 0x0000, 0x1062, 0x2965, 0x10e4, 0x10c3, 0x10e3, 0x0041, 0x0061, 0x18a2, 0x1041, 0x0000, 0x0000, 0x0000, 0x0000, 
	0x0000, 0x0000, 0x0000, 0x0020, 0x0020, 0x0020, 0x0020, 0x0020, 0x0020, 0x0020, 0x0020, 0x0020, 0x0020, 0x0020, 0x0020, 0x0020, 
	0x0020, 0x0020, 0x0020, 0x0020, 0x0020, 0x0020, 0x0020, 0x0020, 0x0021, 0x0021, 0x0021, 0x0021, 0x0021, 0x0021, 0x0021, 0x0021, 
	0x0021, 0x0021, 0x0021, 0x0021, 0x0021, 0x0021, 0x0021, 0x0021, 0x0021, 0x0021, 0x0021, 0x0021, 0x0021, 0x0021, 0x0021, 0x0021, 
	0x0021, 0x0021, 0x0021, 0x0021, 0x0021, 0x0021, 0x0021, 0x0021, 0x0041, 0x0041, 0x0021, 0x0021, 0x0021, 0x0021, 0x0041, 0x0041, 
	0x0021, 0x0021, 0x0021, 0x0021, 0x0021, 0x0021, 0x0021, 0x0021, 0x0021, 0x0841, 0x0821, 0x0020, 0x0841, 0x0841, 0x0021, 0x0000, 
	0x1061, 0x0820, 0x0020, 0x0041, 0x0040, 0x0040, 0x0801, 0x1000, 0x0800, 0x0820, 0x1800, 0x3841, 0x5883, 0x5021, 0x2000, 0x1821, 
	0x1000, 0x1001, 0x2082, 0x2062, 0x1000, 0x1841, 0x1882, 0x0800, 0x0800, 0x20a2, 0x28a1, 0x1820, 0x1840, 0x1840, 0x1020, 0x1061, 
	0x1000, 0x1020, 0x1020, 0x1020, 0x1040, 0x1041, 0x1820, 0x1820, 0x1800, 0x2000, 0x2820, 0x3040, 0x3020, 0x3820, 0x4000, 0x4000, 
	0xb208, 0xf38e, 0xa0a1, 0x9820, 0xf32b, 0xd2ca, 0x5000, 0x4800, 0x4000, 0x3800, 0x3800, 0x3800, 0x3800, 0x3800, 0x3800, 0x3800, 
	0x4000, 0x4000, 0x3800, 0x3800, 0x3800, 0x3800, 0x4000, 0x4000, 0x4000, 0x4000, 0x5000, 0xaa07, 0xeaca, 0xa820, 0xa840, 0xe269, 
	0x9124, 0x4800, 0x4000, 0x3820, 0x3861, 0x2821, 0x1800, 0x1820, 0x1821, 0x1820, 0x1020, 0x1020, 0x1041, 0x1021, 0x1020, 0x1000, 
	0x1021, 0x0800, 0x0841, 0x1061, 0x0800, 0x1000, 0x2000, 0x1800, 0x1000, 0x1040, 0x1061, 0x1020, 0x1000, 0x1841, 0x1040, 0x1040, 
	0x1041, 0x1000, 0x2000, 0x3841, 0x3841, 0x2000, 0x0820, 0x0841, 0x0821, 0x0821, 0x0821, 0x0020, 0x0000, 0x0800, 0x0820, 0x0841, 
	0x0841, 0x0020, 0x0021, 0x0821, 0x0821, 0x0841, 0x0841, 0x0841, 0x0021, 0x0021, 0x0021, 0x0021, 0x0021, 0x0021, 0x0021, 0x0021, 
	0x0021, 0x0021, 0x0021, 0x0021, 0x0021, 0x0021, 0x0041, 0x0841, 0x0021, 0x0021, 0x0021, 0x0021, 0x0021, 0x0021, 0x0021, 0x0021, 
	0x0021, 0x0021, 0x0021, 0x0021, 0x0021, 0x0021, 0x0021, 0x0021, 0x0021, 0x0021, 0x0021, 0x0021, 0x0021, 0x0021, 0x0021, 0x0021, 
	0x0021, 0x0021, 0x0021, 0x0021, 0x0021, 0x0021, 0x0021, 0x0021, 0x0021, 0x0021, 0x0021, 0x0021, 0x0021, 0x0021, 0x0021, 0x0021, 
	0x0021, 0x0021, 0x0021, 0x0020, 0x0020, 0x0020, 0x0020, 0x0020, 0x0020, 0x0020, 0x0020, 0x0020, 0x0020, 0x0020, 0x0020, 0x0020, 
	0x0020, 0x0041, 0x0821, 0x0800, 0x0800, 0x20c3, 0x1861, 0x1020, 0x1081, 0x1081, 0x1082, 0x20e4, 0x10a2, 0x0000, 0x0000, 0x0000, 
	0x0020, 0x0000, 0x0800, 0x1842, 0x2965, 0x18e3, 0x10c3, 0x10e3, 0x00a2, 0x0081, 0x1082, 0x0821, 0x0000, 0x0020, 0x0000, 0x0000, 
	0x0000, 0x0000, 0x0000, 0x0020, 0x0020, 0x0020, 0x0020, 0x0020, 0x0020, 0x0020, 0x0020, 0x0020, 0x0020, 0x0020, 0x0020, 0x0020, 
	0x0020, 0x0020, 0x0020, 0x0020, 0x0020, 0x0020, 0x0020, 0x0020, 0x0021, 0x0021, 0x0021, 0x0021, 0x0021, 0x0021, 0x0021, 0x0021, 
	0x0021, 0x0021, 0x0021, 0x0021, 0x0021, 0x0021, 0x0021, 0x0021, 0x0021, 0x0021, 0x0021, 0x0021, 0x0021, 0x0021, 0x0021, 0x0021, 
	0x0020, 0x0020, 0x0020, 0x0020, 0x0020, 0x0020, 0x0020, 0x0020, 0x0021, 0x0041, 0x0041, 0x0041, 0x0041, 0x0041, 0x0041, 0x0021, 
	0x0021, 0x0021, 0x0021, 0x0021, 0x0021, 0x0021, 0x0021, 0x0021, 0x0021, 0x0841, 0x0821, 0x0000, 0x0841, 0x0841, 0x0020, 0x0000, 
	0x1041, 0x0820, 0x0020, 0x0061, 0x0041, 0x0021, 0x1001, 0x1000, 0x0840, 0x0000, 0x1000, 0x1800, 0x2000, 0x2000, 0x1800, 0x2041, 
	0x1000, 0x1000, 0x2062, 0x1000, 0x0800, 0x1021, 0x0800, 0x0800, 0x0800, 0x20c2, 0x20a1, 0x1820, 0x1000, 0x0800, 0x0800, 0x1020, 
	0x1020, 0x1020, 0x1020, 0x1040, 0x1041, 0x1041, 0x1841, 0x1821, 0x2000, 0x2800, 0x3061, 0x3881, 0x3820, 0x3800, 0x4000, 0x4800, 
	0xa1c7, 0xd289, 0xa0a1, 0xa060, 0xc9e6, 0xb9e6, 0x6000, 0x6061, 0x6081, 0x5881, 0x5860, 0x5860, 0x5861, 0x5861, 0x6082, 0x6082, 
	0x6041, 0x6061, 0x6081, 0x5881, 0x5880, 0x5860, 0x6060, 0x6861, 0x68a2, 0x6082, 0x6881, 0xa1a5, 0xd227, 0xa060, 0xa060, 0xb964, 
	0x9924, 0x5800, 0x5000, 0x3800, 0x3820, 0x2821, 0x2000, 0x2021, 0x1821, 0x1820, 0x1020, 0x1020, 0x1041, 0x1041, 0x1020, 0x0800, 
	0x1041, 0x0840, 0x0841, 0x0841, 0x1020, 0x2020, 0x48c3, 0x48c3, 0x1000, 0x1040, 0x1020, 0x1000, 0x1000, 0x1021, 0x1861, 0x1841, 
	0x1021, 0x1000, 0x1020, 0x1820, 0x2020, 0x1820, 0x0820, 0x0841, 0x0801, 0x0821, 0x0821, 0x0020, 0x0000, 0x0820, 0x0841, 0x0841, 
	0x0841, 0x0020, 0x0021, 0x0821, 0x0021, 0x0841, 0x0841, 0x0841, 0x0021, 0x0021, 0x0021, 0x0021, 0x0021, 0x0021, 0x0021, 0x0021, 
	0x0020, 0x0021, 0x0021, 0x0021, 0x0041, 0x0041, 0x0041, 0x0021, 0x0020, 0x0020, 0x0020, 0x0020, 0x0020, 0x0020, 0x0020, 0x0020, 
	0x0020, 0x0020, 0x0020, 0x0020, 0x0020, 0x0020, 0x0020, 0x0020, 0x0021, 0x0021, 0x0021, 0x0021, 0x0021, 0x0021, 0x0021, 0x0021, 
	0x0021, 0x0021, 0x0021, 0x0021, 0x0021, 0x0021, 0x0021, 0x0021, 0x0021, 0x0021, 0x0021, 0x0021, 0x0021, 0x0021, 0x0021, 0x0021, 
	0x0021, 0x0021, 0x0021, 0x0020, 0x0020, 0x0020, 0x0020, 0x0020, 0x0020, 0x0020, 0x0020, 0x0020, 0x0020, 0x0020, 0x0020, 0x0020, 
	0x0020, 0x0020, 0x0021, 0x0801, 0x0800, 0x1882, 0x1861, 0x20a2, 0x18a2, 0x1081, 0x1082, 0x20e4, 0x10a2, 0x0000, 0x0000, 0x0000, 
	0x0020, 0x0000, 0x0800, 0x1862, 0x2965, 0x18e3, 0x10c3, 0x10e3, 0x1924, 0x0081, 0x0020, 0x0000, 0x0000, 0x0841, 0x0821, 0x0000, 
	0x0000, 0x0000, 0x0000, 0x0020, 0x0020, 0x0020, 0x0020, 0x0020, 0x0020, 0x0020, 0x0020, 0x0020, 0x0020, 0x0020, 0x0020, 0x0020, 
	0x0020, 0x0020, 0x0020, 0x0020, 0x0020, 0x0020, 0x0020, 0x0020, 0x0021, 0x0021, 0x0021, 0x0021, 0x0021, 0x0021, 0x0021, 0x0021, 
	0x0021, 0x0021, 0x0021, 0x0021, 0x0021, 0x0021, 0x0021, 0x0021, 0x0021, 0x0021, 0x0021, 0x0021, 0x0021, 0x0021, 0x0021, 0x0021, 
	0x0041, 0x0041, 0x0041, 0x0041, 0x0041, 0x0041, 0x0041, 0x0041, 0x0021, 0x0021, 0x0841, 0x0841, 0x0841, 0x0841, 0x0021, 0x0021, 
	0x0021, 0x0021, 0x0021, 0x0021, 0x0021, 0x0021, 0x0021, 0x0021, 0x0021, 0x0841, 0x0821, 0x0000, 0x0841, 0x0841, 0x0000, 0x0000, 
	0x0840, 0x0000, 0x0020, 0x0840, 0x0020, 0x0020, 0x0821, 0x0820, 0x0000, 0x0000, 0x1840, 0x2061, 0x2020, 0x1820, 0x2041, 0x1841, 
	0x1021, 0x1021, 0x20a2, 0x1020, 0x0800, 0x1021, 0x0800, 0x1021, 0x1841, 0x2061, 0x1840, 0x1000, 0x1020, 0x1020, 0x1020, 0x1020, 
	0x1000, 0x1000, 0x0800, 0x0800, 0x0820, 0x1020, 0x1000, 0x1800, 0x2841, 0x2820, 0x3020, 0x3800, 0x4000, 0x7103, 0xb2cb, 0xdc0f, 
	0xebef, 0xf3cf, 0xeb4c, 0xf36c, 0xe30b, 0xebad, 0xdb8d, 0xdbae, 0xd3ae, 0xd3ae, 0xdbce, 0xdbce, 0xdbcf, 0xdbaf, 0xdbaf, 0xdbaf, 
	0xdb8e, 0xdbae, 0xdbae, 0xd3ce, 0xd3ad, 0xd3ad, 0xdbad, 0xdbae, 0xdbae, 0xe40f, 0xd38d, 0xdb6c, 0xf3ad, 0xeb0a, 0xf30b, 0xeaeb, 
	0xf3af, 0xcb0c, 0xbacb, 0x7104, 0x4000, 0x3000, 0x2820, 0x2861, 0x2021, 0x1821, 0x1820, 0x1020, 0x1041, 0x1041, 0x1020, 0x0800, 
	0x0820, 0x0840, 0x0820, 0x0820, 0x1040, 0x1800, 0x40a3, 0x3021, 0x1000, 0x1820, 0x1000, 0x1000, 0x1000, 0x1041, 0x2082, 0x1020, 
	0x1000, 0x1021, 0x0840, 0x1060, 0x1840, 0x1040, 0x0820, 0x0020, 0x0801, 0x0801, 0x0821, 0x0020, 0x0000, 0x0020, 0x0041, 0x0861, 
	0x0841, 0x0000, 0x0021, 0x0821, 0x0020, 0x0841, 0x0861, 0x0021, 0x0021, 0x0021, 0x0021, 0x0021, 0x0021, 0x0021, 0x0021, 0x0021, 
	0x0020, 0x0020, 0x0021, 0x0041, 0x0841, 0x0041, 0x0021, 0x0021, 0x0041, 0x0041, 0x0041, 0x0041, 0x0041, 0x0041, 0x0041, 0x0041, 
	0x0041, 0x0041, 0x0041, 0x0041, 0x0041, 0x0041, 0x0041, 0x0041, 0x0021, 0x0021, 0x0021, 0x0021, 0x0021, 0x0021, 0x0021, 0x0021, 
	0x0021, 0x0021, 0x0021, 0x0021, 0x0021, 0x0021, 0x0021, 0x0021, 0x0021, 0x0021, 0x0021, 0x0021, 0x0021, 0x0021, 0x0021, 0x0021, 
	0x0021, 0x0021, 0x0021, 0x0020, 0x0020, 0x0020, 0x0020, 0x0020, 0x0020, 0x0020, 0x0020, 0x0020, 0x0020, 0x0020, 0x0020, 0x0020, 
	0x0020, 0x0000, 0x0000, 0x0000, 0x0000, 0x1041, 0x1882, 0x3985, 0x18a2, 0x1081, 0x1082, 0x20e4, 0x1082, 0x0000, 0x0000, 0x0000, 
	0x0000, 0x0000, 0x0000, 0x0841, 0x31a7, 0x18e3, 0x10a3, 0x10a2, 0x1904, 0x2124, 0x1904, 0x0021, 0x0000, 0x0021, 0x0021, 0x0020, 
	0x0020, 0x0020, 0x0020, 0x0020, 0x0020, 0x0020, 0x0020, 0x0020, 0x0020, 0x0020, 0x0020, 0x0020, 0x0020, 0x0020, 0x0020, 0x0020, 
	0x0020, 0x0020, 0x0020, 0x0020, 0x0020, 0x0020, 0x0020, 0x0020, 0x0021, 0x0021, 0x0021, 0x0021, 0x0021, 0x0021, 0x0021, 0x0021, 
	0x0021, 0x0021, 0x0021, 0x0021, 0x0021, 0x0021, 0x0021, 0x0021, 0x0021, 0x0021, 0x0021, 0x0021, 0x0021, 0x0021, 0x0021, 0x0021, 
	0x0021, 0x0021, 0x0021, 0x0021, 0x0021, 0x0021, 0x0021, 0x0021, 0x0021, 0x0021, 0x0021, 0x0041, 0x0841, 0x0841, 0x0841, 0x0841, 
	0x0021, 0x0021, 0x0021, 0x0021, 0x0021, 0x0021, 0x0021, 0x0021, 0x0841, 0x0861, 0x0841, 0x0021, 0x0841, 0x0821, 0x0021, 0x0841, 
	0x0841, 0x0840, 0x0820, 0x0820, 0x0820, 0x0820, 0x0041, 0x0040, 0x0020, 0x1040, 0x1020, 0x1820, 0x3082, 0x30a2, 0x2062, 0x1021, 
	0x0800, 0x1861, 0x2062, 0x0800, 0x1882, 0x1862, 0x1021, 0x0800, 0x30c3, 0x38e4, 0x1820, 0x1000, 0x1040, 0x1020, 0x1000, 0x1841, 
	0x1000, 0x1001, 0x1021, 0x1000, 0x1000, 0x1821, 0x1821, 0x1801, 0x2041, 0x2820, 0x4040, 0x4800, 0xaa48, 0xfcd2, 0xebcf, 0xb208, 
	0x9945, 0x9945, 0xa125, 0xa124, 0x9924, 0x9944, 0x9184, 0x9184, 0x9965, 0xa165, 0x9985, 0xa186, 0xa987, 0xa967, 0xa166, 0xa125, 
	0xa965, 0xa965, 0xa165, 0xa165, 0x99a5, 0xa1c6, 0xa1a5, 0x9965, 0x90e3, 0x9945, 0x9964, 0x9144, 0x88e2, 0x9903, 0xa0e3, 0xa924, 
	0xa946, 0xb9e8, 0xdb2d, 0xe3cf, 0xaa28, 0x4000, 0x3840, 0x2000, 0x2021, 0x2022, 0x1821, 0x1820, 0x1020, 0x1040, 0x1020, 0x1020, 
	0x0800, 0x1041, 0x0820, 0x0840, 0x1861, 0x1800, 0x1800, 0x2862, 0x3062, 0x1800, 0x1821, 0x1861, 0x1841, 0x1000, 0x1861, 0x1020, 
	0x1021, 0x0800, 0x1841, 0x20a2, 0x1020, 0x0820, 0x0860, 0x0020, 0x0820, 0x0821, 0x0821, 0x0821, 0x0821, 0x0020, 0x0040, 0x0041, 
	0x0841, 0x0841, 0x0821, 0x0021, 0x0021, 0x0821, 0x0841, 0x0841, 0x0021, 0x0021, 0x0021, 0x0021, 0x0021, 0x0021, 0x0021, 0x0021, 
	0x0841, 0x0841, 0x0841, 0x0841, 0x0041, 0x0021, 0x0021, 0x0021, 0x0021, 0x0021, 0x0021, 0x0021, 0x0021, 0x0021, 0x0021, 0x0021, 
	0x0021, 0x0021, 0x0021, 0x0021, 0x0021, 0x0021, 0x0021, 0x0021, 0x0021, 0x0021, 0x0021, 0x0021, 0x0021, 0x0021, 0x0021, 0x0021, 
	0x0021, 0x0021, 0x0021, 0x0021, 0x0021, 0x0021, 0x0021, 0x0021, 0x0021, 0x0021, 0x0021, 0x0021, 0x0021, 0x0021, 0x0021, 0x0021, 
	0x0020, 0x0020, 0x0020, 0x0020, 0x0020, 0x0020, 0x0020, 0x0020, 0x0020, 0x0020, 0x0020, 0x0020, 0x0020, 0x0000, 0x0000, 0x0020, 
	0x0041, 0x0000, 0x0861, 0x0020, 0x0000, 0x2104, 0x3186, 0x20e3, 0x0040, 0x0882, 0x10a2, 0x18c3, 0x0882, 0x0020, 0x0000, 0x0000, 
	0x0000, 0x0000, 0x0000, 0x0041, 0x3186, 0x18e3, 0x18c3, 0x10c3, 0x10a2, 0x18e4, 0x2124, 0x0862, 0x0000, 0x0020, 0x0000, 0x0020, 
	0x0020, 0x0020, 0x0020, 0x0020, 0x0020, 0x0020, 0x0020, 0x0020, 0x0020, 0x0020, 0x0020, 0x0020, 0x0020, 0x0020, 0x0020, 0x0020, 
	0x0020, 0x0020, 0x0020, 0x0020, 0x0020, 0x0020, 0x0020, 0x0020, 0x0021, 0x0021, 0x0021, 0x0021, 0x0021, 0x0021, 0x0021, 0x0021, 
	0x0021, 0x0021, 0x0021, 0x0021, 0x0021, 0x0021, 0x0021, 0x0021, 0x0021, 0x0021, 0x0021, 0x0021, 0x0021, 0x0021, 0x0021, 0x0021, 
	0x0021, 0x0021, 0x0021, 0x0021, 0x0021, 0x0021, 0x0021, 0x0021, 0x0021, 0x0021, 0x0021, 0x0021, 0x0041, 0x0841, 0x0841, 0x0841, 
	0x0021, 0x0021, 0x0021, 0x0021, 0x0021, 0x0041, 0x0841, 0x0841, 0x0841, 0x0861, 0x0841, 0x0021, 0x0841, 0x0821, 0x0021, 0x0841, 
	0x0861, 0x0040, 0x0820, 0x0820, 0x1020, 0x1020, 0x0060, 0x0040, 0x0820, 0x1020, 0x1820, 0x2040, 0x3081, 0x3082, 0x1841, 0x1021, 
	0x0800, 0x1861, 0x1862, 0x1000, 0x1882, 0x1861, 0x1841, 0x1000, 0x30a3, 0x30a3, 0x1821, 0x1000, 0x1061, 0x1040, 0x1020, 0x1841, 
	0x1821, 0x1822, 0x1841, 0x1820, 0x1820, 0x1821, 0x1841, 0x2041, 0x2841, 0x3040, 0x3800, 0xa267, 0xf42f, 0xb9e7, 0x8040, 0x7841, 
	0x5800, 0x6000, 0x6800, 0x6000, 0x5800, 0x5000, 0x5000, 0x5820, 0x6800, 0x6800, 0x6020, 0x6000, 0x6800, 0x6800, 0x6800, 0x6800, 
	0x6800, 0x6800, 0x6800, 0x6000, 0x5800, 0x6000, 0x6000, 0x6000, 0x6000, 0x6800, 0x6000, 0x5800, 0x5000, 0x6020, 0x7021, 0x7862, 
	0x7000, 0x7821, 0x7842, 0xa9c7, 0xebad, 0x99c5, 0x3800, 0x3061, 0x2021, 0x2001, 0x1801, 0x1000, 0x0820, 0x0820, 0x1020, 0x1020, 
	0x1020, 0x1041, 0x0820, 0x0820, 0x1841, 0x1000, 0x1821, 0x30c3, 0x2842, 0x1800, 0x2082, 0x20a2, 0x2062, 0x1800, 0x1841, 0x1020, 
	0x1841, 0x1000, 0x1821, 0x2062, 0x1820, 0x0820, 0x0840, 0x0020, 0x0820, 0x0820, 0x0821, 0x0821, 0x0021, 0x0041, 0x0041, 0x0021, 
	0x0841, 0x0821, 0x0821, 0x0021, 0x0021, 0x0821, 0x0841, 0x0841, 0x0021, 0x0021, 0x0021, 0x0020, 0x0021, 0x0021, 0x0021, 0x0021, 
	0x0841, 0x0841, 0x0841, 0x0041, 0x0021, 0x0021, 0x0021, 0x0021, 0x0021, 0x0021, 0x0021, 0x0021, 0x0021, 0x0021, 0x0021, 0x0021, 
	0x0021, 0x0021, 0x0021, 0x0021, 0x0021, 0x0021, 0x0021, 0x0021, 0x0021, 0x0021, 0x0021, 0x0021, 0x0021, 0x0021, 0x0021, 0x0021, 
	0x0021, 0x0021, 0x0021, 0x0021, 0x0021, 0x0021, 0x0021, 0x0021, 0x0021, 0x0021, 0x0021, 0x0021, 0x0021, 0x0021, 0x0021, 0x0021, 
	0x0020, 0x0020, 0x0020, 0x0020, 0x0020, 0x0020, 0x0020, 0x0020, 0x0020, 0x0020, 0x0020, 0x0020, 0x0020, 0x0000, 0x0000, 0x0000, 
	0x0841, 0x0000, 0x0000, 0x0000, 0x0882, 0x2965, 0x2124, 0x0041, 0x0882, 0x0881, 0x0881, 0x1903, 0x10c2, 0x0000, 0x0000, 0x0020, 
	0x0000, 0x0000, 0x0000, 0x0861, 0x2965, 0x10a3, 0x10a2, 0x18e3, 0x1082, 0x18e3, 0x2104, 0x0862, 0x0000, 0x0020, 0x0000, 0x0000, 
	0x0020, 0x0020, 0x0020, 0x0020, 0x0020, 0x0020, 0x0020, 0x0020, 0x0020, 0x0020, 0x0020, 0x0020, 0x0020, 0x0020, 0x0020, 0x0020, 
	0x0020, 0x0020, 0x0020, 0x0020, 0x0020, 0x0020, 0x0020, 0x0020, 0x0021, 0x0021, 0x0021, 0x0021, 0x0021, 0x0021, 0x0021, 0x0021, 
	0x0021, 0x0021, 0x0021, 0x0021, 0x0021, 0x0021, 0x0021, 0x0021, 0x0021, 0x0021, 0x0021, 0x0021, 0x0021, 0x0021, 0x0021, 0x0021, 
	0x0021, 0x0021, 0x0021, 0x0021, 0x0021, 0x0021, 0x0021, 0x0021, 0x0021, 0x0021, 0x0021, 0x0021, 0x0041, 0x0841, 0x0841, 0x0841, 
	0x0021, 0x0021, 0x0021, 0x0021, 0x0041, 0x0041, 0x0841, 0x0841, 0x0841, 0x0861, 0x0841, 0x0021, 0x0841, 0x0821, 0x0021, 0x0841, 
	0x0861, 0x0040, 0x0020, 0x0820, 0x0820, 0x0841, 0x0841, 0x0820, 0x0800, 0x1000, 0x1820, 0x2040, 0x3062, 0x3041, 0x1821, 0x1021, 
	0x1000, 0x2082, 0x1861, 0x1020, 0x1882, 0x1061, 0x1041, 0x1000, 0x1800, 0x1000, 0x0800, 0x0800, 0x0800, 0x0800, 0x1020, 0x1000, 
	0x1821, 0x1001, 0x1020, 0x1020, 0x1000, 0x1800, 0x1801, 0x2021, 0x2841, 0x3000, 0x60c2, 0xe40f, 0xcaea, 0x7000, 0x5800, 0x6020, 
	0x5040, 0x4820, 0x4000, 0x4000, 0x4000, 0x4020, 0x3820, 0x3800, 0x5020, 0x5000, 0x4000, 0x3800, 0x4000, 0x4800, 0x4000, 0x3800, 
	0x4000, 0x4020, 0x4820, 0x4020, 0x4020, 0x4021, 0x4020, 0x4000, 0x4841, 0x4841, 0x4020, 0x3820, 0x3000, 0x4020, 0x4820, 0x5841, 
	0x5000, 0x5820, 0x5000, 0x6000, 0xc269, 0xd32b, 0x4840, 0x3020, 0x2801, 0x2001, 0x1800, 0x1000, 0x0820, 0x0820, 0x1000, 0x1000, 
	0x1000, 0x1021, 0x0820, 0x0820, 0x1021, 0x1000, 0x0800, 0x1841, 0x1800, 0x1000, 0x1841, 0x1861, 0x1841, 0x1000, 0x2041, 0x1841, 
	0x1041, 0x1021, 0x1801, 0x2021, 0x2021, 0x1820, 0x1020, 0x0820, 0x1020, 0x0821, 0x0821, 0x0021, 0x0041, 0x0041, 0x0021, 0x0020, 
	0x0821, 0x0821, 0x0021, 0x0021, 0x0021, 0x0821, 0x0841, 0x0861, 0x0021, 0x0021, 0x0020, 0x0020, 0x0020, 0x0021, 0x0041, 0x0841, 
	0x0841, 0x0841, 0x0841, 0x0041, 0x0021, 0x0021, 0x0021, 0x0021, 0x0021, 0x0021, 0x0021, 0x0021, 0x0021, 0x0021, 0x0021, 0x0021, 
	0x0021, 0x0021, 0x0021, 0x0021, 0x0021, 0x0021, 0x0021, 0x0021, 0x0021, 0x0021, 0x0021, 0x0021, 0x0021, 0x0021, 0x0021, 0x0021, 
	0x0021, 0x0021, 0x0021, 0x0021, 0x0021, 0x0021, 0x0021, 0x0021, 0x0021, 0x0021, 0x0021, 0x0021, 0x0021, 0x0021, 0x0021, 0x0021, 
	0x0020, 0x0020, 0x0020, 0x0020, 0x0020, 0x0020, 0x0020, 0x0020, 0x0020, 0x0020, 0x0020, 0x0020, 0x0020, 0x0000, 0x0000, 0x0000, 
	0x0000, 0x0000, 0x0000, 0x0000, 0x10a2, 0x2124, 0x0881, 0x0020, 0x10a2, 0x10a2, 0x0881, 0x10c3, 0x10a2, 0x0020, 0x0000, 0x0000, 
	0x0000, 0x0000, 0x0000, 0x1082, 0x2966, 0x10a3, 0x0882, 0x18e3, 0x18c3, 0x18c3, 0x18c3, 0x0021, 0x0000, 0x0021, 0x0020, 0x0020, 
	0x0020, 0x0020, 0x0020, 0x0020, 0x0020, 0x0020, 0x0020, 0x0020, 0x0020, 0x0020, 0x0020, 0x0020, 0x0020, 0x0020, 0x0020, 0x0020, 
	0x0020, 0x0020, 0x0020, 0x0020, 0x0020, 0x0020, 0x0020, 0x0020, 0x0021, 0x0021, 0x0021, 0x0021, 0x0021, 0x0021, 0x0021, 0x0021, 
	0x0021, 0x0021, 0x0021, 0x0021, 0x0021, 0x0021, 0x0021, 0x0021, 0x0021, 0x0021, 0x0021, 0x0021, 0x0021, 0x0021, 0x0021, 0x0021, 
	0x0021, 0x0021, 0x0021, 0x0021, 0x0021, 0x0021, 0x0021, 0x0021, 0x0021, 0x0021, 0x0021, 0x0021, 0x0021, 0x0041, 0x0041, 0x0841, 
	0x0041, 0x0041, 0x0041, 0x0041, 0x0041, 0x0041, 0x0841, 0x0841, 0x0841, 0x0861, 0x0841, 0x0021, 0x0841, 0x0821, 0x0021, 0x0841, 
	0x0861, 0x0040, 0x0020, 0x0820, 0x0841, 0x0841, 0x0821, 0x0800, 0x0800, 0x1020, 0x1020, 0x2061, 0x3062, 0x2821, 0x1000, 0x1021, 
	0x1821, 0x2082, 0x1841, 0x1040, 0x1882, 0x1041, 0x1020, 0x1020, 0x1861, 0x1020, 0x1020, 0x1041, 0x0820, 0x0820, 0x1020, 0x0800, 
	0x1021, 0x1001, 0x1000, 0x1020, 0x1000, 0x1000, 0x1800, 0x2021, 0x2800, 0x3000, 0xaaaa, 0xec2f, 0x7861, 0x6800, 0x6040, 0x5000, 
	0x4020, 0x3840, 0x3020, 0x3000, 0x3000, 0x3020, 0x3040, 0x3020, 0x4861, 0x4041, 0x3041, 0x2841, 0x3041, 0x3041, 0x2840, 0x2820, 
	0x3040, 0x3040, 0x3020, 0x3000, 0x3020, 0x3041, 0x3862, 0x3041, 0x3000, 0x3020, 0x2800, 0x2820, 0x2000, 0x2820, 0x2800, 0x3000, 
	0x3000, 0x4040, 0x5061, 0x5000, 0x8040, 0xdb4c, 0x89c5, 0x3000, 0x2800, 0x2021, 0x1820, 0x1020, 0x1020, 0x1020, 0x1000, 0x1800, 
	0x1000, 0x1021, 0x0820, 0x1021, 0x1021, 0x0800, 0x0800, 0x1020, 0x2862, 0x1800, 0x1040, 0x1020, 0x1820, 0x1000, 0x2041, 0x2082, 
	0x1021, 0x1021, 0x1801, 0x2021, 0x2042, 0x1821, 0x0800, 0x0820, 0x1021, 0x1021, 0x0821, 0x0021, 0x0041, 0x0041, 0x0020, 0x0020, 
	0x0821, 0x0821, 0x0021, 0x0021, 0x0821, 0x0841, 0x0841, 0x0861, 0x0021, 0x0020, 0x0020, 0x0020, 0x0020, 0x0021, 0x0841, 0x0841, 
	0x0841, 0x0041, 0x0041, 0x0021, 0x0021, 0x0021, 0x0021, 0x0021, 0x0021, 0x0021, 0x0021, 0x0021, 0x0021, 0x0021, 0x0021, 0x0021, 
	0x0021, 0x0021, 0x0021, 0x0021, 0x0021, 0x0021, 0x0021, 0x0021, 0x0021, 0x0021, 0x0021, 0x0021, 0x0021, 0x0021, 0x0021, 0x0021, 
	0x0021, 0x0021, 0x0021, 0x0021, 0x0021, 0x0021, 0x0021, 0x0021, 0x0021, 0x0021, 0x0021, 0x0021, 0x0021, 0x0021, 0x0021, 0x0021, 
	0x0020, 0x0020, 0x0020, 0x0020, 0x0020, 0x0020, 0x0020, 0x0020, 0x0020, 0x0020, 0x0020, 0x0020, 0x0020, 0x0000, 0x0000, 0x0000, 
	0x0000, 0x0020, 0x0020, 0x0000, 0x0861, 0x10a2, 0x0841, 0x1082, 0x10a2, 0x1082, 0x0881, 0x18e3, 0x10c3, 0x0020, 0x0000, 0x0000, 
	0x0000, 0x0000, 0x0000, 0x0841, 0x2945, 0x2145, 0x18c3, 0x1082, 0x18c3, 0x18c3, 0x10c3, 0x0020, 0x0000, 0x0020, 0x0020, 0x0041, 
	0x0020, 0x0020, 0x0020, 0x0020, 0x0020, 0x0020, 0x0020, 0x0020, 0x0020, 0x0020, 0x0020, 0x0020, 0x0020, 0x0020, 0x0020, 0x0020, 
	0x0020, 0x0020, 0x0020, 0x0020, 0x0020, 0x0020, 0x0020, 0x0020, 0x0021, 0x0021, 0x0021, 0x0021, 0x0021, 0x0021, 0x0021, 0x0021, 
	0x0021, 0x0021, 0x0021, 0x0021, 0x0021, 0x0021, 0x0021, 0x0021, 0x0021, 0x0021, 0x0021, 0x0021, 0x0021, 0x0021, 0x0021, 0x0021, 
	0x0021, 0x0021, 0x0021, 0x0021, 0x0021, 0x0021, 0x0021, 0x0021, 0x0021, 0x0021, 0x0021, 0x0021, 0x0021, 0x0021, 0x0021, 0x0041, 
	0x0841, 0x0841, 0x0841, 0x0841, 0x0041, 0x0021, 0x0021, 0x0021, 0x0841, 0x0861, 0x0841, 0x0021, 0x0841, 0x0821, 0x0021, 0x0841, 
	0x0841, 0x0020, 0x0800, 0x0820, 0x0841, 0x0841, 0x0821, 0x0801, 0x0020, 0x0040, 0x0840, 0x1081, 0x2081, 0x1821, 0x1000, 0x1021, 
	0x1821, 0x2082, 0x1020, 0x1041, 0x1881, 0x0820, 0x0800, 0x1000, 0x2082, 0x1041, 0x1861, 0x1882, 0x1061, 0x1061, 0x1061, 0x1041, 
	0x1021, 0x1001, 0x1020, 0x1841, 0x1840, 0x1820, 0x2020, 0x2841, 0x3000, 0x3800, 0xb28a, 0xd30b, 0x7000, 0x7061, 0x4800, 0x4020, 
	0x2800, 0x2820, 0x2020, 0x2020, 0x2020, 0x2841, 0x2861, 0x2820, 0x3020, 0x3020, 0x2041, 0x2040, 0x2000, 0x2000, 0x2020, 0x2840, 
	0x3040, 0x3841, 0x3841, 0x3000, 0x2000, 0x2000, 0x2040, 0x2041, 0x2041, 0x2821, 0x2000, 0x2841, 0x2841, 0x2861, 0x2020, 0x2000, 
	0x3081, 0x2840, 0x3840, 0x5020, 0x6800, 0xd2ea, 0xaaa9, 0x4000, 0x3000, 0x2021, 0x1820, 0x1020, 0x1020, 0x1020, 0x1820, 0x1820, 
	0x1821, 0x1021, 0x0820, 0x0820, 0x1021, 0x1021, 0x1041, 0x2082, 0x28a3, 0x1800, 0x1000, 0x0800, 0x1820, 0x1800, 0x2061, 0x2082, 
	0x0800, 0x1021, 0x1001, 0x1821, 0x2082, 0x1061, 0x0020, 0x0840, 0x0841, 0x0821, 0x0821, 0x0821, 0x0041, 0x0041, 0x0020, 0x0020, 
	0x0821, 0x0821, 0x0021, 0x0021, 0x0821, 0x0841, 0x0841, 0x0861, 0x0021, 0x0021, 0x0020, 0x0021, 0x0021, 0x0041, 0x0841, 0x0841, 
	0x0041, 0x0021, 0x0021, 0x0021, 0x0021, 0x0021, 0x0021, 0x0021, 0x0021, 0x0021, 0x0021, 0x0021, 0x0021, 0x0021, 0x0021, 0x0021, 
	0x0021, 0x0021, 0x0021, 0x0021, 0x0021, 0x0021, 0x0021, 0x0021, 0x0021, 0x0021, 0x0021, 0x0021, 0x0021, 0x0021, 0x0021, 0x0021, 
	0x0021, 0x0021, 0x0021, 0x0021, 0x0021, 0x0021, 0x0021, 0x0021, 0x0021, 0x0021, 0x0021, 0x0021, 0x0021, 0x0021, 0x0021, 0x0021, 
	0x0020, 0x0020, 0x0020, 0x0020, 0x0020, 0x0020, 0x0020, 0x0020, 0x0020, 0x0020, 0x0020, 0x0020, 0x0020, 0x0000, 0x0000, 0x0000, 
	0x0841, 0x0000, 0x0000, 0x0000, 0x0841, 0x10a2, 0x1082, 0x1082, 0x1082, 0x0882, 0x10a2, 0x2124, 0x18e3, 0x0000, 0x0000, 0x0040, 
	0x0000, 0x0000, 0x0000, 0x0000, 0x18e4, 0x31c7, 0x2125, 0x0862, 0x10a2, 0x18c3, 0x18e4, 0x0861, 0x0000, 0x0000, 0x0000, 0x0841, 
	0x0020, 0x0020, 0x0020, 0x0020, 0x0020, 0x0020, 0x0020, 0x0020, 0x0020, 0x0020, 0x0020, 0x0020, 0x0020, 0x0020, 0x0020, 0x0020, 
	0x0020, 0x0020, 0x0020, 0x0020, 0x0020, 0x0020, 0x0020, 0x0020, 0x0021, 0x0021, 0x0021, 0x0021, 0x0021, 0x0021, 0x0021, 0x0021, 
	0x0021, 0x0021, 0x0021, 0x0021, 0x0021, 0x0021, 0x0021, 0x0021, 0x0021, 0x0021, 0x0021, 0x0021, 0x0021, 0x0021, 0x0021, 0x0021, 
	0x0021, 0x0021, 0x0021, 0x0021, 0x0021, 0x0021, 0x0021, 0x0021, 0x0021, 0x0021, 0x0021, 0x0021, 0x0021, 0x0021, 0x0021, 0x0021, 
	0x0841, 0x0841, 0x0841, 0x0841, 0x0041, 0x0021, 0x0021, 0x0021, 0x0841, 0x0861, 0x0841, 0x0021, 0x0841, 0x0821, 0x0021, 0x0841, 
	0x0041, 0x0021, 0x0820, 0x0820, 0x0841, 0x0821, 0x1001, 0x0801, 0x0020, 0x0060, 0x0040, 0x1060, 0x1861, 0x1020, 0x1000, 0x1001, 
	0x1821, 0x2082, 0x1000, 0x1861, 0x1861, 0x0800, 0x0800, 0x1820, 0x1020, 0x0800, 0x0800, 0x1041, 0x1020, 0x1040, 0x1041, 0x1061, 
	0x0801, 0x1001, 0x1020, 0x1840, 0x1840, 0x1820, 0x2020, 0x2820, 0x3841, 0x4000, 0xa9e7, 0xca8a, 0x7020, 0x6040, 0x4020, 0x3040, 
	0x2800, 0x2000, 0x1800, 0x1800, 0x2041, 0x2862, 0x2841, 0x1800, 0x2820, 0x2820, 0x2020, 0x2841, 0x3041, 0x3041, 0x3020, 0x3000, 
	0x3000, 0x4000, 0x4861, 0x4841, 0x3820, 0x2820, 0x2840, 0x2861, 0x2041, 0x2041, 0x2000, 0x2841, 0x2821, 0x2861, 0x2020, 0x1820, 
	0x2881, 0x30c2, 0x2800, 0x4800, 0x7000, 0xcaa9, 0xb2a9, 0x4000, 0x3000, 0x2021, 0x1840, 0x1040, 0x1020, 0x1020, 0x1020, 0x1820, 
	0x1020, 0x1021, 0x0820, 0x1021, 0x1021, 0x1021, 0x1041, 0x1841, 0x2061, 0x1000, 0x0800, 0x0800, 0x1841, 0x1820, 0x2041, 0x1841, 
	0x0800, 0x0821, 0x1000, 0x1821, 0x1881, 0x0840, 0x0020, 0x0040, 0x0840, 0x0821, 0x0821, 0x0821, 0x0021, 0x0021, 0x0021, 0x0020, 
	0x0821, 0x0821, 0x0021, 0x0021, 0x0021, 0x0821, 0x0841, 0x0861, 0x0021, 0x0021, 0x0021, 0x0021, 0x0041, 0x0841, 0x0841, 0x0841, 
	0x0021, 0x0021, 0x0021, 0x0021, 0x0021, 0x0021, 0x0021, 0x0021, 0x0021, 0x0021, 0x0021, 0x0021, 0x0021, 0x0021, 0x0021, 0x0021, 
	0x0021, 0x0021, 0x0021, 0x0021, 0x0021, 0x0021, 0x0021, 0x0021, 0x0021, 0x0021, 0x0021, 0x0021, 0x0021, 0x0021, 0x0021, 0x0021, 
	0x0021, 0x0021, 0x0021, 0x0021, 0x0021, 0x0021, 0x0021, 0x0021, 0x0021, 0x0021, 0x0021, 0x0021, 0x0021, 0x0021, 0x0021, 0x0021, 
	0x0020, 0x0020, 0x0020, 0x0020, 0x0020, 0x0020, 0x0020, 0x0020, 0x0020, 0x0020, 0x0020, 0x0020, 0x0020, 0x0000, 0x0000, 0x0000, 
	0x0020, 0x0000, 0x0000, 0x0000, 0x0841, 0x18c3, 0x10a2, 0x0882, 0x0040, 0x1904, 0x2124, 0x18e3, 0x0040, 0x0000, 0x0020, 0x0000, 
	0x0000, 0x0000, 0x0000, 0x0000, 0x0862, 0x2945, 0x2124, 0x2104, 0x10a2, 0x18c3, 0x18e4, 0x0862, 0x0000, 0x0000, 0x0000, 0x0041, 
	0x0020, 0x0020, 0x0020, 0x0020, 0x0020, 0x0020, 0x0020, 0x0020, 0x0020, 0x0020, 0x0020, 0x0020, 0x0020, 0x0020, 0x0020, 0x0020, 
	0x0020, 0x0020, 0x0020, 0x0020, 0x0020, 0x0020, 0x0020, 0x0020, 0x0021, 0x0021, 0x0021, 0x0021, 0x0021, 0x0021, 0x0021, 0x0021, 
	0x0021, 0x0021, 0x0021, 0x0021, 0x0021, 0x0021, 0x0021, 0x0021, 0x0021, 0x0021, 0x0021, 0x0021, 0x0021, 0x0021, 0x0021, 0x0021, 
	0x0021, 0x0021, 0x0021, 0x0021, 0x0021, 0x0021, 0x0021, 0x0021, 0x0021, 0x0021, 0x0021, 0x0021, 0x0021, 0x0021, 0x0021, 0x0021, 
	0x0841, 0x0841, 0x0841, 0x0841, 0x0841, 0x0841, 0x0841, 0x0841, 0x0841, 0x0861, 0x0841, 0x0021, 0x0841, 0x0821, 0x0021, 0x0841, 
	0x0020, 0x0841, 0x0821, 0x1021, 0x0821, 0x0821, 0x0801, 0x0821, 0x0020, 0x0060, 0x0820, 0x0800, 0x1040, 0x1041, 0x1021, 0x1001, 
	0x1800, 0x2062, 0x0800, 0x1882, 0x2082, 0x1000, 0x1000, 0x2021, 0x2041, 0x1000, 0x1020, 0x1021, 0x1020, 0x0820, 0x0820, 0x1061, 
	0x0800, 0x1021, 0x1020, 0x1000, 0x1000, 0x1800, 0x2000, 0x2000, 0x3820, 0x4000, 0xc28a, 0xdaec, 0x7041, 0x5000, 0x4041, 0x2000, 
	0x2000, 0x3061, 0x30a3, 0x2862, 0x2021, 0x2821, 0x2841, 0x2841, 0x2820, 0x3020, 0x3000, 0x3800, 0x4000, 0x5000, 0x5820, 0x6000, 
	0x5800, 0x6000, 0x5800, 0x5000, 0x4800, 0x4000, 0x3020, 0x2820, 0x2020, 0x2000, 0x2000, 0x3021, 0x3021, 0x3862, 0x2841, 0x2861, 
	0x1000, 0x2861, 0x2800, 0x4000, 0x7840, 0xcaca, 0xbb0b, 0x3800, 0x2800, 0x2020, 0x1820, 0x1020, 0x1020, 0x1020, 0x1020, 0x1020, 
	0x1020, 0x1020, 0x0841, 0x1041, 0x1020, 0x1000, 0x0800, 0x0800, 0x3083, 0x2021, 0x1841, 0x1841, 0x2082, 0x1820, 0x1820, 0x1841, 
	0x0800, 0x0820, 0x1000, 0x1020, 0x1040, 0x0820, 0x0020, 0x0840, 0x0820, 0x0820, 0x0821, 0x0821, 0x0821, 0x0021, 0x0041, 0x0021, 
	0x0841, 0x0821, 0x0821, 0x0021, 0x0021, 0x0821, 0x0841, 0x0841, 0x0021, 0x0021, 0x0041, 0x0841, 0x0841, 0x0841, 0x0041, 0x0021, 
	0x0021, 0x0021, 0x0021, 0x0021, 0x0021, 0x0021, 0x0021, 0x0021, 0x0021, 0x0021, 0x0021, 0x0021, 0x0021, 0x0021, 0x0021, 0x0021, 
	0x0021, 0x0021, 0x0021, 0x0021, 0x0021, 0x0021, 0x0021, 0x0021, 0x0021, 0x0021, 0x0021, 0x0021, 0x0021, 0x0021, 0x0021, 0x0021, 
	0x0021, 0x0021, 0x0021, 0x0021, 0x0021, 0x0021, 0x0021, 0x0021, 0x0021, 0x0021, 0x0021, 0x0021, 0x0021, 0x0021, 0x0021, 0x0021, 
	0x0020, 0x0020, 0x0020, 0x0020, 0x0020, 0x0020, 0x0020, 0x0020, 0x0020, 0x0020, 0x0020, 0x0020, 0x0020, 0x0000, 0x0000, 0x0000, 
	0x0000, 0x0000, 0x0820, 0x0000, 0x0841, 0x18c3, 0x1082, 0x1082, 0x10a2, 0x2965, 0x2124, 0x0041, 0x0000, 0x0020, 0x0041, 0x0000, 
	0x0000, 0x0000, 0x0000, 0x0000, 0x0020, 0x0861, 0x18c3, 0x39c7, 0x18e3, 0x18c3, 0x18c3, 0x0841, 0x0000, 0x0020, 0x0000, 0x0021, 
	0x0020, 0x0020, 0x0020, 0x0020, 0x0020, 0x0020, 0x0020, 0x0020, 0x0020, 0x0020, 0x0020, 0x0020, 0x0020, 0x0020, 0x0020, 0x0020, 
	0x0020, 0x0020, 0x0020, 0x0020, 0x0020, 0x0020, 0x0020, 0x0020, 0x0021, 0x0021, 0x0021, 0x0021, 0x0021, 0x0021, 0x0021, 0x0021, 
	0x0021, 0x0021, 0x0021, 0x0021, 0x0021, 0x0021, 0x0021, 0x0021, 0x0021, 0x0021, 0x0021, 0x0021, 0x0021, 0x0021, 0x0021, 0x0021, 
	0x0021, 0x0021, 0x0021, 0x0021, 0x0021, 0x0021, 0x0021, 0x0021, 0x0021, 0x0021, 0x0021, 0x0021, 0x0021, 0x0021, 0x0021, 0x0021, 
	0x0021, 0x0021, 0x0021, 0x0041, 0x0841, 0x0841, 0x0861, 0x0861, 0x0841, 0x0861, 0x0841, 0x0021, 0x0841, 0x0821, 0x0021, 0x0841, 
	0x0020, 0x0820, 0x1041, 0x1041, 0x0820, 0x0820, 0x0801, 0x0821, 0x0800, 0x1020, 0x1800, 0x1800, 0x1020, 0x1061, 0x1021, 0x1000, 
	0x1800, 0x2041, 0x0800, 0x20a2, 0x2082, 0x1800, 0x1800, 0x2842, 0x2842, 0x1800, 0x1820, 0x1020, 0x1020, 0x0820, 0x0800, 0x1061, 
	0x1041, 0x1862, 0x1841, 0x1020, 0x1000, 0x1820, 0x2020, 0x2800, 0x3820, 0x4000, 0xcaaa, 0xca49, 0x7020, 0x5000, 0x3000, 0x2821, 
	0x2800, 0x3061, 0x3082, 0x2841, 0x2801, 0x2821, 0x2000, 0x1800, 0x2800, 0x3840, 0x4861, 0x5000, 0x5000, 0x6861, 0x9986, 0xba8a, 
	0xcb0b, 0xb228, 0x8903, 0x6820, 0x6000, 0x5820, 0x4861, 0x3861, 0x2000, 0x2000, 0x2000, 0x3021, 0x3001, 0x3001, 0x2000, 0x2000, 
	0x30a3, 0x2821, 0x2800, 0x4000, 0x6000, 0xba48, 0xc34b, 0x3800, 0x2800, 0x2020, 0x1820, 0x1020, 0x1000, 0x1000, 0x0820, 0x0820, 
	0x1041, 0x1041, 0x0840, 0x0820, 0x1000, 0x1000, 0x1000, 0x1000, 0x2842, 0x2000, 0x1841, 0x1020, 0x2061, 0x1000, 0x1820, 0x1861, 
	0x1021, 0x1020, 0x1000, 0x1800, 0x1800, 0x1000, 0x1000, 0x1020, 0x0820, 0x0820, 0x0820, 0x0820, 0x0820, 0x0820, 0x0040, 0x0040, 
	0x0841, 0x0841, 0x0821, 0x0021, 0x0021, 0x0821, 0x0841, 0x0841, 0x0020, 0x0021, 0x0841, 0x0841, 0x0841, 0x0841, 0x0021, 0x0020, 
	0x0021, 0x0021, 0x0021, 0x0021, 0x0021, 0x0021, 0x0021, 0x0021, 0x0021, 0x0021, 0x0021, 0x0021, 0x0021, 0x0021, 0x0021, 0x0021, 
	0x0021, 0x0021, 0x0021, 0x0021, 0x0021, 0x0021, 0x0021, 0x0021, 0x0021, 0x0021, 0x0021, 0x0021, 0x0021, 0x0021, 0x0021, 0x0021, 
	0x0021, 0x0021, 0x0021, 0x0021, 0x0021, 0x0021, 0x0021, 0x0021, 0x0021, 0x0021, 0x0021, 0x0021, 0x0021, 0x0021, 0x0021, 0x0021, 
	0x0020, 0x0020, 0x0020, 0x0020, 0x0020, 0x0020, 0x0020, 0x0020, 0x0020, 0x0020, 0x0020, 0x0020, 0x0020, 0x0000, 0x0000, 0x0000, 
	0x0000, 0x0020, 0x0000, 0x0000, 0x1061, 0x18e3, 0x1082, 0x0861, 0x31a6, 0x2124, 0x0841, 0x0040, 0x0020, 0x0000, 0x0000, 0x0000, 
	0x0000, 0x0000, 0x0000, 0x0000, 0x10a3, 0x0841, 0x0021, 0x1082, 0x39c7, 0x2104, 0x18c3, 0x0841, 0x0000, 0x0000, 0x0000, 0x0000, 
	0x0000, 0x0000, 0x0000, 0x0020, 0x0020, 0x0020, 0x0020, 0x0020, 0x0021, 0x0021, 0x0021, 0x0021, 0x0021, 0x0021, 0x0021, 0x0021, 
	0x0041, 0x0041, 0x0041, 0x0041, 0x0041, 0x0041, 0x0041, 0x0041, 0x0041, 0x0041, 0x0041, 0x0041, 0x0041, 0x0041, 0x0041, 0x0041, 
	0x0041, 0x0041, 0x0041, 0x0041, 0x0041, 0x0041, 0x0041, 0x0041, 0x0020, 0x0020, 0x0021, 0x0041, 0x0841, 0x0841, 0x0041, 0x0021, 
	0x0021, 0x0021, 0x0021, 0x0021, 0x0021, 0x0021, 0x0021, 0x0021, 0x0021, 0x0021, 0x0021, 0x0021, 0x0021, 0x0021, 0x0021, 0x0021, 
	0x0021, 0x0021, 0x0841, 0x0841, 0x0841, 0x0841, 0x0021, 0x0021, 0x0021, 0x0821, 0x0841, 0x0821, 0x0000, 0x0000, 0x0821, 0x0841, 
	0x0020, 0x0820, 0x0820, 0x0820, 0x1041, 0x0841, 0x0821, 0x1000, 0x1000, 0x2800, 0x60a4, 0x81c8, 0x2020, 0x1020, 0x0800, 0x1020, 
	0x2041, 0x1821, 0x0800, 0x1861, 0x1841, 0x1000, 0x1800, 0x2841, 0x2041, 0x1000, 0x1000, 0x1020, 0x1000, 0x0800, 0x0820, 0x1061, 
	0x1041, 0x1841, 0x1840, 0x1820, 0x1800, 0x1800, 0x2020, 0x2820, 0x3020, 0x4000, 0xba28, 0xca6a, 0x6800, 0x4800, 0x3021, 0x2841, 
	0x3882, 0x2820, 0x1800, 0x2020, 0x2841, 0x2821, 0x1800, 0x1800, 0x2800, 0x4881, 0x6040, 0x6000, 0x78c2, 0xdbce, 0xbaeb, 0xaa28, 
	0xa228, 0x99e7, 0xc2eb, 0xd32c, 0x88e3, 0x6000, 0x5000, 0x3800, 0x2840, 0x2040, 0x2041, 0x2862, 0x3042, 0x2801, 0x2000, 0x2001, 
	0x2801, 0x3042, 0x3041, 0x4020, 0x6800, 0xcaa9, 0xb2ca, 0x3800, 0x3020, 0x2000, 0x1820, 0x1820, 0x1820, 0x1020, 0x1020, 0x1041, 
	0x1020, 0x1020, 0x0820, 0x0820, 0x1000, 0x1000, 0x1000, 0x1800, 0x1800, 0x1800, 0x1000, 0x0800, 0x28c3, 0x1821, 0x1000, 0x1841, 
	0x0800, 0x1841, 0x1820, 0x2000, 0x4062, 0x79e8, 0x4021, 0x2000, 0x1000, 0x0820, 0x0840, 0x0840, 0x0820, 0x0820, 0x0020, 0x0040, 
	0x0841, 0x0821, 0x0821, 0x0821, 0x0821, 0x0821, 0x0841, 0x0862, 0x0021, 0x0021, 0x0021, 0x0041, 0x0041, 0x0021, 0x0021, 0x0021, 
	0x0021, 0x0021, 0x0021, 0x0021, 0x0021, 0x0021, 0x0021, 0x0021, 0x0021, 0x0021, 0x0021, 0x0021, 0x0021, 0x0021, 0x0021, 0x0021, 
	0x0041, 0x0021, 0x0020, 0x0020, 0x0021, 0x0041, 0x0021, 0x0020, 0x0041, 0x0041, 0x0041, 0x0041, 0x0041, 0x0041, 0x0041, 0x0041, 
	0x0041, 0x0041, 0x0041, 0x0041, 0x0041, 0x0041, 0x0041, 0x0041, 0x0021, 0x0021, 0x0021, 0x0021, 0x0021, 0x0021, 0x0021, 0x0021, 
	0x0021, 0x0021, 0x0021, 0x0020, 0x0020, 0x0020, 0x0020, 0x0020, 0x0020, 0x0020, 0x0020, 0x0020, 0x0020, 0x0000, 0x0000, 0x0000, 
	0x0820, 0x0000, 0x0000, 0x0000, 0x0841, 0x1082, 0x18c3, 0x3186, 0x18c3, 0x0020, 0x0020, 0x1082, 0x0020, 0x0000, 0x0040, 0x0020, 
	0x0000, 0x0000, 0x0000, 0x0000, 0x10a3, 0x0841, 0x0021, 0x0841, 0x10a3, 0x18e4, 0x2945, 0x10a3, 0x0000, 0x0000, 0x0000, 0x0021, 
	0x0000, 0x0000, 0x0000, 0x0020, 0x0020, 0x0020, 0x0020, 0x0020, 0x0021, 0x0021, 0x0021, 0x0021, 0x0021, 0x0021, 0x0021, 0x0021, 
	0x0020, 0x0020, 0x0020, 0x0020, 0x0020, 0x0020, 0x0020, 0x0020, 0x0020, 0x0020, 0x0020, 0x0020, 0x0020, 0x0020, 0x0020, 0x0020, 
	0x0020, 0x0020, 0x0020, 0x0020, 0x0020, 0x0020, 0x0020, 0x0020, 0x0020, 0x0020, 0x0020, 0x0021, 0x0041, 0x0041, 0x0021, 0x0021, 
	0x0021, 0x0021, 0x0021, 0x0021, 0x0021, 0x0021, 0x0021, 0x0021, 0x0021, 0x0021, 0x0021, 0x0021, 0x0021, 0x0021, 0x0021, 0x0021, 
	0x0021, 0x0021, 0x0041, 0x0041, 0x0041, 0x0041, 0x0021, 0x0021, 0x0861, 0x0841, 0x0841, 0x0841, 0x0841, 0x0841, 0x0841, 0x0841, 
	0x0861, 0x1061, 0x1061, 0x1061, 0x1881, 0x1081, 0x1061, 0x1841, 0x2842, 0x79a8, 0xb28c, 0xa22a, 0x2000, 0x1840, 0x1061, 0x1000, 
	0x28a3, 0x2862, 0x0800, 0x1041, 0x1020, 0x1000, 0x2042, 0x4125, 0x30e4, 0x1821, 0x1000, 0x1021, 0x1861, 0x1882, 0x0840, 0x0800, 
	0x1021, 0x1021, 0x1841, 0x2040, 0x2040, 0x2020, 0x2020, 0x2000, 0x2820, 0x3800, 0xba28, 0xd28a, 0x6800, 0x5000, 0x3021, 0x2841, 
	0x2000, 0x2840, 0x2861, 0x1800, 0x1800, 0x2020, 0x2861, 0x2840, 0x3840, 0x4000, 0x5000, 0x8904, 0xd3ae, 0x9207, 0x4800, 0x3000, 
	0x2800, 0x3000, 0x5000, 0xaa8a, 0xcaec, 0x8904, 0x5000, 0x4000, 0x3040, 0x2881, 0x2041, 0x1800, 0x2000, 0x2821, 0x2841, 0x2841, 
	0x3042, 0x3042, 0x2800, 0x3800, 0x6000, 0xcaca, 0xbaea, 0x3800, 0x3020, 0x2000, 0x1800, 0x1820, 0x1820, 0x1820, 0x1020, 0x1041, 
	0x1021, 0x1021, 0x1041, 0x1041, 0x1021, 0x1821, 0x1021, 0x1820, 0x4986, 0x3904, 0x1020, 0x0800, 0x2082, 0x2061, 0x2041, 0x28c3, 
	0x2082, 0x1841, 0x1800, 0x1800, 0x4001, 0xaacd, 0x9a4a, 0x6125, 0x1800, 0x0820, 0x0840, 0x0840, 0x0820, 0x0820, 0x0040, 0x0040, 
	0x0841, 0x0821, 0x0821, 0x0821, 0x0821, 0x0821, 0x0841, 0x0862, 0x0021, 0x0021, 0x0021, 0x0041, 0x0041, 0x0021, 0x0021, 0x0021, 
	0x0021, 0x0021, 0x0021, 0x0021, 0x0021, 0x0021, 0x0021, 0x0021, 0x0021, 0x0021, 0x0021, 0x0021, 0x0021, 0x0021, 0x0021, 0x0021, 
	0x0021, 0x0021, 0x0021, 0x0021, 0x0021, 0x0021, 0x0021, 0x0020, 0x0020, 0x0020, 0x0020, 0x0020, 0x0020, 0x0020, 0x0020, 0x0020, 
	0x0020, 0x0020, 0x0020, 0x0020, 0x0020, 0x0020, 0x0020, 0x0020, 0x0020, 0x0020, 0x0020, 0x0020, 0x0020, 0x0020, 0x0020, 0x0020, 
	0x0021, 0x0021, 0x0021, 0x0020, 0x0020, 0x0020, 0x0020, 0x0020, 0x0020, 0x0020, 0x0020, 0x0020, 0x0020, 0x0000, 0x0000, 0x0000, 
	0x0000, 0x0000, 0x0020, 0x0000, 0x18a2, 0x2924, 0x20e3, 0x18c3, 0x0841, 0x0000, 0x0041, 0x18e3, 0x0882, 0x0000, 0x0020, 0x0000, 
	0x0000, 0x0000, 0x0000, 0x0000, 0x18a3, 0x1062, 0x0821, 0x0821, 0x0000, 0x10a3, 0x2125, 0x1082, 0x0000, 0x0021, 0x0821, 0x0000, 
	0x0000, 0x0000, 0x0000, 0x0020, 0x0020, 0x0020, 0x0020, 0x0020, 0x0021, 0x0021, 0x0021, 0x0021, 0x0021, 0x0021, 0x0021, 0x0021, 
	0x0020, 0x0020, 0x0020, 0x0020, 0x0020, 0x0020, 0x0020, 0x0020, 0x0021, 0x0021, 0x0021, 0x0021, 0x0021, 0x0021, 0x0021, 0x0021, 
	0x0021, 0x0021, 0x0021, 0x0021, 0x0021, 0x0021, 0x0021, 0x0021, 0x0021, 0x0020, 0x0000, 0x0020, 0x0021, 0x0041, 0x0021, 0x0021, 
	0x0021, 0x0021, 0x0021, 0x0021, 0x0021, 0x0021, 0x0021, 0x0021, 0x0021, 0x0021, 0x0021, 0x0021, 0x0021, 0x0021, 0x0021, 0x0021, 
	0x0021, 0x0021, 0x0021, 0x0021, 0x0021, 0x0021, 0x0021, 0x0021, 0x0841, 0x0021, 0x0020, 0x0821, 0x0841, 0x0841, 0x0821, 0x0000, 
	0x0861, 0x0860, 0x1040, 0x1060, 0x1061, 0x1061, 0x0861, 0x1020, 0x2000, 0x6946, 0xa22a, 0x91e9, 0x2800, 0x1000, 0x0820, 0x0800, 
	0x2062, 0x2062, 0x1000, 0x1882, 0x1061, 0x0800, 0x1020, 0x28a3, 0x2082, 0x1020, 0x1041, 0x1020, 0x1020, 0x1041, 0x0820, 0x0800, 
	0x0800, 0x1000, 0x1840, 0x2040, 0x2040, 0x2020, 0x2020, 0x2000, 0x2820, 0x3800, 0xba49, 0xd28a, 0x6820, 0x4800, 0x3000, 0x2821, 
	0x2840, 0x2020, 0x1820, 0x2040, 0x2040, 0x2040, 0x2040, 0x2840, 0x3820, 0x4800, 0x7862, 0xba6a, 0x9248, 0x2800, 0x1800, 0x1800, 
	0x1820, 0x2020, 0x2000, 0x4820, 0xaa49, 0xba6a, 0x7042, 0x5821, 0x3820, 0x3061, 0x2841, 0x1800, 0x2000, 0x2841, 0x2861, 0x2061, 
	0x2000, 0x2841, 0x2800, 0x4000, 0x6000, 0xcaaa, 0xbaea, 0x4000, 0x3000, 0x2000, 0x1800, 0x1820, 0x1820, 0x1800, 0x1020, 0x1021, 
	0x1000, 0x1000, 0x1020, 0x1021, 0x1021, 0x1020, 0x0820, 0x1000, 0x30e3, 0x2882, 0x0800, 0x0800, 0x2041, 0x1800, 0x2021, 0x30c3, 
	0x1861, 0x1841, 0x1800, 0x1800, 0x4021, 0x9a6b, 0x81e9, 0x50c4, 0x1000, 0x0820, 0x0840, 0x0840, 0x1020, 0x0820, 0x0040, 0x0040, 
	0x0841, 0x0821, 0x0821, 0x0821, 0x0821, 0x0821, 0x0841, 0x0862, 0x0021, 0x0021, 0x0021, 0x0041, 0x0041, 0x0021, 0x0021, 0x0021, 
	0x0021, 0x0021, 0x0021, 0x0021, 0x0021, 0x0021, 0x0021, 0x0021, 0x0021, 0x0021, 0x0021, 0x0021, 0x0021, 0x0021, 0x0021, 0x0021, 
	0x0021, 0x0041, 0x0041, 0x0021, 0x0021, 0x0020, 0x0020, 0x0021, 0x0021, 0x0021, 0x0021, 0x0021, 0x0021, 0x0021, 0x0021, 0x0021, 
	0x0021, 0x0021, 0x0021, 0x0021, 0x0021, 0x0021, 0x0021, 0x0021, 0x0020, 0x0020, 0x0020, 0x0020, 0x0020, 0x0020, 0x0020, 0x0020, 
	0x0021, 0x0021, 0x0021, 0x0020, 0x0020, 0x0020, 0x0020, 0x0020, 0x0020, 0x0020, 0x0020, 0x0020, 0x0020, 0x0000, 0x0000, 0x0000, 
	0x0000, 0x0841, 0x1061, 0x0000, 0x10a2, 0x2945, 0x18c3, 0x0020, 0x0000, 0x0000, 0x0841, 0x2104, 0x10a2, 0x0000, 0x0020, 0x0000, 
	0x0000, 0x0000, 0x0000, 0x0000, 0x18a3, 0x1082, 0x0841, 0x0821, 0x0000, 0x0861, 0x1082, 0x0821, 0x0000, 0x1062, 0x1062, 0x0000, 
	0x0000, 0x0000, 0x0000, 0x0020, 0x0020, 0x0020, 0x0020, 0x0020, 0x0021, 0x0021, 0x0021, 0x0021, 0x0021, 0x0021, 0x0021, 0x0021, 
	0x0041, 0x0041, 0x0041, 0x0041, 0x0041, 0x0041, 0x0041, 0x0041, 0x0841, 0x0841, 0x0841, 0x0841, 0x0841, 0x0841, 0x0841, 0x0841, 
	0x0841, 0x0841, 0x0841, 0x0841, 0x0841, 0x0841, 0x0841, 0x0841, 0x0841, 0x0021, 0x0000, 0x0000, 0x0021, 0x0041, 0x0021, 0x0021, 
	0x0021, 0x0021, 0x0021, 0x0021, 0x0021, 0x0021, 0x0021, 0x0021, 0x0021, 0x0021, 0x0021, 0x0021, 0x0021, 0x0021, 0x0021, 0x0021, 
	0x0041, 0x0021, 0x0020, 0x0020, 0x0020, 0x0020, 0x0021, 0x0841, 0x0021, 0x0021, 0x0020, 0x0821, 0x0841, 0x0841, 0x0821, 0x0000, 
	0x0820, 0x0820, 0x0820, 0x0820, 0x1020, 0x0820, 0x0020, 0x0000, 0x1000, 0x2000, 0x4001, 0x58a3, 0x2800, 0x1000, 0x0800, 0x1020, 
	0x1821, 0x1821, 0x0800, 0x18a2, 0x1882, 0x0820, 0x0800, 0x0800, 0x0800, 0x0800, 0x1041, 0x0820, 0x0000, 0x0800, 0x0820, 0x1020, 
	0x1000, 0x1801, 0x1820, 0x1820, 0x1820, 0x1820, 0x2020, 0x2820, 0x2860, 0x4000, 0xc269, 0xd28a, 0x6820, 0x4800, 0x3000, 0x2000, 
	0x3081, 0x1800, 0x1000, 0x2060, 0x2881, 0x2861, 0x1820, 0x2000, 0x4020, 0x5821, 0xa987, 0xd30d, 0x3000, 0x1000, 0x1860, 0x1080, 
	0x0820, 0x1860, 0x1820, 0x2000, 0x70e3, 0xdb8e, 0x9125, 0x5000, 0x4000, 0x3000, 0x2820, 0x3061, 0x3061, 0x2020, 0x1840, 0x1840, 
	0x1000, 0x2041, 0x2821, 0x4020, 0x6000, 0xca89, 0xbaca, 0x4000, 0x3000, 0x2000, 0x1800, 0x1820, 0x1820, 0x1800, 0x1000, 0x1800, 
	0x1000, 0x1000, 0x0800, 0x0820, 0x1000, 0x1000, 0x0820, 0x0800, 0x1000, 0x1000, 0x1020, 0x1020, 0x28a2, 0x2000, 0x1800, 0x2041, 
	0x1000, 0x1041, 0x1820, 0x2020, 0x3842, 0x50c4, 0x2800, 0x1800, 0x1000, 0x0820, 0x0840, 0x0841, 0x1020, 0x0820, 0x0040, 0x0040, 
	0x0841, 0x0821, 0x0821, 0x0821, 0x0821, 0x0821, 0x0841, 0x0862, 0x0021, 0x0021, 0x0021, 0x0041, 0x0041, 0x0021, 0x0021, 0x0021, 
	0x0021, 0x0021, 0x0021, 0x0021, 0x0021, 0x0021, 0x0021, 0x0021, 0x0021, 0x0021, 0x0021, 0x0021, 0x0021, 0x0021, 0x0021, 0x0021, 
	0x0021, 0x0841, 0x0841, 0x0041, 0x0020, 0x0020, 0x0020, 0x0021, 0x0841, 0x0841, 0x0841, 0x0841, 0x0841, 0x0841, 0x0841, 0x0841, 
	0x0841, 0x0841, 0x0841, 0x0841, 0x0841, 0x0841, 0x0841, 0x0841, 0x0041, 0x0041, 0x0041, 0x0041, 0x0041, 0x0041, 0x0041, 0x0041, 
	0x0021, 0x0021, 0x0021, 0x0020, 0x0020, 0x0020, 0x0020, 0x0020, 0x0020, 0x0020, 0x0020, 0x0020, 0x0020, 0x0000, 0x0000, 0x0000, 
	0x0000, 0x1082, 0x1082, 0x0000, 0x0820, 0x1082, 0x0841, 0x0000, 0x0000, 0x0000, 0x0841, 0x18e3, 0x1082, 0x0000, 0x0000, 0x0000, 
	0x0000, 0x0000, 0x0000, 0x0000, 0x10a3, 0x1082, 0x0862, 0x0841, 0x0000, 0x0841, 0x0841, 0x0021, 0x0000, 0x0841, 0x1082, 0x0841, 
	0x0000, 0x0000, 0x0000, 0x0020, 0x0020, 0x0020, 0x0020, 0x0020, 0x0021, 0x0021, 0x0021, 0x0021, 0x0021, 0x0021, 0x0021, 0x0021, 
	0x0041, 0x0041, 0x0041, 0x0041, 0x0041, 0x0041, 0x0041, 0x0041, 0x0841, 0x0841, 0x0841, 0x0841, 0x0841, 0x0841, 0x0841, 0x0841, 
	0x0841, 0x0841, 0x0841, 0x0841, 0x0841, 0x0841, 0x0841, 0x0841, 0x0841, 0x0021, 0x0020, 0x0020, 0x0020, 0x0021, 0x0021, 0x0021, 
	0x0021, 0x0021, 0x0021, 0x0021, 0x0021, 0x0021, 0x0021, 0x0021, 0x0021, 0x0021, 0x0021, 0x0021, 0x0021, 0x0021, 0x0021, 0x0021, 
	0x0041, 0x0021, 0x0020, 0x0020, 0x0020, 0x0020, 0x0021, 0x0841, 0x0841, 0x0841, 0x0862, 0x0862, 0x0841, 0x0841, 0x0841, 0x0841, 
	0x0840, 0x0840, 0x0820, 0x1020, 0x1020, 0x1020, 0x0841, 0x0020, 0x0800, 0x1000, 0x1800, 0x2000, 0x2020, 0x2081, 0x1861, 0x0820, 
	0x1841, 0x1841, 0x0800, 0x1061, 0x1061, 0x0820, 0x0820, 0x1861, 0x1861, 0x1000, 0x1041, 0x1020, 0x0820, 0x1061, 0x1020, 0x1000, 
	0x1000, 0x1800, 0x1820, 0x1820, 0x1820, 0x1820, 0x2021, 0x2820, 0x3060, 0x4000, 0xc249, 0xd28a, 0x6020, 0x4800, 0x3000, 0x2841, 
	0x2000, 0x2041, 0x2041, 0x1820, 0x2020, 0x2861, 0x2861, 0x2800, 0x4000, 0x6841, 0xc22a, 0xba6a, 0x2000, 0x1880, 0x0000, 0x0020, 
	0x0020, 0x0000, 0x1860, 0x1800, 0x3000, 0xb28a, 0xa9e7, 0x6000, 0x4800, 0x3800, 0x3020, 0x3061, 0x3041, 0x2020, 0x1820, 0x1840, 
	0x1820, 0x2041, 0x2000, 0x3800, 0x6000, 0xcaaa, 0xbaeb, 0x3800, 0x3000, 0x2000, 0x1800, 0x1820, 0x1820, 0x1800, 0x1000, 0x1800, 
	0x1821, 0x1821, 0x1021, 0x1021, 0x1021, 0x1021, 0x1041, 0x1041, 0x1841, 0x1000, 0x0800, 0x1020, 0x30c3, 0x2861, 0x2000, 0x2021, 
	0x1021, 0x1041, 0x1020, 0x1020, 0x1820, 0x1800, 0x1000, 0x1000, 0x0800, 0x0820, 0x0821, 0x0821, 0x0800, 0x0800, 0x0020, 0x0020, 
	0x0841, 0x0821, 0x0821, 0x0821, 0x0821, 0x0821, 0x0841, 0x0862, 0x0021, 0x0021, 0x0021, 0x0041, 0x0041, 0x0021, 0x0021, 0x0021, 
	0x0021, 0x0021, 0x0021, 0x0021, 0x0021, 0x0021, 0x0021, 0x0021, 0x0021, 0x0021, 0x0021, 0x0021, 0x0021, 0x0021, 0x0021, 0x0021, 
	0x0021, 0x0041, 0x0841, 0x0041, 0x0021, 0x0020, 0x0021, 0x0041, 0x0841, 0x0841, 0x0841, 0x0841, 0x0841, 0x0841, 0x0841, 0x0841, 
	0x0841, 0x0841, 0x0841, 0x0841, 0x0841, 0x0841, 0x0841, 0x0841, 0x0041, 0x0041, 0x0041, 0x0041, 0x0041, 0x0041, 0x0041, 0x0041, 
	0x0021, 0x0021, 0x0021, 0x0020, 0x0020, 0x0020, 0x0020, 0x0020, 0x0020, 0x0020, 0x0020, 0x0020, 0x0020, 0x0000, 0x0000, 0x0000, 
	0x0820, 0x1882, 0x1082, 0x0820, 0x0000, 0x0000, 0x0000, 0x0000, 0x0841, 0x0821, 0x0841, 0x18c3, 0x1082, 0x0000, 0x0000, 0x0000, 
	0x0000, 0x0000, 0x0000, 0x0000, 0x10a3, 0x1082, 0x1062, 0x1082, 0x0821, 0x0821, 0x0021, 0x0821, 0x0020, 0x0841, 0x1082, 0x0821, 
	0x0000, 0x0000, 0x0000, 0x0020, 0x0020, 0x0020, 0x0020, 0x0020, 0x0021, 0x0021, 0x0021, 0x0021, 0x0021, 0x0021, 0x0021, 0x0021, 
	0x0020, 0x0020, 0x0020, 0x0020, 0x0020, 0x0020, 0x0020, 0x0020, 0x0021, 0x0021, 0x0021, 0x0021, 0x0021, 0x0021, 0x0021, 0x0021, 
	0x0021, 0x0021, 0x0021, 0x0021, 0x0021, 0x0021, 0x0021, 0x0021, 0x0041, 0x0041, 0x0041, 0x0021, 0x0021, 0x0021, 0x0021, 0x0021, 
	0x0021, 0x0021, 0x0021, 0x0021, 0x0021, 0x0021, 0x0021, 0x0021, 0x0021, 0x0021, 0x0021, 0x0021, 0x0021, 0x0021, 0x0021, 0x0021, 
	0x0021, 0x0021, 0x0021, 0x0021, 0x0021, 0x0021, 0x0021, 0x0021, 0x0021, 0x0841, 0x0862, 0x0861, 0x0841, 0x0821, 0x0841, 0x0841, 
	0x0841, 0x0820, 0x0820, 0x1020, 0x1041, 0x1041, 0x0841, 0x0841, 0x1041, 0x1861, 0x1861, 0x1840, 0x2861, 0x2841, 0x1021, 0x0800, 
	0x1841, 0x1861, 0x1000, 0x1861, 0x1040, 0x0800, 0x0800, 0x2082, 0x2061, 0x1000, 0x1020, 0x1020, 0x1040, 0x1061, 0x1041, 0x1821, 
	0x1000, 0x1800, 0x1820, 0x1840, 0x1041, 0x1820, 0x2021, 0x2000, 0x2840, 0x3800, 0xba28, 0xd269, 0x6020, 0x4820, 0x3840, 0x3062, 
	0x2821, 0x2841, 0x2041, 0x1800, 0x1800, 0x2000, 0x2040, 0x3040, 0x4000, 0x6821, 0xdb0d, 0x9987, 0x1800, 0x1060, 0x0020, 0x0841, 
	0x0821, 0x0820, 0x1040, 0x2860, 0x2800, 0x8985, 0xaa08, 0x6000, 0x5000, 0x4040, 0x3020, 0x2000, 0x2000, 0x2000, 0x2040, 0x1840, 
	0x1820, 0x2841, 0x2800, 0x4000, 0x6000, 0xc2aa, 0xb2ca, 0x3000, 0x3000, 0x2000, 0x1800, 0x1820, 0x1820, 0x1000, 0x1000, 0x1800, 
	0x1801, 0x1801, 0x1020, 0x0820, 0x1000, 0x1020, 0x1040, 0x1040, 0x1841, 0x1000, 0x0800, 0x0800, 0x2062, 0x2021, 0x2021, 0x2882, 
	0x1021, 0x0800, 0x0800, 0x1020, 0x0800, 0x1000, 0x1061, 0x0840, 0x0000, 0x0020, 0x0821, 0x0821, 0x0801, 0x0001, 0x0020, 0x0020, 
	0x0821, 0x0821, 0x0821, 0x0821, 0x0821, 0x0821, 0x0841, 0x0862, 0x0021, 0x0021, 0x0021, 0x0041, 0x0041, 0x0021, 0x0021, 0x0021, 
	0x0021, 0x0021, 0x0021, 0x0021, 0x0021, 0x0021, 0x0021, 0x0021, 0x0021, 0x0021, 0x0021, 0x0021, 0x0021, 0x0021, 0x0021, 0x0021, 
	0x0021, 0x0041, 0x0041, 0x0041, 0x0021, 0x0021, 0x0041, 0x0041, 0x0021, 0x0021, 0x0021, 0x0021, 0x0021, 0x0021, 0x0021, 0x0021, 
	0x0021, 0x0021, 0x0021, 0x0021, 0x0021, 0x0021, 0x0021, 0x0021, 0x0020, 0x0020, 0x0020, 0x0020, 0x0020, 0x0020, 0x0020, 0x0020, 
	0x0021, 0x0021, 0x0021, 0x0020, 0x0020, 0x0020, 0x0020, 0x0020, 0x0020, 0x0020, 0x0020, 0x0020, 0x0020, 0x0000, 0x0000, 0x0000, 
	0x0841, 0x1062, 0x0841, 0x0841, 0x0841, 0x0000, 0x0020, 0x0841, 0x0841, 0x0841, 0x0861, 0x18c3, 0x1082, 0x0000, 0x0000, 0x0000, 
	0x0000, 0x0000, 0x0000, 0x0000, 0x18c3, 0x1062, 0x0841, 0x1082, 0x1082, 0x0841, 0x0000, 0x0000, 0x0821, 0x0862, 0x1082, 0x0000, 
	0x0000, 0x0000, 0x0000, 0x0020, 0x0020, 0x0020, 0x0020, 0x0020, 0x0021, 0x0021, 0x0021, 0x0021, 0x0021, 0x0021, 0x0021, 0x0021, 
	0x0020, 0x0020, 0x0020, 0x0020, 0x0020, 0x0020, 0x0020, 0x0020, 0x0020, 0x0020, 0x0020, 0x0020, 0x0020, 0x0020, 0x0020, 0x0020, 
	0x0020, 0x0020, 0x0020, 0x0020, 0x0020, 0x0020, 0x0020, 0x0020, 0x0021, 0x0841, 0x0861, 0x0841, 0x0021, 0x0020, 0x0021, 0x0041, 
	0x0021, 0x0021, 0x0021, 0x0021, 0x0021, 0x0021, 0x0021, 0x0021, 0x0021, 0x0021, 0x0021, 0x0021, 0x0021, 0x0021, 0x0021, 0x0021, 
	0x0021, 0x0021, 0x0041, 0x0041, 0x0041, 0x0041, 0x0021, 0x0021, 0x0841, 0x0821, 0x0821, 0x0821, 0x0021, 0x0821, 0x0821, 0x0841, 
	0x0021, 0x0020, 0x0020, 0x0820, 0x0841, 0x0841, 0x1041, 0x1021, 0x0800, 0x1020, 0x0880, 0x1060, 0x38a3, 0x2801, 0x0800, 0x0820, 
	0x0800, 0x1841, 0x1020, 0x2082, 0x1061, 0x0800, 0x0800, 0x1000, 0x2021, 0x1800, 0x1821, 0x1821, 0x0800, 0x0820, 0x1020, 0x2062, 
	0x1800, 0x1800, 0x1820, 0x1040, 0x1040, 0x1020, 0x1801, 0x2000, 0x2820, 0x3800, 0xc228, 0xd269, 0x6840, 0x4820, 0x3840, 0x2862, 
	0x2863, 0x2001, 0x1800, 0x2021, 0x2020, 0x1800, 0x1800, 0x3020, 0x4820, 0x6000, 0xd2ab, 0xb249, 0x1800, 0x1040, 0x1861, 0x0800, 
	0x0801, 0x1021, 0x0800, 0x1000, 0x3000, 0xa228, 0xa1a6, 0x6000, 0x4820, 0x3861, 0x2040, 0x1000, 0x1800, 0x2001, 0x2041, 0x2041, 
	0x1800, 0x3061, 0x3041, 0x4020, 0x6000, 0xba89, 0xaaca, 0x3000, 0x2801, 0x2001, 0x1800, 0x1020, 0x1020, 0x1020, 0x1000, 0x1020, 
	0x1000, 0x1000, 0x0800, 0x0800, 0x1000, 0x1000, 0x0800, 0x1000, 0x2041, 0x1821, 0x1861, 0x1041, 0x2062, 0x1800, 0x2020, 0x2082, 
	0x0000, 0x0001, 0x1021, 0x1841, 0x1000, 0x0800, 0x1041, 0x0000, 0x0800, 0x0821, 0x0821, 0x0821, 0x0021, 0x0021, 0x0021, 0x0821, 
	0x0821, 0x0821, 0x0821, 0x0821, 0x0821, 0x0821, 0x0841, 0x0862, 0x0021, 0x0021, 0x0021, 0x0041, 0x0041, 0x0021, 0x0021, 0x0021, 
	0x0021, 0x0021, 0x0021, 0x0021, 0x0021, 0x0021, 0x0021, 0x0021, 0x0021, 0x0021, 0x0021, 0x0021, 0x0021, 0x0021, 0x0021, 0x0021, 
	0x0021, 0x0021, 0x0021, 0x0021, 0x0841, 0x0841, 0x0841, 0x0841, 0x0020, 0x0020, 0x0020, 0x0020, 0x0020, 0x0020, 0x0020, 0x0020, 
	0x0020, 0x0020, 0x0020, 0x0020, 0x0020, 0x0020, 0x0020, 0x0020, 0x0020, 0x0020, 0x0020, 0x0020, 0x0020, 0x0020, 0x0020, 0x0020, 
	0x0021, 0x0021, 0x0021, 0x0020, 0x0020, 0x0020, 0x0020, 0x0020, 0x0020, 0x0020, 0x0020, 0x0020, 0x0020, 0x0000, 0x0000, 0x0000, 
	0x0820, 0x1062, 0x0841, 0x0821, 0x0841, 0x0841, 0x1062, 0x1082, 0x0841, 0x0841, 0x0841, 0x18c3, 0x10a2, 0x0000, 0x0000, 0x0000, 
	0x0000, 0x0000, 0x0000, 0x0821, 0x20c3, 0x1041, 0x1000, 0x1841, 0x1862, 0x1082, 0x0020, 0x0020, 0x0000, 0x0821, 0x1082, 0x0800, 
	0x0000, 0x0000, 0x0000, 0x0020, 0x0020, 0x0020, 0x0020, 0x0020, 0x0021, 0x0021, 0x0021, 0x0021, 0x0021, 0x0021, 0x0021, 0x0021, 
	0x0041, 0x0041, 0x0041, 0x0041, 0x0041, 0x0041, 0x0041, 0x0041, 0x0041, 0x0041, 0x0041, 0x0041, 0x0041, 0x0041, 0x0041, 0x0041, 
	0x0041, 0x0841, 0x0841, 0x0841, 0x0841, 0x0841, 0x0841, 0x0841, 0x0021, 0x0841, 0x0862, 0x0861, 0x0841, 0x0020, 0x0021, 0x0841, 
	0x0021, 0x0021, 0x0021, 0x0021, 0x0021, 0x0021, 0x0021, 0x0021, 0x0021, 0x0021, 0x0021, 0x0021, 0x0021, 0x0021, 0x0021, 0x0021, 
	0x0020, 0x0021, 0x0841, 0x0841, 0x0841, 0x0841, 0x0021, 0x0020, 0x0862, 0x0841, 0x0821, 0x0821, 0x0841, 0x1061, 0x0861, 0x0841, 
	0x0841, 0x0841, 0x0820, 0x0841, 0x0841, 0x1061, 0x1042, 0x1841, 0x1021, 0x1021, 0x0020, 0x0800, 0x4083, 0x3863, 0x2062, 0x1041, 
	0x1041, 0x1861, 0x0800, 0x1841, 0x1841, 0x1020, 0x1020, 0x2041, 0x3062, 0x2000, 0x1821, 0x1841, 0x1020, 0x0800, 0x0800, 0x1821, 
	0x1821, 0x1821, 0x1020, 0x1000, 0x0800, 0x1000, 0x2021, 0x2821, 0x3040, 0x4000, 0xca49, 0xda8a, 0x6840, 0x4820, 0x3020, 0x2821, 
	0x1800, 0x1801, 0x2021, 0x1821, 0x2020, 0x2841, 0x2840, 0x2800, 0x4020, 0x5800, 0xa166, 0xd36d, 0x4040, 0x1800, 0x1000, 0x2042, 
	0x1001, 0x1001, 0x1841, 0x1800, 0x7124, 0xdbcf, 0x7062, 0x4800, 0x3800, 0x2820, 0x1840, 0x1861, 0x2021, 0x1801, 0x1800, 0x2021, 
	0x2882, 0x3061, 0x2800, 0x3800, 0x5800, 0xc2aa, 0xaaea, 0x3000, 0x2801, 0x1800, 0x1000, 0x1020, 0x1020, 0x1020, 0x1000, 0x1020, 
	0x1000, 0x1021, 0x0841, 0x1041, 0x1021, 0x1821, 0x1020, 0x1000, 0x2041, 0x1800, 0x1020, 0x1020, 0x2082, 0x1800, 0x1800, 0x1000, 
	0x0801, 0x1083, 0x1842, 0x2062, 0x2882, 0x1000, 0x0820, 0x0841, 0x0820, 0x0821, 0x0821, 0x0841, 0x0041, 0x0041, 0x0821, 0x0821, 
	0x0821, 0x0821, 0x0821, 0x0821, 0x0821, 0x0821, 0x0841, 0x0861, 0x0020, 0x0021, 0x0021, 0x0041, 0x0041, 0x0021, 0x0021, 0x0020, 
	0x0021, 0x0021, 0x0021, 0x0021, 0x0021, 0x0021, 0x0021, 0x0021, 0x0021, 0x0021, 0x0021, 0x0021, 0x0021, 0x0021, 0x0021, 0x0021, 
	0x0021, 0x0020, 0x0020, 0x0021, 0x0841, 0x0841, 0x0841, 0x0841, 0x0041, 0x0041, 0x0041, 0x0041, 0x0041, 0x0041, 0x0041, 0x0041, 
	0x0041, 0x0041, 0x0041, 0x0041, 0x0041, 0x0041, 0x0041, 0x0041, 0x0021, 0x0021, 0x0021, 0x0021, 0x0021, 0x0021, 0x0021, 0x0021, 
	0x0021, 0x0021, 0x0021, 0x0020, 0x0020, 0x0020, 0x0020, 0x0020, 0x0020, 0x0020, 0x0020, 0x0020, 0x0020, 0x0000, 0x0000, 0x0000, 
	0x0000, 0x1882, 0x1041, 0x0000, 0x0020, 0x0841, 0x18a2, 0x1082, 0x1041, 0x1021, 0x1020, 0x1882, 0x18a2, 0x0000, 0x0000, 0x0000, 
	0x0000, 0x0000, 0x0020, 0x0000, 0x1861, 0x38c3, 0x48c4, 0x1800, 0x2061, 0x0820, 0x0881, 0x08a1, 0x0000, 0x0800, 0x1862, 0x0800, 
	0x0000, 0x0000, 0x0020, 0x0020, 0x0000, 0x0000, 0x0020, 0x0021, 0x0021, 0x0021, 0x0021, 0x0021, 0x0021, 0x0021, 0x0021, 0x0021, 
	0x0021, 0x0021, 0x0021, 0x0021, 0x0021, 0x0021, 0x0021, 0x0021, 0x0021, 0x0021, 0x0021, 0x0021, 0x0021, 0x0021, 0x0021, 0x0021, 
	0x0821, 0x0821, 0x0821, 0x0821, 0x0821, 0x0821, 0x0821, 0x0821, 0x0841, 0x0821, 0x0821, 0x0841, 0x1062, 0x1062, 0x0821, 0x0000, 
	0x0841, 0x0841, 0x0841, 0x0021, 0x0021, 0x0021, 0x0021, 0x0020, 0x0021, 0x0021, 0x0021, 0x0021, 0x0021, 0x0021, 0x0021, 0x0021, 
	0x0021, 0x0020, 0x0020, 0x0020, 0x0020, 0x0020, 0x0820, 0x0820, 0x0841, 0x0821, 0x0000, 0x0020, 0x0841, 0x0820, 0x0000, 0x0841, 
	0x0841, 0x0041, 0x0820, 0x0821, 0x0821, 0x1041, 0x1041, 0x1041, 0x1020, 0x1020, 0x1000, 0x2001, 0x3842, 0x3842, 0x2041, 0x1040, 
	0x1020, 0x1882, 0x1041, 0x1020, 0x1020, 0x1000, 0x1041, 0x1821, 0x38c4, 0x2000, 0x1000, 0x1861, 0x1041, 0x0820, 0x0800, 0x0800, 
	0x1021, 0x1000, 0x1000, 0x1841, 0x1841, 0x1020, 0x1800, 0x2020, 0x2800, 0x4000, 0xca69, 0xd269, 0x6840, 0x4820, 0x3841, 0x2820, 
	0x2000, 0x2020, 0x1800, 0x1841, 0x2041, 0x1800, 0x3020, 0x3821, 0x3800, 0x4000, 0x6800, 0xcaeb, 0xbb4b, 0x3800, 0x1000, 0x1021, 
	0x1001, 0x1841, 0x1000, 0x4061, 0xdbef, 0xa9e7, 0x6041, 0x4000, 0x2800, 0x2000, 0x2040, 0x2060, 0x2840, 0x2020, 0x1840, 0x1840, 
	0x1800, 0x2020, 0x2821, 0x3800, 0x6000, 0xba89, 0xb2ea, 0x3800, 0x2821, 0x1820, 0x1820, 0x1840, 0x1840, 0x1020, 0x1020, 0x1020, 
	0x1821, 0x1841, 0x0861, 0x0020, 0x1020, 0x1000, 0x1000, 0x30c3, 0x3082, 0x1800, 0x1061, 0x0840, 0x1841, 0x1800, 0x2041, 0x2062, 
	0x0801, 0x1022, 0x1820, 0x2862, 0x30a2, 0x2041, 0x1041, 0x0821, 0x0820, 0x0821, 0x1021, 0x1021, 0x0021, 0x0020, 0x0020, 0x0820, 
	0x0841, 0x0000, 0x0820, 0x0841, 0x0820, 0x0820, 0x0841, 0x0841, 0x0820, 0x0820, 0x0020, 0x0020, 0x0020, 0x0020, 0x0020, 0x0021, 
	0x0020, 0x0021, 0x0021, 0x0021, 0x0021, 0x0021, 0x0021, 0x0021, 0x0841, 0x0021, 0x0021, 0x0020, 0x0020, 0x0021, 0x0841, 0x0841, 
	0x0020, 0x0821, 0x0821, 0x0841, 0x0841, 0x0841, 0x0821, 0x0020, 0x0821, 0x0821, 0x0821, 0x0021, 0x0021, 0x0021, 0x0021, 0x0021, 
	0x0021, 0x0021, 0x0021, 0x0021, 0x0021, 0x0021, 0x0021, 0x0021, 0x0021, 0x0021, 0x0021, 0x0021, 0x0021, 0x0021, 0x0021, 0x0021, 
	0x0021, 0x0021, 0x0021, 0x0021, 0x0021, 0x0020, 0x0020, 0x0020, 0x0020, 0x0020, 0x0020, 0x0020, 0x0020, 0x0000, 0x0000, 0x0000, 
	0x0820, 0x1041, 0x1021, 0x0000, 0x1081, 0x18e2, 0x0020, 0x1040, 0x1800, 0x3862, 0x38a3, 0x3082, 0x1020, 0x0000, 0x0040, 0x0000, 
	0x0000, 0x0000, 0x0040, 0x0020, 0x2041, 0x40c3, 0x7187, 0x6966, 0x1800, 0x1840, 0x10a1, 0x0881, 0x1081, 0x0841, 0x0800, 0x0800, 
	0x0000, 0x0000, 0x0020, 0x0020, 0x0000, 0x0000, 0x0020, 0x0021, 0x0021, 0x0021, 0x0021, 0x0021, 0x0021, 0x0021, 0x0021, 0x0021, 
	0x0021, 0x0021, 0x0021, 0x0021, 0x0021, 0x0021, 0x0021, 0x0021, 0x0021, 0x0021, 0x0021, 0x0021, 0x0021, 0x0021, 0x0021, 0x0021, 
	0x0821, 0x0821, 0x0821, 0x0821, 0x0821, 0x0821, 0x0821, 0x0821, 0x0841, 0x0821, 0x0020, 0x0821, 0x0841, 0x0861, 0x0841, 0x0841, 
	0x0021, 0x0021, 0x0021, 0x0841, 0x0841, 0x0841, 0x0021, 0x0021, 0x0021, 0x0021, 0x0021, 0x0021, 0x0021, 0x0021, 0x0021, 0x0021, 
	0x0020, 0x0020, 0x0020, 0x0020, 0x0020, 0x0020, 0x0820, 0x0820, 0x0841, 0x0841, 0x0820, 0x0820, 0x0841, 0x0820, 0x0800, 0x0841, 
	0x0861, 0x0040, 0x0820, 0x0801, 0x0821, 0x1041, 0x1040, 0x1040, 0x0800, 0x1000, 0x1800, 0x2862, 0x3883, 0x3042, 0x1800, 0x0800, 
	0x0800, 0x1861, 0x1061, 0x1061, 0x1861, 0x1841, 0x1020, 0x1000, 0x3083, 0x2801, 0x1000, 0x1041, 0x1061, 0x1041, 0x1040, 0x0820, 
	0x1021, 0x1021, 0x1020, 0x1000, 0x1020, 0x1820, 0x1820, 0x2020, 0x3021, 0x4000, 0xca48, 0xd248, 0x6000, 0x4000, 0x3000, 0x2000, 
	0x2000, 0x2020, 0x1821, 0x1861, 0x2081, 0x2061, 0x3041, 0x2800, 0x2000, 0x50a2, 0x6820, 0x90e3, 0xcaea, 0x9a48, 0x3061, 0x1001, 
	0x2042, 0x1000, 0x5986, 0xb38d, 0xba69, 0x7800, 0x5800, 0x4021, 0x2800, 0x2000, 0x2020, 0x2040, 0x2840, 0x2040, 0x1840, 0x1840, 
	0x1800, 0x2021, 0x2821, 0x3800, 0x6000, 0xba69, 0xb2ca, 0x3800, 0x2820, 0x1820, 0x1020, 0x1840, 0x1820, 0x1020, 0x1020, 0x1020, 
	0x1000, 0x1020, 0x0020, 0x0020, 0x1841, 0x1800, 0x1800, 0x30a3, 0x2041, 0x1000, 0x0820, 0x0840, 0x1841, 0x1800, 0x2062, 0x2062, 
	0x1001, 0x1842, 0x1800, 0x2040, 0x2861, 0x2000, 0x1020, 0x0821, 0x0820, 0x0820, 0x1021, 0x1021, 0x0821, 0x0020, 0x0020, 0x0820, 
	0x0841, 0x0800, 0x0820, 0x0841, 0x0820, 0x0820, 0x0841, 0x0841, 0x0820, 0x0820, 0x0020, 0x0020, 0x0020, 0x0020, 0x0020, 0x0020, 
	0x0021, 0x0021, 0x0021, 0x0021, 0x0021, 0x0021, 0x0021, 0x0021, 0x0841, 0x0841, 0x0841, 0x0841, 0x0021, 0x0021, 0x0021, 0x0020, 
	0x0821, 0x0821, 0x0821, 0x0841, 0x0841, 0x0821, 0x0821, 0x0821, 0x0821, 0x0821, 0x0821, 0x0021, 0x0021, 0x0021, 0x0021, 0x0021, 
	0x0021, 0x0021, 0x0021, 0x0021, 0x0021, 0x0021, 0x0021, 0x0021, 0x0021, 0x0021, 0x0021, 0x0021, 0x0021, 0x0021, 0x0021, 0x0021, 
	0x0021, 0x0021, 0x0021, 0x0021, 0x0021, 0x0020, 0x0020, 0x0020, 0x0020, 0x0020, 0x0020, 0x0020, 0x0020, 0x0000, 0x0000, 0x0000, 
	0x0000, 0x1041, 0x1020, 0x20c2, 0x10a1, 0x0820, 0x2081, 0x1000, 0x3821, 0x7a09, 0x5966, 0x2021, 0x1881, 0x0020, 0x0000, 0x0020, 
	0x0000, 0x0000, 0x0020, 0x0000, 0x1020, 0x2841, 0x6146, 0x79e9, 0x50a4, 0x2800, 0x1000, 0x1841, 0x1882, 0x0861, 0x0021, 0x0020, 
	0x0000, 0x0000, 0x0020, 0x0020, 0x0000, 0x0000, 0x0020, 0x0021, 0x0021, 0x0021, 0x0021, 0x0021, 0x0021, 0x0021, 0x0021, 0x0021, 
	0x0021, 0x0021, 0x0021, 0x0021, 0x0021, 0x0021, 0x0021, 0x0021, 0x0021, 0x0021, 0x0021, 0x0021, 0x0021, 0x0021, 0x0021, 0x0021, 
	0x0021, 0x0821, 0x0821, 0x0821, 0x0821, 0x0821, 0x0821, 0x0821, 0x0821, 0x0021, 0x0020, 0x0020, 0x0821, 0x0841, 0x0861, 0x1062, 
	0x0020, 0x0020, 0x0021, 0x0841, 0x0841, 0x0841, 0x0841, 0x0841, 0x0021, 0x0021, 0x0021, 0x0021, 0x0021, 0x0021, 0x0021, 0x0021, 
	0x0020, 0x0020, 0x0020, 0x0020, 0x0020, 0x0020, 0x0820, 0x0820, 0x0841, 0x0841, 0x0821, 0x0821, 0x0841, 0x0821, 0x0820, 0x1041, 
	0x0841, 0x0840, 0x0021, 0x0021, 0x0821, 0x0820, 0x1020, 0x1020, 0x1040, 0x0800, 0x1020, 0x2082, 0x2882, 0x2041, 0x1000, 0x0800, 
	0x1000, 0x1861, 0x1861, 0x1861, 0x1861, 0x1841, 0x1020, 0x1000, 0x2842, 0x2862, 0x1000, 0x1000, 0x1041, 0x1041, 0x1041, 0x0800, 
	0x1021, 0x1041, 0x1821, 0x1000, 0x1000, 0x1840, 0x2040, 0x2020, 0x3041, 0x4000, 0xc228, 0xca28, 0x6000, 0x4000, 0x3020, 0x2000, 
	0x2020, 0x2041, 0x1020, 0x1841, 0x1861, 0x2081, 0x2861, 0x2000, 0x3041, 0x4020, 0x6020, 0x6000, 0xa124, 0xd32d, 0x5905, 0x1000, 
	0x1801, 0x1800, 0x71e8, 0xcbcf, 0x90e3, 0x6800, 0x5000, 0x4821, 0x3822, 0x3021, 0x2040, 0x2020, 0x2020, 0x2020, 0x1820, 0x1020, 
	0x1820, 0x2021, 0x2820, 0x3800, 0x6000, 0xba48, 0xaaca, 0x3800, 0x2820, 0x1800, 0x1000, 0x1020, 0x1020, 0x1020, 0x1020, 0x1020, 
	0x1020, 0x0800, 0x0000, 0x0820, 0x1041, 0x1800, 0x1800, 0x2862, 0x1800, 0x1000, 0x0800, 0x1041, 0x1841, 0x1000, 0x2062, 0x2042, 
	0x1022, 0x1842, 0x1800, 0x2040, 0x3061, 0x1800, 0x0800, 0x0821, 0x0020, 0x0820, 0x1020, 0x1021, 0x0821, 0x0020, 0x0020, 0x0820, 
	0x0841, 0x0800, 0x0820, 0x0841, 0x0820, 0x0820, 0x0841, 0x0841, 0x0820, 0x0820, 0x0020, 0x0020, 0x0020, 0x0020, 0x0020, 0x0020, 
	0x0841, 0x0841, 0x0841, 0x0841, 0x0841, 0x0841, 0x0841, 0x0841, 0x0841, 0x0841, 0x0841, 0x0841, 0x0841, 0x0021, 0x0020, 0x0000, 
	0x0841, 0x0841, 0x0841, 0x0821, 0x0821, 0x0821, 0x0821, 0x0021, 0x0021, 0x0021, 0x0021, 0x0021, 0x0041, 0x0041, 0x0041, 0x0041, 
	0x0021, 0x0021, 0x0021, 0x0021, 0x0021, 0x0021, 0x0021, 0x0021, 0x0021, 0x0021, 0x0021, 0x0021, 0x0021, 0x0021, 0x0021, 0x0021, 
	0x0021, 0x0021, 0x0021, 0x0021, 0x0021, 0x0020, 0x0020, 0x0020, 0x0020, 0x0020, 0x0020, 0x0020, 0x0020, 0x0000, 0x0000, 0x0000, 
	0x0000, 0x0841, 0x0840, 0x0840, 0x1881, 0x2020, 0x2800, 0x4801, 0x922a, 0x71a7, 0x3041, 0x1000, 0x0881, 0x0040, 0x0000, 0x0000, 
	0x0000, 0x0000, 0x0000, 0x0000, 0x1041, 0x1820, 0x3842, 0x4883, 0x8a0a, 0x5084, 0x2800, 0x1800, 0x1020, 0x1081, 0x0882, 0x0000, 
	0x0000, 0x0000, 0x0020, 0x0020, 0x0000, 0x0000, 0x0020, 0x0021, 0x0021, 0x0021, 0x0021, 0x0021, 0x0021, 0x0021, 0x0021, 0x0021, 
	0x0021, 0x0021, 0x0021, 0x0021, 0x0021, 0x0021, 0x0021, 0x0021, 0x0021, 0x0021, 0x0021, 0x0021, 0x0021, 0x0021, 0x0021, 0x0021, 
	0x0021, 0x0021, 0x0021, 0x0021, 0x0021, 0x0021, 0x0021, 0x0021, 0x0021, 0x0021, 0x0021, 0x0021, 0x0021, 0x0041, 0x0861, 0x0882, 
	0x0021, 0x0021, 0x0021, 0x0021, 0x0841, 0x0841, 0x0841, 0x0841, 0x0021, 0x0021, 0x0021, 0x0021, 0x0021, 0x0021, 0x0021, 0x0021, 
	0x0020, 0x0020, 0x0020, 0x0020, 0x0020, 0x0020, 0x0820, 0x0820, 0x0821, 0x0841, 0x0821, 0x0820, 0x0841, 0x0821, 0x0820, 0x1041, 
	0x1041, 0x0820, 0x0021, 0x0021, 0x0821, 0x0820, 0x1020, 0x1020, 0x1040, 0x0820, 0x1020, 0x1840, 0x1820, 0x1820, 0x1841, 0x1841, 
	0x1041, 0x1861, 0x1041, 0x1020, 0x1021, 0x1841, 0x1020, 0x1000, 0x2021, 0x2882, 0x1000, 0x1000, 0x1041, 0x1020, 0x1040, 0x0800, 
	0x1021, 0x1021, 0x1020, 0x1000, 0x1000, 0x1840, 0x2040, 0x2020, 0x3041, 0x4000, 0xc228, 0xca28, 0x6020, 0x4820, 0x3841, 0x2841, 
	0x2020, 0x2041, 0x1000, 0x1020, 0x1020, 0x1820, 0x2040, 0x2000, 0x2800, 0x4041, 0x5020, 0x5000, 0xb165, 0xcacb, 0x2800, 0x1000, 
	0x1800, 0x2000, 0x4882, 0xaa69, 0x8881, 0x7000, 0x5000, 0x4000, 0x3821, 0x3021, 0x2020, 0x1820, 0x2020, 0x2020, 0x1840, 0x1820, 
	0x1820, 0x2841, 0x2821, 0x3800, 0x6000, 0xba48, 0xaaca, 0x3800, 0x2820, 0x1800, 0x1000, 0x1020, 0x1020, 0x1000, 0x1000, 0x1020, 
	0x1020, 0x1000, 0x0800, 0x0820, 0x1020, 0x1000, 0x1800, 0x2842, 0x1000, 0x1020, 0x1000, 0x1841, 0x1841, 0x1000, 0x2041, 0x1801, 
	0x1021, 0x1842, 0x1820, 0x3081, 0x3882, 0x2000, 0x1000, 0x0000, 0x0020, 0x0040, 0x1020, 0x1020, 0x0820, 0x0020, 0x0020, 0x0840, 
	0x0841, 0x0800, 0x0820, 0x0841, 0x0820, 0x0820, 0x0841, 0x0841, 0x0820, 0x0820, 0x0020, 0x0020, 0x0020, 0x0020, 0x0020, 0x0020, 
	0x0841, 0x0841, 0x0841, 0x0841, 0x0841, 0x0841, 0x0841, 0x0841, 0x0841, 0x0841, 0x0841, 0x0841, 0x0841, 0x0021, 0x0021, 0x0020, 
	0x0841, 0x0841, 0x0841, 0x0021, 0x0021, 0x0021, 0x0021, 0x0021, 0x0021, 0x0041, 0x0041, 0x0041, 0x0041, 0x0041, 0x0041, 0x0041, 
	0x0041, 0x0021, 0x0021, 0x0021, 0x0021, 0x0021, 0x0021, 0x0021, 0x0021, 0x0021, 0x0021, 0x0021, 0x0021, 0x0021, 0x0021, 0x0021, 
	0x0021, 0x0021, 0x0021, 0x0021, 0x0021, 0x0020, 0x0020, 0x0020, 0x0020, 0x0020, 0x0020, 0x0020, 0x0020, 0x0000, 0x0000, 0x0000, 
	0x0000, 0x0841, 0x10e2, 0x0820, 0x1000, 0x2800, 0x4801, 0x91c9, 0x8187, 0x3000, 0x1000, 0x18e2, 0x0081, 0x0020, 0x0020, 0x0000, 
	0x0000, 0x0000, 0x0000, 0x0000, 0x10a2, 0x1881, 0x1820, 0x2800, 0x58c4, 0x79c9, 0x5926, 0x2000, 0x1000, 0x10a2, 0x0861, 0x0000, 
	0x0000, 0x0000, 0x0020, 0x0020, 0x0000, 0x0000, 0x0020, 0x0021, 0x0021, 0x0021, 0x0021, 0x0021, 0x0021, 0x0021, 0x0021, 0x0021, 
	0x0021, 0x0021, 0x0021, 0x0021, 0x0021, 0x0021, 0x0021, 0x0021, 0x0021, 0x0021, 0x0021, 0x0021, 0x0021, 0x0021, 0x0021, 0x0021, 
	0x0041, 0x0041, 0x0041, 0x0041, 0x0041, 0x0041, 0x0041, 0x0041, 0x0020, 0x0041, 0x0041, 0x0041, 0x0021, 0x0021, 0x0041, 0x0841, 
	0x0861, 0x0841, 0x0841, 0x0021, 0x0020, 0x0021, 0x0841, 0x0841, 0x0021, 0x0021, 0x0021, 0x0021, 0x0021, 0x0021, 0x0021, 0x0021, 
	0x0020, 0x0020, 0x0020, 0x0020, 0x0020, 0x0020, 0x0820, 0x0820, 0x0020, 0x0841, 0x0820, 0x0820, 0x0841, 0x0821, 0x0800, 0x0820, 
	0x1041, 0x1020, 0x0041, 0x0041, 0x0021, 0x0820, 0x0820, 0x0820, 0x0000, 0x0820, 0x1020, 0x1820, 0x1800, 0x1800, 0x1820, 0x1841, 
	0x1041, 0x1041, 0x1020, 0x1000, 0x1000, 0x1041, 0x1020, 0x1000, 0x2882, 0x30e4, 0x2041, 0x1821, 0x1861, 0x1020, 0x0820, 0x0820, 
	0x1021, 0x1000, 0x1000, 0x1821, 0x1841, 0x1020, 0x1820, 0x2020, 0x3021, 0x4000, 0xc228, 0xca28, 0x6820, 0x4820, 0x3841, 0x2820, 
	0x2000, 0x1821, 0x1021, 0x1041, 0x1800, 0x1000, 0x2020, 0x2020, 0x2820, 0x4061, 0x4840, 0x5820, 0xba07, 0xa1e7, 0x1800, 0x1040, 
	0x1821, 0x1800, 0x3000, 0xbb0b, 0xa143, 0x6800, 0x5040, 0x3840, 0x3041, 0x2820, 0x1820, 0x1820, 0x2020, 0x2021, 0x1840, 0x1840, 
	0x2041, 0x2841, 0x2841, 0x3800, 0x6000, 0xba48, 0xb2ca, 0x3800, 0x2820, 0x1800, 0x1000, 0x1020, 0x1020, 0x1000, 0x1000, 0x1020, 
	0x1020, 0x1020, 0x1020, 0x1020, 0x0800, 0x0800, 0x2001, 0x2842, 0x0800, 0x1020, 0x1000, 0x1841, 0x1020, 0x1020, 0x1841, 0x1000, 
	0x1001, 0x1021, 0x1820, 0x3081, 0x3882, 0x2000, 0x1000, 0x0020, 0x0040, 0x0040, 0x0820, 0x0820, 0x0800, 0x0820, 0x0040, 0x0840, 
	0x0841, 0x0800, 0x0821, 0x0841, 0x0820, 0x0821, 0x0841, 0x0821, 0x0820, 0x0820, 0x0020, 0x0020, 0x0020, 0x0020, 0x0020, 0x0020, 
	0x0021, 0x0021, 0x0021, 0x0021, 0x0021, 0x0021, 0x0021, 0x0021, 0x0841, 0x0021, 0x0021, 0x0021, 0x0021, 0x0841, 0x0841, 0x0841, 
	0x0861, 0x0841, 0x0841, 0x0021, 0x0021, 0x0021, 0x0041, 0x0041, 0x0041, 0x0041, 0x0041, 0x0041, 0x0041, 0x0041, 0x0041, 0x0041, 
	0x0041, 0x0021, 0x0021, 0x0021, 0x0021, 0x0021, 0x0021, 0x0021, 0x0021, 0x0021, 0x0021, 0x0021, 0x0021, 0x0021, 0x0021, 0x0021, 
	0x0021, 0x0021, 0x0021, 0x0021, 0x0021, 0x0020, 0x0020, 0x0020, 0x0020, 0x0020, 0x0020, 0x0020, 0x0020, 0x0000, 0x0000, 0x0000, 
	0x0020, 0x0841, 0x0861, 0x1882, 0x1800, 0x4042, 0x8a0a, 0x7967, 0x2800, 0x2000, 0x1040, 0x10c2, 0x08a1, 0x0000, 0x0000, 0x0000, 
	0x0000, 0x0000, 0x0000, 0x0000, 0x10a1, 0x10a2, 0x1861, 0x2020, 0x2800, 0x5926, 0x61a7, 0x38a3, 0x0800, 0x0861, 0x0861, 0x0000, 
	0x0000, 0x0000, 0x0020, 0x0020, 0x0000, 0x0000, 0x0020, 0x0021, 0x0021, 0x0021, 0x0021, 0x0021, 0x0021, 0x0021, 0x0021, 0x0021, 
	0x0021, 0x0021, 0x0021, 0x0021, 0x0021, 0x0021, 0x0021, 0x0021, 0x0021, 0x0021, 0x0021, 0x0021, 0x0021, 0x0021, 0x0021, 0x0041, 
	0x0041, 0x0041, 0x0041, 0x0041, 0x0041, 0x0041, 0x0041, 0x0041, 0x0021, 0x0041, 0x0841, 0x0841, 0x0041, 0x0020, 0x0021, 0x0041, 
	0x0861, 0x0841, 0x0841, 0x0021, 0x0021, 0x0021, 0x0841, 0x0841, 0x0021, 0x0021, 0x0021, 0x0021, 0x0021, 0x0021, 0x0021, 0x0021, 
	0x0020, 0x0020, 0x0020, 0x0020, 0x0020, 0x0020, 0x0820, 0x0820, 0x0000, 0x0841, 0x0820, 0x0000, 0x0821, 0x0821, 0x0800, 0x0800, 
	0x1840, 0x1020, 0x0021, 0x0041, 0x0041, 0x0840, 0x0820, 0x0820, 0x0020, 0x0820, 0x1000, 0x2000, 0x3000, 0x2800, 0x1000, 0x1041, 
	0x1020, 0x1020, 0x1841, 0x1821, 0x1020, 0x1841, 0x1020, 0x1000, 0x0800, 0x1841, 0x1800, 0x1000, 0x1020, 0x1020, 0x0800, 0x1041, 
	0x1021, 0x1000, 0x1000, 0x1841, 0x1841, 0x1020, 0x1800, 0x2020, 0x3020, 0x4000, 0xc228, 0xca28, 0x6020, 0x4000, 0x3000, 0x2000, 
	0x1800, 0x1841, 0x1841, 0x2082, 0x2041, 0x1800, 0x1820, 0x2040, 0x3061, 0x3820, 0x4000, 0x6060, 0xb1e6, 0x8944, 0x2840, 0x0020, 
	0x0800, 0x1800, 0x2800, 0xb2ea, 0xba47, 0x6800, 0x4840, 0x3860, 0x3040, 0x2841, 0x1840, 0x1840, 0x2020, 0x2021, 0x1820, 0x1820, 
	0x2041, 0x2841, 0x2841, 0x3800, 0x6000, 0xba68, 0xb2ca, 0x3800, 0x2820, 0x1800, 0x1000, 0x1020, 0x1020, 0x1020, 0x1020, 0x1020, 
	0x0800, 0x1000, 0x1000, 0x1000, 0x0800, 0x1020, 0x2862, 0x2842, 0x0800, 0x0820, 0x1800, 0x2021, 0x1000, 0x1861, 0x1841, 0x1000, 
	0x0800, 0x1000, 0x1800, 0x3041, 0x3862, 0x2000, 0x1000, 0x0821, 0x0040, 0x0040, 0x0820, 0x0820, 0x0820, 0x0820, 0x0840, 0x0841, 
	0x0820, 0x0820, 0x0821, 0x0821, 0x0000, 0x0841, 0x0861, 0x0821, 0x0820, 0x0820, 0x0020, 0x0020, 0x0020, 0x0020, 0x0020, 0x0020, 
	0x0021, 0x0021, 0x0021, 0x0021, 0x0021, 0x0021, 0x0021, 0x0021, 0x0841, 0x0021, 0x0021, 0x0021, 0x0021, 0x0841, 0x0861, 0x0861, 
	0x0841, 0x0841, 0x0041, 0x0021, 0x0021, 0x0021, 0x0041, 0x0041, 0x0041, 0x0041, 0x0041, 0x0041, 0x0041, 0x0041, 0x0041, 0x0041, 
	0x0041, 0x0021, 0x0021, 0x0021, 0x0021, 0x0021, 0x0021, 0x0021, 0x0021, 0x0021, 0x0021, 0x0021, 0x0021, 0x0021, 0x0021, 0x0021, 
	0x0021, 0x0021, 0x0021, 0x0021, 0x0021, 0x0020, 0x0020, 0x0020, 0x0020, 0x0020, 0x0020, 0x0020, 0x0020, 0x0000, 0x0000, 0x0000, 
	0x0841, 0x0820, 0x0820, 0x0800, 0x3042, 0x69a7, 0x71a8, 0x2800, 0x1800, 0x1881, 0x0860, 0x0860, 0x1081, 0x0820, 0x0000, 0x0000, 
	0x0000, 0x0000, 0x0800, 0x0000, 0x0861, 0x08a1, 0x08a1, 0x1081, 0x2041, 0x2000, 0x38c3, 0x3104, 0x0820, 0x0841, 0x1882, 0x0000, 
	0x0000, 0x0000, 0x0020, 0x0020, 0x0000, 0x0000, 0x0020, 0x0021, 0x0021, 0x0021, 0x0021, 0x0021, 0x0021, 0x0021, 0x0021, 0x0021, 
	0x0021, 0x0021, 0x0021, 0x0021, 0x0021, 0x0021, 0x0021, 0x0021, 0x0021, 0x0021, 0x0021, 0x0021, 0x0021, 0x0021, 0x0021, 0x0021, 
	0x0041, 0x0041, 0x0041, 0x0041, 0x0041, 0x0041, 0x0041, 0x0041, 0x0041, 0x0041, 0x0041, 0x0041, 0x0041, 0x0021, 0x0021, 0x0021, 
	0x0841, 0x0841, 0x0841, 0x0841, 0x0841, 0x0841, 0x0841, 0x0841, 0x0021, 0x0021, 0x0021, 0x0021, 0x0021, 0x0021, 0x0021, 0x0021, 
	0x0020, 0x0020, 0x0020, 0x0020, 0x0020, 0x0020, 0x0820, 0x0820, 0x0000, 0x0841, 0x0841, 0x0820, 0x0841, 0x0841, 0x0820, 0x0800, 
	0x1840, 0x1020, 0x0821, 0x0041, 0x0041, 0x0841, 0x0840, 0x0841, 0x0861, 0x1021, 0x2000, 0x4041, 0x68a3, 0x5021, 0x1800, 0x1041, 
	0x1020, 0x1000, 0x2041, 0x2041, 0x1020, 0x1861, 0x1821, 0x1000, 0x1041, 0x28c3, 0x38e4, 0x2021, 0x1000, 0x1061, 0x0800, 0x1020, 
	0x1021, 0x1021, 0x1020, 0x1020, 0x1020, 0x1020, 0x1820, 0x2020, 0x2800, 0x4000, 0xc228, 0xca28, 0x6000, 0x4000, 0x3000, 0x2000, 
	0x1800, 0x2041, 0x1841, 0x2062, 0x2041, 0x1820, 0x1840, 0x2040, 0x1800, 0x4061, 0x4800, 0x6020, 0xd2eb, 0x78c3, 0x1800, 0x0820, 
	0x0000, 0x1820, 0x2000, 0x7964, 0xca89, 0x7820, 0x5020, 0x3840, 0x2800, 0x2800, 0x2020, 0x2040, 0x2041, 0x2021, 0x2020, 0x2020, 
	0x2020, 0x2841, 0x2841, 0x3800, 0x6000, 0xba68, 0xb2ca, 0x3800, 0x2820, 0x1820, 0x1020, 0x1840, 0x1820, 0x1020, 0x1020, 0x1040, 
	0x0800, 0x1020, 0x1000, 0x1000, 0x0800, 0x2062, 0x30c3, 0x2021, 0x0800, 0x1000, 0x2041, 0x2021, 0x1000, 0x2082, 0x1021, 0x1020, 
	0x1000, 0x1820, 0x2000, 0x3861, 0x4082, 0x2000, 0x0800, 0x0821, 0x0020, 0x0040, 0x0820, 0x0820, 0x0800, 0x0820, 0x0820, 0x0841, 
	0x0820, 0x0820, 0x0821, 0x0820, 0x0000, 0x0841, 0x0861, 0x0820, 0x0820, 0x0820, 0x0020, 0x0020, 0x0020, 0x0020, 0x0020, 0x0020, 
	0x0841, 0x0841, 0x0841, 0x0841, 0x0841, 0x0841, 0x0841, 0x0841, 0x0841, 0x0841, 0x0841, 0x0841, 0x0841, 0x0841, 0x0841, 0x0841, 
	0x0841, 0x0841, 0x0841, 0x0841, 0x0021, 0x0041, 0x0041, 0x0041, 0x0041, 0x0041, 0x0041, 0x0041, 0x0041, 0x0041, 0x0041, 0x0041, 
	0x0041, 0x0021, 0x0021, 0x0021, 0x0021, 0x0021, 0x0021, 0x0021, 0x0021, 0x0021, 0x0021, 0x0021, 0x0021, 0x0021, 0x0021, 0x0021, 
	0x0021, 0x0021, 0x0021, 0x0021, 0x0021, 0x0020, 0x0020, 0x0020, 0x0020, 0x0020, 0x0020, 0x0020, 0x0020, 0x0000, 0x0000, 0x0000, 
	0x0000, 0x1041, 0x18a2, 0x0800, 0x2842, 0x4925, 0x2000, 0x0800, 0x1081, 0x0880, 0x08a1, 0x18e3, 0x1061, 0x0000, 0x0000, 0x0000, 
	0x0000, 0x0000, 0x0800, 0x0000, 0x0881, 0x08a2, 0x08c2, 0x10a1, 0x1881, 0x1861, 0x1041, 0x1041, 0x0861, 0x1082, 0x1061, 0x0820, 
	0x0000, 0x0000, 0x0020, 0x0020, 0x0000, 0x0000, 0x0020, 0x0021, 0x0021, 0x0021, 0x0021, 0x0021, 0x0021, 0x0021, 0x0021, 0x0021, 
	0x0021, 0x0021, 0x0021, 0x0021, 0x0021, 0x0021, 0x0021, 0x0021, 0x0021, 0x0021, 0x0021, 0x0021, 0x0021, 0x0021, 0x0021, 0x0021, 
	0x0021, 0x0021, 0x0021, 0x0021, 0x0021, 0x0021, 0x0021, 0x0021, 0x0021, 0x0021, 0x0021, 0x0021, 0x0021, 0x0021, 0x0021, 0x0021, 
	0x0020, 0x0021, 0x0841, 0x0861, 0x0861, 0x0841, 0x0841, 0x0841, 0x0021, 0x0021, 0x0021, 0x0021, 0x0021, 0x0021, 0x0021, 0x0021, 
	0x0020, 0x0020, 0x0020, 0x0020, 0x0020, 0x0020, 0x0820, 0x0820, 0x0020, 0x0861, 0x0841, 0x0820, 0x0841, 0x0841, 0x0821, 0x0820, 
	0x1840, 0x1020, 0x0821, 0x0021, 0x0041, 0x0841, 0x0841, 0x1041, 0x0841, 0x0800, 0x2800, 0x6904, 0xa1c7, 0x78a4, 0x2000, 0x1021, 
	0x1021, 0x1000, 0x2062, 0x2041, 0x1020, 0x1861, 0x2041, 0x1821, 0x0800, 0x2082, 0x38e4, 0x1800, 0x0800, 0x1841, 0x0800, 0x0800, 
	0x1021, 0x1041, 0x1021, 0x1000, 0x1000, 0x1840, 0x2040, 0x2020, 0x2800, 0x4000, 0xc248, 0xca48, 0x6020, 0x4000, 0x3041, 0x2840, 
	0x2000, 0x2040, 0x1800, 0x1800, 0x1800, 0x1820, 0x2061, 0x1820, 0x2820, 0x3800, 0x5820, 0x78c3, 0xcaeb, 0x5820, 0x1800, 0x1040, 
	0x0841, 0x0800, 0x1800, 0x60e3, 0xca69, 0x8020, 0x5820, 0x3000, 0x3020, 0x2821, 0x2841, 0x2041, 0x2041, 0x1821, 0x1800, 0x1800, 
	0x1800, 0x2021, 0x2821, 0x3800, 0x6000, 0xba68, 0xaaaa, 0x3000, 0x2820, 0x1820, 0x1020, 0x1840, 0x1840, 0x1020, 0x1020, 0x1040, 
	0x1020, 0x1020, 0x1000, 0x1000, 0x1000, 0x28a3, 0x30e4, 0x1000, 0x1841, 0x1020, 0x2062, 0x2021, 0x1000, 0x20a2, 0x1000, 0x0800, 
	0x1020, 0x2020, 0x3000, 0x48a2, 0x48c3, 0x2821, 0x1001, 0x0021, 0x0020, 0x0820, 0x0820, 0x0820, 0x0820, 0x0820, 0x0820, 0x0841, 
	0x0821, 0x0820, 0x0821, 0x0820, 0x0000, 0x0841, 0x0861, 0x0820, 0x0820, 0x0820, 0x0020, 0x0020, 0x0020, 0x0020, 0x0020, 0x0020, 
	0x0841, 0x0841, 0x0841, 0x0841, 0x0841, 0x0841, 0x0841, 0x0841, 0x0841, 0x0841, 0x0841, 0x0841, 0x0841, 0x0841, 0x0841, 0x0021, 
	0x0821, 0x0821, 0x0821, 0x0821, 0x0821, 0x0821, 0x0841, 0x0041, 0x0021, 0x0021, 0x0041, 0x0041, 0x0041, 0x0041, 0x0041, 0x0041, 
	0x0021, 0x0021, 0x0021, 0x0021, 0x0021, 0x0021, 0x0021, 0x0021, 0x0021, 0x0021, 0x0021, 0x0021, 0x0021, 0x0021, 0x0021, 0x0021, 
	0x0021, 0x0021, 0x0021, 0x0021, 0x0021, 0x0020, 0x0020, 0x0020, 0x0020, 0x0020, 0x0020, 0x0020, 0x0020, 0x0000, 0x0000, 0x0000, 
	0x0800, 0x1041, 0x1021, 0x1882, 0x1841, 0x0800, 0x1861, 0x1081, 0x0080, 0x00a1, 0x0060, 0x1081, 0x1061, 0x0000, 0x0000, 0x0020, 
	0x0000, 0x0000, 0x0000, 0x0000, 0x10a2, 0x1081, 0x08a1, 0x08a1, 0x10a1, 0x0861, 0x10a2, 0x10a2, 0x0861, 0x1082, 0x1082, 0x0000, 
	0x0000, 0x0000, 0x0020, 0x0020, 0x0020, 0x0020, 0x0020, 0x0021, 0x0021, 0x0021, 0x0021, 0x0021, 0x0021, 0x0021, 0x0021, 0x0021, 
	0x0021, 0x0021, 0x0021, 0x0021, 0x0021, 0x0021, 0x0021, 0x0021, 0x0041, 0x0021, 0x0021, 0x0021, 0x0021, 0x0020, 0x0020, 0x0020, 
	0x0021, 0x0821, 0x0821, 0x0821, 0x0821, 0x0821, 0x0821, 0x0821, 0x0841, 0x0841, 0x0841, 0x0841, 0x0841, 0x0841, 0x0841, 0x0841, 
	0x0020, 0x0021, 0x0841, 0x0841, 0x0861, 0x0841, 0x0841, 0x0841, 0x0861, 0x0841, 0x0841, 0x0841, 0x0841, 0x0841, 0x0841, 0x0841, 
	0x0841, 0x0841, 0x0841, 0x0841, 0x0841, 0x0841, 0x0841, 0x0841, 0x0020, 0x0841, 0x0841, 0x0820, 0x0820, 0x0841, 0x0821, 0x0800, 
	0x1020, 0x1020, 0x0821, 0x0821, 0x0041, 0x0040, 0x0820, 0x1041, 0x0841, 0x1041, 0x2000, 0x5000, 0x9905, 0x88a4, 0x2800, 0x1000, 
	0x1841, 0x1020, 0x1800, 0x2061, 0x1000, 0x1000, 0x2062, 0x1000, 0x1861, 0x0800, 0x2862, 0x2862, 0x0800, 0x1000, 0x1020, 0x0820, 
	0x1041, 0x1041, 0x1041, 0x1020, 0x1020, 0x1000, 0x1000, 0x1800, 0x2800, 0x4000, 0xc248, 0xca07, 0x6000, 0x3800, 0x3000, 0x2840, 
	0x2040, 0x2860, 0x2061, 0x1800, 0x1800, 0x2020, 0x2040, 0x2020, 0x2000, 0x4020, 0x5000, 0xa1e8, 0xaaaa, 0x3000, 0x0800, 0x0020, 
	0x0021, 0x0801, 0x0800, 0x4041, 0xd28b, 0xa0a3, 0x4800, 0x4040, 0x3861, 0x2821, 0x2000, 0x1821, 0x1821, 0x1020, 0x1020, 0x1020, 
	0x2061, 0x2841, 0x2820, 0x3800, 0x6800, 0xc289, 0xb2ea, 0x3800, 0x2800, 0x1820, 0x1020, 0x1020, 0x1000, 0x1000, 0x1020, 0x1020, 
	0x0820, 0x1020, 0x1020, 0x0800, 0x1801, 0x2062, 0x0800, 0x0800, 0x1820, 0x1841, 0x1841, 0x1800, 0x1800, 0x2061, 0x1861, 0x0800, 
	0x1840, 0x1000, 0x3800, 0x58e4, 0x48a3, 0x2000, 0x0801, 0x0841, 0x0841, 0x0840, 0x1040, 0x0820, 0x0020, 0x0820, 0x1021, 0x1041, 
	0x0820, 0x0841, 0x0841, 0x0841, 0x0841, 0x1061, 0x0861, 0x0821, 0x0841, 0x0841, 0x0841, 0x0841, 0x0841, 0x0841, 0x0841, 0x0841, 
	0x0841, 0x0841, 0x0841, 0x0841, 0x0841, 0x0841, 0x0841, 0x0841, 0x0841, 0x0841, 0x0841, 0x0841, 0x0841, 0x0841, 0x0841, 0x0841, 
	0x0841, 0x0841, 0x0841, 0x0821, 0x0821, 0x0821, 0x0821, 0x0841, 0x0021, 0x0021, 0x0021, 0x0021, 0x0021, 0x0021, 0x0021, 0x0021, 
	0x0000, 0x0020, 0x0020, 0x0020, 0x0000, 0x0000, 0x0021, 0x0841, 0x0021, 0x0021, 0x0021, 0x0021, 0x0021, 0x0021, 0x0021, 0x0021, 
	0x0020, 0x0020, 0x0020, 0x0020, 0x0020, 0x0020, 0x0020, 0x0020, 0x0020, 0x0020, 0x0021, 0x0020, 0x0020, 0x0000, 0x0000, 0x0000, 
	0x1000, 0x1862, 0x1061, 0x0841, 0x10a2, 0x10a2, 0x0860, 0x0861, 0x0881, 0x08a1, 0x0881, 0x10c2, 0x1082, 0x0000, 0x0000, 0x0000, 
	0x0000, 0x0000, 0x0000, 0x0000, 0x1082, 0x1082, 0x1081, 0x08a1, 0x08a2, 0x0081, 0x08c2, 0x10c2, 0x0861, 0x1082, 0x1082, 0x0000, 
	0x0000, 0x0000, 0x0020, 0x0020, 0x0020, 0x0020, 0x0020, 0x0021, 0x0021, 0x0021, 0x0021, 0x0021, 0x0021, 0x0021, 0x0021, 0x0021, 
	0x0021, 0x0021, 0x0021, 0x0021, 0x0021, 0x0021, 0x0021, 0x0021, 0x0021, 0x0021, 0x0021, 0x0021, 0x0021, 0x0021, 0x0021, 0x0021, 
	0x0020, 0x0020, 0x0020, 0x0020, 0x0020, 0x0020, 0x0020, 0x0020, 0x0020, 0x0020, 0x0020, 0x0020, 0x0020, 0x0020, 0x0020, 0x0020, 
	0x0021, 0x0021, 0x0841, 0x0841, 0x0841, 0x0841, 0x0841, 0x0841, 0x0841, 0x0841, 0x0841, 0x0841, 0x0841, 0x0021, 0x0021, 0x0021, 
	0x0841, 0x0841, 0x0841, 0x0841, 0x0841, 0x0841, 0x0821, 0x0821, 0x0020, 0x0841, 0x0841, 0x0820, 0x0820, 0x0821, 0x0821, 0x0800, 
	0x1020, 0x1020, 0x1021, 0x0821, 0x0040, 0x0040, 0x1020, 0x1021, 0x0841, 0x0821, 0x1000, 0x4000, 0x90a4, 0x90c5, 0x4821, 0x2001, 
	0x1821, 0x1000, 0x1000, 0x2041, 0x1041, 0x1020, 0x2041, 0x2041, 0x1020, 0x1020, 0x2862, 0x30a3, 0x2041, 0x1000, 0x1041, 0x0820, 
	0x1021, 0x1021, 0x1021, 0x1020, 0x1020, 0x1020, 0x1820, 0x2000, 0x2820, 0x4000, 0xc207, 0xc207, 0x6000, 0x4000, 0x3020, 0x2840, 
	0x2881, 0x1820, 0x1800, 0x2020, 0x2040, 0x1800, 0x1800, 0x2020, 0x3882, 0x4841, 0x6000, 0xaa29, 0x8a28, 0x2000, 0x1020, 0x0820, 
	0x0000, 0x0821, 0x0800, 0x2800, 0xb9c8, 0xc187, 0x5800, 0x3800, 0x2800, 0x2841, 0x2821, 0x1800, 0x1000, 0x1021, 0x1861, 0x2061, 
	0x1800, 0x2861, 0x3061, 0x3800, 0x5800, 0xc289, 0xb2eb, 0x3000, 0x2800, 0x1820, 0x1020, 0x1020, 0x1000, 0x1000, 0x1020, 0x1020, 
	0x1020, 0x1861, 0x1000, 0x1000, 0x2842, 0x2041, 0x1020, 0x1061, 0x1800, 0x2041, 0x1821, 0x1000, 0x1821, 0x1841, 0x0820, 0x0820, 
	0x2061, 0x2000, 0x4841, 0x60e4, 0x3862, 0x1800, 0x0800, 0x0021, 0x1021, 0x1020, 0x1020, 0x0820, 0x0020, 0x0020, 0x1021, 0x1041, 
	0x0800, 0x0820, 0x0820, 0x0820, 0x0821, 0x0841, 0x0841, 0x0020, 0x0821, 0x0821, 0x0841, 0x0841, 0x0841, 0x0841, 0x0841, 0x0841, 
	0x0841, 0x0841, 0x0841, 0x0841, 0x0841, 0x0841, 0x0841, 0x0841, 0x0841, 0x0841, 0x0841, 0x0841, 0x0841, 0x0841, 0x0841, 0x0841, 
	0x0000, 0x0000, 0x0000, 0x0800, 0x0800, 0x0800, 0x0020, 0x0020, 0x0020, 0x0020, 0x0020, 0x0020, 0x0020, 0x0020, 0x0020, 0x0020, 
	0x0020, 0x0021, 0x0021, 0x0021, 0x0021, 0x0020, 0x0020, 0x0021, 0x0021, 0x0021, 0x0021, 0x0021, 0x0021, 0x0021, 0x0021, 0x0021, 
	0x0020, 0x0020, 0x0020, 0x0020, 0x0020, 0x0020, 0x0020, 0x0020, 0x0020, 0x0020, 0x0021, 0x0020, 0x0020, 0x0000, 0x0000, 0x0000, 
	0x1001, 0x1862, 0x0861, 0x0061, 0x08c2, 0x08c2, 0x0061, 0x0861, 0x1081, 0x1081, 0x0881, 0x10c2, 0x08a2, 0x0000, 0x0000, 0x0000, 
	0x0000, 0x0000, 0x0000, 0x0000, 0x1082, 0x1082, 0x1082, 0x1081, 0x08a2, 0x00a1, 0x08c2, 0x10c2, 0x0861, 0x1082, 0x1082, 0x0000, 
	0x0000, 0x0000, 0x0020, 0x0020, 0x0020, 0x0020, 0x0020, 0x0021, 0x0021, 0x0021, 0x0021, 0x0021, 0x0021, 0x0021, 0x0021, 0x0021, 
	0x0021, 0x0021, 0x0021, 0x0021, 0x0021, 0x0021, 0x0021, 0x0021, 0x0020, 0x0021, 0x0021, 0x0021, 0x0041, 0x0041, 0x0841, 0x0841, 
	0x0841, 0x0841, 0x0841, 0x0841, 0x0841, 0x0841, 0x0841, 0x0841, 0x0841, 0x0841, 0x0841, 0x0841, 0x0841, 0x0841, 0x0841, 0x0841, 
	0x0021, 0x0021, 0x0021, 0x0841, 0x0841, 0x0841, 0x0841, 0x0841, 0x0021, 0x0021, 0x0021, 0x0021, 0x0021, 0x0021, 0x0021, 0x0020, 
	0x0841, 0x0841, 0x0841, 0x0841, 0x0841, 0x0841, 0x0821, 0x0821, 0x0020, 0x0821, 0x0821, 0x0820, 0x0820, 0x0821, 0x0821, 0x0800, 
	0x0820, 0x1020, 0x1021, 0x0821, 0x0040, 0x0040, 0x1020, 0x1021, 0x0861, 0x0841, 0x1000, 0x3000, 0x7862, 0x9105, 0x6083, 0x2800, 
	0x2021, 0x1821, 0x1000, 0x1821, 0x1861, 0x1020, 0x1821, 0x2062, 0x0800, 0x1020, 0x1800, 0x2882, 0x2882, 0x1000, 0x1020, 0x1020, 
	0x0820, 0x0820, 0x1020, 0x1020, 0x1020, 0x1020, 0x1820, 0x2020, 0x2820, 0x3800, 0xba07, 0xc207, 0x6020, 0x4020, 0x3020, 0x2020, 
	0x1800, 0x2020, 0x2021, 0x2000, 0x1800, 0x2000, 0x2000, 0x2000, 0x3020, 0x4020, 0x6801, 0xb229, 0x6102, 0x1800, 0x1000, 0x1020, 
	0x1820, 0x1820, 0x1020, 0x2000, 0x9904, 0xca28, 0x5800, 0x3820, 0x2800, 0x2841, 0x2820, 0x2000, 0x1800, 0x2001, 0x2841, 0x2841, 
	0x1800, 0x2841, 0x2841, 0x3000, 0x5800, 0xba69, 0xb2ea, 0x3800, 0x2800, 0x1820, 0x1020, 0x1020, 0x1000, 0x1000, 0x1020, 0x1020, 
	0x0800, 0x1841, 0x0800, 0x1821, 0x30a3, 0x1800, 0x0800, 0x0820, 0x1800, 0x2021, 0x1000, 0x1000, 0x2061, 0x1820, 0x0800, 0x1041, 
	0x1820, 0x2800, 0x5082, 0x58c3, 0x3021, 0x1000, 0x0821, 0x0821, 0x1021, 0x1020, 0x0820, 0x0820, 0x0020, 0x0820, 0x1021, 0x1021, 
	0x0800, 0x0820, 0x0820, 0x0820, 0x0820, 0x0841, 0x0821, 0x0000, 0x0821, 0x0821, 0x0841, 0x0841, 0x0841, 0x0841, 0x0841, 0x0841, 
	0x0841, 0x0841, 0x0841, 0x0841, 0x0841, 0x0841, 0x0841, 0x0841, 0x0841, 0x0841, 0x0841, 0x0841, 0x0841, 0x0841, 0x0841, 0x0841, 
	0x0821, 0x0821, 0x0841, 0x1041, 0x1041, 0x1041, 0x0841, 0x0841, 0x0841, 0x0841, 0x0841, 0x0841, 0x0841, 0x0841, 0x0841, 0x0841, 
	0x0041, 0x0041, 0x0041, 0x0841, 0x0841, 0x0021, 0x0020, 0x0000, 0x0021, 0x0021, 0x0021, 0x0021, 0x0021, 0x0021, 0x0021, 0x0021, 
	0x0020, 0x0020, 0x0020, 0x0020, 0x0020, 0x0020, 0x0020, 0x0020, 0x0020, 0x0020, 0x0021, 0x0020, 0x0020, 0x0000, 0x0000, 0x0000, 
	0x0821, 0x1882, 0x1062, 0x0861, 0x08c2, 0x08c2, 0x0861, 0x0861, 0x1061, 0x1061, 0x1061, 0x18c3, 0x08a2, 0x0000, 0x0000, 0x0000, 
	0x0000, 0x0000, 0x0000, 0x0000, 0x1082, 0x1082, 0x1082, 0x1082, 0x08a2, 0x0081, 0x10c2, 0x10c3, 0x1061, 0x1062, 0x1082, 0x0020, 
	0x0000, 0x0000, 0x0020, 0x0020, 0x0020, 0x0020, 0x0020, 0x0021, 0x0021, 0x0021, 0x0021, 0x0021, 0x0021, 0x0021, 0x0021, 0x0021, 
	0x0021, 0x0021, 0x0021, 0x0021, 0x0021, 0x0021, 0x0021, 0x0021, 0x0021, 0x0021, 0x0021, 0x0041, 0x0041, 0x0841, 0x0841, 0x0841, 
	0x0841, 0x0841, 0x0841, 0x0841, 0x0841, 0x0841, 0x0841, 0x0841, 0x1062, 0x1062, 0x1062, 0x1062, 0x1062, 0x1062, 0x1062, 0x1062, 
	0x0821, 0x0021, 0x0021, 0x0021, 0x0021, 0x0021, 0x0841, 0x0841, 0x0021, 0x0021, 0x0021, 0x0021, 0x0021, 0x0021, 0x0021, 0x0020, 
	0x0020, 0x0020, 0x0020, 0x0020, 0x0020, 0x0020, 0x0820, 0x0820, 0x0020, 0x0820, 0x0821, 0x0820, 0x0820, 0x0821, 0x0820, 0x0800, 
	0x0820, 0x1020, 0x0821, 0x0821, 0x0040, 0x0840, 0x1000, 0x1020, 0x0861, 0x0841, 0x0840, 0x2000, 0x5841, 0x8946, 0x7104, 0x3000, 
	0x2000, 0x2061, 0x1000, 0x1020, 0x1862, 0x1821, 0x1000, 0x1841, 0x1000, 0x1821, 0x1000, 0x1821, 0x2882, 0x1800, 0x0800, 0x1020, 
	0x0820, 0x0820, 0x1020, 0x1020, 0x1020, 0x1020, 0x1820, 0x2020, 0x2800, 0x3800, 0xba07, 0xc207, 0x6020, 0x4000, 0x3020, 0x2020, 
	0x1000, 0x1820, 0x2021, 0x1800, 0x1801, 0x2861, 0x2861, 0x2020, 0x2800, 0x4020, 0x7022, 0xba4a, 0x7103, 0x4020, 0x4880, 0x4880, 
	0x4880, 0x4080, 0x40a0, 0x4860, 0x9904, 0xc207, 0x5000, 0x3840, 0x2840, 0x2020, 0x2000, 0x2841, 0x2842, 0x2001, 0x2000, 0x2000, 
	0x2000, 0x2000, 0x2000, 0x3800, 0x6000, 0xba69, 0xb2ca, 0x3800, 0x2800, 0x1820, 0x1020, 0x1020, 0x1000, 0x1000, 0x1020, 0x1020, 
	0x1020, 0x1821, 0x1020, 0x28a3, 0x30c3, 0x1821, 0x0820, 0x0820, 0x2021, 0x1800, 0x1000, 0x1841, 0x2062, 0x1000, 0x0800, 0x1861, 
	0x1800, 0x3020, 0x58c3, 0x58c3, 0x2800, 0x1000, 0x1042, 0x0821, 0x1021, 0x1020, 0x0820, 0x0820, 0x0040, 0x0820, 0x0821, 0x1021, 
	0x0821, 0x0821, 0x0821, 0x0841, 0x0841, 0x0841, 0x0841, 0x0820, 0x0820, 0x0820, 0x0020, 0x0020, 0x0020, 0x0020, 0x0020, 0x0020, 
	0x0021, 0x0021, 0x0021, 0x0021, 0x0021, 0x0021, 0x0021, 0x0021, 0x0021, 0x0021, 0x0841, 0x0841, 0x0841, 0x0841, 0x0841, 0x0841, 
	0x1041, 0x1062, 0x1062, 0x1062, 0x1062, 0x1062, 0x1062, 0x1062, 0x0861, 0x0861, 0x0861, 0x0861, 0x0861, 0x0861, 0x0861, 0x0861, 
	0x0841, 0x0041, 0x0021, 0x0041, 0x0841, 0x0841, 0x0021, 0x0020, 0x0020, 0x0020, 0x0020, 0x0020, 0x0020, 0x0020, 0x0020, 0x0020, 
	0x0021, 0x0021, 0x0021, 0x0021, 0x0021, 0x0021, 0x0021, 0x0021, 0x0020, 0x0020, 0x0021, 0x0020, 0x0020, 0x0000, 0x0000, 0x0000, 
	0x0841, 0x1882, 0x1082, 0x0861, 0x10c3, 0x10c2, 0x0861, 0x1061, 0x1062, 0x1862, 0x1061, 0x18c3, 0x10a2, 0x0000, 0x0000, 0x0000, 
	0x0000, 0x0000, 0x0000, 0x0000, 0x10a2, 0x1082, 0x10a2, 0x1082, 0x08a2, 0x0881, 0x10c2, 0x18c3, 0x1061, 0x1062, 0x1882, 0x0820, 
	0x0000, 0x0000, 0x0020, 0x0020, 0x0020, 0x0020, 0x0020, 0x0021, 0x0021, 0x0021, 0x0021, 0x0021, 0x0021, 0x0021, 0x0021, 0x0021, 
	0x0021, 0x0021, 0x0021, 0x0021, 0x0021, 0x0021, 0x0021, 0x0021, 0x0841, 0x0841, 0x0841, 0x0041, 0x0041, 0x0021, 0x0021, 0x0021, 
	0x0021, 0x0021, 0x0021, 0x0021, 0x0021, 0x0021, 0x0021, 0x0021, 0x0841, 0x0841, 0x0841, 0x0841, 0x0841, 0x0841, 0x0841, 0x0841, 
	0x0841, 0x0841, 0x0021, 0x0021, 0x0021, 0x0021, 0x0021, 0x0021, 0x0841, 0x0841, 0x0841, 0x0841, 0x0841, 0x0841, 0x0841, 0x0841, 
	0x0020, 0x0020, 0x0020, 0x0020, 0x0020, 0x0020, 0x0820, 0x0820, 0x0820, 0x0820, 0x0820, 0x0841, 0x0841, 0x0820, 0x0820, 0x0820, 
	0x0800, 0x0821, 0x0821, 0x0821, 0x0820, 0x0820, 0x0820, 0x1020, 0x1061, 0x0840, 0x0020, 0x1000, 0x3000, 0x7124, 0x8945, 0x5001, 
	0x2800, 0x2062, 0x1021, 0x0800, 0x1861, 0x1841, 0x1000, 0x1800, 0x1841, 0x1000, 0x1000, 0x1000, 0x30a3, 0x28a3, 0x1000, 0x1841, 
	0x0820, 0x1021, 0x1020, 0x1020, 0x1020, 0x1020, 0x1820, 0x2020, 0x2800, 0x4000, 0xba27, 0xc207, 0x6000, 0x4000, 0x2800, 0x2020, 
	0x2041, 0x1000, 0x1000, 0x1841, 0x2883, 0x2082, 0x1841, 0x1840, 0x2800, 0x4000, 0x6801, 0xca6a, 0xc28a, 0xcb0b, 0xd32c, 0xd2cb, 
	0xd30b, 0xd32c, 0xc30b, 0xc2ea, 0xd248, 0xb9e7, 0x5020, 0x3820, 0x3020, 0x2020, 0x1840, 0x2081, 0x2062, 0x1841, 0x1000, 0x1000, 
	0x2020, 0x2000, 0x2000, 0x3800, 0x6000, 0xba68, 0xaaca, 0x3800, 0x2800, 0x1820, 0x1020, 0x1020, 0x1000, 0x1000, 0x1020, 0x1020, 
	0x1841, 0x0800, 0x1821, 0x2062, 0x1800, 0x1000, 0x0800, 0x0800, 0x2041, 0x1800, 0x1821, 0x2082, 0x1841, 0x1000, 0x1040, 0x1841, 
	0x2000, 0x4061, 0x5903, 0x48a2, 0x1800, 0x0800, 0x0821, 0x0801, 0x0821, 0x0820, 0x0840, 0x0040, 0x0020, 0x0841, 0x0821, 0x0821, 
	0x0841, 0x0821, 0x0821, 0x0841, 0x0841, 0x0841, 0x0841, 0x0821, 0x0820, 0x0820, 0x0020, 0x0020, 0x0020, 0x0020, 0x0020, 0x0020, 
	0x0021, 0x0021, 0x0021, 0x0021, 0x0021, 0x0021, 0x0021, 0x0021, 0x0021, 0x0021, 0x0021, 0x0841, 0x0841, 0x0841, 0x0841, 0x0841, 
	0x0841, 0x0841, 0x0841, 0x0821, 0x0821, 0x0841, 0x0841, 0x0841, 0x0821, 0x0821, 0x0021, 0x0021, 0x0021, 0x0021, 0x0021, 0x0021, 
	0x0841, 0x0021, 0x0020, 0x0021, 0x0041, 0x0841, 0x0841, 0x0841, 0x0021, 0x0021, 0x0021, 0x0021, 0x0021, 0x0021, 0x0021, 0x0021, 
	0x0021, 0x0021, 0x0021, 0x0021, 0x0021, 0x0021, 0x0021, 0x0021, 0x0020, 0x0020, 0x0021, 0x0020, 0x0020, 0x0000, 0x0000, 0x0000, 
	0x0841, 0x1882, 0x1062, 0x1042, 0x18a3, 0x10a3, 0x0861, 0x0862, 0x1082, 0x1062, 0x1041, 0x18c3, 0x18a3, 0x0000, 0x0000, 0x0000, 
	0x0000, 0x0000, 0x0000, 0x0020, 0x10a2, 0x10a2, 0x10a2, 0x1082, 0x0882, 0x0881, 0x10c3, 0x18c3, 0x1061, 0x1062, 0x1882, 0x0821, 
	0x0000, 0x0000, 0x0020, 0x0020, 0x0020, 0x0020, 0x0020, 0x0021, 0x0021, 0x0021, 0x0021, 0x0021, 0x0021, 0x0021, 0x0021, 0x0021, 
	0x0041, 0x0041, 0x0041, 0x0041, 0x0041, 0x0041, 0x0041, 0x0041, 0x0841, 0x0841, 0x0041, 0x0041, 0x0021, 0x0021, 0x0021, 0x0020, 
	0x0021, 0x0021, 0x0021, 0x0021, 0x0021, 0x0021, 0x0021, 0x0021, 0x0021, 0x0021, 0x0021, 0x0021, 0x0021, 0x0021, 0x0021, 0x0021, 
	0x0841, 0x0841, 0x0841, 0x0841, 0x0841, 0x0021, 0x0021, 0x0021, 0x0841, 0x0841, 0x0841, 0x0841, 0x0841, 0x0841, 0x0841, 0x0841, 
	0x0841, 0x0841, 0x0841, 0x0841, 0x0841, 0x0841, 0x0821, 0x0821, 0x0821, 0x0820, 0x0821, 0x0841, 0x0841, 0x0821, 0x0820, 0x0821, 
	0x0800, 0x0821, 0x0821, 0x0821, 0x0820, 0x0820, 0x0820, 0x0820, 0x0841, 0x1041, 0x0820, 0x1000, 0x2000, 0x58a2, 0x8104, 0x6841, 
	0x2800, 0x2021, 0x1041, 0x0800, 0x1821, 0x2062, 0x1821, 0x1800, 0x2041, 0x1000, 0x1000, 0x1000, 0x2882, 0x28a3, 0x1000, 0x1000, 
	0x1021, 0x1021, 0x1021, 0x1020, 0x0820, 0x1020, 0x1820, 0x2020, 0x2800, 0x4000, 0xba27, 0xc207, 0x5800, 0x3800, 0x2800, 0x2820, 
	0x2021, 0x2021, 0x2041, 0x2042, 0x2041, 0x1821, 0x1040, 0x1840, 0x2020, 0x3800, 0x4800, 0x78a3, 0x88e4, 0x9945, 0x9104, 0x90c3, 
	0x8861, 0x90e3, 0x80e3, 0x8904, 0x8082, 0x7061, 0x4000, 0x2800, 0x2800, 0x2840, 0x1880, 0x1040, 0x1800, 0x1821, 0x1861, 0x1840, 
	0x1800, 0x2841, 0x3061, 0x3800, 0x6000, 0xba48, 0xb2ca, 0x3800, 0x2800, 0x1820, 0x1020, 0x1020, 0x1000, 0x1000, 0x1020, 0x1020, 
	0x1821, 0x1000, 0x2882, 0x2862, 0x1000, 0x1841, 0x1041, 0x1841, 0x2041, 0x1800, 0x2041, 0x2082, 0x1020, 0x0800, 0x1061, 0x1820, 
	0x2800, 0x4881, 0x48c2, 0x3060, 0x1800, 0x1000, 0x1021, 0x0821, 0x0821, 0x0820, 0x0040, 0x0040, 0x0840, 0x0821, 0x0041, 0x0040, 
	0x0841, 0x0820, 0x0820, 0x0841, 0x0841, 0x0821, 0x0820, 0x0020, 0x0821, 0x0821, 0x0841, 0x0841, 0x0841, 0x0841, 0x0841, 0x0841, 
	0x0841, 0x0841, 0x0841, 0x0841, 0x0841, 0x0841, 0x0841, 0x0841, 0x0021, 0x0021, 0x0841, 0x0841, 0x0841, 0x0841, 0x0841, 0x0841, 
	0x0841, 0x0841, 0x0821, 0x0020, 0x0000, 0x0020, 0x0021, 0x0021, 0x0021, 0x0021, 0x0021, 0x0021, 0x0041, 0x0041, 0x0041, 0x0041, 
	0x0041, 0x0021, 0x0020, 0x0020, 0x0021, 0x0841, 0x0841, 0x0841, 0x0841, 0x0841, 0x0841, 0x0841, 0x0841, 0x0841, 0x0841, 0x0841, 
	0x0021, 0x0021, 0x0021, 0x0021, 0x0021, 0x0021, 0x0021, 0x0021, 0x0020, 0x0020, 0x0021, 0x0020, 0x0020, 0x0000, 0x0000, 0x0000, 
	0x0841, 0x1882, 0x1062, 0x1041, 0x18a3, 0x18a3, 0x0862, 0x0882, 0x1082, 0x1062, 0x1062, 0x20c3, 0x18a3, 0x0000, 0x0000, 0x0000, 
	0x0000, 0x0000, 0x0020, 0x0020, 0x10a2, 0x10a2, 0x10a2, 0x1082, 0x1062, 0x1062, 0x18c3, 0x18c3, 0x1061, 0x1082, 0x1882, 0x0821, 
	0x0000, 0x0000, 0x0020, 0x0020, 0x0020, 0x0020, 0x0020, 0x0021, 0x0021, 0x0021, 0x0021, 0x0021, 0x0021, 0x0021, 0x0021, 0x0021, 
	0x0041, 0x0041, 0x0041, 0x0041, 0x0041, 0x0041, 0x0041, 0x0041, 0x0021, 0x0021, 0x0021, 0x0021, 0x0021, 0x0021, 0x0021, 0x0021, 
	0x0841, 0x0841, 0x0841, 0x0841, 0x0841, 0x0841, 0x0841, 0x0841, 0x0041, 0x0041, 0x0041, 0x0041, 0x0041, 0x0041, 0x0041, 0x0041, 
	0x0041, 0x0841, 0x0841, 0x0841, 0x0841, 0x0841, 0x0021, 0x0021, 0x0021, 0x0841, 0x0841, 0x0841, 0x0841, 0x0841, 0x0841, 0x0841, 
	0x0841, 0x0841, 0x0841, 0x0841, 0x0841, 0x0841, 0x0821, 0x0821, 0x0841, 0x0820, 0x0821, 0x0841, 0x0841, 0x0821, 0x0820, 0x0841, 
	0x0800, 0x0821, 0x1021, 0x1021, 0x0820, 0x0820, 0x0040, 0x0040, 0x0820, 0x1841, 0x1821, 0x1800, 0x1800, 0x3820, 0x7862, 0x7862, 
	0x3800, 0x1800, 0x1041, 0x1020, 0x1000, 0x2062, 0x1861, 0x1821, 0x2041, 0x2021, 0x1841, 0x1000, 0x1800, 0x1800, 0x1000, 0x0800, 
	0x1021, 0x1021, 0x1020, 0x1020, 0x0820, 0x1020, 0x1820, 0x2020, 0x2820, 0x3800, 0xb9e7, 0xb9e6, 0x5800, 0x4000, 0x3020, 0x2820, 
	0x1800, 0x2881, 0x30a2, 0x2040, 0x1800, 0x2000, 0x1820, 0x1820, 0x2020, 0x3040, 0x3820, 0x3800, 0x4800, 0x4800, 0x4000, 0x4000, 
	0x4000, 0x4000, 0x4000, 0x4000, 0x3800, 0x3820, 0x3061, 0x2861, 0x2000, 0x2821, 0x1860, 0x1020, 0x1800, 0x2001, 0x2061, 0x2061, 
	0x1800, 0x2841, 0x3061, 0x3800, 0x6000, 0xba48, 0xaaaa, 0x3000, 0x2800, 0x1820, 0x1020, 0x1020, 0x1000, 0x1000, 0x1020, 0x1020, 
	0x0800, 0x1821, 0x2882, 0x2021, 0x1000, 0x1020, 0x1820, 0x1821, 0x1820, 0x1821, 0x2862, 0x2041, 0x0800, 0x0820, 0x1041, 0x1800, 
	0x3020, 0x4882, 0x3860, 0x2000, 0x1000, 0x1041, 0x1022, 0x1042, 0x0841, 0x0040, 0x0040, 0x0040, 0x0820, 0x0841, 0x0040, 0x0040, 
	0x0841, 0x0821, 0x0820, 0x0841, 0x0841, 0x0821, 0x0820, 0x0820, 0x0821, 0x0821, 0x0841, 0x0841, 0x0841, 0x0841, 0x0841, 0x0841, 
	0x0841, 0x0841, 0x0841, 0x0841, 0x0841, 0x0841, 0x0841, 0x0841, 0x0021, 0x0021, 0x0841, 0x0841, 0x0841, 0x0841, 0x0841, 0x0861, 
	0x0841, 0x0841, 0x0841, 0x0841, 0x0841, 0x0041, 0x0841, 0x0841, 0x0041, 0x0041, 0x0041, 0x0041, 0x0041, 0x0041, 0x0041, 0x0041, 
	0x0041, 0x0021, 0x0041, 0x0021, 0x0021, 0x0021, 0x0041, 0x0841, 0x0841, 0x0841, 0x0841, 0x0841, 0x0841, 0x0841, 0x0841, 0x0841, 
	0x0021, 0x0021, 0x0021, 0x0021, 0x0021, 0x0021, 0x0021, 0x0021, 0x0020, 0x0020, 0x0021, 0x0020, 0x0020, 0x0000, 0x0000, 0x0000, 
	0x0841, 0x1082, 0x1062, 0x1041, 0x18a3, 0x18a3, 0x0862, 0x0862, 0x1082, 0x0862, 0x0862, 0x20e4, 0x18c3, 0x0000, 0x0000, 0x0000, 
	0x0020, 0x0020, 0x0020, 0x0020, 0x10c2, 0x10a2, 0x10a2, 0x1082, 0x1062, 0x1062, 0x18c3, 0x18c3, 0x0861, 0x1082, 0x1882, 0x0841, 
	0x0000, 0x0000, 0x0020, 0x0020, 0x0020, 0x0020, 0x0020, 0x0021, 0x0021, 0x0021, 0x0021, 0x0021, 0x0021, 0x0021, 0x0021, 0x0021, 
	0x0041, 0x0041, 0x0041, 0x0041, 0x0041, 0x0041, 0x0041, 0x0041, 0x0020, 0x0020, 0x0020, 0x0021, 0x0021, 0x0021, 0x0021, 0x0041, 
	0x0041, 0x0041, 0x0041, 0x0041, 0x0041, 0x0041, 0x0041, 0x0041, 0x0041, 0x0041, 0x0041, 0x0041, 0x0041, 0x0041, 0x0041, 0x0041, 
	0x0041, 0x0841, 0x0841, 0x0861, 0x0841, 0x0841, 0x0021, 0x0020, 0x0021, 0x0021, 0x0821, 0x0821, 0x0821, 0x0841, 0x0841, 0x0841, 
	0x0841, 0x0841, 0x0841, 0x0841, 0x0841, 0x0841, 0x0841, 0x0841, 0x0841, 0x0821, 0x0841, 0x1061, 0x1061, 0x0821, 0x0821, 0x0841, 
	0x0800, 0x0821, 0x1021, 0x1021, 0x1020, 0x0820, 0x0040, 0x0040, 0x0820, 0x1841, 0x1001, 0x1000, 0x1000, 0x2800, 0x7062, 0x8905, 
	0x5042, 0x2800, 0x1841, 0x1061, 0x0800, 0x1861, 0x2062, 0x1821, 0x1800, 0x1821, 0x1020, 0x1020, 0x1000, 0x1800, 0x28c3, 0x2082, 
	0x0820, 0x0820, 0x1020, 0x1020, 0x1020, 0x1020, 0x1820, 0x2020, 0x2821, 0x3800, 0xa9c7, 0xb9c7, 0x6000, 0x4800, 0x3840, 0x2820, 
	0x3060, 0x2020, 0x1800, 0x2020, 0x2820, 0x2000, 0x1800, 0x1800, 0x2020, 0x2840, 0x3081, 0x2800, 0x3000, 0x3000, 0x3040, 0x2820, 
	0x3861, 0x2800, 0x3021, 0x2800, 0x2800, 0x2820, 0x1820, 0x1820, 0x2841, 0x2000, 0x1000, 0x1820, 0x2001, 0x2000, 0x2000, 0x2040, 
	0x2041, 0x2020, 0x3000, 0x4000, 0x6800, 0xb228, 0xa289, 0x3000, 0x2800, 0x1820, 0x1020, 0x1020, 0x1000, 0x1000, 0x1020, 0x1020, 
	0x1000, 0x3904, 0x2882, 0x1800, 0x0800, 0x0800, 0x2041, 0x2062, 0x1000, 0x2062, 0x2062, 0x1820, 0x0800, 0x0820, 0x1020, 0x1800, 
	0x4082, 0x50c3, 0x3040, 0x1000, 0x0800, 0x0840, 0x0801, 0x0821, 0x0041, 0x0040, 0x0040, 0x0040, 0x0820, 0x0841, 0x0041, 0x0020, 
	0x1082, 0x0841, 0x0841, 0x1061, 0x1062, 0x0841, 0x0841, 0x0841, 0x0841, 0x0841, 0x0841, 0x0841, 0x0841, 0x0841, 0x0841, 0x0841, 
	0x0841, 0x0841, 0x0841, 0x0841, 0x0841, 0x0841, 0x0841, 0x0841, 0x0021, 0x0841, 0x0841, 0x0841, 0x0841, 0x0841, 0x0861, 0x0861, 
	0x0020, 0x0021, 0x0841, 0x0841, 0x0841, 0x0841, 0x0841, 0x0041, 0x0021, 0x0021, 0x0021, 0x0021, 0x0021, 0x0021, 0x0021, 0x0021, 
	0x0021, 0x0041, 0x0841, 0x0841, 0x0021, 0x0020, 0x0020, 0x0020, 0x0020, 0x0020, 0x0020, 0x0020, 0x0020, 0x0020, 0x0020, 0x0020, 
	0x0021, 0x0021, 0x0021, 0x0021, 0x0021, 0x0021, 0x0021, 0x0021, 0x0020, 0x0020, 0x0021, 0x0020, 0x0020, 0x0000, 0x0000, 0x0000, 
	0x0841, 0x1082, 0x1062, 0x0841, 0x18a3, 0x10a3, 0x0862, 0x0862, 0x1082, 0x0862, 0x0862, 0x18e4, 0x18c3, 0x0000, 0x0000, 0x0000, 
	0x0000, 0x0000, 0x0000, 0x0020, 0x18e3, 0x10a2, 0x1082, 0x10a2, 0x10a2, 0x1082, 0x10c3, 0x18e3, 0x0861, 0x1061, 0x20c3, 0x0841, 
	0x0000, 0x0020, 0x0041, 0x0020, 0x0020, 0x0021, 0x0021, 0x0020, 0x0021, 0x0021, 0x0021, 0x0021, 0x0021, 0x0021, 0x0021, 0x0021, 
	0x0021, 0x0021, 0x0021, 0x0021, 0x0021, 0x0021, 0x0021, 0x0021, 0x0021, 0x0021, 0x0021, 0x0021, 0x0021, 0x0021, 0x0021, 0x0021, 
	0x0041, 0x0041, 0x0041, 0x0041, 0x0041, 0x0041, 0x0041, 0x0041, 0x0041, 0x0041, 0x0041, 0x0041, 0x0041, 0x0041, 0x0041, 0x0021, 
	0x0041, 0x0041, 0x0841, 0x0841, 0x0841, 0x0841, 0x0821, 0x0821, 0x0821, 0x0821, 0x0821, 0x0821, 0x0821, 0x0821, 0x0821, 0x0821, 
	0x0821, 0x0821, 0x0821, 0x0821, 0x0821, 0x0821, 0x0821, 0x0821, 0x0841, 0x0821, 0x0820, 0x0820, 0x0841, 0x0841, 0x0821, 0x0820, 
	0x0841, 0x0801, 0x0801, 0x1021, 0x1041, 0x1021, 0x0820, 0x0040, 0x0020, 0x0840, 0x0820, 0x1000, 0x1800, 0x2800, 0x4842, 0x7926, 
	0x7905, 0x4000, 0x1800, 0x1060, 0x0840, 0x0840, 0x1862, 0x1841, 0x1000, 0x1841, 0x1881, 0x1041, 0x1000, 0x1820, 0x2082, 0x28c3, 
	0x0000, 0x0820, 0x1020, 0x1020, 0x1020, 0x1020, 0x1820, 0x2041, 0x2820, 0x3800, 0xa1c7, 0xc28a, 0x6800, 0x5820, 0x3800, 0x3040, 
	0x2820, 0x2020, 0x2020, 0x2000, 0x2820, 0x2820, 0x2020, 0x2000, 0x2841, 0x2840, 0x2020, 0x2000, 0x2800, 0x2800, 0x2820, 0x2840, 
	0x3041, 0x3040, 0x2820, 0x2820, 0x2800, 0x2820, 0x2841, 0x2841, 0x2800, 0x2800, 0x2000, 0x2020, 0x2800, 0x2821, 0x2841, 0x2861, 
	0x2882, 0x2000, 0x4841, 0x4800, 0x6800, 0xc2a9, 0x8985, 0x3000, 0x2000, 0x1840, 0x0820, 0x0820, 0x1861, 0x1020, 0x0800, 0x1000, 
	0x2861, 0x2882, 0x1841, 0x0800, 0x0820, 0x1861, 0x2041, 0x1000, 0x1820, 0x2082, 0x1040, 0x0800, 0x0840, 0x1020, 0x1800, 0x3062, 
	0x58e5, 0x4863, 0x2800, 0x1800, 0x0800, 0x0020, 0x0020, 0x0841, 0x0820, 0x0841, 0x0841, 0x0841, 0x0821, 0x0821, 0x0041, 0x0841, 
	0x0841, 0x0841, 0x0841, 0x0841, 0x0841, 0x0841, 0x0841, 0x0841, 0x0821, 0x0821, 0x0821, 0x0821, 0x0821, 0x0821, 0x0821, 0x0821, 
	0x0821, 0x0821, 0x0821, 0x0821, 0x0821, 0x0821, 0x0821, 0x0821, 0x0020, 0x0821, 0x0841, 0x0861, 0x0861, 0x0841, 0x0841, 0x0041, 
	0x0041, 0x0041, 0x0041, 0x0041, 0x0041, 0x0041, 0x0041, 0x0041, 0x0041, 0x0041, 0x0041, 0x0041, 0x0041, 0x0041, 0x0041, 0x0041, 
	0x0021, 0x0021, 0x0021, 0x0021, 0x0021, 0x0021, 0x0021, 0x0021, 0x0021, 0x0021, 0x0021, 0x0021, 0x0021, 0x0021, 0x0021, 0x0021, 
	0x0021, 0x0021, 0x0021, 0x0021, 0x0021, 0x0021, 0x0021, 0x0021, 0x0020, 0x0020, 0x0021, 0x0020, 0x0020, 0x0000, 0x0000, 0x0000, 
	0x0821, 0x18a3, 0x1062, 0x0821, 0x20e4, 0x18c3, 0x0841, 0x1082, 0x0882, 0x0882, 0x0841, 0x1904, 0x18c3, 0x0000, 0x0000, 0x0000, 
	0x0000, 0x0000, 0x0000, 0x0000, 0x18c3, 0x10a3, 0x1082, 0x10a2, 0x10a2, 0x0882, 0x10c3, 0x18e3, 0x0861, 0x1061, 0x20c3, 0x0841, 
	0x0000, 0x0020, 0x0041, 0x0020, 0x0020, 0x0021, 0x0021, 0x0020, 0x0021, 0x0021, 0x0021, 0x0021, 0x0021, 0x0021, 0x0021, 0x0021, 
	0x0021, 0x0021, 0x0021, 0x0021, 0x0021, 0x0021, 0x0021, 0x0021, 0x0021, 0x0021, 0x0021, 0x0021, 0x0021, 0x0021, 0x0021, 0x0021, 
	0x0041, 0x0041, 0x0041, 0x0041, 0x0041, 0x0041, 0x0041, 0x0041, 0x0021, 0x0021, 0x0021, 0x0021, 0x0021, 0x0021, 0x0021, 0x0021, 
	0x0041, 0x0041, 0x0841, 0x0841, 0x0841, 0x0821, 0x0821, 0x0821, 0x0021, 0x0821, 0x0821, 0x0821, 0x0821, 0x0821, 0x0821, 0x0820, 
	0x0821, 0x0841, 0x0841, 0x0841, 0x0841, 0x0841, 0x0841, 0x0841, 0x0841, 0x0821, 0x0820, 0x0821, 0x0821, 0x0841, 0x0821, 0x0820, 
	0x0841, 0x0821, 0x0801, 0x1021, 0x1041, 0x1021, 0x0820, 0x0820, 0x0020, 0x0040, 0x0840, 0x0820, 0x1800, 0x1800, 0x3021, 0x58c4, 
	0x78c4, 0x6021, 0x2800, 0x1020, 0x0860, 0x0860, 0x1041, 0x2042, 0x1821, 0x1020, 0x1020, 0x1020, 0x1000, 0x1000, 0x1820, 0x1861, 
	0x1020, 0x1020, 0x1020, 0x1020, 0x1021, 0x1020, 0x1000, 0x1000, 0x2000, 0x3000, 0x7925, 0xd32d, 0x90e4, 0x5800, 0x5060, 0x4060, 
	0x2800, 0x2800, 0x2800, 0x2800, 0x2800, 0x2820, 0x2820, 0x2800, 0x2800, 0x2800, 0x2800, 0x2800, 0x2800, 0x2800, 0x2800, 0x3020, 
	0x3020, 0x2820, 0x2800, 0x2800, 0x2800, 0x2800, 0x2800, 0x2800, 0x2820, 0x2820, 0x2820, 0x2800, 0x2800, 0x2800, 0x2800, 0x2800, 
	0x1800, 0x4041, 0x5000, 0x5800, 0x9965, 0xbaaa, 0x5860, 0x3000, 0x1820, 0x1040, 0x0820, 0x0821, 0x1021, 0x0800, 0x1000, 0x2082, 
	0x2861, 0x2020, 0x1020, 0x0820, 0x1040, 0x1861, 0x1821, 0x1800, 0x2062, 0x1841, 0x0820, 0x0020, 0x1040, 0x1000, 0x2000, 0x4083, 
	0x50a4, 0x4022, 0x2000, 0x1000, 0x0820, 0x0041, 0x0040, 0x0020, 0x0820, 0x0821, 0x0821, 0x0821, 0x0821, 0x0021, 0x0821, 0x0841, 
	0x0841, 0x0841, 0x0821, 0x0821, 0x0821, 0x0821, 0x0841, 0x0841, 0x0821, 0x0821, 0x0821, 0x0821, 0x0821, 0x0821, 0x0821, 0x0821, 
	0x0821, 0x0821, 0x0821, 0x0821, 0x0821, 0x0821, 0x0841, 0x0841, 0x0821, 0x0821, 0x0841, 0x0841, 0x0841, 0x0841, 0x0841, 0x0041, 
	0x0041, 0x0041, 0x0041, 0x0041, 0x0041, 0x0041, 0x0041, 0x0041, 0x0021, 0x0021, 0x0021, 0x0021, 0x0021, 0x0021, 0x0021, 0x0021, 
	0x0021, 0x0021, 0x0021, 0x0021, 0x0021, 0x0021, 0x0021, 0x0021, 0x0021, 0x0021, 0x0021, 0x0021, 0x0021, 0x0021, 0x0021, 0x0021, 
	0x0021, 0x0021, 0x0021, 0x0021, 0x0021, 0x0021, 0x0021, 0x0021, 0x0020, 0x0020, 0x0021, 0x0020, 0x0020, 0x0000, 0x0000, 0x0000, 
	0x0821, 0x18c3, 0x1062, 0x0841, 0x20e4, 0x18e3, 0x0841, 0x0882, 0x0882, 0x0882, 0x0861, 0x1904, 0x18c3, 0x0000, 0x0000, 0x0000, 
	0x0000, 0x0000, 0x0000, 0x0000, 0x18c3, 0x10a3, 0x1082, 0x10a2, 0x10a2, 0x0882, 0x10c3, 0x18e3, 0x0861, 0x1061, 0x20e3, 0x1041, 
	0x0000, 0x0020, 0x0041, 0x0020, 0x0020, 0x0021, 0x0021, 0x0020, 0x0021, 0x0021, 0x0021, 0x0021, 0x0021, 0x0021, 0x0021, 0x0021, 
	0x0021, 0x0021, 0x0021, 0x0021, 0x0021, 0x0021, 0x0021, 0x0021, 0x0021, 0x0021, 0x0021, 0x0021, 0x0021, 0x0021, 0x0021, 0x0021, 
	0x0041, 0x0041, 0x0041, 0x0041, 0x0041, 0x0041, 0x0041, 0x0041, 0x0021, 0x0021, 0x0021, 0x0021, 0x0021, 0x0021, 0x0021, 0x0021, 
	0x0041, 0x0841, 0x0841, 0x0841, 0x0841, 0x0821, 0x0821, 0x0821, 0x0021, 0x0821, 0x0821, 0x0821, 0x0821, 0x0821, 0x0821, 0x0820, 
	0x0821, 0x0821, 0x0821, 0x0821, 0x0821, 0x0821, 0x0821, 0x0821, 0x0820, 0x0821, 0x0841, 0x0821, 0x0821, 0x0820, 0x0821, 0x0841, 
	0x0821, 0x0821, 0x0801, 0x1021, 0x1021, 0x1021, 0x0820, 0x0820, 0x0020, 0x0040, 0x0840, 0x0840, 0x1020, 0x1000, 0x2000, 0x4021, 
	0x78e4, 0x70c3, 0x4020, 0x1800, 0x1020, 0x1041, 0x1020, 0x2042, 0x2062, 0x1821, 0x1000, 0x1020, 0x1820, 0x1000, 0x0800, 0x1000, 
	0x2882, 0x2041, 0x1020, 0x0820, 0x1020, 0x1821, 0x1820, 0x1020, 0x1860, 0x2020, 0x2800, 0xa229, 0xcaac, 0x8062, 0x4800, 0x4800, 
	0x4000, 0x3800, 0x3800, 0x3800, 0x3820, 0x4020, 0x4020, 0x4020, 0x3800, 0x3800, 0x3800, 0x3800, 0x3800, 0x3800, 0x3820, 0x3820, 
	0x3800, 0x3800, 0x3000, 0x3000, 0x3000, 0x3000, 0x3000, 0x3000, 0x3820, 0x3820, 0x3820, 0x3820, 0x3820, 0x3800, 0x3000, 0x3800, 
	0x4800, 0x6000, 0x5800, 0x7841, 0xb249, 0x91a6, 0x3000, 0x2820, 0x1020, 0x1041, 0x1041, 0x1021, 0x1001, 0x1000, 0x1801, 0x30c3, 
	0x2041, 0x1000, 0x0800, 0x1040, 0x1861, 0x1041, 0x1820, 0x2021, 0x2082, 0x1000, 0x0800, 0x1020, 0x1020, 0x1800, 0x3001, 0x50c4, 
	0x4063, 0x2801, 0x1000, 0x0800, 0x0841, 0x0861, 0x0020, 0x0000, 0x0820, 0x0820, 0x0821, 0x0821, 0x0821, 0x0021, 0x0821, 0x0821, 
	0x0841, 0x0821, 0x0821, 0x0821, 0x0821, 0x0821, 0x0821, 0x0841, 0x0821, 0x0821, 0x0821, 0x0821, 0x0821, 0x0821, 0x0821, 0x0821, 
	0x0821, 0x0821, 0x0821, 0x0821, 0x0821, 0x0821, 0x0841, 0x0841, 0x0841, 0x0841, 0x0841, 0x0841, 0x0841, 0x0841, 0x0841, 0x0041, 
	0x0041, 0x0041, 0x0041, 0x0041, 0x0041, 0x0041, 0x0041, 0x0041, 0x0021, 0x0021, 0x0021, 0x0021, 0x0021, 0x0021, 0x0021, 0x0021, 
	0x0021, 0x0021, 0x0021, 0x0021, 0x0021, 0x0021, 0x0021, 0x0021, 0x0021, 0x0021, 0x0021, 0x0021, 0x0021, 0x0021, 0x0021, 0x0021, 
	0x0021, 0x0021, 0x0021, 0x0021, 0x0021, 0x0021, 0x0021, 0x0021, 0x0020, 0x0020, 0x0021, 0x0020, 0x0020, 0x0000, 0x0000, 0x0000, 
	0x0841, 0x18c3, 0x1062, 0x0841, 0x2104, 0x18e4, 0x0861, 0x1082, 0x0882, 0x0882, 0x0861, 0x1904, 0x18c3, 0x0000, 0x0000, 0x0000, 
	0x0000, 0x0000, 0x0000, 0x0000, 0x18c3, 0x10a3, 0x1082, 0x10a2, 0x10a2, 0x0882, 0x10c3, 0x18e3, 0x0861, 0x1081, 0x20e3, 0x1041, 
	0x0000, 0x0020, 0x0041, 0x0020, 0x0020, 0x0021, 0x0021, 0x0020, 0x0021, 0x0021, 0x0021, 0x0021, 0x0021, 0x0021, 0x0021, 0x0021, 
	0x0021, 0x0021, 0x0021, 0x0021, 0x0021, 0x0021, 0x0021, 0x0021, 0x0021, 0x0021, 0x0021, 0x0021, 0x0021, 0x0021, 0x0021, 0x0021, 
	0x0041, 0x0041, 0x0041, 0x0041, 0x0041, 0x0041, 0x0041, 0x0041, 0x0021, 0x0021, 0x0021, 0x0021, 0x0021, 0x0021, 0x0021, 0x0021, 
	0x0841, 0x0841, 0x0841, 0x0841, 0x0841, 0x0821, 0x0821, 0x0821, 0x0821, 0x0821, 0x0821, 0x0821, 0x0821, 0x0821, 0x0821, 0x0821, 
	0x0820, 0x0820, 0x0820, 0x0820, 0x0820, 0x0820, 0x0820, 0x0820, 0x0820, 0x0821, 0x0841, 0x0821, 0x0820, 0x0820, 0x0821, 0x0841, 
	0x0821, 0x0020, 0x0820, 0x0821, 0x1021, 0x1021, 0x0800, 0x0820, 0x0020, 0x0840, 0x0840, 0x0840, 0x1040, 0x1000, 0x1000, 0x2800, 
	0x68c4, 0x7105, 0x5082, 0x2800, 0x1800, 0x1841, 0x1021, 0x1841, 0x2882, 0x2021, 0x1820, 0x1841, 0x1861, 0x1040, 0x0800, 0x1000, 
	0x2021, 0x1800, 0x1020, 0x0800, 0x0800, 0x0800, 0x1020, 0x1020, 0x0800, 0x28a2, 0x2000, 0x4800, 0xa209, 0xcaec, 0x80e4, 0x6861, 
	0x5820, 0x5820, 0x5020, 0x5020, 0x5020, 0x5020, 0x5000, 0x5000, 0x5000, 0x5000, 0x5000, 0x5000, 0x5020, 0x5020, 0x5000, 0x5000, 
	0x5000, 0x5000, 0x5000, 0x5020, 0x5000, 0x4800, 0x4800, 0x4800, 0x4800, 0x4800, 0x5000, 0x5020, 0x5020, 0x5020, 0x5000, 0x5000, 
	0x6000, 0x6800, 0x9125, 0xba6a, 0x99e7, 0x4820, 0x2000, 0x1800, 0x1000, 0x1041, 0x1042, 0x1822, 0x1801, 0x1801, 0x1800, 0x2041, 
	0x1820, 0x1000, 0x0800, 0x1040, 0x1861, 0x1020, 0x1820, 0x2041, 0x1841, 0x1000, 0x0820, 0x1040, 0x1800, 0x2000, 0x4042, 0x50a4, 
	0x3021, 0x1800, 0x1000, 0x0820, 0x0861, 0x0841, 0x0820, 0x0800, 0x0800, 0x0800, 0x0821, 0x0821, 0x0821, 0x0021, 0x0821, 0x0821, 
	0x0841, 0x0841, 0x0821, 0x0821, 0x0821, 0x0821, 0x0841, 0x0841, 0x0021, 0x0021, 0x0021, 0x0021, 0x0021, 0x0021, 0x0021, 0x0821, 
	0x0821, 0x0821, 0x0821, 0x0821, 0x0821, 0x0821, 0x0821, 0x0821, 0x0841, 0x0841, 0x0821, 0x0021, 0x0021, 0x0021, 0x0841, 0x0841, 
	0x0041, 0x0041, 0x0041, 0x0041, 0x0041, 0x0041, 0x0041, 0x0041, 0x0021, 0x0021, 0x0021, 0x0021, 0x0021, 0x0021, 0x0021, 0x0021, 
	0x0021, 0x0021, 0x0021, 0x0021, 0x0021, 0x0021, 0x0021, 0x0021, 0x0021, 0x0021, 0x0021, 0x0021, 0x0021, 0x0021, 0x0021, 0x0021, 
	0x0021, 0x0021, 0x0021, 0x0021, 0x0021, 0x0021, 0x0021, 0x0021, 0x0020, 0x0020, 0x0021, 0x0020, 0x0020, 0x0000, 0x0000, 0x0000, 
	0x0841, 0x18c3, 0x1062, 0x0841, 0x2104, 0x18e4, 0x0861, 0x10a2, 0x0882, 0x0882, 0x0861, 0x1904, 0x18c3, 0x0000, 0x0000, 0x0000, 
	0x0000, 0x0000, 0x0000, 0x0000, 0x18c3, 0x10a3, 0x1082, 0x10a2, 0x1082, 0x0882, 0x10a3, 0x18e3, 0x0861, 0x1081, 0x20e3, 0x1041, 
	0x0000, 0x0020, 0x0041, 0x0020, 0x0020, 0x0021, 0x0021, 0x0020, 0x0021, 0x0021, 0x0021, 0x0021, 0x0021, 0x0021, 0x0021, 0x0021, 
	0x0021, 0x0021, 0x0021, 0x0021, 0x0021, 0x0021, 0x0021, 0x0021, 0x0021, 0x0021, 0x0021, 0x0021, 0x0021, 0x0021, 0x0021, 0x0021, 
	0x0041, 0x0041, 0x0041, 0x0041, 0x0041, 0x0041, 0x0041, 0x0041, 0x0021, 0x0021, 0x0021, 0x0021, 0x0021, 0x0021, 0x0021, 0x0021, 
	0x0841, 0x0841, 0x0841, 0x0841, 0x0821, 0x0821, 0x0821, 0x0821, 0x0841, 0x0841, 0x0841, 0x0841, 0x0841, 0x0841, 0x0841, 0x0841, 
	0x0820, 0x0820, 0x0820, 0x0820, 0x0820, 0x0820, 0x0820, 0x0820, 0x0820, 0x0821, 0x0841, 0x0821, 0x0820, 0x0820, 0x0821, 0x0841, 
	0x0020, 0x0020, 0x0820, 0x0820, 0x0821, 0x1021, 0x0820, 0x0800, 0x0820, 0x0840, 0x0840, 0x0840, 0x0861, 0x0820, 0x0800, 0x1800, 
	0x4041, 0x60e4, 0x6105, 0x4062, 0x2000, 0x1820, 0x1041, 0x1020, 0x1821, 0x2041, 0x2041, 0x1841, 0x1041, 0x1061, 0x1041, 0x1000, 
	0x0800, 0x1820, 0x2882, 0x2882, 0x1800, 0x0800, 0x0820, 0x1040, 0x0800, 0x1800, 0x3061, 0x2000, 0x3800, 0x9a29, 0xaa4a, 0xa9e8, 
	0xba48, 0xba48, 0xb227, 0xb227, 0xb207, 0xb1e6, 0xa9e6, 0xa9e6, 0xb207, 0xb207, 0xb207, 0xb227, 0xb227, 0xb207, 0xb207, 0xb207, 
	0xb207, 0xb207, 0xb207, 0xb207, 0xb207, 0xb207, 0xb207, 0xb1e7, 0xb1e6, 0xb1e6, 0xb1e6, 0xb1e6, 0xb1e6, 0xb207, 0xb207, 0xb227, 
	0xaa08, 0xa1c7, 0xa208, 0x8986, 0x4000, 0x2000, 0x2861, 0x1841, 0x0800, 0x0821, 0x1001, 0x1801, 0x2021, 0x2042, 0x1821, 0x1000, 
	0x1000, 0x1020, 0x1861, 0x1861, 0x1040, 0x1020, 0x1821, 0x1861, 0x1000, 0x0820, 0x1041, 0x1020, 0x1800, 0x3062, 0x4883, 0x4042, 
	0x1800, 0x1000, 0x0800, 0x0841, 0x0841, 0x0820, 0x0800, 0x1021, 0x0800, 0x1000, 0x1021, 0x0821, 0x0821, 0x0021, 0x0821, 0x0821, 
	0x0841, 0x0841, 0x0841, 0x0841, 0x0841, 0x0841, 0x0841, 0x0841, 0x0821, 0x0821, 0x0821, 0x0821, 0x0821, 0x0821, 0x0821, 0x0821, 
	0x0821, 0x0821, 0x0821, 0x0821, 0x0821, 0x0821, 0x0821, 0x0841, 0x0841, 0x0841, 0x0821, 0x0021, 0x0021, 0x0021, 0x0021, 0x0841, 
	0x0041, 0x0041, 0x0041, 0x0041, 0x0041, 0x0041, 0x0041, 0x0041, 0x0021, 0x0021, 0x0021, 0x0021, 0x0021, 0x0021, 0x0021, 0x0021, 
	0x0021, 0x0021, 0x0021, 0x0021, 0x0021, 0x0021, 0x0021, 0x0021, 0x0021, 0x0021, 0x0021, 0x0021, 0x0021, 0x0021, 0x0021, 0x0021, 
	0x0021, 0x0021, 0x0021, 0x0021, 0x0021, 0x0021, 0x0021, 0x0021, 0x0020, 0x0020, 0x0021, 0x0020, 0x0020, 0x0000, 0x0000, 0x0000, 
	0x0841, 0x18c3, 0x1062, 0x0841, 0x2104, 0x18e4, 0x0861, 0x10a2, 0x0882, 0x0882, 0x0861, 0x2104, 0x18e3, 0x0000, 0x0000, 0x0000, 
	0x0000, 0x0000, 0x0000, 0x0000, 0x18c3, 0x10a3, 0x1082, 0x10a2, 0x1082, 0x0882, 0x10a3, 0x18e3, 0x0861, 0x1081, 0x20e3, 0x1041, 
	0x0000, 0x0020, 0x0041, 0x0020, 0x0020, 0x0021, 0x0021, 0x0020, 0x0021, 0x0021, 0x0021, 0x0021, 0x0021, 0x0021, 0x0021, 0x0021, 
	0x0021, 0x0021, 0x0021, 0x0021, 0x0021, 0x0021, 0x0021, 0x0021, 0x0021, 0x0021, 0x0021, 0x0021, 0x0021, 0x0021, 0x0021, 0x0021, 
	0x0041, 0x0041, 0x0041, 0x0041, 0x0041, 0x0041, 0x0041, 0x0041, 0x0021, 0x0021, 0x0021, 0x0021, 0x0021, 0x0021, 0x0021, 0x0021, 
	0x0841, 0x0841, 0x0841, 0x0821, 0x0821, 0x0821, 0x0821, 0x0821, 0x0841, 0x0841, 0x0841, 0x0841, 0x0841, 0x0841, 0x0841, 0x0841, 
	0x0841, 0x0841, 0x0841, 0x0841, 0x0841, 0x0841, 0x0841, 0x0841, 0x0820, 0x0821, 0x0821, 0x0821, 0x0821, 0x0820, 0x0821, 0x0841, 
	0x0841, 0x0841, 0x0820, 0x0820, 0x0821, 0x1021, 0x0821, 0x0800, 0x0820, 0x0841, 0x0020, 0x0020, 0x0861, 0x0840, 0x0020, 0x1020, 
	0x1800, 0x4082, 0x6145, 0x48e4, 0x2000, 0x1000, 0x1041, 0x0820, 0x1000, 0x2021, 0x2041, 0x1821, 0x0820, 0x0840, 0x1041, 0x1020, 
	0x0800, 0x1040, 0x28a3, 0x30a3, 0x1821, 0x1000, 0x1041, 0x1021, 0x2062, 0x1000, 0x1820, 0x2861, 0x1800, 0x2800, 0x5021, 0x78c4, 
	0x80e3, 0x80e2, 0x80e2, 0x80e2, 0x80e2, 0x80c2, 0x80c2, 0x80c2, 0x80e2, 0x80e2, 0x80e2, 0x8103, 0x80e2, 0x80e2, 0x80e2, 0x80e2, 
	0x80e2, 0x88e2, 0x88e3, 0x88e3, 0x88e3, 0x88e2, 0x80e2, 0x80c2, 0x80c2, 0x80c2, 0x80c2, 0x80c2, 0x80c2, 0x80c2, 0x80c2, 0x80e3, 
	0x70e3, 0x60a2, 0x4800, 0x2800, 0x2000, 0x1800, 0x1821, 0x0800, 0x1021, 0x1000, 0x1000, 0x1800, 0x1821, 0x2062, 0x1861, 0x0800, 
	0x0820, 0x1061, 0x1881, 0x1041, 0x1020, 0x1020, 0x1041, 0x1041, 0x0820, 0x0840, 0x0840, 0x0820, 0x1821, 0x38a3, 0x4083, 0x2800, 
	0x1000, 0x0800, 0x0820, 0x0841, 0x0820, 0x0000, 0x0800, 0x1021, 0x1000, 0x1001, 0x1021, 0x0821, 0x0821, 0x0821, 0x0821, 0x0841, 
	0x0841, 0x0841, 0x0841, 0x0841, 0x0841, 0x0841, 0x0841, 0x0841, 0x0841, 0x0841, 0x0841, 0x0841, 0x0841, 0x0841, 0x0841, 0x0841, 
	0x1041, 0x1041, 0x1041, 0x1041, 0x0841, 0x0841, 0x0841, 0x0841, 0x0841, 0x0821, 0x0821, 0x0020, 0x0020, 0x0021, 0x0841, 0x0841, 
	0x0041, 0x0041, 0x0041, 0x0041, 0x0041, 0x0041, 0x0041, 0x0041, 0x0021, 0x0021, 0x0021, 0x0021, 0x0021, 0x0021, 0x0021, 0x0021, 
	0x0021, 0x0021, 0x0021, 0x0021, 0x0021, 0x0021, 0x0021, 0x0021, 0x0021, 0x0021, 0x0021, 0x0021, 0x0021, 0x0021, 0x0021, 0x0021, 
	0x0021, 0x0021, 0x0021, 0x0021, 0x0021, 0x0021, 0x0021, 0x0021, 0x0020, 0x0020, 0x0021, 0x0020, 0x0020, 0x0000, 0x0000, 0x0000, 
	0x0841, 0x18c3, 0x1062, 0x0841, 0x2104, 0x18e4, 0x0861, 0x1082, 0x0882, 0x0882, 0x0861, 0x2104, 0x18e3, 0x0000, 0x0000, 0x0000, 
	0x0000, 0x0000, 0x0000, 0x0000, 0x18c3, 0x10a3, 0x1082, 0x10a2, 0x0882, 0x0882, 0x10a3, 0x18e3, 0x0861, 0x1082, 0x20e3, 0x1061, 
	0x0000, 0x0020, 0x0041, 0x0020, 0x0020, 0x0021, 0x0021, 0x0020, 0x0021, 0x0021, 0x0021, 0x0021, 0x0021, 0x0021, 0x0021, 0x0021, 
	0x0021, 0x0021, 0x0021, 0x0021, 0x0021, 0x0021, 0x0021, 0x0021, 0x0021, 0x0021, 0x0021, 0x0021, 0x0021, 0x0021, 0x0021, 0x0021, 
	0x0041, 0x0841, 0x0841, 0x0841, 0x0841, 0x0841, 0x0841, 0x0841, 0x0021, 0x0021, 0x0021, 0x0021, 0x0021, 0x0021, 0x0021, 0x0021, 
	0x0821, 0x0821, 0x0821, 0x0821, 0x0821, 0x0821, 0x0821, 0x0821, 0x0841, 0x0821, 0x0821, 0x0821, 0x0821, 0x0821, 0x0821, 0x0821, 
	0x0841, 0x0841, 0x0841, 0x0841, 0x0841, 0x0841, 0x0841, 0x0841, 0x0821, 0x0820, 0x0820, 0x0820, 0x0820, 0x0821, 0x0820, 0x0820, 
	0x0820, 0x0841, 0x0820, 0x0820, 0x0820, 0x0841, 0x0841, 0x0800, 0x0820, 0x0820, 0x0820, 0x0020, 0x0840, 0x0860, 0x0040, 0x0840, 
	0x0800, 0x2840, 0x38a3, 0x3082, 0x1800, 0x0800, 0x0841, 0x0821, 0x1000, 0x1800, 0x1841, 0x1841, 0x0820, 0x0820, 0x1020, 0x1041, 
	0x0820, 0x0000, 0x1020, 0x1821, 0x1000, 0x1000, 0x1821, 0x1000, 0x0800, 0x1841, 0x0800, 0x1020, 0x2061, 0x1800, 0x2800, 0x3000, 
	0x2800, 0x2800, 0x2800, 0x2800, 0x2800, 0x2800, 0x2800, 0x2800, 0x2800, 0x2800, 0x2800, 0x2800, 0x2800, 0x2800, 0x2800, 0x2800, 
	0x2800, 0x2800, 0x2800, 0x2800, 0x2800, 0x2800, 0x2800, 0x2800, 0x2800, 0x2800, 0x2800, 0x2800, 0x2800, 0x2800, 0x2800, 0x2800, 
	0x2800, 0x2800, 0x2000, 0x1800, 0x2082, 0x1020, 0x1000, 0x1862, 0x1000, 0x1000, 0x1800, 0x2061, 0x1841, 0x1040, 0x0841, 0x0840, 
	0x1040, 0x1040, 0x1040, 0x1020, 0x1020, 0x1041, 0x1041, 0x1040, 0x0841, 0x0861, 0x0840, 0x0820, 0x1040, 0x2882, 0x2841, 0x1800, 
	0x0820, 0x0020, 0x0841, 0x0841, 0x0821, 0x0800, 0x0800, 0x1021, 0x1021, 0x1021, 0x1041, 0x0841, 0x0821, 0x0821, 0x0841, 0x0841, 
	0x0841, 0x0841, 0x0841, 0x0821, 0x0821, 0x0841, 0x0841, 0x0841, 0x0841, 0x0841, 0x0841, 0x0841, 0x0841, 0x0841, 0x0841, 0x0841, 
	0x1041, 0x1041, 0x1041, 0x1041, 0x1041, 0x1041, 0x0841, 0x0841, 0x0820, 0x0820, 0x0820, 0x0020, 0x0820, 0x0820, 0x0821, 0x0821, 
	0x0841, 0x0841, 0x0841, 0x0841, 0x0841, 0x0841, 0x0841, 0x0841, 0x0021, 0x0021, 0x0021, 0x0021, 0x0021, 0x0021, 0x0021, 0x0021, 
	0x0021, 0x0021, 0x0021, 0x0021, 0x0021, 0x0021, 0x0021, 0x0021, 0x0021, 0x0021, 0x0021, 0x0021, 0x0021, 0x0021, 0x0021, 0x0021, 
	0x0021, 0x0021, 0x0021, 0x0021, 0x0021, 0x0021, 0x0021, 0x0021, 0x0020, 0x0020, 0x0021, 0x0020, 0x0020, 0x0000, 0x0000, 0x0000, 
	0x0821, 0x18c3, 0x1062, 0x0841, 0x20e4, 0x18e3, 0x0841, 0x0882, 0x0882, 0x1082, 0x0861, 0x2104, 0x18e3, 0x0000, 0x0000, 0x0000, 
	0x0000, 0x0000, 0x0000, 0x0000, 0x18c3, 0x10a3, 0x1082, 0x10a2, 0x0882, 0x0882, 0x10a3, 0x18e3, 0x0861, 0x1082, 0x20e3, 0x1061, 
	0x0000, 0x0020, 0x0041, 0x0020, 0x0020, 0x0021, 0x0021, 0x0020, 0x0021, 0x0021, 0x0021, 0x0021, 0x0021, 0x0021, 0x0021, 0x0021, 
	0x0021, 0x0021, 0x0021, 0x0021, 0x0021, 0x0021, 0x0021, 0x0021, 0x0021, 0x0021, 0x0021, 0x0021, 0x0021, 0x0021, 0x0021, 0x0021, 
	0x0841, 0x0841, 0x0841, 0x0841, 0x0841, 0x0841, 0x0841, 0x0841, 0x0021, 0x0021, 0x0021, 0x0021, 0x0021, 0x0021, 0x0021, 0x0021, 
	0x0821, 0x0821, 0x0821, 0x0821, 0x0821, 0x0821, 0x0821, 0x0821, 0x0820, 0x0820, 0x0820, 0x0820, 0x0820, 0x0820, 0x0820, 0x0820, 
	0x0800, 0x0800, 0x0800, 0x0800, 0x0800, 0x0800, 0x0800, 0x0800, 0x0841, 0x0820, 0x0820, 0x0820, 0x0820, 0x0841, 0x0820, 0x0820, 
	0x0840, 0x0841, 0x0840, 0x0820, 0x0820, 0x0841, 0x0841, 0x0820, 0x0820, 0x0820, 0x0800, 0x0000, 0x0840, 0x0840, 0x0020, 0x0040, 
	0x1040, 0x1020, 0x1000, 0x1000, 0x1000, 0x1021, 0x0841, 0x1061, 0x1041, 0x1020, 0x1841, 0x1861, 0x1061, 0x0820, 0x0800, 0x1041, 
	0x1061, 0x0000, 0x0800, 0x1861, 0x2042, 0x2883, 0x2883, 0x1801, 0x1821, 0x1020, 0x1061, 0x0820, 0x0800, 0x1000, 0x1820, 0x1000, 
	0x1800, 0x1820, 0x1820, 0x1820, 0x1000, 0x1000, 0x1000, 0x1820, 0x1800, 0x1800, 0x1820, 0x1820, 0x1820, 0x1820, 0x1820, 0x1840, 
	0x1820, 0x1820, 0x1000, 0x1000, 0x1000, 0x1000, 0x1000, 0x1000, 0x1000, 0x1000, 0x1820, 0x1820, 0x1820, 0x1820, 0x1000, 0x1000, 
	0x1800, 0x1000, 0x1862, 0x1021, 0x1041, 0x1021, 0x1041, 0x1000, 0x1800, 0x1800, 0x2861, 0x30e3, 0x1861, 0x0000, 0x0020, 0x0861, 
	0x1061, 0x1020, 0x0800, 0x0800, 0x1021, 0x1861, 0x1041, 0x0820, 0x1061, 0x0861, 0x0861, 0x0840, 0x0820, 0x0800, 0x1000, 0x1000, 
	0x0861, 0x0041, 0x0020, 0x0821, 0x0821, 0x0820, 0x0800, 0x0800, 0x0821, 0x0841, 0x0841, 0x0841, 0x0841, 0x0841, 0x0841, 0x0841, 
	0x0821, 0x0821, 0x0820, 0x0820, 0x0820, 0x0820, 0x0821, 0x0821, 0x0820, 0x0820, 0x0820, 0x0820, 0x0820, 0x0820, 0x0820, 0x0820, 
	0x0820, 0x0820, 0x0820, 0x0820, 0x0820, 0x0820, 0x0820, 0x0820, 0x0820, 0x0820, 0x0820, 0x0820, 0x0820, 0x0821, 0x0821, 0x0821, 
	0x0841, 0x0841, 0x0841, 0x0841, 0x0841, 0x0841, 0x0841, 0x0841, 0x0021, 0x0021, 0x0021, 0x0021, 0x0021, 0x0021, 0x0021, 0x0021, 
	0x0021, 0x0021, 0x0021, 0x0021, 0x0021, 0x0021, 0x0021, 0x0021, 0x0021, 0x0021, 0x0021, 0x0021, 0x0021, 0x0021, 0x0021, 0x0021, 
	0x0021, 0x0021, 0x0021, 0x0021, 0x0021, 0x0021, 0x0021, 0x0021, 0x0020, 0x0020, 0x0021, 0x0020, 0x0020, 0x0000, 0x0000, 0x0000, 
	0x0821, 0x18a3, 0x1062, 0x0841, 0x20e4, 0x18e3, 0x0841, 0x0882, 0x0882, 0x1082, 0x0861, 0x2104, 0x18e3, 0x0000, 0x0000, 0x0000, 
	0x0000, 0x0000, 0x0000, 0x0000, 0x1082, 0x10a3, 0x1082, 0x10a2, 0x1082, 0x0882, 0x0882, 0x10c3, 0x1081, 0x1082, 0x20e3, 0x1082, 
	0x0000, 0x0000, 0x0020, 0x0021, 0x0020, 0x0020, 0x0020, 0x0020, 0x0021, 0x0021, 0x0021, 0x0021, 0x0021, 0x0021, 0x0021, 0x0021, 
	0x0021, 0x0021, 0x0021, 0x0021, 0x0021, 0x0021, 0x0021, 0x0021, 0x0021, 0x0021, 0x0021, 0x0021, 0x0021, 0x0021, 0x0021, 0x0021, 
	0x0841, 0x0841, 0x0841, 0x0841, 0x0841, 0x0841, 0x0841, 0x0841, 0x0841, 0x0841, 0x0841, 0x0841, 0x0841, 0x0841, 0x0841, 0x0841, 
	0x0820, 0x0820, 0x0820, 0x0820, 0x0820, 0x0820, 0x0820, 0x0820, 0x0821, 0x0821, 0x0821, 0x0821, 0x0821, 0x0821, 0x0821, 0x0821, 
	0x0820, 0x0820, 0x0820, 0x0820, 0x0820, 0x0820, 0x0820, 0x0820, 0x0841, 0x0841, 0x0841, 0x0820, 0x0820, 0x0820, 0x0820, 0x0820, 
	0x0820, 0x0840, 0x0840, 0x0820, 0x0820, 0x0820, 0x0820, 0x0820, 0x0820, 0x0820, 0x0820, 0x0820, 0x0820, 0x0820, 0x0840, 0x0840, 
	0x0020, 0x0820, 0x0820, 0x0820, 0x0840, 0x0841, 0x0841, 0x0841, 0x1041, 0x1020, 0x1020, 0x1040, 0x1041, 0x1041, 0x1021, 0x0800, 
	0x1041, 0x1041, 0x0800, 0x0800, 0x1020, 0x28a3, 0x20a3, 0x1021, 0x0800, 0x1021, 0x1041, 0x1041, 0x0820, 0x0800, 0x0820, 0x1020, 
	0x1020, 0x1000, 0x1000, 0x1020, 0x1020, 0x1020, 0x1020, 0x1020, 0x1020, 0x1020, 0x1000, 0x1000, 0x1000, 0x1000, 0x1020, 0x1020, 
	0x1020, 0x1020, 0x1020, 0x1020, 0x1020, 0x1020, 0x1020, 0x1020, 0x1000, 0x1000, 0x1000, 0x1000, 0x1000, 0x1000, 0x1000, 0x1000, 
	0x1021, 0x1021, 0x1021, 0x0821, 0x0821, 0x0801, 0x1000, 0x1000, 0x1840, 0x1840, 0x1820, 0x1000, 0x0800, 0x0820, 0x0861, 0x1082, 
	0x0820, 0x0800, 0x1020, 0x1861, 0x1861, 0x1020, 0x0800, 0x0820, 0x0820, 0x0840, 0x0840, 0x0840, 0x0820, 0x0820, 0x0820, 0x0820, 
	0x0841, 0x0841, 0x0820, 0x0820, 0x0820, 0x0820, 0x0821, 0x0841, 0x0841, 0x0841, 0x0841, 0x0841, 0x0841, 0x0841, 0x0841, 0x0841, 
	0x0821, 0x0821, 0x0821, 0x0821, 0x0821, 0x0841, 0x0841, 0x0841, 0x0821, 0x0821, 0x0821, 0x0821, 0x0821, 0x0821, 0x0821, 0x0821, 
	0x0821, 0x0821, 0x0821, 0x0821, 0x0821, 0x0821, 0x0821, 0x0821, 0x0821, 0x0821, 0x0821, 0x0821, 0x0821, 0x0821, 0x0821, 0x0821, 
	0x0841, 0x0841, 0x0841, 0x0841, 0x0841, 0x0841, 0x0841, 0x0841, 0x0021, 0x0021, 0x0021, 0x0021, 0x0021, 0x0021, 0x0021, 0x0021, 
	0x0021, 0x0021, 0x0021, 0x0021, 0x0021, 0x0021, 0x0021, 0x0021, 0x0021, 0x0021, 0x0021, 0x0021, 0x0021, 0x0021, 0x0021, 0x0021, 
	0x0021, 0x0021, 0x0021, 0x0021, 0x0021, 0x0021, 0x0021, 0x0021, 0x0020, 0x0020, 0x0020, 0x0020, 0x0020, 0x0020, 0x0000, 0x0000, 
	0x0821, 0x18a3, 0x1062, 0x0841, 0x2104, 0x18e3, 0x0841, 0x0882, 0x0882, 0x0882, 0x0862, 0x2104, 0x18e4, 0x0000, 0x0000, 0x0000, 
	0x0000, 0x0000, 0x0000, 0x0000, 0x1082, 0x10a3, 0x1082, 0x10a2, 0x1082, 0x0882, 0x0882, 0x10c3, 0x1081, 0x1082, 0x20e3, 0x1062, 
	0x0000, 0x0000, 0x0020, 0x0021, 0x0020, 0x0020, 0x0020, 0x0020, 0x0021, 0x0021, 0x0021, 0x0021, 0x0021, 0x0021, 0x0021, 0x0021, 
	0x0021, 0x0021, 0x0021, 0x0021, 0x0021, 0x0021, 0x0021, 0x0021, 0x0021, 0x0021, 0x0021, 0x0021, 0x0021, 0x0021, 0x0021, 0x0021, 
	0x0841, 0x0821, 0x0821, 0x0821, 0x0821, 0x0821, 0x0821, 0x0821, 0x0821, 0x0821, 0x0821, 0x0821, 0x0821, 0x0821, 0x0821, 0x0821, 
	0x0820, 0x0820, 0x0820, 0x0820, 0x0820, 0x0820, 0x0820, 0x0820, 0x0821, 0x0821, 0x0821, 0x0821, 0x0821, 0x0821, 0x0821, 0x0820, 
	0x0820, 0x0820, 0x0820, 0x0820, 0x0820, 0x0820, 0x0820, 0x0820, 0x1041, 0x1041, 0x1041, 0x0820, 0x0820, 0x0820, 0x0820, 0x0820, 
	0x0820, 0x0820, 0x0840, 0x0820, 0x0840, 0x0820, 0x0820, 0x0820, 0x0820, 0x0820, 0x0820, 0x0820, 0x0820, 0x0820, 0x0820, 0x0840, 
	0x0020, 0x0040, 0x0040, 0x0040, 0x0841, 0x0841, 0x0821, 0x1041, 0x1041, 0x1040, 0x0820, 0x0840, 0x1041, 0x1041, 0x1041, 0x1021, 
	0x0820, 0x1041, 0x1821, 0x1000, 0x1000, 0x1041, 0x0841, 0x0841, 0x1882, 0x1021, 0x0800, 0x0800, 0x0841, 0x1061, 0x0840, 0x0000, 
	0x0820, 0x1000, 0x1020, 0x1020, 0x1020, 0x1020, 0x1020, 0x1020, 0x1020, 0x1020, 0x1020, 0x1000, 0x1000, 0x1020, 0x1020, 0x1020, 
	0x1020, 0x1020, 0x1020, 0x1020, 0x1020, 0x1020, 0x1020, 0x1020, 0x1020, 0x1020, 0x1020, 0x1020, 0x1020, 0x1020, 0x1020, 0x1020, 
	0x0821, 0x0821, 0x0821, 0x0801, 0x0801, 0x0801, 0x1021, 0x1020, 0x1840, 0x1840, 0x1040, 0x0820, 0x0820, 0x0821, 0x0841, 0x0841, 
	0x1021, 0x1020, 0x1041, 0x1841, 0x1041, 0x1020, 0x1020, 0x1020, 0x1040, 0x1020, 0x1020, 0x0820, 0x0820, 0x0820, 0x0040, 0x0040, 
	0x0841, 0x0841, 0x0820, 0x0820, 0x0800, 0x0820, 0x0841, 0x0841, 0x0841, 0x0841, 0x0841, 0x0841, 0x0841, 0x0821, 0x0821, 0x0821, 
	0x0821, 0x0821, 0x0821, 0x0821, 0x0821, 0x0841, 0x0841, 0x0841, 0x0821, 0x0821, 0x0821, 0x0821, 0x0821, 0x0821, 0x0821, 0x0821, 
	0x0821, 0x0821, 0x0821, 0x0821, 0x0821, 0x0821, 0x0821, 0x0821, 0x0821, 0x0821, 0x0821, 0x0821, 0x0821, 0x0821, 0x0821, 0x0821, 
	0x0821, 0x0821, 0x0821, 0x0821, 0x0821, 0x0821, 0x0821, 0x0821, 0x0021, 0x0021, 0x0021, 0x0021, 0x0021, 0x0021, 0x0021, 0x0021, 
	0x0021, 0x0021, 0x0021, 0x0021, 0x0021, 0x0021, 0x0021, 0x0021, 0x0021, 0x0021, 0x0021, 0x0021, 0x0021, 0x0021, 0x0021, 0x0021, 
	0x0021, 0x0021, 0x0021, 0x0021, 0x0021, 0x0021, 0x0021, 0x0021, 0x0020, 0x0020, 0x0020, 0x0020, 0x0020, 0x0020, 0x0000, 0x0000, 
	0x0821, 0x18a3, 0x1062, 0x0841, 0x20e4, 0x18e3, 0x0841, 0x0882, 0x0882, 0x0882, 0x0861, 0x2104, 0x18e3, 0x0000, 0x0000, 0x0000, 
	0x0000, 0x0000, 0x0000, 0x0000, 0x1062, 0x10a2, 0x1082, 0x10a2, 0x1082, 0x0882, 0x0882, 0x10c3, 0x1081, 0x1082, 0x20e3, 0x1061, 
	0x0000, 0x0000, 0x0020, 0x0021, 0x0020, 0x0020, 0x0020, 0x0020, 0x0021, 0x0021, 0x0021, 0x0021, 0x0021, 0x0021, 0x0021, 0x0021, 
	0x0021, 0x0021, 0x0021, 0x0021, 0x0021, 0x0021, 0x0021, 0x0021, 0x0021, 0x0021, 0x0021, 0x0021, 0x0021, 0x0021, 0x0021, 0x0021, 
	0x0821, 0x0821, 0x0821, 0x0821, 0x0821, 0x0821, 0x0821, 0x0821, 0x0821, 0x0821, 0x0821, 0x0821, 0x0821, 0x0821, 0x0821, 0x0821, 
	0x0820, 0x0820, 0x0820, 0x0820, 0x0820, 0x0820, 0x0820, 0x0820, 0x0820, 0x0820, 0x0820, 0x0820, 0x0820, 0x0820, 0x0820, 0x0820, 
	0x0820, 0x0820, 0x0820, 0x0820, 0x0820, 0x0820, 0x0820, 0x0820, 0x1040, 0x1040, 0x1040, 0x0820, 0x0820, 0x0820, 0x0820, 0x0820, 
	0x0820, 0x0820, 0x0820, 0x0820, 0x0840, 0x0820, 0x0820, 0x0820, 0x0840, 0x0820, 0x0820, 0x0800, 0x0800, 0x1021, 0x1021, 0x1020, 
	0x0820, 0x0820, 0x0040, 0x0041, 0x0841, 0x0821, 0x1021, 0x1021, 0x1041, 0x0840, 0x0840, 0x0840, 0x1041, 0x1041, 0x1041, 0x1041, 
	0x0820, 0x1020, 0x2021, 0x2041, 0x0820, 0x0000, 0x0020, 0x0061, 0x1841, 0x1821, 0x1801, 0x1001, 0x0820, 0x0820, 0x1000, 0x1000, 
	0x0800, 0x0820, 0x0820, 0x0820, 0x0820, 0x0820, 0x0820, 0x0820, 0x0820, 0x0820, 0x0820, 0x1020, 0x1020, 0x0820, 0x0820, 0x0820, 
	0x1020, 0x1020, 0x1020, 0x1020, 0x1020, 0x1020, 0x1020, 0x1020, 0x1020, 0x1020, 0x1020, 0x1020, 0x1020, 0x1020, 0x1020, 0x0820, 
	0x0820, 0x0820, 0x0820, 0x0821, 0x0801, 0x1021, 0x1021, 0x1041, 0x1041, 0x1040, 0x0820, 0x0840, 0x0841, 0x1041, 0x0821, 0x0801, 
	0x1021, 0x1041, 0x1041, 0x1041, 0x1020, 0x1020, 0x1020, 0x1020, 0x1841, 0x1820, 0x1020, 0x1000, 0x0820, 0x0820, 0x0840, 0x0841, 
	0x0841, 0x0821, 0x0821, 0x0800, 0x0800, 0x0821, 0x0841, 0x0841, 0x0041, 0x0041, 0x0840, 0x0820, 0x0820, 0x0820, 0x0820, 0x0820, 
	0x0820, 0x0820, 0x0820, 0x0821, 0x0821, 0x0841, 0x0841, 0x0841, 0x0820, 0x0820, 0x0820, 0x0820, 0x0820, 0x0820, 0x0820, 0x0820, 
	0x0820, 0x0820, 0x0820, 0x0820, 0x0820, 0x0820, 0x0820, 0x0820, 0x0820, 0x0820, 0x0820, 0x0820, 0x0820, 0x0820, 0x0820, 0x0820, 
	0x0821, 0x0821, 0x0821, 0x0821, 0x0821, 0x0821, 0x0821, 0x0821, 0x0821, 0x0821, 0x0821, 0x0821, 0x0821, 0x0821, 0x0821, 0x0021, 
	0x0021, 0x0021, 0x0021, 0x0021, 0x0021, 0x0021, 0x0021, 0x0021, 0x0021, 0x0021, 0x0021, 0x0021, 0x0021, 0x0021, 0x0021, 0x0021, 
	0x0021, 0x0021, 0x0021, 0x0021, 0x0021, 0x0021, 0x0021, 0x0021, 0x0020, 0x0020, 0x0020, 0x0020, 0x0020, 0x0020, 0x0000, 0x0000, 
	0x0821, 0x18a3, 0x1062, 0x0841, 0x18e4, 0x18c3, 0x0841, 0x0882, 0x0882, 0x0882, 0x0861, 0x2104, 0x18e3, 0x0000, 0x0000, 0x0000, 
	0x0000, 0x0000, 0x0000, 0x0000, 0x1062, 0x10a2, 0x1082, 0x10a2, 0x0882, 0x0882, 0x10a2, 0x10c3, 0x1081, 0x1082, 0x20c3, 0x1061, 
	0x0000, 0x0000, 0x0020, 0x0021, 0x0020, 0x0020, 0x0020, 0x0020, 0x0021, 0x0021, 0x0021, 0x0021, 0x0021, 0x0021, 0x0021, 0x0021, 
	0x0021, 0x0021, 0x0021, 0x0021, 0x0021, 0x0021, 0x0021, 0x0021, 0x0021, 0x0021, 0x0021, 0x0021, 0x0021, 0x0021, 0x0021, 0x0021, 
	0x0821, 0x0821, 0x0821, 0x0821, 0x0821, 0x0821, 0x0821, 0x0821, 0x0821, 0x0821, 0x0821, 0x0821, 0x0821, 0x0821, 0x0821, 0x0821, 
	0x0820, 0x0820, 0x0820, 0x0820, 0x0820, 0x0820, 0x0820, 0x0820, 0x0820, 0x0820, 0x0820, 0x0820, 0x0820, 0x0820, 0x0820, 0x0820, 
	0x0820, 0x0820, 0x0820, 0x0820, 0x0820, 0x0820, 0x0820, 0x0820, 0x1040, 0x1040, 0x1040, 0x0820, 0x0820, 0x0820, 0x0820, 0x0820, 
	0x0820, 0x0820, 0x0820, 0x0820, 0x0820, 0x0820, 0x0820, 0x0820, 0x0820, 0x0820, 0x0821, 0x0821, 0x1021, 0x1001, 0x1001, 0x1020, 
	0x0820, 0x0820, 0x0040, 0x0041, 0x0841, 0x1021, 0x1021, 0x1021, 0x1041, 0x1041, 0x0841, 0x0840, 0x1041, 0x1041, 0x1041, 0x1041, 
	0x0840, 0x0800, 0x1000, 0x1821, 0x1041, 0x0020, 0x0020, 0x0061, 0x0800, 0x1821, 0x2062, 0x2062, 0x1021, 0x0800, 0x0800, 0x1021, 
	0x0800, 0x0820, 0x0820, 0x0820, 0x0820, 0x0820, 0x0820, 0x0820, 0x0800, 0x0820, 0x0820, 0x1021, 0x1021, 0x0820, 0x0820, 0x0800, 
	0x1020, 0x1020, 0x1020, 0x1020, 0x1020, 0x1020, 0x1020, 0x1020, 0x1020, 0x1020, 0x1020, 0x1020, 0x1020, 0x1020, 0x1020, 0x0820, 
	0x0020, 0x0020, 0x0840, 0x1041, 0x1041, 0x1021, 0x1021, 0x0800, 0x0841, 0x0840, 0x0840, 0x0840, 0x0841, 0x0841, 0x0821, 0x0801, 
	0x1041, 0x1062, 0x1061, 0x0820, 0x0800, 0x1040, 0x1841, 0x1841, 0x1841, 0x1820, 0x1820, 0x1000, 0x0800, 0x0820, 0x0821, 0x0841, 
	0x0821, 0x0821, 0x0821, 0x0801, 0x0821, 0x0821, 0x0841, 0x0041, 0x0040, 0x0020, 0x0820, 0x0820, 0x0820, 0x0820, 0x0820, 0x0820, 
	0x0820, 0x0820, 0x0820, 0x0820, 0x0820, 0x0841, 0x0841, 0x0841, 0x0820, 0x0820, 0x0820, 0x0820, 0x0820, 0x0820, 0x0820, 0x0820, 
	0x0820, 0x0820, 0x0820, 0x0820, 0x0820, 0x0820, 0x0820, 0x0820, 0x0820, 0x0820, 0x0840, 0x0840, 0x0840, 0x0840, 0x0840, 0x0841, 
	0x0821, 0x0821, 0x0821, 0x0821, 0x0821, 0x0821, 0x0821, 0x0821, 0x0821, 0x0821, 0x0821, 0x0821, 0x0821, 0x0821, 0x0821, 0x0821, 
	0x0021, 0x0021, 0x0021, 0x0021, 0x0021, 0x0021, 0x0021, 0x0021, 0x0021, 0x0021, 0x0021, 0x0021, 0x0021, 0x0021, 0x0021, 0x0021, 
	0x0021, 0x0021, 0x0021, 0x0021, 0x0021, 0x0021, 0x0021, 0x0021, 0x0020, 0x0020, 0x0020, 0x0020, 0x0020, 0x0020, 0x0000, 0x0000, 
	0x0821, 0x18a3, 0x1062, 0x0841, 0x18c3, 0x18c3, 0x0841, 0x0882, 0x0882, 0x0882, 0x0861, 0x2104, 0x18e3, 0x0000, 0x0000, 0x0000, 
	0x0000, 0x0000, 0x0000, 0x0000, 0x1062, 0x1082, 0x1082, 0x1082, 0x0882, 0x0882, 0x10a2, 0x10c3, 0x1081, 0x1082, 0x20c3, 0x1041, 
	0x0000, 0x0000, 0x0020, 0x0021, 0x0020, 0x0020, 0x0020, 0x0020, 0x0021, 0x0021, 0x0021, 0x0021, 0x0021, 0x0021, 0x0021, 0x0021, 
	0x0021, 0x0021, 0x0021, 0x0021, 0x0021, 0x0021, 0x0021, 0x0021, 0x0021, 0x0021, 0x0021, 0x0021, 0x0021, 0x0021, 0x0021, 0x0021, 
	0x0821, 0x0821, 0x0821, 0x0821, 0x0821, 0x0821, 0x0821, 0x0821, 0x0821, 0x0821, 0x0821, 0x0821, 0x0821, 0x0821, 0x0821, 0x0821, 
	0x0820, 0x0820, 0x0820, 0x0820, 0x0820, 0x0820, 0x0820, 0x0820, 0x0820, 0x0820, 0x0820, 0x0820, 0x0820, 0x1020, 0x1020, 0x1020, 
	0x1020, 0x1020, 0x1020, 0x1020, 0x1020, 0x1020, 0x1020, 0x1020, 0x1020, 0x1020, 0x1020, 0x1020, 0x1020, 0x0820, 0x0820, 0x0820, 
	0x0820, 0x0840, 0x0840, 0x0820, 0x0820, 0x0820, 0x0820, 0x0820, 0x0820, 0x0820, 0x0821, 0x0821, 0x0821, 0x0821, 0x1021, 0x1001, 
	0x1020, 0x0820, 0x0821, 0x0841, 0x0821, 0x1021, 0x1001, 0x1021, 0x1061, 0x1061, 0x1061, 0x0841, 0x0841, 0x0841, 0x0841, 0x0841, 
	0x1041, 0x0820, 0x0820, 0x0840, 0x1041, 0x1041, 0x1021, 0x1041, 0x0820, 0x0820, 0x1021, 0x1821, 0x1821, 0x1821, 0x1021, 0x0820, 
	0x0820, 0x0820, 0x0820, 0x0820, 0x0820, 0x0820, 0x0820, 0x0820, 0x0800, 0x0820, 0x1020, 0x1020, 0x1020, 0x1020, 0x0820, 0x0800, 
	0x0820, 0x0820, 0x0820, 0x0820, 0x0820, 0x0820, 0x0820, 0x0820, 0x0820, 0x0820, 0x0820, 0x0820, 0x0820, 0x0820, 0x0820, 0x0820, 
	0x0040, 0x0040, 0x0860, 0x0861, 0x1041, 0x0841, 0x0821, 0x0800, 0x0820, 0x0841, 0x0841, 0x0841, 0x0821, 0x0821, 0x0841, 0x1041, 
	0x1041, 0x1062, 0x1061, 0x0820, 0x0820, 0x1040, 0x1841, 0x1841, 0x1841, 0x1820, 0x1020, 0x1000, 0x0800, 0x0820, 0x0821, 0x0821, 
	0x0821, 0x0821, 0x0821, 0x0821, 0x0821, 0x0821, 0x0041, 0x0041, 0x0040, 0x0820, 0x0820, 0x0820, 0x0800, 0x0820, 0x0820, 0x0820, 
	0x0820, 0x0820, 0x0820, 0x0820, 0x0820, 0x0841, 0x0841, 0x0841, 0x0820, 0x0820, 0x0820, 0x0820, 0x0820, 0x0820, 0x0820, 0x0820, 
	0x0820, 0x1020, 0x1020, 0x0820, 0x0820, 0x0820, 0x0820, 0x0820, 0x0820, 0x0820, 0x0820, 0x0840, 0x0840, 0x0840, 0x0840, 0x0841, 
	0x0821, 0x0821, 0x0821, 0x0821, 0x0821, 0x0821, 0x0821, 0x0821, 0x0821, 0x0821, 0x0821, 0x0821, 0x0821, 0x0821, 0x0821, 0x0821, 
	0x0021, 0x0021, 0x0021, 0x0021, 0x0021, 0x0021, 0x0021, 0x0021, 0x0021, 0x0021, 0x0021, 0x0021, 0x0021, 0x0021, 0x0021, 0x0021, 
	0x0021, 0x0021, 0x0021, 0x0021, 0x0021, 0x0021, 0x0021, 0x0021, 0x0020, 0x0020, 0x0020, 0x0020, 0x0020, 0x0020, 0x0000, 0x0000, 
	0x0821, 0x1882, 0x1062, 0x0841, 0x18c3, 0x10a3, 0x0861, 0x0882, 0x0882, 0x0882, 0x0861, 0x1904, 0x18c3, 0x0000, 0x0000, 0x0000, 
	0x0000, 0x0000, 0x0000, 0x0000, 0x1062, 0x1082, 0x0882, 0x0882, 0x0882, 0x0882, 0x10a2, 0x10c3, 0x1081, 0x1081, 0x20c3, 0x1041, 
	0x0000, 0x0000, 0x0020, 0x0021, 0x0020, 0x0020, 0x0020, 0x0020, 0x0021, 0x0021, 0x0021, 0x0021, 0x0021, 0x0021, 0x0021, 0x0021, 
	0x0021, 0x0021, 0x0021, 0x0021, 0x0021, 0x0021, 0x0021, 0x0021, 0x0021, 0x0021, 0x0021, 0x0021, 0x0021, 0x0021, 0x0021, 0x0021, 
	0x0821, 0x0821, 0x0821, 0x0821, 0x0821, 0x0821, 0x0821, 0x0821, 0x0821, 0x0821, 0x0821, 0x0821, 0x0821, 0x0821, 0x0821, 0x0821, 
	0x0841, 0x0840, 0x0840, 0x0840, 0x0820, 0x0820, 0x0820, 0x0820, 0x0841, 0x1021, 0x1021, 0x1021, 0x1021, 0x1021, 0x1021, 0x1021, 
	0x1020, 0x1020, 0x1020, 0x1020, 0x1020, 0x1020, 0x1020, 0x1020, 0x1020, 0x1020, 0x1020, 0x1020, 0x1020, 0x0820, 0x0820, 0x0820, 
	0x0840, 0x0840, 0x0840, 0x0820, 0x0820, 0x0820, 0x0820, 0x0820, 0x0820, 0x0820, 0x0821, 0x0841, 0x0821, 0x0821, 0x0821, 0x0801, 
	0x1020, 0x0821, 0x0821, 0x0821, 0x0821, 0x0821, 0x0821, 0x1021, 0x1061, 0x1061, 0x1061, 0x1041, 0x0820, 0x0821, 0x0821, 0x0841, 
	0x1061, 0x0861, 0x0861, 0x0841, 0x0820, 0x1020, 0x1021, 0x1041, 0x0841, 0x0840, 0x0800, 0x0800, 0x1001, 0x1821, 0x1041, 0x1041, 
	0x0820, 0x0820, 0x0820, 0x0820, 0x0820, 0x0820, 0x0820, 0x0820, 0x0820, 0x0820, 0x0820, 0x1020, 0x1020, 0x0820, 0x0820, 0x0820, 
	0x0820, 0x0820, 0x0820, 0x0820, 0x0820, 0x0820, 0x0820, 0x0820, 0x0820, 0x0820, 0x0820, 0x0820, 0x0820, 0x0820, 0x0820, 0x0820, 
	0x0861, 0x0860, 0x0840, 0x0820, 0x0820, 0x0821, 0x0841, 0x0841, 0x0020, 0x0841, 0x0841, 0x0841, 0x0820, 0x0820, 0x0841, 0x1082, 
	0x0841, 0x1041, 0x0841, 0x0820, 0x0820, 0x1041, 0x1041, 0x1041, 0x1020, 0x1020, 0x0820, 0x0820, 0x0820, 0x0820, 0x0821, 0x0821, 
	0x0821, 0x0821, 0x0821, 0x0821, 0x0821, 0x0821, 0x0041, 0x0041, 0x0020, 0x0820, 0x0800, 0x1000, 0x1000, 0x1000, 0x0820, 0x0820, 
	0x0820, 0x0820, 0x0820, 0x0820, 0x0820, 0x0841, 0x0841, 0x0841, 0x0841, 0x0841, 0x0841, 0x0841, 0x0841, 0x0841, 0x0841, 0x0841, 
	0x1021, 0x1021, 0x1021, 0x1021, 0x1021, 0x1021, 0x1021, 0x0841, 0x0841, 0x0841, 0x0841, 0x0841, 0x0841, 0x0841, 0x0841, 0x0841, 
	0x0821, 0x0821, 0x0821, 0x0821, 0x0821, 0x0821, 0x0821, 0x0821, 0x0821, 0x0821, 0x0821, 0x0821, 0x0821, 0x0821, 0x0821, 0x0821, 
	0x0021, 0x0021, 0x0021, 0x0021, 0x0021, 0x0021, 0x0021, 0x0021, 0x0021, 0x0021, 0x0021, 0x0021, 0x0021, 0x0021, 0x0021, 0x0021, 
	0x0021, 0x0021, 0x0021, 0x0021, 0x0021, 0x0021, 0x0021, 0x0021, 0x0020, 0x0020, 0x0020, 0x0020, 0x0020, 0x0020, 0x0000, 0x0000, 
	0x0821, 0x1882, 0x1062, 0x0861, 0x18a3, 0x10a3, 0x0861, 0x0882, 0x0882, 0x0882, 0x0861, 0x18e4, 0x18c3, 0x0000, 0x0000, 0x0000, 
	0x0000, 0x0000, 0x0000, 0x0000, 0x1062, 0x1082, 0x0862, 0x0882, 0x0882, 0x0882, 0x10a2, 0x10c3, 0x1081, 0x1081, 0x18c3, 0x0841, 
	0x0000, 0x0000, 0x0020, 0x0021, 0x0020, 0x0020, 0x0020, 0x0020, 0x0021, 0x0021, 0x0021, 0x0021, 0x0021, 0x0021, 0x0021, 0x0021, 
	0x0021, 0x0021, 0x0021, 0x0021, 0x0021, 0x0021, 0x0021, 0x0021, 0x0021, 0x0021, 0x0021, 0x0021, 0x0021, 0x0021, 0x0021, 0x0021, 
	0x0821, 0x0821, 0x0821, 0x0821, 0x0821, 0x0821, 0x0821, 0x0821, 0x0821, 0x0821, 0x0821, 0x0821, 0x0821, 0x0821, 0x0821, 0x0821, 
	0x0841, 0x0840, 0x0840, 0x0840, 0x0820, 0x0820, 0x0820, 0x0820, 0x0841, 0x1021, 0x1021, 0x1021, 0x1021, 0x1021, 0x1021, 0x1021, 
	0x1020, 0x1020, 0x1020, 0x1020, 0x1020, 0x1020, 0x1020, 0x1020, 0x1020, 0x1020, 0x1020, 0x1020, 0x1020, 0x0820, 0x0820, 0x0820, 
	0x0840, 0x0840, 0x0840, 0x0820, 0x0820, 0x0820, 0x0820, 0x0820, 0x0820, 0x0840, 0x0841, 0x0841, 0x0841, 0x0821, 0x0821, 0x0821, 
	0x0820, 0x0820, 0x0821, 0x0821, 0x0821, 0x0821, 0x0821, 0x0821, 0x1041, 0x1041, 0x1041, 0x1041, 0x1021, 0x0821, 0x0821, 0x0841, 
	0x0861, 0x0861, 0x0861, 0x1041, 0x0820, 0x0800, 0x1020, 0x1041, 0x0840, 0x0841, 0x0841, 0x0040, 0x0020, 0x0820, 0x1021, 0x1041, 
	0x0841, 0x0841, 0x0841, 0x0841, 0x0820, 0x0820, 0x0820, 0x0820, 0x0841, 0x0820, 0x0820, 0x0820, 0x0820, 0x0820, 0x0820, 0x0841, 
	0x0820, 0x0820, 0x0820, 0x0820, 0x0820, 0x0820, 0x0820, 0x0820, 0x0841, 0x0841, 0x0841, 0x0841, 0x0841, 0x0841, 0x0841, 0x0821, 
	0x1041, 0x1021, 0x1021, 0x0820, 0x0820, 0x0841, 0x0841, 0x0861, 0x0841, 0x0841, 0x0841, 0x1021, 0x1040, 0x0840, 0x0860, 0x0861, 
	0x0841, 0x0821, 0x0820, 0x0841, 0x1061, 0x1061, 0x1040, 0x1040, 0x0820, 0x0820, 0x0020, 0x0020, 0x0020, 0x0820, 0x0821, 0x0821, 
	0x0821, 0x0821, 0x0821, 0x0821, 0x0821, 0x0821, 0x0041, 0x0841, 0x0821, 0x0821, 0x1000, 0x1000, 0x1000, 0x1020, 0x0820, 0x0820, 
	0x0820, 0x0820, 0x0820, 0x0820, 0x0820, 0x0841, 0x0841, 0x0841, 0x0841, 0x0841, 0x0841, 0x0841, 0x0841, 0x0841, 0x0841, 0x1021, 
	0x1021, 0x1021, 0x1021, 0x1021, 0x1021, 0x1021, 0x1021, 0x0841, 0x0841, 0x0841, 0x0841, 0x0841, 0x0841, 0x0841, 0x0841, 0x0841, 
	0x0821, 0x0821, 0x0821, 0x0821, 0x0821, 0x0821, 0x0821, 0x0821, 0x0821, 0x0821, 0x0821, 0x0821, 0x0821, 0x0821, 0x0821, 0x0821, 
	0x0021, 0x0021, 0x0021, 0x0021, 0x0021, 0x0021, 0x0021, 0x0021, 0x0021, 0x0021, 0x0021, 0x0021, 0x0021, 0x0021, 0x0021, 0x0021, 
	0x0021, 0x0021, 0x0021, 0x0021, 0x0021, 0x0021, 0x0021, 0x0021, 0x0020, 0x0020, 0x0020, 0x0020, 0x0020, 0x0020, 0x0000, 0x0000, 
	0x0821, 0x1082, 0x1062, 0x0861, 0x10a3, 0x10a2, 0x0862, 0x0882, 0x0882, 0x0882, 0x0861, 0x18e4, 0x18c3, 0x0000, 0x0000, 0x0000, 
	0x0000, 0x0000, 0x0000, 0x0000, 0x0861, 0x1082, 0x0862, 0x0882, 0x0882, 0x0882, 0x10a2, 0x10c3, 0x1082, 0x1081, 0x18c3, 0x0841, 
	0x0000, 0x0000, 0x0020, 0x0021, 0x0020, 0x0020, 0x0020, 0x0020, 0x0021, 0x0021, 0x0021, 0x0021, 0x0021, 0x0021, 0x0021, 0x0021, 
	0x0021, 0x0021, 0x0021, 0x0021, 0x0021, 0x0021, 0x0021, 0x0021, 0x0021, 0x0021, 0x0021, 0x0021, 0x0021, 0x0021, 0x0021, 0x0021, 
	0x0821, 0x0821, 0x0821, 0x0821, 0x0821, 0x0821, 0x0821, 0x0821, 0x0821, 0x0821, 0x0821, 0x0821, 0x0821, 0x0821, 0x0821, 0x0821, 
	0x0840, 0x0840, 0x0840, 0x0840, 0x0820, 0x0820, 0x0820, 0x0820, 0x1040, 0x1020, 0x1020, 0x1020, 0x1020, 0x1020, 0x1020, 0x1020, 
	0x1020, 0x1020, 0x1020, 0x1020, 0x1020, 0x1020, 0x1020, 0x1020, 0x1020, 0x1020, 0x1020, 0x1020, 0x1020, 0x0820, 0x0820, 0x0820, 
	0x0840, 0x0840, 0x0840, 0x0820, 0x0820, 0x0820, 0x0820, 0x0820, 0x0820, 0x0820, 0x0841, 0x0041, 0x0841, 0x0841, 0x0821, 0x0821, 
	0x0020, 0x0020, 0x0821, 0x0821, 0x0021, 0x0021, 0x0021, 0x0020, 0x0820, 0x1041, 0x1041, 0x1041, 0x0841, 0x0821, 0x0821, 0x0841, 
	0x0861, 0x0041, 0x0841, 0x1041, 0x0841, 0x0820, 0x0821, 0x1061, 0x0841, 0x0840, 0x0040, 0x0040, 0x0061, 0x0841, 0x0820, 0x0800, 
	0x0841, 0x0841, 0x0841, 0x0841, 0x0841, 0x0821, 0x0821, 0x0821, 0x0841, 0x0841, 0x0820, 0x0020, 0x0020, 0x0820, 0x0841, 0x0841, 
	0x0821, 0x0821, 0x0821, 0x0821, 0x0821, 0x0821, 0x0821, 0x0821, 0x0841, 0x0841, 0x0841, 0x0841, 0x0841, 0x0841, 0x0841, 0x0841, 
	0x1021, 0x1001, 0x1021, 0x1021, 0x0841, 0x0841, 0x0861, 0x0861, 0x0861, 0x0841, 0x0820, 0x0841, 0x1041, 0x1061, 0x0840, 0x0840, 
	0x0841, 0x0020, 0x0000, 0x0841, 0x1061, 0x1061, 0x0840, 0x0840, 0x0020, 0x0020, 0x0020, 0x0040, 0x0040, 0x0020, 0x0821, 0x0821, 
	0x0041, 0x0041, 0x0821, 0x0821, 0x0821, 0x0821, 0x0841, 0x0841, 0x0821, 0x0821, 0x1020, 0x1000, 0x1000, 0x1020, 0x0820, 0x0820, 
	0x0820, 0x0820, 0x0820, 0x0820, 0x0820, 0x1020, 0x1020, 0x1020, 0x1020, 0x1020, 0x1020, 0x1020, 0x1020, 0x1020, 0x1020, 0x1020, 
	0x1020, 0x1020, 0x1020, 0x1020, 0x1020, 0x1020, 0x1021, 0x1021, 0x1021, 0x1021, 0x1021, 0x1021, 0x0841, 0x0841, 0x0841, 0x0841, 
	0x0821, 0x0821, 0x0821, 0x0821, 0x0821, 0x0821, 0x0821, 0x0821, 0x0821, 0x0821, 0x0821, 0x0821, 0x0821, 0x0821, 0x0821, 0x0821, 
	0x0021, 0x0021, 0x0021, 0x0021, 0x0021, 0x0021, 0x0021, 0x0021, 0x0021, 0x0021, 0x0021, 0x0021, 0x0021, 0x0021, 0x0021, 0x0021, 
	0x0021, 0x0021, 0x0021, 0x0021, 0x0021, 0x0021, 0x0021, 0x0021, 0x0020, 0x0020, 0x0020, 0x0020, 0x0020, 0x0020, 0x0000, 0x0000, 
	0x0821, 0x1082, 0x1082, 0x0861, 0x10a2, 0x10a2, 0x0862, 0x0882, 0x0882, 0x0882, 0x0841, 0x18e4, 0x18c3, 0x0000, 0x0000, 0x0000, 
	0x0000, 0x0000, 0x0000, 0x0000, 0x0840, 0x1082, 0x10a2, 0x0882, 0x0882, 0x0882, 0x0862, 0x18e4, 0x10a2, 0x0820, 0x18a2, 0x0840, 
	0x0000, 0x0000, 0x0020, 0x0020, 0x0020, 0x0020, 0x0020, 0x0020, 0x0021, 0x0021, 0x0021, 0x0021, 0x0021, 0x0021, 0x0021, 0x0021, 
	0x0021, 0x0021, 0x0021, 0x0021, 0x0021, 0x0021, 0x0021, 0x0021, 0x0021, 0x0020, 0x0020, 0x0821, 0x0841, 0x0841, 0x0821, 0x0020, 
	0x0020, 0x0020, 0x0020, 0x0820, 0x0820, 0x0820, 0x0820, 0x1020, 0x0820, 0x0820, 0x1020, 0x1020, 0x1021, 0x1000, 0x1001, 0x1000, 
	0x0840, 0x0840, 0x0840, 0x1040, 0x1040, 0x1040, 0x1040, 0x1040, 0x1040, 0x1020, 0x1020, 0x1020, 0x1020, 0x1020, 0x1040, 0x1040, 
	0x1040, 0x1040, 0x1040, 0x1040, 0x1040, 0x1041, 0x1041, 0x1041, 0x1040, 0x1040, 0x1040, 0x1040, 0x1020, 0x1040, 0x1040, 0x0840, 
	0x0840, 0x0840, 0x0840, 0x0840, 0x0820, 0x1041, 0x1041, 0x0800, 0x0821, 0x0820, 0x1081, 0x0861, 0x0000, 0x0000, 0x0020, 0x0000, 
	0x0000, 0x0020, 0x0841, 0x0020, 0x0841, 0x0021, 0x0861, 0x0020, 0x0861, 0x0000, 0x0000, 0x0841, 0x0000, 0x0000, 0x0000, 0x0000, 
	0x0000, 0x0841, 0x0861, 0x10a2, 0x0000, 0x0841, 0x1082, 0x0000, 0x0000, 0x0000, 0x0000, 0x0000, 0x0020, 0x0861, 0x0020, 0x0821, 
	0x0841, 0x0841, 0x0841, 0x0841, 0x0841, 0x0841, 0x0861, 0x0841, 0x0000, 0x0000, 0x0000, 0x0000, 0x0000, 0x0861, 0x0000, 0x0020, 
	0x0841, 0x0020, 0x0861, 0x0000, 0x0020, 0x0000, 0x0000, 0x0000, 0x0000, 0x0000, 0x0000, 0x0000, 0x0000, 0x0000, 0x0000, 0x0000, 
	0x0000, 0x0000, 0x0000, 0x0820, 0x0000, 0x0000, 0x0861, 0x0020, 0x0020, 0x0000, 0x0000, 0x1082, 0x0820, 0x1082, 0x1082, 0x0000, 
	0x0000, 0x0000, 0x0000, 0x0000, 0x0861, 0x0861, 0x0000, 0x0020, 0x0020, 0x0020, 0x0841, 0x0841, 0x0020, 0x0841, 0x0841, 0x0020, 
	0x0020, 0x0000, 0x0000, 0x0000, 0x0000, 0x0841, 0x0841, 0x0841, 0x0841, 0x0020, 0x0841, 0x1061, 0x0820, 0x0800, 0x1020, 0x1020, 
	0x1040, 0x1020, 0x0820, 0x1020, 0x1041, 0x1041, 0x1041, 0x1020, 0x1041, 0x1040, 0x1040, 0x1040, 0x1040, 0x1040, 0x1040, 0x1040, 
	0x1040, 0x1040, 0x1020, 0x1020, 0x1020, 0x1020, 0x1021, 0x1021, 0x1841, 0x1041, 0x1041, 0x1021, 0x1021, 0x1021, 0x0820, 0x0820, 
	0x1041, 0x0800, 0x1020, 0x1041, 0x0820, 0x0800, 0x0820, 0x1041, 0x0820, 0x0821, 0x0821, 0x0821, 0x0821, 0x0821, 0x0821, 0x0821, 
	0x0821, 0x0841, 0x0841, 0x0021, 0x0021, 0x0021, 0x0021, 0x0021, 0x0841, 0x0841, 0x0841, 0x0841, 0x0841, 0x0841, 0x0841, 0x0041, 
	0x0021, 0x0021, 0x0021, 0x0021, 0x0021, 0x0021, 0x0021, 0x0021, 0x0020, 0x0020, 0x0020, 0x0020, 0x0020, 0x0020, 0x0000, 0x0000, 
	0x0000, 0x1882, 0x10a2, 0x0061, 0x08c2, 0x10e3, 0x0882, 0x0882, 0x0862, 0x1062, 0x0841, 0x1904, 0x18c3, 0x0000, 0x0000, 0x0000, 
	0x0000, 0x0000, 0x0000, 0x0000, 0x1061, 0x1082, 0x1082, 0x0861, 0x18e3, 0x0021, 0x18e4, 0x1082, 0x0000, 0x18c3, 0x1061, 0x0000, 
	0x0000, 0x0000, 0x0020, 0x0020, 0x0020, 0x0020, 0x0020, 0x0020, 0x0021, 0x0021, 0x0021, 0x0021, 0x0021, 0x0021, 0x0021, 0x0021, 
	0x0021, 0x0021, 0x0021, 0x0021, 0x0021, 0x0021, 0x0021, 0x0021, 0x0021, 0x0021, 0x0021, 0x0021, 0x0821, 0x0821, 0x0821, 0x0821, 
	0x0020, 0x0020, 0x0820, 0x0820, 0x0820, 0x0820, 0x0820, 0x1020, 0x1020, 0x1040, 0x1020, 0x0800, 0x1000, 0x1021, 0x1841, 0x1041, 
	0x0840, 0x0840, 0x1040, 0x1040, 0x1040, 0x1040, 0x1040, 0x1020, 0x1020, 0x1020, 0x1820, 0x1820, 0x1820, 0x1840, 0x1840, 0x1841, 
	0x1020, 0x1020, 0x1020, 0x1020, 0x1020, 0x1020, 0x1020, 0x1020, 0x1020, 0x1020, 0x1020, 0x1020, 0x1020, 0x1020, 0x1020, 0x0820, 
	0x1040, 0x0840, 0x0840, 0x0820, 0x0000, 0x0800, 0x1021, 0x1021, 0x1041, 0x0841, 0x0020, 0x0020, 0x39e7, 0x39c7, 0x31a6, 0x3186, 
	0x18c3, 0x0000, 0x0841, 0x0861, 0x0000, 0x0000, 0x0861, 0x0000, 0x0841, 0x0000, 0x0841, 0x2104, 0x4a49, 0x39c7, 0x39e7, 0x39e7, 
	0x632c, 0x2104, 0x0000, 0x0020, 0x0841, 0x0861, 0x0000, 0x18c3, 0x39e7, 0x39c7, 0x39e7, 0x31a6, 0x0000, 0x0841, 0x0861, 0x0861, 
	0x0841, 0x0861, 0x0861, 0x0841, 0x0841, 0x0861, 0x0841, 0x0020, 0x1082, 0x4208, 0x3186, 0x39c7, 0x39e7, 0x0841, 0x0000, 0x0861, 
	0x0841, 0x0841, 0x0020, 0x1082, 0x4228, 0x39e7, 0x31a6, 0x39e7, 0x39c7, 0x39c7, 0x39c7, 0x39c7, 0x39c7, 0x39c7, 0x31a6, 0x39c7, 
	0x39e7, 0x39e7, 0x39e7, 0x39c7, 0x3186, 0x0020, 0x0000, 0x1082, 0x0841, 0x0861, 0x0861, 0x1082, 0x0861, 0x0000, 0x0000, 0x2965, 
	0x39c7, 0x39e7, 0x4208, 0x18e3, 0x0000, 0x0020, 0x0841, 0x0861, 0x0841, 0x0841, 0x0861, 0x0841, 0x0020, 0x0841, 0x0861, 0x0020, 
	0x18e3, 0x39e7, 0x31c6, 0x39e7, 0x39a6, 0x0000, 0x0841, 0x0861, 0x0861, 0x0020, 0x0841, 0x0861, 0x0820, 0x0820, 0x1040, 0x1040, 
	0x1020, 0x1020, 0x1020, 0x1020, 0x1040, 0x1040, 0x1040, 0x1020, 0x1040, 0x1020, 0x1020, 0x1020, 0x1020, 0x1020, 0x1020, 0x1020, 
	0x1040, 0x1040, 0x1820, 0x1820, 0x1821, 0x1821, 0x1821, 0x1021, 0x1021, 0x1021, 0x1821, 0x1021, 0x1000, 0x1020, 0x1000, 0x1020, 
	0x1061, 0x1040, 0x1040, 0x1061, 0x1061, 0x1041, 0x0840, 0x0820, 0x0841, 0x0841, 0x0821, 0x0821, 0x0821, 0x0821, 0x0821, 0x0821, 
	0x0821, 0x0841, 0x0021, 0x0021, 0x0021, 0x0021, 0x0021, 0x0021, 0x0841, 0x0841, 0x0841, 0x0841, 0x0841, 0x0841, 0x0841, 0x0841, 
	0x0021, 0x0021, 0x0021, 0x0021, 0x0021, 0x0021, 0x0021, 0x0021, 0x0020, 0x0020, 0x0020, 0x0020, 0x0020, 0x0020, 0x0000, 0x0000, 
	0x0820, 0x1061, 0x10a2, 0x0882, 0x10c2, 0x10c3, 0x0061, 0x0882, 0x10a2, 0x1082, 0x0861, 0x18c3, 0x10a2, 0x0020, 0x0841, 0x0000, 
	0x0000, 0x0000, 0x0000, 0x0020, 0x1061, 0x1062, 0x1061, 0x0861, 0x0841, 0x10a2, 0x1082, 0x1062, 0x2062, 0x1862, 0x0841, 0x0000, 
	0x0000, 0x0000, 0x0020, 0x0020, 0x0020, 0x0020, 0x0020, 0x0020, 0x0021, 0x0021, 0x0021, 0x0021, 0x0021, 0x0021, 0x0021, 0x0021, 
	0x0021, 0x0021, 0x0021, 0x0021, 0x0021, 0x0021, 0x0021, 0x0021, 0x0841, 0x0821, 0x0821, 0x0021, 0x0020, 0x0020, 0x0821, 0x0841, 
	0x0821, 0x0821, 0x0841, 0x0841, 0x0841, 0x0841, 0x0840, 0x0820, 0x0820, 0x1041, 0x1040, 0x0820, 0x0820, 0x0840, 0x0860, 0x0820, 
	0x1021, 0x1021, 0x1021, 0x1821, 0x1821, 0x1821, 0x1821, 0x1820, 0x1821, 0x1820, 0x1821, 0x1821, 0x1821, 0x1841, 0x1841, 0x1841, 
	0x1821, 0x1821, 0x1821, 0x1821, 0x1821, 0x1800, 0x1800, 0x1800, 0x1821, 0x1821, 0x1821, 0x1821, 0x1021, 0x1021, 0x1021, 0x1020, 
	0x0820, 0x0840, 0x0840, 0x0840, 0x0841, 0x0821, 0x0821, 0x1041, 0x0800, 0x0000, 0x0000, 0x2124, 0xe71b, 0xffff, 0xffff, 0xffff, 
	0x5aab, 0x0861, 0x0020, 0x0841, 0x0861, 0x0020, 0x0020, 0x10a2, 0x0020, 0x0020, 0x6b4d, 0xffff, 0xffdf, 0xffdf, 0xffff, 0xffff, 
	0xc638, 0x4208, 0x0841, 0x1082, 0x1082, 0x0000, 0x0000, 0x8c71, 0xffff, 0xffff, 0xffff, 0xc638, 0x1082, 0x0000, 0x0020, 0x0841, 
	0x0841, 0x0841, 0x0841, 0x0841, 0x0841, 0x0861, 0x0841, 0x0000, 0x6b4d, 0xffdf, 0xffff, 0xffff, 0xe73c, 0x2945, 0x0000, 0x0020, 
	0x1082, 0x0841, 0x0000, 0x4a49, 0xf79e, 0xffff, 0xf7be, 0xffff, 0xffff, 0xffff, 0xffff, 0xffff, 0xffff, 0xffff, 0xffff, 0xffff, 
	0xffff, 0xffff, 0xffff, 0xffdf, 0xf7be, 0xb5b6, 0x4a69, 0x0000, 0x0020, 0x1082, 0x0861, 0x0000, 0x1082, 0x0020, 0x0861, 0xa514, 
	0xffff, 0xffff, 0xf79e, 0x9492, 0x10a2, 0x0841, 0x0020, 0x0000, 0x0841, 0x0841, 0x0841, 0x0841, 0x0020, 0x0841, 0x0841, 0x0000, 
	0x8c71, 0xffdf, 0xffff, 0xffff, 0xbdf7, 0x0820, 0x0000, 0x0000, 0x0861, 0x0841, 0x0841, 0x0840, 0x0820, 0x1040, 0x1841, 0x1040, 
	0x1021, 0x1021, 0x1041, 0x1021, 0x1021, 0x1021, 0x1041, 0x1841, 0x1841, 0x1841, 0x1841, 0x1821, 0x1821, 0x1821, 0x1821, 0x1821, 
	0x1821, 0x1821, 0x1821, 0x1821, 0x1821, 0x1821, 0x1821, 0x1821, 0x1021, 0x1821, 0x1821, 0x1821, 0x1821, 0x1821, 0x1821, 0x1021, 
	0x0840, 0x0040, 0x0020, 0x0840, 0x1061, 0x0840, 0x0820, 0x0820, 0x0841, 0x0841, 0x0841, 0x0840, 0x0840, 0x0840, 0x0840, 0x0841, 
	0x0841, 0x0021, 0x0021, 0x0020, 0x0021, 0x0021, 0x0841, 0x0841, 0x0841, 0x0841, 0x0841, 0x0841, 0x0841, 0x0841, 0x0841, 0x0841, 
	0x0021, 0x0021, 0x0021, 0x0021, 0x0021, 0x0021, 0x0021, 0x0021, 0x0020, 0x0020, 0x0020, 0x0020, 0x0020, 0x0020, 0x0000, 0x0000, 
	0x0000, 0x18c3, 0x1021, 0x1041, 0x18c3, 0x0861, 0x0881, 0x0841, 0x1082, 0x1082, 0x1882, 0x20e3, 0x0881, 0x0020, 0x0020, 0x0000, 
	0x0000, 0x0020, 0x0020, 0x0020, 0x0841, 0x1062, 0x1082, 0x18a2, 0x1861, 0x1861, 0x0800, 0x2062, 0x2883, 0x1041, 0x10a2, 0x0020, 
	0x0000, 0x0000, 0x0020, 0x0020, 0x0020, 0x0020, 0x0020, 0x0020, 0x0021, 0x0021, 0x0021, 0x0021, 0x0021, 0x0021, 0x0021, 0x0021, 
	0x0021, 0x0021, 0x0021, 0x0021, 0x0021, 0x0021, 0x0021, 0x0021, 0x0841, 0x0841, 0x0841, 0x0821, 0x0020, 0x0000, 0x0021, 0x0821, 
	0x0821, 0x0820, 0x0840, 0x0041, 0x0041, 0x0020, 0x0820, 0x0820, 0x0820, 0x0840, 0x0840, 0x0840, 0x0840, 0x0840, 0x0840, 0x0820, 
	0x1021, 0x1021, 0x1821, 0x1821, 0x1821, 0x1821, 0x1801, 0x1800, 0x1800, 0x1800, 0x1820, 0x1821, 0x1821, 0x1821, 0x1821, 0x1821, 
	0x1821, 0x1821, 0x1821, 0x1821, 0x1821, 0x1801, 0x1801, 0x1801, 0x1821, 0x1821, 0x1821, 0x1821, 0x1821, 0x1821, 0x1821, 0x1820, 
	0x1020, 0x1040, 0x1040, 0x0840, 0x0861, 0x0841, 0x0821, 0x0821, 0x1041, 0x1041, 0x0000, 0x18c3, 0xef7d, 0xffff, 0xffdf, 0xffff, 
	0x5aeb, 0x0000, 0x0861, 0x0000, 0x0000, 0x10a2, 0x1082, 0x0000, 0x0000, 0x94b2, 0xffff, 0xffdf, 0xffff, 0xffff, 0xf7be, 0xad55, 
	0x0861, 0x0000, 0x0020, 0x0841, 0x0841, 0x0841, 0x0020, 0x8c71, 0xffff, 0xffff, 0xffff, 0xd69a, 0x0020, 0x0020, 0x0841, 0x0841, 
	0x0020, 0x0841, 0x0020, 0x0020, 0x0841, 0x0841, 0x0020, 0x0000, 0x630c, 0xffff, 0xffff, 0xffff, 0xef7d, 0x18c3, 0x0000, 0x0861, 
	0x0861, 0x0841, 0x0000, 0x4a49, 0xffff, 0xffff, 0xffdf, 0xffff, 0xffff, 0xffff, 0xffff, 0xffff, 0xffff, 0xffff, 0xffff, 0xffff, 
	0xffff, 0xf7be, 0xffff, 0xffdf, 0xffff, 0xffff, 0xef7d, 0x6b6d, 0x0020, 0x0020, 0x10a2, 0x0000, 0x0861, 0x0000, 0x0000, 0xb5b6, 
	0xffff, 0xffff, 0xffff, 0x9cd3, 0x0000, 0x0020, 0x0861, 0x0841, 0x0841, 0x0020, 0x0020, 0x0020, 0x0020, 0x0841, 0x0841, 0x0000, 
	0x8c71, 0xffff, 0xffff, 0xffff, 0xc618, 0x0000, 0x0861, 0x0861, 0x0841, 0x0841, 0x0841, 0x0820, 0x1020, 0x1040, 0x1840, 0x1020, 
	0x1020, 0x1821, 0x1821, 0x1821, 0x1821, 0x1821, 0x1821, 0x1841, 0x1821, 0x1821, 0x1821, 0x1821, 0x1821, 0x2021, 0x2021, 0x2021, 
	0x1801, 0x1801, 0x1801, 0x1821, 0x1821, 0x1821, 0x1821, 0x1821, 0x1821, 0x1821, 0x1821, 0x1821, 0x1821, 0x1821, 0x1821, 0x1821, 
	0x1040, 0x1061, 0x1040, 0x0820, 0x0820, 0x0820, 0x0820, 0x0841, 0x0841, 0x0840, 0x0040, 0x0040, 0x0040, 0x0040, 0x0040, 0x0040, 
	0x0020, 0x0021, 0x0021, 0x0020, 0x0021, 0x0021, 0x0841, 0x0841, 0x0021, 0x0021, 0x0021, 0x0021, 0x0021, 0x0021, 0x0021, 0x0021, 
	0x0021, 0x0021, 0x0021, 0x0021, 0x0021, 0x0021, 0x0021, 0x0021, 0x0020, 0x0020, 0x0020, 0x0020, 0x0020, 0x0020, 0x0000, 0x0000, 
	0x0020, 0x08a2, 0x1021, 0x1841, 0x20a3, 0x1000, 0x0800, 0x20a2, 0x1061, 0x1061, 0x1081, 0x1903, 0x08a2, 0x0000, 0x0000, 0x0000, 
	0x0000, 0x0020, 0x0000, 0x0000, 0x0061, 0x10c3, 0x1882, 0x2061, 0x2000, 0x2800, 0x5987, 0x4904, 0x0800, 0x1082, 0x08a2, 0x0021, 
	0x0000, 0x0000, 0x0020, 0x0020, 0x0020, 0x0020, 0x0020, 0x0020, 0x0021, 0x0021, 0x0021, 0x0021, 0x0021, 0x0021, 0x0021, 0x0021, 
	0x0021, 0x0021, 0x0021, 0x0021, 0x0021, 0x0021, 0x0021, 0x0021, 0x0021, 0x0821, 0x0841, 0x0841, 0x0821, 0x0020, 0x0020, 0x0820, 
	0x0820, 0x0820, 0x0820, 0x0020, 0x0020, 0x0020, 0x0800, 0x0800, 0x1021, 0x1000, 0x1020, 0x1040, 0x1840, 0x1820, 0x1800, 0x2020, 
	0x1821, 0x1841, 0x1841, 0x1841, 0x1841, 0x1841, 0x1840, 0x2040, 0x2040, 0x2040, 0x2040, 0x2040, 0x2040, 0x2041, 0x2041, 0x2041, 
	0x2040, 0x2020, 0x2020, 0x2020, 0x2020, 0x2020, 0x2020, 0x2020, 0x2020, 0x2020, 0x2020, 0x2040, 0x2040, 0x2020, 0x2020, 0x2020, 
	0x2020, 0x2040, 0x1840, 0x1020, 0x0820, 0x0820, 0x0821, 0x0821, 0x0800, 0x0821, 0x0820, 0x10a2, 0xef5d, 0xffdf, 0xffdf, 0xffff, 
	0x5acb, 0x0000, 0x1082, 0x0861, 0x0861, 0x0000, 0x0000, 0x18e3, 0xc638, 0xffff, 0xf7be, 0xf7be, 0xffff, 0xffff, 0x8410, 0x0000, 
	0x0000, 0x0861, 0x10a2, 0x0841, 0x0841, 0x0841, 0x0000, 0x8410, 0xffff, 0xffdf, 0xffff, 0xce79, 0x0000, 0x0841, 0x0020, 0x0020, 
	0x0841, 0x0841, 0x0841, 0x0841, 0x0841, 0x0861, 0x0841, 0x0000, 0x632c, 0xffff, 0xffff, 0xffff, 0xef7d, 0x18e3, 0x0000, 0x0841, 
	0x0841, 0x0841, 0x0000, 0x4228, 0xffdf, 0xffdf, 0xf7be, 0xf7be, 0xffff, 0xffdf, 0xffff, 0xffff, 0xffdf, 0xffff, 0xffff, 0xffff, 
	0xffff, 0xffff, 0xffff, 0xffdf, 0xf7be, 0xef7d, 0xffff, 0xffdf, 0x4208, 0x0000, 0x0841, 0x0841, 0x0841, 0x0020, 0x0000, 0xad55, 
	0xffff, 0xffdf, 0xffdf, 0x94b2, 0x0000, 0x0000, 0x0861, 0x0841, 0x0841, 0x0020, 0x0020, 0x0020, 0x0020, 0x0841, 0x0841, 0x0000, 
	0x8450, 0xffff, 0xffff, 0xffff, 0xbdd7, 0x0000, 0x0841, 0x0000, 0x0841, 0x0841, 0x0841, 0x0820, 0x1020, 0x1020, 0x1020, 0x1820, 
	0x1820, 0x1820, 0x1840, 0x1840, 0x1820, 0x1820, 0x2020, 0x2040, 0x2020, 0x2020, 0x2020, 0x2020, 0x2020, 0x2820, 0x2820, 0x2820, 
	0x2820, 0x2820, 0x2020, 0x2020, 0x2020, 0x2020, 0x2020, 0x2020, 0x2020, 0x2020, 0x2040, 0x2040, 0x2041, 0x2041, 0x2041, 0x2020, 
	0x2020, 0x2020, 0x2000, 0x1800, 0x1821, 0x1821, 0x1021, 0x1021, 0x0820, 0x0820, 0x0020, 0x0020, 0x0020, 0x0040, 0x0020, 0x0020, 
	0x0020, 0x0021, 0x0021, 0x0021, 0x0021, 0x0021, 0x0841, 0x0841, 0x0021, 0x0021, 0x0021, 0x0021, 0x0021, 0x0021, 0x0021, 0x0021, 
	0x0021, 0x0021, 0x0021, 0x0021, 0x0021, 0x0021, 0x0021, 0x0021, 0x0020, 0x0020, 0x0020, 0x0020, 0x0020, 0x0020, 0x0000, 0x0000, 
	0x0061, 0x0020, 0x10c3, 0x0800, 0x3083, 0x724a, 0x40e4, 0x1000, 0x2061, 0x1881, 0x0881, 0x08e2, 0x18c3, 0x0820, 0x0000, 0x0000, 
	0x0000, 0x0000, 0x0000, 0x0000, 0x08a2, 0x10c2, 0x1821, 0x1800, 0x2800, 0x71a7, 0x824a, 0x40c3, 0x0800, 0x0881, 0x0862, 0x0000, 
	0x0000, 0x0000, 0x0020, 0x0020, 0x0020, 0x0020, 0x0020, 0x0020, 0x0021, 0x0021, 0x0021, 0x0021, 0x0021, 0x0021, 0x0021, 0x0021, 
	0x0021, 0x0021, 0x0021, 0x0021, 0x0021, 0x0021, 0x0021, 0x0021, 0x0020, 0x0021, 0x0841, 0x0841, 0x0821, 0x0821, 0x0021, 0x0820, 
	0x0820, 0x0820, 0x0820, 0x0820, 0x0820, 0x0820, 0x0800, 0x1000, 0x0800, 0x1000, 0x1020, 0x1820, 0x2020, 0x2000, 0x2800, 0x2800, 
	0x2800, 0x2800, 0x2800, 0x2800, 0x2800, 0x2800, 0x2800, 0x2800, 0x3000, 0x3000, 0x3000, 0x3000, 0x3000, 0x3000, 0x3000, 0x3000, 
	0x3000, 0x3000, 0x3000, 0x3000, 0x3000, 0x3000, 0x3000, 0x3000, 0x3000, 0x3000, 0x3000, 0x3000, 0x3000, 0x3000, 0x2800, 0x2800, 
	0x2800, 0x2000, 0x2020, 0x1841, 0x0820, 0x0820, 0x0841, 0x0821, 0x1041, 0x0821, 0x0000, 0x10a3, 0xef7d, 0xffff, 0xffff, 0xffff, 
	0x52ab, 0x0000, 0x1082, 0x0000, 0x0000, 0x0000, 0x5acb, 0xdedb, 0xffff, 0xf79e, 0xf7be, 0xffff, 0xf79e, 0x528a, 0x0000, 0x0020, 
	0x0861, 0x0841, 0x0000, 0x0841, 0x0861, 0x0000, 0x0000, 0x9492, 0xffff, 0xffff, 0xffff, 0xce79, 0x0000, 0x0841, 0x0000, 0x0841, 
	0x0861, 0x0861, 0x0861, 0x0841, 0x0861, 0x0861, 0x0841, 0x0020, 0x632c, 0xffff, 0xffff, 0xffff, 0xe71c, 0x18e3, 0x0000, 0x0841, 
	0x0861, 0x0841, 0x0000, 0x4228, 0xffff, 0xffff, 0xffff, 0xffdf, 0xad75, 0x9cd3, 0x9cf3, 0x9cf3, 0x9cd3, 0x9cf3, 0x9cf3, 0x9cf3, 
	0x94b2, 0xad55, 0x9cd3, 0xb5b6, 0xffff, 0xffdf, 0xef5d, 0xffff, 0xbdf7, 0x0861, 0x0000, 0x0861, 0x0841, 0x0841, 0x0000, 0xad75, 
	0xffff, 0xf7be, 0xffff, 0x94b2, 0x0000, 0x0020, 0x0841, 0x0020, 0x0841, 0x0841, 0x0841, 0x0841, 0x0020, 0x0861, 0x0861, 0x0000, 
	0x8c91, 0xffff, 0xffff, 0xffff, 0xb596, 0x0000, 0x1062, 0x1062, 0x0821, 0x0821, 0x0820, 0x1020, 0x1041, 0x1000, 0x1800, 0x2041, 
	0x2000, 0x2800, 0x2800, 0x2800, 0x2800, 0x2800, 0x3000, 0x3000, 0x3000, 0x3000, 0x3000, 0x3000, 0x3000, 0x3000, 0x3000, 0x3000, 
	0x3800, 0x3000, 0x3000, 0x3000, 0x3000, 0x3000, 0x3000, 0x3000, 0x3000, 0x2800, 0x2800, 0x2800, 0x2800, 0x2800, 0x2800, 0x2800, 
	0x3000, 0x2800, 0x2800, 0x2800, 0x2000, 0x1821, 0x1821, 0x0800, 0x0821, 0x0821, 0x0820, 0x0820, 0x0020, 0x0020, 0x0020, 0x0020, 
	0x0020, 0x0021, 0x0021, 0x0021, 0x0021, 0x0021, 0x0021, 0x0021, 0x0021, 0x0021, 0x0021, 0x0021, 0x0021, 0x0021, 0x0021, 0x0021, 
	0x0021, 0x0021, 0x0021, 0x0021, 0x0021, 0x0021, 0x0021, 0x0021, 0x0020, 0x0020, 0x0020, 0x0020, 0x0020, 0x0020, 0x0000, 0x0000, 
	0x0000, 0x0882, 0x08a2, 0x0000, 0x2821, 0x8a8b, 0x9b0d, 0x3000, 0x1000, 0x1040, 0x08a1, 0x10e2, 0x10a2, 0x0000, 0x0000, 0x0000, 
	0x0000, 0x0020, 0x0000, 0x0000, 0x1082, 0x1841, 0x1800, 0x3021, 0x7947, 0x920a, 0x4062, 0x1000, 0x1081, 0x08a2, 0x1062, 0x0000, 
	0x0000, 0x0000, 0x0020, 0x0020, 0x0020, 0x0020, 0x0020, 0x0020, 0x0021, 0x0021, 0x0021, 0x0021, 0x0021, 0x0021, 0x0021, 0x0021, 
	0x0021, 0x0021, 0x0021, 0x0021, 0x0021, 0x0021, 0x0021, 0x0021, 0x0021, 0x0021, 0x0021, 0x0821, 0x0821, 0x0821, 0x0821, 0x0820, 
	0x0820, 0x0820, 0x0820, 0x0841, 0x0821, 0x1021, 0x1021, 0x1021, 0x0800, 0x1021, 0x1840, 0x1800, 0x2820, 0x4861, 0x6062, 0x6821, 
	0x6800, 0x7000, 0x7020, 0x7020, 0x6840, 0x6840, 0x7040, 0x6820, 0x7040, 0x7040, 0x7040, 0x7040, 0x7041, 0x7041, 0x7041, 0x7041, 
	0x7041, 0x7041, 0x7041, 0x7041, 0x7061, 0x7061, 0x7061, 0x7061, 0x7061, 0x7061, 0x7882, 0x7082, 0x7082, 0x7081, 0x7061, 0x6081, 
	0x58e3, 0x3000, 0x2000, 0x2061, 0x1041, 0x0841, 0x1061, 0x0841, 0x0000, 0x0820, 0x0820, 0x18e3, 0xdefc, 0xf7df, 0xf7df, 0xffff, 
	0x5b0c, 0x0000, 0x18c3, 0x0000, 0x0000, 0x738e, 0xf79e, 0xffff, 0xef7d, 0xffff, 0xffdf, 0xc638, 0x31a6, 0x0000, 0x0000, 0x0841, 
	0x0841, 0x1082, 0x0841, 0x0841, 0x0020, 0x0861, 0x0000, 0x8430, 0xffff, 0xf79e, 0xf7be, 0xce59, 0x0841, 0x10a2, 0x0861, 0x0841, 
	0x0020, 0x0841, 0x0841, 0x0020, 0x0020, 0x0841, 0x0841, 0x0020, 0x738e, 0xffff, 0xf7be, 0xffdf, 0xe71c, 0x2124, 0x0000, 0x0841, 
	0x0000, 0x0841, 0x0020, 0x4a49, 0xffff, 0xef7d, 0xffff, 0xffff, 0x18e3, 0x0000, 0x0000, 0x0000, 0x0000, 0x0020, 0x0000, 0x0020, 
	0x0000, 0x0020, 0x0000, 0x0020, 0x8c71, 0xffff, 0xf79e, 0xffff, 0xef7d, 0x10a2, 0x0000, 0x0861, 0x0841, 0x0841, 0x0000, 0xad55, 
	0xffff, 0xef7d, 0xffff, 0x8c71, 0x0841, 0x0841, 0x0861, 0x0861, 0x0020, 0x0020, 0x0841, 0x0841, 0x0020, 0x0841, 0x0841, 0x0000, 
	0x8450, 0xffff, 0xef7d, 0xffff, 0xbdd7, 0x0821, 0x1041, 0x0800, 0x0821, 0x0821, 0x0800, 0x1021, 0x1841, 0x1000, 0x1820, 0x40a2, 
	0x60c3, 0x70a2, 0x7082, 0x70a2, 0x70a2, 0x70a2, 0x70a2, 0x7082, 0x7081, 0x7061, 0x7061, 0x7061, 0x7041, 0x7041, 0x7040, 0x7040, 
	0x7041, 0x7061, 0x7061, 0x7061, 0x7061, 0x7061, 0x7041, 0x7041, 0x7020, 0x7020, 0x6820, 0x6820, 0x6820, 0x6820, 0x6800, 0x6801, 
	0x6842, 0x6041, 0x60a3, 0x4882, 0x2800, 0x1800, 0x1821, 0x0800, 0x1021, 0x1021, 0x1021, 0x0821, 0x0821, 0x0820, 0x0040, 0x0040, 
	0x0020, 0x0021, 0x0841, 0x0841, 0x0841, 0x0021, 0x0021, 0x0020, 0x0021, 0x0021, 0x0021, 0x0021, 0x0021, 0x0021, 0x0021, 0x0021, 
	0x0021, 0x0021, 0x0021, 0x0021, 0x0021, 0x0021, 0x0021, 0x0021, 0x0020, 0x0020, 0x0020, 0x0020, 0x0020, 0x0020, 0x0000, 0x0000, 
	0x0000, 0x0882, 0x0000, 0x18a2, 0x1800, 0x2800, 0x91e9, 0xa2ac, 0x3021, 0x1000, 0x1040, 0x20e3, 0x1081, 0x0000, 0x0000, 0x0021, 
	0x0000, 0x0000, 0x0000, 0x0040, 0x1861, 0x1800, 0x3041, 0x6125, 0xa28b, 0x5022, 0x2000, 0x1861, 0x0861, 0x0861, 0x0800, 0x0800, 
	0x0000, 0x0000, 0x0020, 0x0020, 0x0020, 0x0020, 0x0020, 0x0020, 0x0021, 0x0021, 0x0021, 0x0021, 0x0021, 0x0021, 0x0021, 0x0021, 
	0x0021, 0x0021, 0x0021, 0x0021, 0x0021, 0x0021, 0x0021, 0x0021, 0x0841, 0x0021, 0x0000, 0x0000, 0x0821, 0x0841, 0x0841, 0x0821, 
	0x0820, 0x0820, 0x0840, 0x0841, 0x1041, 0x1041, 0x1041, 0x1841, 0x1841, 0x2082, 0x1861, 0x1000, 0x3040, 0x7166, 0xa229, 0xb229, 
	0xba08, 0xc208, 0xc228, 0xba48, 0xba48, 0xba48, 0xba48, 0xba28, 0xc248, 0xc268, 0xc268, 0xc269, 0xc269, 0xc269, 0xc269, 0xc269, 
	0xc269, 0xc28a, 0xc28a, 0xc28a, 0xcaaa, 0xcaaa, 0xcaaa, 0xcaaa, 0xcaaa, 0xcacb, 0xcacb, 0xcaeb, 0xcaeb, 0xcacb, 0xc2ca, 0xbacb, 
	0xa2eb, 0x50e3, 0x2000, 0x1820, 0x0820, 0x0820, 0x0861, 0x0820, 0x0841, 0x1041, 0x0000, 0x18c3, 0xdf1c, 0xffff, 0xf7df, 0xf7ff, 
	0x5acb, 0x0020, 0x0000, 0x1082, 0xad55, 0xffff, 0xffdf, 0xdefb, 0xffff, 0xffff, 0x9492, 0x0861, 0x0000, 0x0841, 0x10a2, 0x0861, 
	0x0841, 0x0000, 0x0841, 0x0861, 0x0841, 0x1082, 0x0000, 0x8430, 0xffff, 0xef7d, 0xffff, 0xce59, 0x0000, 0x0000, 0x0000, 0x0000, 
	0x0000, 0x0000, 0x0000, 0x0000, 0x0000, 0x0000, 0x0000, 0x0000, 0x5aeb, 0xffff, 0xf7be, 0xffff, 0xdefb, 0x10a2, 0x0000, 0x1082, 
	0x1082, 0x0841, 0x0000, 0x4208, 0xffff, 0xf7be, 0xf7be, 0xef7d, 0x2965, 0x0020, 0x0841, 0x0841, 0x0020, 0x0861, 0x0841, 0x0861, 
	0x0861, 0x0841, 0x18e3, 0x0000, 0x39c7, 0xf7be, 0xf7be, 0xffdf, 0xf79e, 0x18e3, 0x0020, 0x0841, 0x0020, 0x0841, 0x0000, 0xa534, 
	0xffff, 0xf79e, 0xffff, 0x8410, 0x0000, 0x0000, 0x0000, 0x0000, 0x0000, 0x0000, 0x0020, 0x0000, 0x0000, 0x0000, 0x0020, 0x0000, 
	0x7bcf, 0xffff, 0xef7d, 0xffff, 0xb596, 0x0000, 0x0000, 0x1062, 0x0841, 0x0820, 0x0800, 0x1021, 0x1841, 0x1800, 0x2041, 0x4904, 
	0xbb4d, 0xcb0b, 0xcb0b, 0xcb0b, 0xcb0c, 0xd32c, 0xd30c, 0xd30b, 0xcacb, 0xcacb, 0xcaaa, 0xcaaa, 0xca8a, 0xca8a, 0xca89, 0xca89, 
	0xc269, 0xc289, 0xc289, 0xc289, 0xc289, 0xc289, 0xc269, 0xca69, 0xca69, 0xc269, 0xc269, 0xc269, 0xc249, 0xc249, 0xc249, 0xba49, 
	0xba6a, 0xb26a, 0xaacb, 0x79e7, 0x3041, 0x1000, 0x1862, 0x1862, 0x1021, 0x1021, 0x1021, 0x1021, 0x1021, 0x0841, 0x0841, 0x0841, 
	0x0020, 0x0021, 0x0841, 0x0841, 0x0841, 0x0021, 0x0020, 0x0000, 0x0021, 0x0021, 0x0021, 0x0021, 0x0021, 0x0021, 0x0021, 0x0021, 
	0x0021, 0x0021, 0x0021, 0x0021, 0x0021, 0x0021, 0x0021, 0x0021, 0x0020, 0x0020, 0x0020, 0x0020, 0x0020, 0x0020, 0x0000, 0x0000, 
	0x0000, 0x0020, 0x10a2, 0x0020, 0x1861, 0x2000, 0x3000, 0x922a, 0x8aab, 0x2821, 0x1000, 0x28e3, 0x10a2, 0x0000, 0x0000, 0x0000, 
	0x0000, 0x0020, 0x0000, 0x0000, 0x0800, 0x2800, 0x7967, 0x9a6b, 0x3821, 0x2020, 0x1861, 0x18a2, 0x0861, 0x0020, 0x0800, 0x0800, 
	0x0000, 0x0020, 0x0020, 0x0021, 0x0021, 0x0021, 0x0020, 0x0020, 0x0021, 0x0021, 0x0021, 0x0021, 0x0021, 0x0021, 0x0021, 0x0021, 
	0x0021, 0x0021, 0x0021, 0x0021, 0x0021, 0x0021, 0x0021, 0x0021, 0x0020, 0x0020, 0x0021, 0x0821, 0x0821, 0x0821, 0x0841, 0x0821, 
	0x0800, 0x0820, 0x0820, 0x0820, 0x0821, 0x1021, 0x1021, 0x1021, 0x1862, 0x1041, 0x0840, 0x1020, 0x2840, 0x48a2, 0x70e4, 0x8125, 
	0x8104, 0x8104, 0x7924, 0x7924, 0x7923, 0x7903, 0x7903, 0x8123, 0x8923, 0x8123, 0x8143, 0x8143, 0x8144, 0x8164, 0x8164, 0x8164, 
	0x8965, 0x8945, 0x8965, 0x8965, 0x8965, 0x8965, 0x9165, 0x9165, 0x8965, 0x8985, 0x9185, 0x9185, 0x8985, 0x8985, 0x8985, 0x8186, 
	0x7165, 0x4082, 0x2000, 0x1000, 0x1040, 0x0020, 0x0020, 0x1061, 0x1061, 0x1041, 0x0000, 0x18c3, 0xe6fc, 0xf7df, 0xef7e, 0xffdf, 
	0x4a8a, 0x0000, 0x31a6, 0xdefb, 0xffff, 0xdefb, 0xe73c, 0xffff, 0xffdf, 0x632c, 0x0000, 0x0000, 0x0841, 0x0020, 0x0000, 0x0861, 
	0x0020, 0x0020, 0x0861, 0x0841, 0x0861, 0x0861, 0x0020, 0x8410, 0xffff, 0xef7d, 0xffdf, 0xc618, 0x18e3, 0x0841, 0x10a2, 0x10a2, 
	0x10a2, 0x1082, 0x1082, 0x10a2, 0x18c3, 0x10a2, 0x0861, 0x0841, 0x73ae, 0xffdf, 0xef5d, 0xffff, 0xe73c, 0x10a2, 0x0000, 0x0841, 
	0x0841, 0x0841, 0x0000, 0x4a69, 0xf79e, 0xef7d, 0xf79e, 0xf7be, 0x39c7, 0x0000, 0x0841, 0x1082, 0x0841, 0x1082, 0x0841, 0x0861, 
	0x0000, 0x0861, 0x10a2, 0x0000, 0x3186, 0xffff, 0xf79e, 0xf79e, 0xe73c, 0x2124, 0x0000, 0x0841, 0x0861, 0x0841, 0x0000, 0xa514, 
	0xffff, 0xef7d, 0xffff, 0x9492, 0x1082, 0x0861, 0x1082, 0x18c3, 0x1082, 0x1082, 0x10a2, 0x10a2, 0x10a2, 0x1082, 0x0861, 0x0020, 
	0x8c91, 0xffde, 0xf7be, 0xffff, 0xb596, 0x0000, 0x1041, 0x0821, 0x0821, 0x1061, 0x1041, 0x1020, 0x1820, 0x1820, 0x2061, 0x40c3, 
	0x79c7, 0x81a6, 0x8185, 0x8185, 0x8185, 0x8985, 0x8985, 0x8165, 0x8945, 0x8944, 0x8944, 0x8944, 0x8924, 0x8924, 0x8924, 0x8104, 
	0x8945, 0x8945, 0x8145, 0x8144, 0x8144, 0x8144, 0x8924, 0x8924, 0x8944, 0x8924, 0x8944, 0x8944, 0x8924, 0x9165, 0x9186, 0x8925, 
	0x8945, 0x89c7, 0x7185, 0x4081, 0x1800, 0x1020, 0x1061, 0x0821, 0x1041, 0x1021, 0x1021, 0x1001, 0x0801, 0x0800, 0x0020, 0x0020, 
	0x0841, 0x0841, 0x0841, 0x0021, 0x0021, 0x0021, 0x0021, 0x0021, 0x0021, 0x0021, 0x0021, 0x0021, 0x0021, 0x0021, 0x0021, 0x0021, 
	0x0021, 0x0021, 0x0021, 0x0021, 0x0021, 0x0021, 0x0021, 0x0021, 0x0021, 0x0021, 0x0021, 0x0020, 0x0020, 0x0020, 0x0020, 0x0000, 
	0x0000, 0x0801, 0x0020, 0x0840, 0x1061, 0x1840, 0x1800, 0x2800, 0x926b, 0x926b, 0x2821, 0x1861, 0x2103, 0x0000, 0x0041, 0x0000, 
	0x0842, 0x0000, 0x0000, 0x0000, 0x1881, 0x5145, 0x81e8, 0x5083, 0x2020, 0x1061, 0x1081, 0x0881, 0x0020, 0x0000, 0x1020, 0x0800, 
	0x0000, 0x0020, 0x0020, 0x0021, 0x0021, 0x0021, 0x0020, 0x0020, 0x0021, 0x0021, 0x0021, 0x0021, 0x0021, 0x0021, 0x0021, 0x0021, 
	0x0021, 0x0021, 0x0021, 0x0021, 0x0021, 0x0021, 0x0021, 0x0021, 0x0020, 0x0021, 0x0021, 0x0821, 0x0821, 0x0821, 0x0821, 0x0821, 
	0x0820, 0x0820, 0x0840, 0x0841, 0x0841, 0x0841, 0x1041, 0x1041, 0x0800, 0x0820, 0x0820, 0x1020, 0x1800, 0x2800, 0x3000, 0x3800, 
	0x3800, 0x3000, 0x2800, 0x2800, 0x3000, 0x3800, 0x4000, 0x4000, 0x4800, 0x4800, 0x4800, 0x4000, 0x4000, 0x4000, 0x4000, 0x4000, 
	0x4000, 0x4800, 0x4800, 0x4800, 0x4800, 0x4800, 0x4800, 0x4800, 0x4800, 0x4000, 0x4000, 0x4000, 0x4000, 0x4000, 0x3800, 0x3800, 
	0x3000, 0x2800, 0x2820, 0x1841, 0x0840, 0x0040, 0x0041, 0x0020, 0x0821, 0x1041, 0x0000, 0x20e4, 0xe6fc, 0xf7bf, 0xef5e, 0xffdf, 
	0x3186, 0x39e7, 0xf79e, 0xffff, 0xd69a, 0xf79e, 0xef7d, 0xd6ba, 0x4208, 0x0000, 0x0000, 0x0841, 0x1082, 0x0841, 0x0861, 0x0000, 
	0x0861, 0x0841, 0x0861, 0x0841, 0x0841, 0x0841, 0x0000, 0x7bef, 0xffff, 0xe71c, 0xe73c, 0xe73c, 0xc618, 0xd69a, 0xce79, 0xce79, 
	0xd69a, 0xd69a, 0xce79, 0xd69a, 0xd69a, 0xd69a, 0xd69a, 0xce79, 0xd69a, 0xffff, 0xef5d, 0xffff, 0xdedb, 0x18c3, 0x0000, 0x0861, 
	0x0861, 0x0841, 0x0000, 0x4228, 0xef7d, 0xef5d, 0xef7d, 0xf79e, 0x18c3, 0x0000, 0x0000, 0x0020, 0x0000, 0x0000, 0x0000, 0x0000, 
	0x0841, 0x0000, 0x0000, 0x0000, 0x8430, 0xffdf, 0xe73c, 0xffdf, 0xef7d, 0x18c3, 0x0000, 0x0841, 0x0841, 0x0841, 0x0000, 0xad75, 
	0xffff, 0xe71c, 0xf79e, 0xdefb, 0xce59, 0xd6ba, 0xd69a, 0xce59, 0xd6ba, 0xd69a, 0xd69a, 0xce79, 0xd69a, 0xd69a, 0xd69a, 0xd69a, 
	0xce59, 0xef9d, 0xe73c, 0xffdf, 0xb575, 0x0000, 0x0800, 0x0821, 0x0821, 0x1021, 0x0820, 0x1021, 0x1841, 0x1800, 0x1800, 0x3041, 
	0x3000, 0x3800, 0x3800, 0x3800, 0x4000, 0x4000, 0x4000, 0x4000, 0x4000, 0x4800, 0x4800, 0x4800, 0x4800, 0x4800, 0x4800, 0x4800, 
	0x4800, 0x4800, 0x4000, 0x4000, 0x4000, 0x4800, 0x4800, 0x4800, 0x4800, 0x4000, 0x4000, 0x4000, 0x3800, 0x3800, 0x3800, 0x4000, 
	0x3800, 0x3800, 0x3000, 0x2000, 0x1000, 0x1020, 0x1061, 0x0841, 0x0821, 0x0821, 0x0821, 0x1021, 0x1021, 0x0821, 0x0841, 0x0841, 
	0x0841, 0x0841, 0x0841, 0x0021, 0x0021, 0x0021, 0x0021, 0x0021, 0x0021, 0x0021, 0x0021, 0x0021, 0x0021, 0x0021, 0x0021, 0x0021, 
	0x0021, 0x0021, 0x0021, 0x0021, 0x0021, 0x0021, 0x0021, 0x0021, 0x0021, 0x0021, 0x0021, 0x0020, 0x0020, 0x0020, 0x0020, 0x0000, 
	0x0801, 0x0801, 0x0000, 0x0020, 0x0861, 0x0880, 0x0860, 0x1820, 0x3000, 0x8209, 0x5986, 0x2061, 0x0861, 0x0020, 0x0020, 0x0000, 
	0x0000, 0x0000, 0x0020, 0x0000, 0x1000, 0x38a2, 0x5165, 0x1800, 0x1861, 0x1081, 0x08a1, 0x0040, 0x0000, 0x0800, 0x1041, 0x0820, 
	0x0000, 0x0020, 0x0020, 0x0021, 0x0021, 0x0021, 0x0020, 0x0020, 0x0021, 0x0021, 0x0021, 0x0021, 0x0021, 0x0021, 0x0021, 0x0021, 
	0x0021, 0x0021, 0x0021, 0x0021, 0x0021, 0x0021, 0x0021, 0x0021, 0x0021, 0x0021, 0x0821, 0x0821, 0x0821, 0x0821, 0x0821, 0x0820, 
	0x0820, 0x0820, 0x0820, 0x0841, 0x0841, 0x0841, 0x1041, 0x1021, 0x0800, 0x1020, 0x1040, 0x1860, 0x1840, 0x2020, 0x2800, 0x2800, 
	0x2800, 0x2021, 0x2020, 0x2820, 0x3020, 0x3800, 0x4000, 0x4800, 0x5800, 0x5800, 0x5800, 0x5800, 0x5800, 0x5000, 0x5800, 0x5000, 
	0x5000, 0x5000, 0x5000, 0x5000, 0x5000, 0x5000, 0x5000, 0x5000, 0x5000, 0x5000, 0x5000, 0x5000, 0x5000, 0x5000, 0x5000, 0x4800, 
	0x3800, 0x2800, 0x2020, 0x1841, 0x0840, 0x0861, 0x1082, 0x0821, 0x0800, 0x0821, 0x0000, 0x20e4, 0xd69a, 0xe71c, 0xd6bb, 0xe71c, 
	0xad75, 0xf79e, 0xe73c, 0xd69a, 0xce59, 0xef5d, 0xf7be, 0x8430, 0x0000, 0x0020, 0x0020, 0x1082, 0x0000, 0x0861, 0x0020, 0x0020, 
	0x0020, 0x0020, 0x0841, 0x0020, 0x0861, 0x10a2, 0x10a2, 0x9492, 0xffdf, 0xdefb, 0xdedb, 0xe71c, 0xef7d, 0xf7be, 0xe73c, 0xf79e, 
	0xef7d, 0xef7d, 0xef7d, 0xef7d, 0xef7d, 0xf79e, 0xf79e, 0xf79e, 0xef7d, 0xd69a, 0xd6ba, 0xf7be, 0xd6ba, 0x18e3, 0x0000, 0x0000, 
	0x0841, 0x0841, 0x0000, 0x4a49, 0xef5d, 0xe71c, 0xdefb, 0xe71c, 0x632c, 0x5aeb, 0x5aeb, 0x630c, 0x5acb, 0x5acb, 0x5aeb, 0x5aeb, 
	0x5acb, 0x5aeb, 0x632c, 0x7bcf, 0xef5d, 0xef7d, 0xd6ba, 0xffff, 0xbdf7, 0x0861, 0x0000, 0x0841, 0x0020, 0x0861, 0x0000, 0xad75, 
	0xffff, 0xe71c, 0xdedb, 0xe73c, 0xef7d, 0xef7d, 0xef7d, 0xf7be, 0xf79e, 0xef7d, 0xef7d, 0xef5d, 0xef7d, 0xef7d, 0xf79e, 0xf79e, 
	0xef7d, 0xdeda, 0xd6ba, 0xffdf, 0xb596, 0x1041, 0x0800, 0x1041, 0x0821, 0x0820, 0x0820, 0x1041, 0x1841, 0x1000, 0x1800, 0x3041, 
	0x4000, 0x4800, 0x4800, 0x4800, 0x4800, 0x4800, 0x5000, 0x5000, 0x5000, 0x5000, 0x5000, 0x5000, 0x5000, 0x5000, 0x5000, 0x5000, 
	0x5000, 0x5000, 0x5000, 0x5000, 0x5000, 0x5000, 0x5000, 0x5000, 0x4800, 0x4800, 0x4000, 0x3820, 0x3020, 0x2000, 0x2820, 0x2841, 
	0x2000, 0x2000, 0x2000, 0x2020, 0x1841, 0x1841, 0x1041, 0x0821, 0x0841, 0x0841, 0x0821, 0x0820, 0x0820, 0x0820, 0x0820, 0x0820, 
	0x0841, 0x0841, 0x0841, 0x0021, 0x0021, 0x0021, 0x0021, 0x0021, 0x0021, 0x0021, 0x0021, 0x0021, 0x0021, 0x0021, 0x0021, 0x0021, 
	0x0021, 0x0021, 0x0021, 0x0021, 0x0021, 0x0021, 0x0021, 0x0021, 0x0021, 0x0021, 0x0021, 0x0020, 0x0020, 0x0020, 0x0020, 0x0020, 
	0x0821, 0x0821, 0x0800, 0x0000, 0x0060, 0x0080, 0x0860, 0x1861, 0x1000, 0x38e3, 0x4104, 0x2082, 0x10a2, 0x0061, 0x0000, 0x0000, 
	0x0000, 0x0821, 0x0000, 0x0000, 0x28e3, 0x28c2, 0x18a2, 0x0840, 0x18a2, 0x0861, 0x0041, 0x0020, 0x0000, 0x1021, 0x1041, 0x0000, 
	0x0000, 0x0020, 0x0020, 0x0021, 0x0021, 0x0021, 0x0020, 0x0020, 0x0021, 0x0021, 0x0021, 0x0021, 0x0021, 0x0021, 0x0021, 0x0021, 
	0x0021, 0x0021, 0x0021, 0x0021, 0x0021, 0x0021, 0x0021, 0x0021, 0x0021, 0x0021, 0x0821, 0x0821, 0x0821, 0x0821, 0x0821, 0x0821, 
	0x0800, 0x0820, 0x0020, 0x0020, 0x0020, 0x0820, 0x0821, 0x1020, 0x1021, 0x1021, 0x1020, 0x1020, 0x1820, 0x1840, 0x2040, 0x2040, 
	0x1821, 0x1841, 0x1861, 0x1820, 0x2820, 0x4082, 0x7145, 0x99c8, 0x9946, 0xa126, 0xa145, 0xa145, 0xa165, 0xa166, 0xa166, 0xa186, 
	0xa1a7, 0x99a7, 0x99a7, 0x99a7, 0xa1a7, 0xa1a7, 0xa1a7, 0xa1a7, 0xa1a7, 0x99a7, 0x99a7, 0x99c7, 0xa1e7, 0xa1e8, 0xa208, 0x9a29, 
	0x926a, 0x48c3, 0x2000, 0x1820, 0x1020, 0x0841, 0x0861, 0x0820, 0x0820, 0x0821, 0x0000, 0x20e3, 0xce79, 0xd6bb, 0xc639, 0xce7a, 
	0xf79e, 0xd69a, 0xd69a, 0xef5d, 0xe71c, 0xc618, 0xc638, 0xf7be, 0x8430, 0x0020, 0x0000, 0x0841, 0x1082, 0x0000, 0x10a2, 0x0841, 
	0x0841, 0x0020, 0x0841, 0x0841, 0x0861, 0x10a2, 0x1082, 0x8c71, 0xf7be, 0xd69a, 0xce79, 0xdedb, 0xef7d, 0xf7be, 0xe73c, 0xef7d, 
	0xef5d, 0xef5d, 0xef5d, 0xef5d, 0xef5d, 0xef5d, 0xef7d, 0xef7d, 0xef5d, 0xce79, 0xd6ba, 0xe73c, 0xd69a, 0x2104, 0x0020, 0x0841, 
	0x0020, 0x0020, 0x0000, 0x4a49, 0xe73c, 0xdedb, 0xd69a, 0xd69a, 0xf79e, 0xf7be, 0xf79e, 0xf79e, 0xf7be, 0xf7be, 0xf7be, 0xef7d, 
	0xffff, 0xf7be, 0xf79e, 0xffdf, 0xdefb, 0xce79, 0xdefb, 0xffdf, 0x5acb, 0x0000, 0x0861, 0x0841, 0x0020, 0x0861, 0x0000, 0x9cf3, 
	0xffdf, 0xd6ba, 0xd69a, 0xe71c, 0xef7d, 0xef7d, 0xe73c, 0xef5d, 0xe73c, 0xe73c, 0xe73c, 0xef5d, 0xef5d, 0xef5d, 0xe73c, 0xe73c, 
	0xdefb, 0xd69a, 0xce79, 0xffbe, 0xb576, 0x1061, 0x0800, 0x1041, 0x0821, 0x0821, 0x0821, 0x1041, 0x1041, 0x1000, 0x2041, 0x40c3, 
	0x9a69, 0xa228, 0xa228, 0xa208, 0xa208, 0xa208, 0xa1e8, 0xa1e7, 0x99c7, 0x99c7, 0x99c7, 0x99a6, 0x99a6, 0x99a6, 0x9986, 0x9986, 
	0xa185, 0x9985, 0x9985, 0x9985, 0x9985, 0x9965, 0xa165, 0x9966, 0xa208, 0x9a28, 0x6965, 0x3840, 0x1800, 0x1840, 0x1840, 0x1840, 
	0x2061, 0x2020, 0x1820, 0x1841, 0x1841, 0x1021, 0x1021, 0x1021, 0x0821, 0x0821, 0x0820, 0x0820, 0x0820, 0x0000, 0x0000, 0x0000, 
	0x0841, 0x0841, 0x0841, 0x0021, 0x0021, 0x0021, 0x0021, 0x0021, 0x0021, 0x0021, 0x0021, 0x0021, 0x0021, 0x0021, 0x0021, 0x0021, 
	0x0021, 0x0021, 0x0021, 0x0021, 0x0021, 0x0021, 0x0021, 0x0021, 0x0021, 0x0021, 0x0021, 0x0020, 0x0020, 0x0020, 0x0020, 0x0020, 
	0x0020, 0x0841, 0x1021, 0x0000, 0x0020, 0x0040, 0x0860, 0x10a1, 0x18e2, 0x0000, 0x2082, 0x3965, 0x18e3, 0x0000, 0x0000, 0x0020, 
	0x0000, 0x0821, 0x0800, 0x0820, 0x39c6, 0x2124, 0x0081, 0x08a2, 0x10a2, 0x0840, 0x0800, 0x0800, 0x0020, 0x0861, 0x1061, 0x0000, 
	0x0000, 0x0020, 0x0020, 0x0021, 0x0021, 0x0021, 0x0020, 0x0020, 0x0021, 0x0021, 0x0021, 0x0021, 0x0021, 0x0021, 0x0021, 0x0021, 
	0x0021, 0x0021, 0x0021, 0x0021, 0x0021, 0x0021, 0x0021, 0x0021, 0x0021, 0x0021, 0x0821, 0x0821, 0x0821, 0x0821, 0x0821, 0x0821, 
	0x0821, 0x0820, 0x0840, 0x0841, 0x0841, 0x0841, 0x0821, 0x1020, 0x1000, 0x1000, 0x1000, 0x1000, 0x1020, 0x1000, 0x1000, 0x1000, 
	0x1800, 0x1840, 0x1840, 0x1820, 0x2000, 0x3840, 0x7124, 0xa1e7, 0xa9c7, 0xb1a7, 0xb1a7, 0xb9c7, 0xb9c7, 0xb9e7, 0xb9e7, 0xb9e7, 
	0xba28, 0xba28, 0xba28, 0xba28, 0xba28, 0xc228, 0xc248, 0xc248, 0xba28, 0xc248, 0xc249, 0xc269, 0xc289, 0xc28a, 0xc2aa, 0xbaca, 
	0xa30c, 0x5104, 0x1800, 0x1800, 0x1041, 0x0821, 0x0841, 0x0821, 0x0821, 0x0821, 0x0000, 0x2103, 0xce79, 0xd6db, 0xc659, 0xc659, 
	0xc638, 0xce79, 0xdefb, 0xb5b6, 0xce79, 0xef7d, 0xc618, 0xd69a, 0xffdf, 0x9492, 0x1082, 0x0000, 0x0000, 0x18c3, 0x0000, 0x0000, 
	0x0841, 0x0020, 0x0020, 0x0000, 0x0020, 0x0841, 0x0000, 0x73ae, 0xef7d, 0xc618, 0xd69a, 0xd69a, 0xad55, 0xb596, 0xb5b6, 0xb596, 
	0xb596, 0xb5b6, 0xb5b6, 0xb5b6, 0xb5b6, 0xb5b6, 0xb5b6, 0xb5b6, 0xb5b6, 0xe71c, 0xd6ba, 0xd6ba, 0xce79, 0x18e3, 0x0020, 0x0841, 
	0x0841, 0x0841, 0x0000, 0x39e7, 0xdedb, 0xce59, 0xce59, 0xce79, 0xd69a, 0xd6ba, 0xd69a, 0xd69a, 0xd6ba, 0xd6ba, 0xd69a, 0xd69a, 
	0xce59, 0xce79, 0xd69a, 0xd6ba, 0xce59, 0xf7be, 0xffff, 0x8c71, 0x0841, 0x0020, 0x0861, 0x0020, 0x0841, 0x0861, 0x0000, 0x8c71, 
	0xef7d, 0xce59, 0xdefb, 0xce59, 0xad75, 0xbdf7, 0xad75, 0xad75, 0xb596, 0xb596, 0xb596, 0xb5b6, 0xb5b6, 0xb596, 0xad75, 0xad55, 
	0xb596, 0xe71b, 0xce59, 0xef5d, 0xa4f4, 0x0000, 0x0820, 0x0821, 0x0821, 0x0821, 0x0821, 0x1020, 0x1020, 0x1000, 0x2061, 0x48e3, 
	0xb2eb, 0xc2aa, 0xc2aa, 0xc2aa, 0xc28a, 0xc289, 0xc289, 0xc289, 0xc269, 0xc269, 0xc269, 0xc248, 0xc248, 0xc248, 0xba48, 0xc228, 
	0xb9e7, 0xb9e6, 0xba06, 0xba06, 0xba06, 0xb9e6, 0xb9e7, 0xb9e7, 0xb1e7, 0xa207, 0x6923, 0x3000, 0x1800, 0x1840, 0x1840, 0x1000, 
	0x1000, 0x1000, 0x1800, 0x1000, 0x1000, 0x1000, 0x1021, 0x1021, 0x0800, 0x0820, 0x0820, 0x0820, 0x0840, 0x0840, 0x0840, 0x0840, 
	0x0841, 0x0841, 0x0841, 0x0021, 0x0021, 0x0021, 0x0021, 0x0021, 0x0021, 0x0021, 0x0021, 0x0021, 0x0021, 0x0021, 0x0021, 0x0021, 
	0x0021, 0x0021, 0x0021, 0x0021, 0x0021, 0x0021, 0x0021, 0x0021, 0x0021, 0x0021, 0x0021, 0x0020, 0x0020, 0x0020, 0x0020, 0x0020, 
	0x0000, 0x1061, 0x0861, 0x0020, 0x0800, 0x0820, 0x0020, 0x0061, 0x10c2, 0x0040, 0x10c2, 0x31c6, 0x20e3, 0x0000, 0x0820, 0x0000, 
	0x0000, 0x0000, 0x0800, 0x1020, 0x2124, 0x08c2, 0x0081, 0x10c2, 0x0040, 0x0000, 0x0800, 0x1000, 0x0820, 0x0841, 0x1041, 0x0821, 
	0x0000, 0x0020, 0x0020, 0x0021, 0x0021, 0x0021, 0x0020, 0x0020, 0x0021, 0x0021, 0x0021, 0x0021, 0x0021, 0x0021, 0x0021, 0x0021, 
	0x0021, 0x0021, 0x0021, 0x0021, 0x0021, 0x0021, 0x0021, 0x0021, 0x0021, 0x0021, 0x0821, 0x0821, 0x0821, 0x0821, 0x0821, 0x0821, 
	0x0841, 0x0841, 0x0841, 0x0841, 0x0841, 0x0841, 0x1041, 0x1041, 0x1021, 0x1821, 0x1841, 0x1841, 0x1841, 0x1841, 0x1841, 0x1840, 
	0x1000, 0x1840, 0x1860, 0x1840, 0x1800, 0x2000, 0x3800, 0x4800, 0x5800, 0x6000, 0x6000, 0x5800, 0x5800, 0x5800, 0x6000, 0x6000, 
	0x6000, 0x6000, 0x6000, 0x6000, 0x6000, 0x6000, 0x6800, 0x6800, 0x6820, 0x6820, 0x6820, 0x6840, 0x6840, 0x6840, 0x6040, 0x5841, 
	0x48a2, 0x2821, 0x1800, 0x1841, 0x1021, 0x0821, 0x1041, 0x1041, 0x1041, 0x0821, 0x0000, 0x18e3, 0xc638, 0xce79, 0xbe17, 0xbe18, 
	0xbdf7, 0xef7d, 0xa534, 0x0861, 0x39e7, 0xd69a, 0xdefb, 0xbdd7, 0xc638, 0xef7d, 0xb596, 0x18e3, 0x0000, 0x0000, 0x10a2, 0x0861, 
	0x0020, 0x0000, 0x0020, 0x0020, 0x0020, 0x0841, 0x0000, 0x73ae, 0xef5d, 0xc618, 0xd6ba, 0xad75, 0x10a2, 0x0000, 0x0841, 0x0020, 
	0x0841, 0x0841, 0x0841, 0x0841, 0x0841, 0x0841, 0x0020, 0x0020, 0x6b4d, 0xe71c, 0xce79, 0xce79, 0xce59, 0x18c3, 0x0000, 0x0000, 
	0x0020, 0x0841, 0x0000, 0x39e7, 0xd69a, 0xc618, 0xc618, 0xce59, 0xe71c, 0xdefb, 0xdefb, 0xdefb, 0xdedb, 0xdedb, 0xdedb, 0xe71c, 
	0xce79, 0xbdf7, 0xc638, 0xce59, 0xdedb, 0x94b2, 0x630c, 0x0000, 0x0000, 0x1082, 0x0000, 0x0020, 0x0841, 0x0020, 0x0000, 0x8c71, 
	0xe73c, 0xc638, 0xe71c, 0x8410, 0x0861, 0x0861, 0x0020, 0x0861, 0x0841, 0x0841, 0x0841, 0x0841, 0x0841, 0x0841, 0x0020, 0x0020, 
	0x7bcf, 0xe71b, 0xce58, 0xe6fb, 0x9cd3, 0x0000, 0x0821, 0x0821, 0x0821, 0x0821, 0x0800, 0x0820, 0x1041, 0x1040, 0x1840, 0x3041, 
	0x5020, 0x6000, 0x6000, 0x6020, 0x6000, 0x6000, 0x6020, 0x6020, 0x6000, 0x6000, 0x6000, 0x6000, 0x6000, 0x6000, 0x6000, 0x6800, 
	0x6000, 0x6000, 0x6000, 0x6000, 0x6000, 0x6000, 0x6000, 0x6000, 0x5800, 0x4800, 0x3000, 0x2000, 0x2040, 0x1860, 0x1840, 0x1040, 
	0x1000, 0x1841, 0x1862, 0x1841, 0x1021, 0x1821, 0x1021, 0x1021, 0x1041, 0x1041, 0x0841, 0x0841, 0x0841, 0x0861, 0x0841, 0x0841, 
	0x0841, 0x0841, 0x0841, 0x0021, 0x0021, 0x0021, 0x0021, 0x0021, 0x0021, 0x0021, 0x0021, 0x0021, 0x0021, 0x0021, 0x0021, 0x0021, 
	0x0021, 0x0021, 0x0021, 0x0021, 0x0021, 0x0021, 0x0021, 0x0021, 0x0021, 0x0021, 0x0021, 0x0020, 0x0020, 0x0020, 0x0020, 0x0000, 
	0x0800, 0x1041, 0x0841, 0x0020, 0x0821, 0x1041, 0x0020, 0x0020, 0x0061, 0x08a2, 0x0081, 0x1924, 0x2904, 0x0800, 0x0020, 0x0000, 
	0x0020, 0x0000, 0x0000, 0x0000, 0x18c4, 0x18c4, 0x10a3, 0x0841, 0x0000, 0x0820, 0x0820, 0x0820, 0x0800, 0x1021, 0x1841, 0x0800, 
	0x0000, 0x0020, 0x0020, 0x0021, 0x0021, 0x0021, 0x0020, 0x0020, 0x0021, 0x0021, 0x0021, 0x0021, 0x0021, 0x0021, 0x0021, 0x0021, 
	0x0021, 0x0021, 0x0021, 0x0021, 0x0021, 0x0021, 0x0021, 0x0021, 0x0020, 0x0021, 0x0021, 0x0821, 0x0821, 0x0821, 0x0821, 0x0841, 
	0x0841, 0x0841, 0x0841, 0x0841, 0x0841, 0x0841, 0x1041, 0x1041, 0x1061, 0x1061, 0x1041, 0x1040, 0x1020, 0x1041, 0x1041, 0x1041, 
	0x1821, 0x1821, 0x1040, 0x1040, 0x1061, 0x1861, 0x2041, 0x3020, 0x3000, 0x3000, 0x3000, 0x3000, 0x2800, 0x2800, 0x3000, 0x3000, 
	0x3000, 0x3000, 0x3000, 0x3000, 0x3000, 0x3000, 0x3000, 0x3000, 0x3000, 0x3000, 0x3000, 0x3000, 0x2800, 0x2800, 0x2800, 0x2800, 
	0x1800, 0x1800, 0x1841, 0x1861, 0x0821, 0x0000, 0x0821, 0x0800, 0x1041, 0x0820, 0x0000, 0x18a2, 0xb5b6, 0xbdf7, 0xb5b6, 0xbdf7, 
	0xdedb, 0x8c71, 0x0000, 0x0000, 0x0000, 0x2124, 0xc638, 0xdefb, 0xad55, 0xc618, 0xe71c, 0xc618, 0x3186, 0x0000, 0x0841, 0x0020, 
	0x0841, 0x0020, 0x0841, 0x0020, 0x0841, 0x0861, 0x0000, 0x73ae, 0xdefb, 0xb5b6, 0xce59, 0xad75, 0x0841, 0x0000, 0x0020, 0x0000, 
	0x0000, 0x0000, 0x0000, 0x0000, 0x0000, 0x0000, 0x0000, 0x0000, 0x5aeb, 0xe73c, 0xbdf7, 0xc638, 0xbdf7, 0x18c3, 0x0000, 0x0841, 
	0x0000, 0x0841, 0x0000, 0x39e7, 0xce79, 0xbdf7, 0xbdf7, 0xc638, 0x5aeb, 0x4228, 0x4a49, 0x4a49, 0x4228, 0x4208, 0x39e7, 0x4a69, 
	0xd6ba, 0xce79, 0xbdf7, 0xce59, 0xce59, 0x2965, 0x0000, 0x10a2, 0x0861, 0x0861, 0x0000, 0x0020, 0x0841, 0x0020, 0x0000, 0x8c71, 
	0xd6ba, 0xbdd7, 0xe71c, 0x7bef, 0x0000, 0x0000, 0x0000, 0x0000, 0x0000, 0x0000, 0x0000, 0x0000, 0x0000, 0x0000, 0x0000, 0x0000, 
	0x630b, 0xd69a, 0xc5f7, 0xdeba, 0xa4d3, 0x0800, 0x0821, 0x0821, 0x0820, 0x0841, 0x0820, 0x0800, 0x1041, 0x1040, 0x1020, 0x1800, 
	0x2000, 0x2800, 0x2800, 0x2800, 0x2800, 0x2800, 0x3000, 0x3020, 0x2800, 0x2800, 0x2800, 0x2800, 0x2800, 0x3000, 0x3000, 0x3000, 
	0x3800, 0x3001, 0x3000, 0x2800, 0x2800, 0x2800, 0x3000, 0x3000, 0x3020, 0x2000, 0x1800, 0x1840, 0x1040, 0x1020, 0x1021, 0x1021, 
	0x1020, 0x1041, 0x1061, 0x1041, 0x1040, 0x1040, 0x1040, 0x0820, 0x1061, 0x1061, 0x0841, 0x0841, 0x0841, 0x0041, 0x0021, 0x0021, 
	0x0041, 0x0841, 0x0841, 0x0021, 0x0021, 0x0021, 0x0021, 0x0021, 0x0021, 0x0021, 0x0021, 0x0021, 0x0021, 0x0021, 0x0021, 0x0021, 
	0x0021, 0x0021, 0x0021, 0x0021, 0x0021, 0x0021, 0x0021, 0x0021, 0x0021, 0x0021, 0x0021, 0x0020, 0x0020, 0x0020, 0x0020, 0x0000, 
	0x0800, 0x1021, 0x0821, 0x0000, 0x0841, 0x1062, 0x0821, 0x0000, 0x0000, 0x0862, 0x0861, 0x2104, 0x2104, 0x0000, 0x0000, 0x0841, 
	0x0000, 0x0000, 0x0000, 0x0000, 0x20e4, 0x18a3, 0x0821, 0x0000, 0x0821, 0x1041, 0x0841, 0x0000, 0x0800, 0x1841, 0x1021, 0x0800, 
	0x0000, 0x0020, 0x0020, 0x0021, 0x0021, 0x0021, 0x0020, 0x0020, 0x0021, 0x0021, 0x0021, 0x0021, 0x0021, 0x0021, 0x0021, 0x0021, 
	0x0021, 0x0021, 0x0021, 0x0021, 0x0021, 0x0021, 0x0021, 0x0021, 0x0020, 0x0020, 0x0021, 0x0821, 0x0821, 0x0821, 0x0841, 0x0841, 
	0x0021, 0x0021, 0x0820, 0x0820, 0x0820, 0x0820, 0x0820, 0x0820, 0x0000, 0x0820, 0x0820, 0x0840, 0x0841, 0x1041, 0x1021, 0x1021, 
	0x1001, 0x1000, 0x0820, 0x0841, 0x1081, 0x1081, 0x1041, 0x1000, 0x1820, 0x1820, 0x1821, 0x1821, 0x1841, 0x1841, 0x1821, 0x1821, 
	0x1820, 0x1820, 0x1820, 0x1820, 0x1820, 0x1820, 0x1820, 0x1820, 0x1820, 0x1820, 0x1820, 0x1820, 0x1820, 0x1820, 0x1840, 0x1840, 
	0x1841, 0x1820, 0x1020, 0x1021, 0x0841, 0x0821, 0x0821, 0x1041, 0x0800, 0x0820, 0x0820, 0x18c2, 0xb596, 0xbdd7, 0xbdd7, 0xce59, 
	0x6b4d, 0x0000, 0x0000, 0x1082, 0x0861, 0x0000, 0x18e3, 0xbdd7, 0xdedb, 0xad55, 0xad75, 0xe71c, 0xc638, 0x4208, 0x0000, 0x0020, 
	0x0841, 0x0020, 0x0020, 0x0020, 0x0841, 0x0841, 0x0000, 0x73ae, 0xd6ba, 0xad75, 0xbdd7, 0xad55, 0x0841, 0x0020, 0x0020, 0x0841, 
	0x0841, 0x0820, 0x0020, 0x0820, 0x0841, 0x0861, 0x0841, 0x0020, 0x630c, 0xe6fb, 0xb596, 0xc618, 0xb5b6, 0x18e3, 0x0000, 0x0861, 
	0x0841, 0x0861, 0x0000, 0x39c7, 0xc638, 0xb5b6, 0xbdf7, 0xce79, 0x2124, 0x0000, 0x0000, 0x0000, 0x0000, 0x0000, 0x0000, 0x0820, 
	0x6b4d, 0xe73c, 0xc618, 0xad75, 0xdedb, 0xb575, 0x10a2, 0x0000, 0x1082, 0x0841, 0x0841, 0x0861, 0x0000, 0x0820, 0x0000, 0x8c30, 
	0xd69a, 0xbdd7, 0xe6fb, 0x8410, 0x0000, 0x0020, 0x0820, 0x0020, 0x0020, 0x0020, 0x0020, 0x0820, 0x0841, 0x0841, 0x0841, 0x0020, 
	0x736d, 0xd679, 0xbdb6, 0xd679, 0x9cb2, 0x0800, 0x0000, 0x0841, 0x0000, 0x1061, 0x0841, 0x0800, 0x0820, 0x1040, 0x1020, 0x1020, 
	0x1000, 0x1820, 0x1820, 0x1820, 0x1820, 0x1820, 0x1820, 0x1840, 0x1840, 0x1840, 0x1820, 0x1820, 0x1820, 0x1820, 0x1800, 0x1800, 
	0x2001, 0x1822, 0x1821, 0x1021, 0x1041, 0x1020, 0x1820, 0x1820, 0x1800, 0x1020, 0x1861, 0x1061, 0x0820, 0x1041, 0x1041, 0x0800, 
	0x1041, 0x1040, 0x0820, 0x0820, 0x0820, 0x0840, 0x0840, 0x0840, 0x0020, 0x0020, 0x0020, 0x0020, 0x0020, 0x0021, 0x0021, 0x0021, 
	0x0041, 0x0841, 0x0841, 0x0021, 0x0021, 0x0021, 0x0021, 0x0021, 0x0021, 0x0021, 0x0021, 0x0021, 0x0021, 0x0021, 0x0021, 0x0021, 
	0x0021, 0x0021, 0x0021, 0x0021, 0x0021, 0x0021, 0x0021, 0x0021, 0x0021, 0x0021, 0x0021, 0x0020, 0x0020, 0x0020, 0x0020, 0x0000, 
	0x0800, 0x1021, 0x1021, 0x0800, 0x0841, 0x0861, 0x0821, 0x0801, 0x0000, 0x0000, 0x1041, 0x2925, 0x1903, 0x0000, 0x0000, 0x0000, 
	0x0000, 0x0821, 0x0000, 0x0000, 0x18c3, 0x1082, 0x0000, 0x0021, 0x1082, 0x0800, 0x0000, 0x0800, 0x1062, 0x0820, 0x0000, 0x0821, 
	0x0020, 0x0020, 0x0020, 0x0020, 0x0020, 0x0020, 0x0020, 0x0020, 0x0021, 0x0021, 0x0021, 0x0021, 0x0021, 0x0021, 0x0021, 0x0021, 
	0x0021, 0x0021, 0x0021, 0x0021, 0x0021, 0x0021, 0x0021, 0x0021, 0x0021, 0x0020, 0x0020, 0x0021, 0x0841, 0x0841, 0x0821, 0x0020, 
	0x0041, 0x0040, 0x0040, 0x0040, 0x0020, 0x0020, 0x0820, 0x0820, 0x0841, 0x0841, 0x0821, 0x0821, 0x0821, 0x0821, 0x0821, 0x1021, 
	0x1000, 0x1000, 0x1020, 0x1020, 0x1040, 0x1040, 0x1040, 0x1841, 0x1820, 0x1820, 0x1820, 0x1820, 0x1820, 0x1821, 0x1821, 0x1820, 
	0x1820, 0x1820, 0x1820, 0x1820, 0x1820, 0x1820, 0x1820, 0x1820, 0x1820, 0x1820, 0x1820, 0x1020, 0x1020, 0x1020, 0x1020, 0x1020, 
	0x1020, 0x1020, 0x1020, 0x1020, 0x0821, 0x0820, 0x0820, 0x0820, 0x1021, 0x0820, 0x0000, 0x20c3, 0xb596, 0xbdb6, 0xb596, 0xc618, 
	0x41e7, 0x0000, 0x1061, 0x0000, 0x0841, 0x0841, 0x0020, 0x1061, 0xbdb7, 0xd67a, 0xbdb7, 0x9cd3, 0xd69a, 0xce79, 0x528a, 0x0000, 
	0x0000, 0x1062, 0x0000, 0x0000, 0x0821, 0x0821, 0x0000, 0x738e, 0xd67a, 0xb576, 0xbdb7, 0xa4f4, 0x0841, 0x0820, 0x0820, 0x0020, 
	0x0841, 0x0820, 0x0020, 0x0821, 0x0841, 0x0841, 0x0820, 0x0000, 0x62eb, 0xd69a, 0xb596, 0xc618, 0xb575, 0x2104, 0x0000, 0x0821, 
	0x0841, 0x0821, 0x0820, 0x39a6, 0xc618, 0xad75, 0xb596, 0xc618, 0x39a7, 0x0000, 0x0820, 0x0820, 0x0020, 0x1061, 0x1062, 0x0000, 
	0x0000, 0x83ef, 0xd679, 0xb575, 0xad75, 0xe71c, 0x9cd3, 0x0000, 0x0000, 0x0841, 0x0020, 0x0000, 0x0841, 0x0820, 0x0000, 0x8c51, 
	0xce59, 0xbdb6, 0xdedb, 0x7bcf, 0x0000, 0x0821, 0x0820, 0x0841, 0x0820, 0x0820, 0x0820, 0x0821, 0x0841, 0x0821, 0x0000, 0x0000, 
	0x736d, 0xce38, 0xbdd7, 0xd69a, 0x9492, 0x0000, 0x0000, 0x1061, 0x0841, 0x0821, 0x0820, 0x0820, 0x0820, 0x0820, 0x1020, 0x1020, 
	0x1020, 0x1020, 0x1020, 0x1020, 0x1820, 0x1820, 0x1840, 0x1841, 0x1020, 0x1020, 0x1820, 0x1820, 0x1820, 0x1820, 0x1820, 0x1820, 
	0x1821, 0x1821, 0x1821, 0x1021, 0x1041, 0x1040, 0x1820, 0x1820, 0x1020, 0x1020, 0x1040, 0x1040, 0x1040, 0x1040, 0x1041, 0x1021, 
	0x1020, 0x1021, 0x0821, 0x0820, 0x0820, 0x0820, 0x0820, 0x0820, 0x0820, 0x0020, 0x0020, 0x0040, 0x0041, 0x0041, 0x0041, 0x0041, 
	0x0041, 0x0841, 0x0841, 0x0841, 0x0841, 0x0041, 0x0021, 0x0020, 0x0021, 0x0021, 0x0021, 0x0021, 0x0021, 0x0021, 0x0021, 0x0021, 
	0x0021, 0x0021, 0x0021, 0x0021, 0x0021, 0x0021, 0x0021, 0x0021, 0x0021, 0x0021, 0x0021, 0x0020, 0x0020, 0x0020, 0x0020, 0x0020, 
	0x0820, 0x0000, 0x0000, 0x0821, 0x1082, 0x0841, 0x0000, 0x1082, 0x0841, 0x0000, 0x0000, 0x2924, 0x2124, 0x0000, 0x0000, 0x0000, 
	0x0800, 0x0000, 0x0000, 0x0020, 0x0881, 0x0841, 0x0040, 0x0861, 0x0000, 0x1061, 0x3145, 0x20c3, 0x0000, 0x0000, 0x0841, 0x0000, 
	0x0020, 0x0020, 0x0020, 0x0020, 0x0020, 0x0020, 0x0020, 0x0020, 0x0021, 0x0021, 0x0021, 0x0021, 0x0021, 0x0021, 0x0021, 0x0021, 
	0x0021, 0x0021, 0x0021, 0x0021, 0x0021, 0x0021, 0x0021, 0x0021, 0x0021, 0x0021, 0x0021, 0x0841, 0x0841, 0x0841, 0x0021, 0x0020, 
	0x0040, 0x0040, 0x0040, 0x0040, 0x0040, 0x0020, 0x0020, 0x0820, 0x0841, 0x0821, 0x0821, 0x0821, 0x0821, 0x0821, 0x0821, 0x1021, 
	0x0820, 0x1020, 0x1020, 0x1020, 0x1020, 0x1020, 0x1040, 0x1040, 0x1040, 0x1020, 0x1820, 0x1820, 0x1820, 0x1820, 0x1820, 0x1820, 
	0x1820, 0x1820, 0x1820, 0x1820, 0x1820, 0x1820, 0x1020, 0x1020, 0x1820, 0x1820, 0x1020, 0x1020, 0x1020, 0x1020, 0x1020, 0x1020, 
	0x1020, 0x0841, 0x0820, 0x0820, 0x0820, 0x0820, 0x0820, 0x0820, 0x0820, 0x0841, 0x0000, 0x18c3, 0xb575, 0xb575, 0xad55, 0xce59, 
	0x526a, 0x0000, 0x0861, 0x0020, 0x0020, 0x0020, 0x0020, 0x0820, 0x1082, 0x9cf3, 0xd69a, 0xb5b6, 0x9cd3, 0xce59, 0xdedb, 0x52aa, 
	0x0020, 0x0000, 0x0841, 0x0861, 0x0020, 0x0841, 0x0000, 0x6b4d, 0xce79, 0xad34, 0xbdd7, 0xad55, 0x0861, 0x0000, 0x0841, 0x0000, 
	0x0841, 0x0020, 0x0020, 0x0841, 0x0841, 0x0841, 0x0020, 0x0000, 0x630c, 0xdefb, 0xad55, 0xbdd7, 0xb575, 0x20e3, 0x0000, 0x0861, 
	0x0020, 0x0820, 0x0000, 0x31a6, 0xc618, 0xad75, 0xad55, 0xc618, 0x39e7, 0x0000, 0x0020, 0x0841, 0x0020, 0x0841, 0x0861, 0x0820, 
	0x0000, 0x0820, 0x8c51, 0xdedb, 0xad55, 0xbdd7, 0xdefb, 0x83ef, 0x0020, 0x0000, 0x0861, 0x0841, 0x0000, 0x0000, 0x0000, 0x8430, 
	0xd6ba, 0xb5b6, 0xd6ba, 0x7bcf, 0x0000, 0x0820, 0x0841, 0x0000, 0x0020, 0x0020, 0x0020, 0x0841, 0x0841, 0x0841, 0x0020, 0x0000, 
	0x632c, 0xc638, 0xa534, 0xce58, 0x9cd3, 0x0000, 0x0820, 0x1061, 0x0840, 0x0820, 0x0820, 0x0820, 0x0820, 0x0820, 0x0820, 0x1020, 
	0x1020, 0x1020, 0x1020, 0x1020, 0x1020, 0x1040, 0x1841, 0x1841, 0x1020, 0x1020, 0x1020, 0x1020, 0x1020, 0x1020, 0x1020, 0x1020, 
	0x1020, 0x1020, 0x1040, 0x1040, 0x1040, 0x1040, 0x1040, 0x1040, 0x1040, 0x1040, 0x1040, 0x1040, 0x1040, 0x1040, 0x1040, 0x1040, 
	0x0821, 0x0821, 0x0821, 0x0821, 0x0821, 0x0820, 0x0820, 0x0820, 0x0820, 0x0020, 0x0020, 0x0040, 0x0040, 0x0040, 0x0040, 0x0040, 
	0x0041, 0x0041, 0x0841, 0x0841, 0x0841, 0x0041, 0x0021, 0x0021, 0x0021, 0x0021, 0x0021, 0x0021, 0x0021, 0x0021, 0x0021, 0x0021, 
	0x0021, 0x0021, 0x0021, 0x0021, 0x0021, 0x0021, 0x0021, 0x0021, 0x0021, 0x0021, 0x0021, 0x0020, 0x0020, 0x0020, 0x0020, 0x0020, 
	0x0020, 0x0820, 0x0000, 0x0000, 0x18e3, 0x31a6, 0x10a2, 0x0000, 0x0861, 0x0821, 0x0820, 0x1082, 0x1082, 0x0000, 0x0000, 0x0000, 
	0x0000, 0x0000, 0x0000, 0x0000, 0x0020, 0x10a2, 0x0882, 0x0000, 0x0020, 0x3165, 0x41e8, 0x18a2, 0x0000, 0x0000, 0x0000, 0x0000, 
	0x0020, 0x0020, 0x0020, 0x0020, 0x0020, 0x0020, 0x0020, 0x0020, 0x0021, 0x0021, 0x0021, 0x0021, 0x0021, 0x0021, 0x0021, 0x0021, 
	0x0021, 0x0021, 0x0021, 0x0021, 0x0021, 0x0021, 0x0021, 0x0021, 0x0021, 0x0021, 0x0841, 0x0841, 0x0021, 0x0021, 0x0021, 0x0020, 
	0x0040, 0x0040, 0x0040, 0x0040, 0x0020, 0x0020, 0x0820, 0x0820, 0x0841, 0x0841, 0x0821, 0x0821, 0x0821, 0x0821, 0x0821, 0x0821, 
	0x0820, 0x0820, 0x0820, 0x1020, 0x1020, 0x1020, 0x1020, 0x1020, 0x1020, 0x1020, 0x1020, 0x1020, 0x1020, 0x1020, 0x1020, 0x1020, 
	0x1020, 0x1020, 0x1020, 0x1020, 0x1020, 0x1020, 0x1020, 0x1020, 0x1020, 0x1020, 0x1020, 0x1020, 0x1020, 0x1020, 0x1020, 0x1020, 
	0x0841, 0x0840, 0x0840, 0x0840, 0x0820, 0x0840, 0x0840, 0x0840, 0x0840, 0x0881, 0x0000, 0x10c2, 0xa554, 0xa554, 0x9cf3, 0xc618, 
	0x4a8a, 0x0000, 0x0041, 0x0040, 0x0020, 0x0041, 0x0061, 0x0041, 0x0000, 0x0000, 0x8c71, 0xce79, 0xad96, 0xad75, 0xa575, 0xc679, 
	0x52cb, 0x0882, 0x0000, 0x0020, 0x0861, 0x0041, 0x0000, 0x7bef, 0xbe18, 0x94f3, 0xb5b6, 0xa554, 0x0061, 0x0000, 0x0861, 0x0041, 
	0x0041, 0x0041, 0x0040, 0x0041, 0x0061, 0x0061, 0x0040, 0x0020, 0x4a8a, 0xd6da, 0x9d14, 0xb5b6, 0xad75, 0x10c3, 0x0000, 0x0040, 
	0x0882, 0x0861, 0x0000, 0x31a6, 0xbe18, 0xad75, 0x9d14, 0xb5d7, 0x31e7, 0x0020, 0x0041, 0x0041, 0x0041, 0x0040, 0x0061, 0x0041, 
	0x10e3, 0x0000, 0x10e3, 0xa555, 0xce79, 0x9d14, 0xadb6, 0xce9a, 0x52cb, 0x0040, 0x0000, 0x0061, 0x0861, 0x0020, 0x0000, 0x8430, 
	0xbe38, 0xa555, 0xce9a, 0x7bef, 0x0000, 0x0000, 0x0861, 0x0041, 0x0040, 0x0040, 0x0040, 0x0041, 0x0041, 0x0041, 0x0020, 0x0000, 
	0x5aeb, 0xc638, 0x9cd3, 0xc5f7, 0x9cb2, 0x0000, 0x0000, 0x0820, 0x0840, 0x0840, 0x0820, 0x0820, 0x0820, 0x0820, 0x0820, 0x0820, 
	0x1020, 0x1020, 0x1020, 0x1020, 0x1020, 0x1020, 0x1041, 0x1041, 0x1020, 0x1020, 0x1020, 0x1020, 0x1020, 0x1020, 0x1020, 0x1020, 
	0x1020, 0x1020, 0x1020, 0x1020, 0x1020, 0x1020, 0x1020, 0x1020, 0x1020, 0x1020, 0x1020, 0x1040, 0x1040, 0x1040, 0x1040, 0x1040, 
	0x0821, 0x0821, 0x0821, 0x0821, 0x0820, 0x0820, 0x0820, 0x0820, 0x0820, 0x0820, 0x0020, 0x0020, 0x0040, 0x0040, 0x0040, 0x0040, 
	0x0020, 0x0021, 0x0041, 0x0041, 0x0041, 0x0041, 0x0041, 0x0021, 0x0021, 0x0021, 0x0021, 0x0021, 0x0021, 0x0021, 0x0021, 0x0021, 
	0x0021, 0x0021, 0x0021, 0x0021, 0x0021, 0x0021, 0x0021, 0x0021, 0x0021, 0x0021, 0x0021, 0x0020, 0x0020, 0x0020, 0x0020, 0x0020, 
	0x0000, 0x0841, 0x0020, 0x0000, 0x1082, 0x39c7, 0x2965, 0x0861, 0x0000, 0x0020, 0x18c3, 0x1061, 0x0000, 0x0000, 0x0000, 0x0000, 
	0x0000, 0x0841, 0x0000, 0x0000, 0x0861, 0x10a2, 0x0841, 0x0020, 0x2965, 0x39c7, 0x2925, 0x0020, 0x0000, 0x0020, 0x0000, 0x0020, 
	0x0020, 0x0020, 0x0020, 0x0020, 0x0020, 0x0020, 0x0020, 0x0020, 0x0021, 0x0021, 0x0021, 0x0021, 0x0021, 0x0021, 0x0021, 0x0021, 
	0x0021, 0x0021, 0x0021, 0x0021, 0x0021, 0x0021, 0x0021, 0x0021, 0x0021, 0x0841, 0x0841, 0x0841, 0x0021, 0x0020, 0x0020, 0x0021, 
	0x0020, 0x0020, 0x0020, 0x0020, 0x0020, 0x0820, 0x0820, 0x0820, 0x0821, 0x0821, 0x0821, 0x0821, 0x0821, 0x0821, 0x0821, 0x0820, 
	0x0820, 0x0820, 0x0820, 0x0820, 0x0820, 0x0820, 0x1020, 0x1020, 0x1020, 0x1020, 0x1020, 0x1020, 0x1020, 0x1020, 0x1020, 0x1020, 
	0x1020, 0x1020, 0x1020, 0x1020, 0x1020, 0x1020, 0x1020, 0x1020, 0x1020, 0x1020, 0x1020, 0x1020, 0x1020, 0x1020, 0x1020, 0x0820, 
	0x0841, 0x0841, 0x0841, 0x0840, 0x0840, 0x0840, 0x0020, 0x0040, 0x0000, 0x0040, 0x0000, 0x2144, 0xb5b6, 0xce79, 0xc659, 0xe73c, 
	0x4228, 0x0041, 0x0061, 0x0020, 0x0020, 0x0041, 0x0041, 0x0020, 0x0041, 0x0020, 0x0861, 0x7c30, 0xceba, 0xbe38, 0xc679, 0xc679, 
	0xef9e, 0x8c92, 0x2124, 0x0000, 0x0041, 0x0020, 0x0020, 0x7c10, 0xef9e, 0xc679, 0xce9a, 0xad75, 0x1904, 0x0000, 0x0041, 0x0020, 
	0x0041, 0x0041, 0x0041, 0x0041, 0x0041, 0x0041, 0x0041, 0x0020, 0x6b8e, 0xe73c, 0xbe38, 0xce9a, 0xb5d7, 0x2986, 0x0041, 0x0020, 
	0x0041, 0x0041, 0x0041, 0x4228, 0xc659, 0xce9a, 0xceba, 0xe73c, 0x2965, 0x0020, 0x0041, 0x0041, 0x0041, 0x0020, 0x0041, 0x0041, 
	0x0000, 0x10c3, 0x0000, 0x2986, 0xbdf7, 0xceba, 0xb5f7, 0xdf1c, 0xf7ff, 0x6bae, 0x0861, 0x0000, 0x0061, 0x0020, 0x0041, 0x94d3, 
	0xe73c, 0xce79, 0xe75d, 0x8cb2, 0x08a2, 0x0000, 0x0041, 0x0020, 0x0041, 0x0020, 0x0020, 0x0041, 0x0041, 0x0041, 0x0020, 0x0020, 
	0x7c10, 0xe73c, 0xce58, 0xdefb, 0xa534, 0x1082, 0x0020, 0x0000, 0x0820, 0x0820, 0x0820, 0x0820, 0x0820, 0x0820, 0x0820, 0x0820, 
	0x0820, 0x0820, 0x1020, 0x1020, 0x1020, 0x1020, 0x1041, 0x1041, 0x1020, 0x1020, 0x1020, 0x1020, 0x1020, 0x1020, 0x1020, 0x1020, 
	0x1020, 0x1020, 0x1020, 0x1020, 0x1020, 0x1020, 0x1020, 0x1020, 0x0820, 0x0820, 0x0820, 0x0820, 0x0820, 0x0820, 0x0820, 0x0820, 
	0x0820, 0x0821, 0x0821, 0x0820, 0x0820, 0x0820, 0x0820, 0x0820, 0x0820, 0x0820, 0x0820, 0x0020, 0x0020, 0x0020, 0x0020, 0x0020, 
	0x0020, 0x0021, 0x0021, 0x0021, 0x0041, 0x0041, 0x0041, 0x0041, 0x0021, 0x0021, 0x0021, 0x0021, 0x0021, 0x0021, 0x0021, 0x0021, 
	0x0021, 0x0021, 0x0021, 0x0021, 0x0021, 0x0021, 0x0021, 0x0021, 0x0021, 0x0021, 0x0021, 0x0020, 0x0020, 0x0020, 0x0020, 0x0020, 
	0x0000, 0x0000, 0x0020, 0x0000, 0x0020, 0x10a2, 0x2124, 0x4208, 0x0861, 0x0000, 0x1082, 0x18c3, 0x0000, 0x0000, 0x0020, 0x0000, 
	0x0000, 0x0000, 0x0000, 0x0000, 0x1082, 0x0020, 0x0841, 0x2924, 0x39e7, 0x18e3, 0x10c2, 0x0841, 0x0000, 0x0020, 0x0041, 0x0000, 
	0x0020, 0x0020, 0x0020, 0x0020, 0x0020, 0x0020, 0x0020, 0x0020, 0x0021, 0x0021, 0x0021, 0x0021, 0x0021, 0x0021, 0x0021, 0x0021, 
	0x0021, 0x0021, 0x0021, 0x0021, 0x0021, 0x0021, 0x0021, 0x0021, 0x0021, 0x0841, 0x0841, 0x0841, 0x0020, 0x0020, 0x0021, 0x0021, 
	0x0820, 0x0820, 0x0820, 0x0820, 0x0820, 0x0820, 0x0820, 0x0820, 0x0821, 0x0821, 0x0821, 0x0821, 0x0821, 0x0821, 0x0821, 0x0820, 
	0x0820, 0x0820, 0x0820, 0x0820, 0x0840, 0x0820, 0x0820, 0x0820, 0x0841, 0x0841, 0x0841, 0x0841, 0x0841, 0x0841, 0x0841, 0x0841, 
	0x1041, 0x1021, 0x1021, 0x1021, 0x1021, 0x1041, 0x0841, 0x0841, 0x0841, 0x0820, 0x0840, 0x0840, 0x0820, 0x0820, 0x0820, 0x0820, 
	0x0821, 0x0821, 0x0821, 0x0821, 0x0821, 0x0821, 0x0821, 0x0821, 0x0821, 0x0021, 0x0000, 0x0841, 0x528a, 0x5acb, 0x528a, 0x52aa, 
	0x2104, 0x0841, 0x0841, 0x0000, 0x0041, 0x0041, 0x0000, 0x0021, 0x0000, 0x0861, 0x0000, 0x0000, 0x4208, 0x738e, 0x4a6a, 0x4228, 
	0x632d, 0x632c, 0x2125, 0x0000, 0x0841, 0x0841, 0x0000, 0x2124, 0x5b0c, 0x52aa, 0x5acb, 0x4229, 0x0020, 0x0000, 0x0021, 0x0841, 
	0x0041, 0x0021, 0x0021, 0x0021, 0x0041, 0x0041, 0x0021, 0x0020, 0x2104, 0x5aec, 0x528a, 0x52aa, 0x4a49, 0x0841, 0x0000, 0x0041, 
	0x0021, 0x0000, 0x0000, 0x18c3, 0x528a, 0x528a, 0x52aa, 0x52ab, 0x10a3, 0x0020, 0x0841, 0x0020, 0x0021, 0x0021, 0x0841, 0x0000, 
	0x0000, 0x1082, 0x0861, 0x0000, 0x2965, 0x5aec, 0x52ab, 0x4a6a, 0x73af, 0x4a49, 0x0861, 0x0000, 0x0841, 0x0041, 0x0020, 0x39e8, 
	0x5acb, 0x4a69, 0x5aeb, 0x31a7, 0x0000, 0x0021, 0x0841, 0x0021, 0x0021, 0x0020, 0x0020, 0x0021, 0x0041, 0x0041, 0x0021, 0x0020, 
	0x2124, 0x5b0c, 0x52cb, 0x5b0c, 0x4228, 0x0000, 0x0000, 0x0020, 0x0041, 0x0841, 0x0841, 0x0841, 0x0821, 0x0821, 0x0821, 0x0821, 
	0x0820, 0x0820, 0x0820, 0x0820, 0x0840, 0x0840, 0x0840, 0x0840, 0x0840, 0x0840, 0x0840, 0x0840, 0x0840, 0x0840, 0x0840, 0x0840, 
	0x0841, 0x1041, 0x0841, 0x0841, 0x0841, 0x0841, 0x0841, 0x0841, 0x0840, 0x0840, 0x0840, 0x0840, 0x0840, 0x0840, 0x0840, 0x0840, 
	0x0820, 0x0821, 0x0820, 0x0820, 0x0820, 0x0820, 0x0820, 0x0820, 0x0820, 0x0820, 0x0820, 0x0820, 0x0820, 0x0820, 0x0820, 0x0020, 
	0x0020, 0x0021, 0x0021, 0x0021, 0x0021, 0x0021, 0x0041, 0x0041, 0x0021, 0x0021, 0x0021, 0x0021, 0x0021, 0x0021, 0x0021, 0x0021, 
	0x0021, 0x0021, 0x0021, 0x0021, 0x0021, 0x0021, 0x0021, 0x0021, 0x0021, 0x0021, 0x0021, 0x0020, 0x0020, 0x0020, 0x0020, 0x0020, 
	0x0841, 0x0000, 0x0000, 0x0020, 0x0841, 0x0841, 0x0861, 0x2945, 0x39e7, 0x1082, 0x0000, 0x1082, 0x0861, 0x0000, 0x0000, 0x0000, 
	0x0020, 0x0000, 0x0000, 0x0000, 0x0000, 0x0841, 0x2124, 0x39a6, 0x18c3, 0x10c2, 0x18e3, 0x0861, 0x0000, 0x0020, 0x0000, 0x0020, 
	0x0020, 0x0020, 0x0020, 0x0020, 0x0020, 0x0020, 0x0020, 0x0020, 0x0021, 0x0021, 0x0021, 0x0021, 0x0021, 0x0021, 0x0021, 0x0021, 
	0x0021, 0x0021, 0x0021, 0x0021, 0x0021, 0x0021, 0x0021, 0x0021, 0x0841, 0x0841, 0x0841, 0x0021, 0x0021, 0x0021, 0x0021, 0x0841, 
	0x0820, 0x0820, 0x0820, 0x0820, 0x0820, 0x0820, 0x0820, 0x0820, 0x0820, 0x0820, 0x0820, 0x0820, 0x0820, 0x0820, 0x0820, 0x0820, 
	0x0820, 0x0820, 0x0820, 0x0820, 0x0820, 0x0820, 0x0820, 0x0820, 0x0841, 0x0841, 0x0821, 0x0821, 0x0821, 0x0821, 0x0821, 0x0821, 
	0x0821, 0x0821, 0x0821, 0x0821, 0x0821, 0x0821, 0x0821, 0x0821, 0x0821, 0x0821, 0x0820, 0x0820, 0x0820, 0x0820, 0x0820, 0x0820, 
	0x0821, 0x0821, 0x0821, 0x0821, 0x0821, 0x0821, 0x0821, 0x0821, 0x0821, 0x0841, 0x0841, 0x0000, 0x0841, 0x0000, 0x0000, 0x0000, 
	0x0000, 0x0821, 0x0841, 0x0000, 0x0841, 0x0841, 0x0020, 0x0841, 0x0861, 0x0021, 0x0821, 0x0841, 0x0000, 0x0000, 0x0000, 0x0841, 
	0x0000, 0x0861, 0x0020, 0x0000, 0x0000, 0x0821, 0x1062, 0x0000, 0x0000, 0x0000, 0x0020, 0x0020, 0x0000, 0x0841, 0x0821, 0x0821, 
	0x0821, 0x0821, 0x0821, 0x0821, 0x0821, 0x0821, 0x0021, 0x0020, 0x0000, 0x0000, 0x0000, 0x0000, 0x0000, 0x0000, 0x0000, 0x1082, 
	0x0821, 0x0841, 0x0841, 0x0020, 0x0021, 0x0000, 0x0000, 0x0000, 0x0821, 0x0000, 0x0841, 0x0000, 0x0821, 0x0821, 0x0841, 0x0000, 
	0x1062, 0x0000, 0x0861, 0x0841, 0x0000, 0x0000, 0x0000, 0x0021, 0x0000, 0x0020, 0x0020, 0x0821, 0x0020, 0x0821, 0x0821, 0x0000, 
	0x0000, 0x0000, 0x0020, 0x0000, 0x0000, 0x0841, 0x0841, 0x0821, 0x0021, 0x0020, 0x0000, 0x0020, 0x0821, 0x0821, 0x0821, 0x0020, 
	0x0000, 0x0020, 0x0000, 0x0000, 0x0000, 0x0000, 0x0841, 0x0861, 0x0021, 0x0821, 0x0821, 0x0821, 0x0821, 0x0821, 0x0821, 0x0821, 
	0x0820, 0x0820, 0x0820, 0x0820, 0x0820, 0x0820, 0x0820, 0x0820, 0x0820, 0x0820, 0x0820, 0x0820, 0x0820, 0x0820, 0x0820, 0x0820, 
	0x0821, 0x0821, 0x0821, 0x0821, 0x0821, 0x0821, 0x0821, 0x0821, 0x0820, 0x0820, 0x0820, 0x0820, 0x0820, 0x0820, 0x0820, 0x0820, 
	0x0820, 0x0820, 0x0820, 0x0820, 0x0820, 0x0020, 0x0020, 0x0020, 0x0820, 0x0820, 0x0820, 0x0820, 0x0820, 0x0820, 0x0820, 0x0820, 
	0x0021, 0x0021, 0x0021, 0x0021, 0x0021, 0x0021, 0x0021, 0x0041, 0x0021, 0x0021, 0x0021, 0x0021, 0x0021, 0x0021, 0x0021, 0x0021, 
	0x0021, 0x0021, 0x0021, 0x0021, 0x0021, 0x0021, 0x0021, 0x0021, 0x0021, 0x0021, 0x0021, 0x0020, 0x0020, 0x0020, 0x0020, 0x0020, 
	0x0020, 0x0000, 0x0000, 0x0000, 0x0861, 0x10a2, 0x0841, 0x0020, 0x2945, 0x39c7, 0x10c3, 0x0020, 0x0020, 0x0000, 0x0000, 0x0000, 
	0x0000, 0x0000, 0x0020, 0x0000, 0x0000, 0x2925, 0x39a7, 0x2104, 0x0020, 0x18e3, 0x1903, 0x0040, 0x0040, 0x0020, 0x0000, 0x0841, 
	0x0020, 0x0020, 0x0020, 0x0020, 0x0020, 0x0020, 0x0020, 0x0020, 0x0021, 0x0021, 0x0021, 0x0021, 0x0021, 0x0021, 0x0021, 0x0021, 
	0x0021, 0x0021, 0x0021, 0x0021, 0x0021, 0x0021, 0x0021, 0x0021, 0x0841, 0x0021, 0x0020, 0x0020, 0x0021, 0x0841, 0x0841, 0x0821, 
	0x0820, 0x0820, 0x0820, 0x0820, 0x0820, 0x0820, 0x0820, 0x0820, 0x0820, 0x0820, 0x0820, 0x0820, 0x0820, 0x0820, 0x0820, 0x0820, 
	0x0820, 0x0820, 0x0820, 0x0820, 0x0820, 0x0800, 0x0800, 0x0800, 0x0821, 0x0821, 0x0821, 0x0821, 0x1021, 0x1021, 0x1021, 0x1021, 
	0x1021, 0x1021, 0x1021, 0x1021, 0x1021, 0x1021, 0x1021, 0x1021, 0x0821, 0x0821, 0x0821, 0x0820, 0x0820, 0x0820, 0x0800, 0x0800, 
	0x0821, 0x0821, 0x0821, 0x0821, 0x0821, 0x0821, 0x0821, 0x0821, 0x0000, 0x0821, 0x0841, 0x0821, 0x0000, 0x0000, 0x0000, 0x0821, 
	0x0821, 0x0821, 0x0821, 0x0821, 0x0821, 0x0001, 0x0000, 0x0001, 0x0821, 0x0000, 0x0001, 0x1062, 0x0001, 0x0821, 0x1082, 0x0000, 
	0x1062, 0x0000, 0x0000, 0x0841, 0x0821, 0x0000, 0x1062, 0x0821, 0x0000, 0x0821, 0x0000, 0x0000, 0x0841, 0x0841, 0x0000, 0x0000, 
	0x0821, 0x0821, 0x0821, 0x0821, 0x0821, 0x0821, 0x0821, 0x0821, 0x0821, 0x0000, 0x0841, 0x0821, 0x0841, 0x1062, 0x0821, 0x0000, 
	0x0000, 0x0841, 0x0841, 0x0821, 0x0000, 0x0000, 0x0000, 0x0821, 0x0000, 0x0000, 0x0841, 0x0000, 0x0841, 0x0000, 0x0821, 0x0821, 
	0x0001, 0x1062, 0x0842, 0x0000, 0x1062, 0x1082, 0x0000, 0x0841, 0x0821, 0x0000, 0x0821, 0x0841, 0x0821, 0x0821, 0x0841, 0x0821, 
	0x0000, 0x0001, 0x0821, 0x0001, 0x0001, 0x0001, 0x0000, 0x0821, 0x0821, 0x0001, 0x0000, 0x0001, 0x0821, 0x0821, 0x0821, 0x0821, 
	0x0841, 0x0020, 0x0020, 0x0020, 0x0821, 0x1041, 0x0821, 0x0000, 0x0821, 0x0821, 0x0821, 0x0821, 0x0821, 0x0821, 0x0821, 0x0821, 
	0x0820, 0x0820, 0x0820, 0x0820, 0x0820, 0x0820, 0x0820, 0x0820, 0x0820, 0x0820, 0x0820, 0x0820, 0x0820, 0x0820, 0x0820, 0x0820, 
	0x1021, 0x1001, 0x1001, 0x1001, 0x1001, 0x1021, 0x1021, 0x1021, 0x0800, 0x0800, 0x0820, 0x0820, 0x0820, 0x0820, 0x0820, 0x0820, 
	0x0820, 0x0820, 0x0820, 0x0820, 0x0020, 0x0020, 0x0020, 0x0020, 0x0820, 0x0820, 0x0820, 0x0820, 0x0820, 0x0820, 0x0820, 0x0820, 
	0x0841, 0x0021, 0x0021, 0x0020, 0x0020, 0x0020, 0x0021, 0x0021, 0x0021, 0x0021, 0x0021, 0x0021, 0x0021, 0x0021, 0x0021, 0x0021, 
	0x0021, 0x0021, 0x0021, 0x0021, 0x0021, 0x0021, 0x0021, 0x0021, 0x0021, 0x0021, 0x0021, 0x0020, 0x0020, 0x0020, 0x0020, 0x0020, 
	0x0000, 0x0020, 0x0020, 0x0000, 0x0841, 0x18a3, 0x1061, 0x0841, 0x0020, 0x2965, 0x31c6, 0x0882, 0x0000, 0x0020, 0x0020, 0x0000, 
	0x0000, 0x0020, 0x0000, 0x0000, 0x2925, 0x41e8, 0x2945, 0x0841, 0x18c3, 0x1082, 0x10c2, 0x0861, 0x0000, 0x0020, 0x0020, 0x0000, 
	0x0020, 0x0020, 0x0020, 0x0020, 0x0020, 0x0020, 0x0020, 0x0020, 0x0021, 0x0021, 0x0021, 0x0021, 0x0021, 0x0021, 0x0021, 0x0021, 
	0x0021, 0x0021, 0x0021, 0x0021, 0x0021, 0x0021, 0x0021, 0x0021, 0x0841, 0x0021, 0x0020, 0x0020, 0x0021, 0x0841, 0x0841, 0x0821, 
	0x0820, 0x0820, 0x0820, 0x0820, 0x0820, 0x0820, 0x0820, 0x0820, 0x0820, 0x0820, 0x0820, 0x0820, 0x0820, 0x0820, 0x0020, 0x0820, 
	0x0820, 0x0820, 0x0820, 0x0820, 0x0800, 0x0800, 0x0800, 0x0800, 0x0821, 0x0821, 0x0821, 0x0821, 0x1021, 0x1021, 0x1021, 0x1021, 
	0x1021, 0x1021, 0x1021, 0x1021, 0x1021, 0x1021, 0x1021, 0x1021, 0x0821, 0x0821, 0x0820, 0x0820, 0x0820, 0x0800, 0x0800, 0x0800, 
	0x0821, 0x0821, 0x0821, 0x0821, 0x0821, 0x0821, 0x0821, 0x0821, 0x1041, 0x0821, 0x0000, 0x0021, 0x0021, 0x0841, 0x0821, 0x0841, 
	0x0841, 0x0000, 0x0000, 0x0821, 0x0000, 0x0021, 0x0821, 0x0821, 0x0821, 0x0021, 0x0821, 0x0000, 0x0000, 0x0000, 0x0000, 0x0841, 
	0x0821, 0x0000, 0x0821, 0x0000, 0x0821, 0x0000, 0x0000, 0x0841, 0x0021, 0x0841, 0x0841, 0x0021, 0x0841, 0x0000, 0x0000, 0x0841, 
	0x0821, 0x0821, 0x0821, 0x0821, 0x0021, 0x0021, 0x0021, 0x0821, 0x0841, 0x0000, 0x0821, 0x0000, 0x0000, 0x0000, 0x0000, 0x0021, 
	0x0000, 0x0821, 0x0000, 0x0000, 0x0841, 0x0841, 0x0000, 0x0821, 0x0021, 0x0021, 0x0841, 0x0021, 0x0841, 0x0000, 0x0021, 0x0841, 
	0x0021, 0x0000, 0x0821, 0x0841, 0x0000, 0x0000, 0x0841, 0x0000, 0x0821, 0x0000, 0x0021, 0x0000, 0x0841, 0x0821, 0x0000, 0x1062, 
	0x0841, 0x0821, 0x0821, 0x0841, 0x0841, 0x0821, 0x0821, 0x0821, 0x0021, 0x0021, 0x0000, 0x0021, 0x0821, 0x0821, 0x0821, 0x0821, 
	0x0000, 0x0800, 0x0821, 0x0821, 0x0821, 0x0000, 0x0800, 0x0821, 0x0821, 0x0821, 0x0821, 0x0821, 0x0821, 0x0821, 0x0801, 0x0821, 
	0x0820, 0x0820, 0x0820, 0x0820, 0x0820, 0x0820, 0x0820, 0x0820, 0x0820, 0x0820, 0x0820, 0x0820, 0x0820, 0x0820, 0x0820, 0x0820, 
	0x1021, 0x1001, 0x1001, 0x1001, 0x1001, 0x1001, 0x1021, 0x1021, 0x0800, 0x0800, 0x0800, 0x0820, 0x0820, 0x0820, 0x0820, 0x0820, 
	0x0820, 0x0020, 0x0820, 0x0020, 0x0020, 0x0020, 0x0020, 0x0020, 0x0820, 0x0820, 0x0820, 0x0820, 0x0820, 0x0820, 0x0820, 0x0820, 
	0x0841, 0x0041, 0x0021, 0x0020, 0x0020, 0x0020, 0x0020, 0x0021, 0x0021, 0x0021, 0x0021, 0x0021, 0x0021, 0x0021, 0x0021, 0x0021, 
	0x0021, 0x0021, 0x0021, 0x0021, 0x0021, 0x0021, 0x0021, 0x0021, 0x0021, 0x0021, 0x0021, 0x0020, 0x0020, 0x0020, 0x0020, 0x0020, 
	0x0041, 0x0000, 0x0000, 0x0000, 0x0841, 0x1082, 0x1061, 0x18a3, 0x0861, 0x0000, 0x2985, 0x2965, 0x0020, 0x0000, 0x0000, 0x0000, 
	0x0000, 0x0020, 0x0000, 0x1082, 0x39c7, 0x2925, 0x18a3, 0x1082, 0x10a2, 0x10a2, 0x18e3, 0x0040, 0x0020, 0x0020, 0x0000, 0x0000, 
	0x0020, 0x0020, 0x0020, 0x0020, 0x0020, 0x0020, 0x0020, 0x0020, 0x0021, 0x0021, 0x0021, 0x0021, 0x0021, 0x0021, 0x0021, 0x0021, 
	0x0021, 0x0021, 0x0021, 0x0021, 0x0021, 0x0021, 0x0021, 0x0021, 0x0021, 0x0021, 0x0021, 0x0021, 0x0021, 0x0021, 0x0021, 0x0020, 
	0x0820, 0x0820, 0x0820, 0x0820, 0x0820, 0x0020, 0x0020, 0x0020, 0x0820, 0x0020, 0x0000, 0x0000, 0x0020, 0x0820, 0x0020, 0x0841, 
	0x0841, 0x0841, 0x0841, 0x0841, 0x0821, 0x0821, 0x0821, 0x0821, 0x0841, 0x0821, 0x0821, 0x0821, 0x0821, 0x0821, 0x0821, 0x0821, 
	0x1021, 0x1021, 0x1021, 0x1021, 0x0821, 0x0841, 0x0841, 0x0841, 0x0821, 0x0821, 0x0821, 0x0821, 0x0821, 0x0821, 0x0821, 0x0821, 
	0x0821, 0x0821, 0x0821, 0x0821, 0x0821, 0x0021, 0x0021, 0x0021, 0x0041, 0x0041, 0x0041, 0x0041, 0x0041, 0x0041, 0x0041, 0x0041, 
	0x0021, 0x0021, 0x0021, 0x0021, 0x0021, 0x0021, 0x0021, 0x0021, 0x0021, 0x0021, 0x0021, 0x0021, 0x0021, 0x0021, 0x0021, 0x0021, 
	0x0021, 0x0021, 0x0021, 0x0021, 0x0021, 0x0021, 0x0021, 0x0021, 0x0021, 0x0021, 0x0021, 0x0021, 0x0021, 0x0021, 0x0021, 0x0021, 
	0x0021, 0x0021, 0x0021, 0x0021, 0x0021, 0x0021, 0x0021, 0x0021, 0x0041, 0x0041, 0x0041, 0x0041, 0x0041, 0x0041, 0x0041, 0x0041, 
	0x0021, 0x0021, 0x0021, 0x0021, 0x0021, 0x0021, 0x0021, 0x0021, 0x0021, 0x0021, 0x0021, 0x0021, 0x0021, 0x0021, 0x0021, 0x0021, 
	0x0021, 0x0021, 0x0021, 0x0021, 0x0021, 0x0021, 0x0021, 0x0021, 0x0021, 0x0021, 0x0021, 0x0021, 0x0021, 0x0021, 0x0021, 0x0021, 
	0x0021, 0x0021, 0x0021, 0x0021, 0x0021, 0x0021, 0x0021, 0x0021, 0x0021, 0x0021, 0x0021, 0x0021, 0x0021, 0x0021, 0x0021, 0x0021, 
	0x0021, 0x0021, 0x0021, 0x0021, 0x0021, 0x0021, 0x0821, 0x0821, 0x0821, 0x0821, 0x0821, 0x0821, 0x0821, 0x0821, 0x0821, 0x0821, 
	0x0821, 0x0821, 0x0821, 0x0821, 0x0821, 0x0821, 0x0821, 0x0821, 0x0821, 0x0821, 0x0821, 0x0821, 0x0821, 0x0821, 0x0821, 0x0821, 
	0x0821, 0x0821, 0x0821, 0x0821, 0x0821, 0x0821, 0x0821, 0x0821, 0x0821, 0x0821, 0x0821, 0x0821, 0x0821, 0x0821, 0x0821, 0x0821, 
	0x0841, 0x0841, 0x0821, 0x0820, 0x0820, 0x0820, 0x0020, 0x0020, 0x0020, 0x0020, 0x0020, 0x0820, 0x0820, 0x0820, 0x0820, 0x0820, 
	0x0020, 0x0021, 0x0021, 0x0021, 0x0021, 0x0021, 0x0021, 0x0021, 0x0021, 0x0021, 0x0021, 0x0021, 0x0021, 0x0021, 0x0021, 0x0021, 
	0x0021, 0x0021, 0x0021, 0x0021, 0x0021, 0x0021, 0x0021, 0x0021, 0x0021, 0x0021, 0x0021, 0x0020, 0x0020, 0x0020, 0x0020, 0x0020, 
	0x0020, 0x0000, 0x0020, 0x0000, 0x0841, 0x18a2, 0x1061, 0x1061, 0x1082, 0x0861, 0x0861, 0x1904, 0x18c3, 0x0000, 0x0000, 0x0000, 
	0x0000, 0x0020, 0x0000, 0x0841, 0x2966, 0x20e4, 0x18a3, 0x18a3, 0x18a2, 0x18a2, 0x18e3, 0x0020, 0x0000, 0x0000, 0x0021, 0x0021, 
	0x0020, 0x0020, 0x0020, 0x0020, 0x0020, 0x0020, 0x0020, 0x0020, 0x0021, 0x0021, 0x0021, 0x0021, 0x0021, 0x0021, 0x0021, 0x0021, 
	0x0021, 0x0021, 0x0021, 0x0021, 0x0021, 0x0021, 0x0021, 0x0021, 0x0021, 0x0021, 0x0021, 0x0021, 0x0021, 0x0021, 0x0021, 0x0020, 
	0x0820, 0x0820, 0x0820, 0x0820, 0x0820, 0x0020, 0x0020, 0x0020, 0x0020, 0x0020, 0x0020, 0x0020, 0x0020, 0x0020, 0x0020, 0x0020, 
	0x0020, 0x0020, 0x0020, 0x0020, 0x0020, 0x0020, 0x0020, 0x0020, 0x0020, 0x0020, 0x0020, 0x0020, 0x0820, 0x0820, 0x0820, 0x0820, 
	0x0800, 0x0800, 0x0800, 0x0800, 0x0000, 0x0000, 0x0000, 0x0000, 0x0020, 0x0020, 0x0020, 0x0020, 0x0020, 0x0020, 0x0020, 0x0020, 
	0x0000, 0x0000, 0x0000, 0x0000, 0x0020, 0x0020, 0x0020, 0x0020, 0x0020, 0x0020, 0x0020, 0x0020, 0x0020, 0x0020, 0x0020, 0x0020, 
	0x0020, 0x0020, 0x0020, 0x0020, 0x0020, 0x0020, 0x0020, 0x0020, 0x0020, 0x0020, 0x0020, 0x0020, 0x0020, 0x0020, 0x0020, 0x0020, 
	0x0020, 0x0020, 0x0020, 0x0020, 0x0020, 0x0020, 0x0020, 0x0020, 0x0020, 0x0020, 0x0020, 0x0020, 0x0020, 0x0020, 0x0020, 0x0020, 
	0x0020, 0x0020, 0x0020, 0x0020, 0x0020, 0x0020, 0x0020, 0x0020, 0x0020, 0x0020, 0x0020, 0x0020, 0x0020, 0x0020, 0x0020, 0x0020, 
	0x0020, 0x0020, 0x0020, 0x0020, 0x0020, 0x0020, 0x0020, 0x0020, 0x0020, 0x0020, 0x0020, 0x0020, 0x0020, 0x0020, 0x0020, 0x0020, 
	0x0000, 0x0000, 0x0000, 0x0000, 0x0000, 0x0000, 0x0000, 0x0000, 0x0020, 0x0020, 0x0020, 0x0020, 0x0020, 0x0020, 0x0020, 0x0020, 
	0x0020, 0x0020, 0x0020, 0x0020, 0x0020, 0x0020, 0x0020, 0x0020, 0x0020, 0x0020, 0x0020, 0x0020, 0x0020, 0x0020, 0x0020, 0x0020, 
	0x0020, 0x0020, 0x0020, 0x0020, 0x0020, 0x0020, 0x0020, 0x0020, 0x0020, 0x0020, 0x0000, 0x0000, 0x0000, 0x0000, 0x0000, 0x0000, 
	0x0020, 0x0020, 0x0020, 0x0020, 0x0020, 0x0020, 0x0020, 0x0020, 0x0020, 0x0020, 0x0020, 0x0020, 0x0020, 0x0020, 0x0020, 0x0020, 
	0x0820, 0x0800, 0x0800, 0x0800, 0x0800, 0x0800, 0x0020, 0x0020, 0x0020, 0x0020, 0x0020, 0x0020, 0x0020, 0x0020, 0x0020, 0x0020, 
	0x0020, 0x0820, 0x0820, 0x0820, 0x0820, 0x0020, 0x0020, 0x0020, 0x0020, 0x0020, 0x0020, 0x0820, 0x0820, 0x0820, 0x0820, 0x0020, 
	0x0020, 0x0021, 0x0021, 0x0021, 0x0021, 0x0021, 0x0021, 0x0021, 0x0021, 0x0021, 0x0021, 0x0021, 0x0021, 0x0021, 0x0021, 0x0021, 
	0x0021, 0x0021, 0x0021, 0x0021, 0x0021, 0x0021, 0x0021, 0x0021, 0x0021, 0x0021, 0x0021, 0x0020, 0x0020, 0x0020, 0x0020, 0x0020, 
	0x0020, 0x0000, 0x0020, 0x0000, 0x0820, 0x1882, 0x1062, 0x1062, 0x1082, 0x0861, 0x0861, 0x18e3, 0x10c3, 0x0000, 0x0000, 0x0000, 
	0x0000, 0x0020, 0x0000, 0x0041, 0x2125, 0x18c3, 0x18a3, 0x18a3, 0x18a2, 0x18a2, 0x18a2, 0x0000, 0x0000, 0x0000, 0x0021, 0x0021, 
	0x0021, 0x0020, 0x0020, 0x0020, 0x0020, 0x0020, 0x0020, 0x0020, 0x0021, 0x0021, 0x0021, 0x0021, 0x0021, 0x0021, 0x0021, 0x0021, 
	0x0021, 0x0021, 0x0021, 0x0021, 0x0021, 0x0021, 0x0021, 0x0021, 0x0021, 0x0021, 0x0021, 0x0021, 0x0021, 0x0021, 0x0021, 0x0020, 
	0x0020, 0x0820, 0x0820, 0x0820, 0x0020, 0x0020, 0x0020, 0x0020, 0x0020, 0x0020, 0x0020, 0x0820, 0x0020, 0x0020, 0x0000, 0x0020, 
	0x0040, 0x0040, 0x0040, 0x0040, 0x0040, 0x0040, 0x0040, 0x0040, 0x0841, 0x0841, 0x0841, 0x0841, 0x0841, 0x0841, 0x0841, 0x0841, 
	0x0820, 0x0820, 0x0820, 0x0820, 0x0820, 0x0820, 0x0820, 0x0840, 0x0840, 0x0840, 0x0840, 0x0840, 0x0840, 0x0840, 0x0040, 0x0840, 
	0x0821, 0x0821, 0x0821, 0x0821, 0x0821, 0x0821, 0x0821, 0x0821, 0x0821, 0x0821, 0x0821, 0x0841, 0x0841, 0x0841, 0x0041, 0x0841, 
	0x0821, 0x0821, 0x0821, 0x0821, 0x0821, 0x0821, 0x0821, 0x0821, 0x0821, 0x0821, 0x0821, 0x0821, 0x0821, 0x0821, 0x0821, 0x0821, 
	0x0821, 0x0821, 0x0821, 0x0821, 0x0821, 0x0821, 0x0821, 0x0821, 0x0821, 0x0821, 0x0821, 0x0821, 0x0821, 0x0821, 0x0821, 0x0821, 
	0x0821, 0x0821, 0x0821, 0x0821, 0x0821, 0x0821, 0x0821, 0x0821, 0x0821, 0x0821, 0x0821, 0x0821, 0x0821, 0x0821, 0x0821, 0x0821, 
	0x0821, 0x0821, 0x0821, 0x0821, 0x0821, 0x0821, 0x0821, 0x0821, 0x0821, 0x0821, 0x0821, 0x0821, 0x0821, 0x0821, 0x0821, 0x0821, 
	0x0821, 0x0821, 0x0821, 0x0821, 0x0821, 0x0821, 0x0821, 0x0821, 0x0821, 0x0821, 0x0821, 0x0821, 0x0821, 0x0821, 0x0821, 0x0821, 
	0x0821, 0x0821, 0x0821, 0x0821, 0x0821, 0x0821, 0x0821, 0x0821, 0x0821, 0x0821, 0x0821, 0x0821, 0x0821, 0x0821, 0x0821, 0x0841, 
	0x0041, 0x0041, 0x0041, 0x0041, 0x0041, 0x0041, 0x0041, 0x0041, 0x0041, 0x0041, 0x0841, 0x0821, 0x0821, 0x0821, 0x0821, 0x0841, 
	0x0840, 0x0840, 0x0840, 0x0840, 0x0840, 0x0840, 0x0840, 0x0840, 0x0840, 0x0840, 0x0840, 0x0840, 0x0840, 0x0840, 0x0840, 0x0840, 
	0x0820, 0x0820, 0x0820, 0x0820, 0x0820, 0x0820, 0x0840, 0x0840, 0x0840, 0x0840, 0x0840, 0x0040, 0x0040, 0x0040, 0x0040, 0x0840, 
	0x0020, 0x0820, 0x0820, 0x0820, 0x0820, 0x0020, 0x0020, 0x0820, 0x0020, 0x0020, 0x0020, 0x0020, 0x0820, 0x0820, 0x0820, 0x0020, 
	0x0020, 0x0021, 0x0021, 0x0021, 0x0021, 0x0021, 0x0021, 0x0021, 0x0021, 0x0021, 0x0021, 0x0021, 0x0021, 0x0021, 0x0021, 0x0021, 
	0x0021, 0x0021, 0x0021, 0x0021, 0x0021, 0x0021, 0x0021, 0x0021, 0x0021, 0x0021, 0x0021, 0x0020, 0x0020, 0x0020, 0x0020, 0x0020, 
	0x0040, 0x0020, 0x0020, 0x0000, 0x0800, 0x1862, 0x1862, 0x1882, 0x1062, 0x1062, 0x0861, 0x18c3, 0x10a2, 0x0000, 0x0000, 0x0000, 
	0x0000, 0x0000, 0x0000, 0x0861, 0x2125, 0x18c3, 0x10a3, 0x18a3, 0x18a2, 0x1882, 0x20a2, 0x0800, 0x0000, 0x0820, 0x0821, 0x0021, 
	0x0021, 0x0020, 0x0020, 0x0020, 0x0020, 0x0020, 0x0020, 0x0020, 0x0021, 0x0021, 0x0021, 0x0021, 0x0021, 0x0021, 0x0021, 0x0021, 
	0x0021, 0x0021, 0x0021, 0x0021, 0x0021, 0x0021, 0x0021, 0x0021, 0x0021, 0x0021, 0x0021, 0x0021, 0x0021, 0x0021, 0x0021, 0x0020, 
	0x0020, 0x0020, 0x0020, 0x0020, 0x0020, 0x0020, 0x0020, 0x0020, 0x0000, 0x0020, 0x0820, 0x0820, 0x0820, 0x0000, 0x0000, 0x0000, 
	0x0000, 0x0000, 0x0000, 0x0000, 0x0000, 0x0000, 0x0000, 0x0000, 0x0800, 0x0800, 0x0800, 0x0800, 0x0800, 0x0800, 0x0800, 0x0800, 
	0x0800, 0x0800, 0x0800, 0x0800, 0x0800, 0x0800, 0x0800, 0x0820, 0x0800, 0x0000, 0x0000, 0x0000, 0x0000, 0x0000, 0x0000, 0x0000, 
	0x0800, 0x0800, 0x0800, 0x0800, 0x0800, 0x0800, 0x0800, 0x0800, 0x0800, 0x0000, 0x0000, 0x0000, 0x0000, 0x0000, 0x0000, 0x0000, 
	0x0000, 0x0800, 0x0800, 0x0800, 0x0800, 0x0800, 0x0800, 0x0800, 0x0800, 0x0800, 0x0800, 0x0800, 0x0800, 0x0800, 0x0800, 0x0800, 
	0x0800, 0x0800, 0x0800, 0x0800, 0x0800, 0x0800, 0x0800, 0x0800, 0x0800, 0x0800, 0x0800, 0x0800, 0x0800, 0x0800, 0x0800, 0x0800, 
	0x0800, 0x0800, 0x0800, 0x0800, 0x0800, 0x0800, 0x0800, 0x0800, 0x0800, 0x0800, 0x0800, 0x0800, 0x0800, 0x0800, 0x0800, 0x0800, 
	0x0800, 0x0800, 0x0800, 0x0800, 0x0800, 0x0800, 0x0800, 0x0800, 0x0800, 0x0800, 0x0800, 0x0800, 0x0800, 0x0800, 0x0800, 0x0800, 
	0x0800, 0x0800, 0x0800, 0x0800, 0x0800, 0x0800, 0x0800, 0x0800, 0x0800, 0x0800, 0x0800, 0x0800, 0x0800, 0x0800, 0x0800, 0x0800, 
	0x0800, 0x0800, 0x0800, 0x0800, 0x0800, 0x0800, 0x0800, 0x0800, 0x0800, 0x0800, 0x0800, 0x0800, 0x0800, 0x0800, 0x0800, 0x0000, 
	0x0000, 0x0000, 0x0000, 0x0000, 0x0000, 0x0000, 0x0000, 0x0000, 0x0000, 0x0000, 0x0000, 0x0000, 0x0000, 0x0000, 0x0000, 0x0000, 
	0x0000, 0x0000, 0x0000, 0x0000, 0x0000, 0x0000, 0x0000, 0x0000, 0x0000, 0x0000, 0x0000, 0x0000, 0x0000, 0x0000, 0x0000, 0x0800, 
	0x0800, 0x0800, 0x0800, 0x0800, 0x0800, 0x0800, 0x0000, 0x0000, 0x0000, 0x0000, 0x0000, 0x0000, 0x0000, 0x0000, 0x0000, 0x0000, 
	0x0820, 0x0820, 0x0800, 0x0820, 0x0020, 0x0820, 0x0820, 0x0820, 0x0020, 0x0020, 0x0020, 0x0020, 0x0020, 0x0020, 0x0020, 0x0020, 
	0x0020, 0x0021, 0x0021, 0x0021, 0x0021, 0x0021, 0x0021, 0x0021, 0x0021, 0x0021, 0x0021, 0x0021, 0x0021, 0x0021, 0x0021, 0x0021, 
	0x0021, 0x0021, 0x0021, 0x0021, 0x0021, 0x0021, 0x0021, 0x0021, 0x0021, 0x0021, 0x0021, 0x0020, 0x0020, 0x0020, 0x0020, 0x0020, 
	0x0020, 0x0000, 0x0020, 0x0000, 0x0000, 0x1842, 0x1862, 0x1862, 0x1061, 0x1082, 0x0861, 0x10a2, 0x1082, 0x0000, 0x0000, 0x0000, 
	0x0000, 0x0000, 0x0000, 0x0882, 0x2145, 0x10c3, 0x18a3, 0x18a3, 0x1862, 0x2082, 0x28a2, 0x0800, 0x0800, 0x0800, 0x0821, 0x0001, 
	0x0021, 0x0020, 0x0020, 0x0020, 0x0020, 0x0020, 0x0020, 0x0020, 0x0021, 0x0021, 0x0021, 0x0021, 0x0021, 0x0021, 0x0021, 0x0021, 
	0x0021, 0x0021, 0x0021, 0x0021, 0x0021, 0x0021, 0x0021, 0x0021, 0x0021, 0x0021, 0x0021, 0x0021, 0x0021, 0x0021, 0x0021, 0x0020, 
	0x0020, 0x0020, 0x0020, 0x0020, 0x0020, 0x0020, 0x0020, 0x0820, 0x0000, 0x0820, 0x0820, 0x0820, 0x0800, 0x0800, 0x0800, 0x0800, 
	0x0800, 0x1000, 0x1000, 0x1000, 0x1000, 0x1000, 0x1000, 0x1000, 0x1000, 0x1000, 0x1000, 0x1000, 0x1000, 0x1000, 0x1000, 0x1000, 
	0x1800, 0x1800, 0x1800, 0x1800, 0x1800, 0x1800, 0x1800, 0x1820, 0x1000, 0x1000, 0x1000, 0x1000, 0x1000, 0x1000, 0x1000, 0x1000, 
	0x1000, 0x1000, 0x1000, 0x1000, 0x1000, 0x1020, 0x1020, 0x1020, 0x0800, 0x0800, 0x0820, 0x0820, 0x0820, 0x0820, 0x0820, 0x0820, 
	0x1020, 0x1020, 0x1020, 0x1020, 0x1020, 0x1020, 0x1020, 0x1020, 0x1020, 0x1020, 0x1020, 0x1020, 0x1020, 0x1020, 0x1020, 0x1020, 
	0x1020, 0x1020, 0x1020, 0x1020, 0x1020, 0x1020, 0x1020, 0x1020, 0x1020, 0x1020, 0x1020, 0x1020, 0x1020, 0x1020, 0x1020, 0x1020, 
	0x1020, 0x1020, 0x1020, 0x1020, 0x1020, 0x1020, 0x1020, 0x1020, 0x0800, 0x0800, 0x0800, 0x0800, 0x0800, 0x0800, 0x0800, 0x0800, 
	0x1020, 0x1020, 0x1020, 0x1020, 0x1020, 0x1020, 0x1020, 0x1020, 0x1020, 0x1020, 0x1020, 0x1020, 0x1020, 0x1020, 0x1020, 0x1020, 
	0x1020, 0x1020, 0x1020, 0x1020, 0x1020, 0x1020, 0x1020, 0x1020, 0x1020, 0x1020, 0x1020, 0x1020, 0x1020, 0x1020, 0x1020, 0x1020, 
	0x1020, 0x1020, 0x1020, 0x1020, 0x1020, 0x1020, 0x1020, 0x1020, 0x1020, 0x1020, 0x1020, 0x1020, 0x1020, 0x1020, 0x1020, 0x1020, 
	0x1020, 0x1020, 0x1020, 0x1020, 0x1020, 0x1020, 0x1000, 0x1000, 0x1000, 0x1000, 0x1000, 0x1000, 0x1000, 0x1000, 0x1000, 0x1000, 
	0x1000, 0x1000, 0x1000, 0x1000, 0x1000, 0x1000, 0x1000, 0x1000, 0x1000, 0x1000, 0x1000, 0x1000, 0x1000, 0x1000, 0x1000, 0x1000, 
	0x1000, 0x1000, 0x1000, 0x1000, 0x1000, 0x1000, 0x1000, 0x1000, 0x1000, 0x1000, 0x1000, 0x1000, 0x1000, 0x1000, 0x1000, 0x1000, 
	0x0820, 0x0820, 0x0820, 0x0800, 0x0820, 0x0820, 0x0820, 0x0821, 0x0820, 0x0020, 0x0020, 0x0020, 0x0020, 0x0020, 0x0020, 0x0020, 
	0x0020, 0x0021, 0x0021, 0x0021, 0x0021, 0x0021, 0x0021, 0x0021, 0x0021, 0x0021, 0x0021, 0x0021, 0x0021, 0x0021, 0x0021, 0x0021, 
	0x0021, 0x0021, 0x0021, 0x0021, 0x0021, 0x0021, 0x0021, 0x0021, 0x0021, 0x0021, 0x0021, 0x0020, 0x0020, 0x0020, 0x0020, 0x0020, 
	0x0020, 0x0000, 0x0841, 0x0000, 0x0800, 0x1862, 0x2082, 0x1841, 0x1061, 0x1062, 0x1061, 0x10a2, 0x1082, 0x0000, 0x0000, 0x0000, 
	0x0000, 0x0000, 0x0000, 0x0862, 0x1925, 0x10c4, 0x18c4, 0x20a3, 0x1841, 0x2882, 0x30c3, 0x1000, 0x0800, 0x0800, 0x0821, 0x0001, 
	0x0021, 0x0020, 0x0020, 0x0020, 0x0020, 0x0020, 0x0020, 0x0020, 0x0021, 0x0021, 0x0021, 0x0021, 0x0021, 0x0021, 0x0021, 0x0021, 
	0x0021, 0x0021, 0x0021, 0x0021, 0x0021, 0x0021, 0x0021, 0x0021, 0x0021, 0x0021, 0x0021, 0x0021, 0x0021, 0x0021, 0x0021, 0x0020, 
	0x0020, 0x0020, 0x0020, 0x0020, 0x0020, 0x0020, 0x0020, 0x0020, 0x0000, 0x0820, 0x0820, 0x0820, 0x0800, 0x0800, 0x0820, 0x1041, 
	0x1861, 0x1841, 0x1841, 0x1841, 0x1841, 0x1841, 0x1841, 0x1841, 0x1841, 0x2041, 0x2041, 0x2041, 0x2041, 0x2041, 0x2041, 0x2041, 
	0x2041, 0x2041, 0x2041, 0x2041, 0x2041, 0x2041, 0x2041, 0x2041, 0x2041, 0x1841, 0x1841, 0x1841, 0x1841, 0x1841, 0x1841, 0x1841, 
	0x1861, 0x1861, 0x1861, 0x1861, 0x1861, 0x1861, 0x1861, 0x1861, 0x1861, 0x1861, 0x1861, 0x1061, 0x1061, 0x1061, 0x1061, 0x1061, 
	0x1861, 0x1861, 0x1861, 0x1861, 0x1861, 0x1861, 0x1861, 0x1861, 0x1861, 0x1861, 0x1861, 0x1861, 0x1861, 0x1861, 0x1861, 0x1861, 
	0x1861, 0x1861, 0x1861, 0x1861, 0x1861, 0x1861, 0x1861, 0x1861, 0x1861, 0x1861, 0x1861, 0x1861, 0x1861, 0x1861, 0x1861, 0x1861, 
	0x1861, 0x1861, 0x1861, 0x1861, 0x1861, 0x1861, 0x1861, 0x1861, 0x1861, 0x1861, 0x1861, 0x1861, 0x1861, 0x1861, 0x1861, 0x1861, 
	0x1861, 0x1861, 0x1861, 0x1861, 0x1861, 0x1861, 0x1861, 0x1861, 0x1861, 0x1861, 0x1861, 0x1861, 0x1861, 0x1861, 0x1861, 0x1861, 
	0x1861, 0x1861, 0x1861, 0x1861, 0x1861, 0x1861, 0x1861, 0x1861, 0x1861, 0x1861, 0x1861, 0x1861, 0x1861, 0x1861, 0x1861, 0x1861, 
	0x1861, 0x1861, 0x1861, 0x1861, 0x1861, 0x1861, 0x1861, 0x1861, 0x1861, 0x1861, 0x1861, 0x1861, 0x1861, 0x1861, 0x1861, 0x1861, 
	0x1861, 0x1861, 0x1861, 0x1861, 0x1861, 0x1861, 0x1861, 0x1861, 0x1861, 0x1841, 0x1841, 0x1841, 0x1841, 0x1841, 0x1841, 0x1841, 
	0x1841, 0x1841, 0x1841, 0x1841, 0x1841, 0x1841, 0x1841, 0x1841, 0x1841, 0x1841, 0x1841, 0x1841, 0x1841, 0x1841, 0x1841, 0x1841, 
	0x1841, 0x1841, 0x1841, 0x1841, 0x1841, 0x1841, 0x1841, 0x1841, 0x1841, 0x1841, 0x1841, 0x1841, 0x1841, 0x1841, 0x1841, 0x1861, 
	0x1021, 0x0821, 0x0820, 0x0820, 0x0800, 0x0820, 0x0820, 0x0821, 0x0020, 0x0020, 0x0020, 0x0020, 0x0020, 0x0020, 0x0020, 0x0020, 
	0x0020, 0x0021, 0x0021, 0x0021, 0x0021, 0x0021, 0x0021, 0x0021, 0x0021, 0x0021, 0x0021, 0x0021, 0x0021, 0x0021, 0x0021, 0x0021, 
	0x0021, 0x0021, 0x0021, 0x0021, 0x0021, 0x0021, 0x0021, 0x0021, 0x0021, 0x0021, 0x0021, 0x0020, 0x0020, 0x0020, 0x0020, 0x0020, 
	0x0020, 0x0000, 0x0841, 0x0800, 0x0800, 0x2062, 0x2082, 0x1021, 0x1062, 0x1062, 0x1061, 0x18c3, 0x1082, 0x0000, 0x0000, 0x0000, 
	0x0020, 0x0000, 0x0000, 0x0061, 0x1925, 0x10c4, 0x18c4, 0x18a3, 0x1841, 0x2882, 0x38e3, 0x1800, 0x0800, 0x0800, 0x0821, 0x0001, 
	0x0021, 0x0020, 0x0020, 0x0020, 0x0020, 0x0020, 0x0020, 0x0020, 0x0021, 0x0021, 0x0021, 0x0021, 0x0021, 0x0021, 0x0021, 0x0021, 
	0x0021, 0x0021, 0x0021, 0x0021, 0x0021, 0x0021, 0x0021, 0x0021, 0x0021, 0x0021, 0x0021, 0x0021, 0x0021, 0x0021, 0x0021, 0x0020, 
	0x0020, 0x0020, 0x0020, 0x0020, 0x0020, 0x0020, 0x0020, 0x0020, 0x0020, 0x0820, 0x0821, 0x0820, 0x0800, 0x0800, 0x1021, 0x1061, 
	0x1020, 0x1020, 0x1020, 0x1020, 0x1020, 0x1020, 0x1020, 0x1020, 0x1020, 0x1020, 0x1020, 0x1020, 0x1020, 0x1020, 0x1020, 0x1020, 
	0x1020, 0x1020, 0x1020, 0x1020, 0x1020, 0x1020, 0x1020, 0x1020, 0x1020, 0x1020, 0x1020, 0x1020, 0x1020, 0x1020, 0x1020, 0x1020, 
	0x1020, 0x1021, 0x1021, 0x1021, 0x1021, 0x1021, 0x1021, 0x1021, 0x0820, 0x0820, 0x0820, 0x0820, 0x0820, 0x0820, 0x0820, 0x0820, 
	0x1040, 0x1040, 0x1040, 0x1040, 0x1040, 0x1040, 0x1040, 0x1040, 0x1040, 0x1040, 0x1040, 0x1040, 0x1040, 0x1040, 0x1040, 0x1040, 
	0x1040, 0x1040, 0x1040, 0x1040, 0x1040, 0x1040, 0x1040, 0x1040, 0x1040, 0x1040, 0x1040, 0x1040, 0x1040, 0x1040, 0x1040, 0x1040, 
	0x1040, 0x1040, 0x1040, 0x1040, 0x1040, 0x1040, 0x1040, 0x1040, 0x1020, 0x1020, 0x1020, 0x1020, 0x1020, 0x1020, 0x1020, 0x1020, 
	0x1040, 0x1040, 0x1040, 0x1040, 0x1040, 0x1040, 0x1040, 0x1040, 0x1040, 0x1040, 0x1040, 0x1040, 0x1040, 0x1040, 0x1040, 0x1040, 
	0x1040, 0x1040, 0x1040, 0x1040, 0x1040, 0x1040, 0x1040, 0x1040, 0x1040, 0x1040, 0x1040, 0x1040, 0x1040, 0x1040, 0x1040, 0x1040, 
	0x1040, 0x1040, 0x1040, 0x1040, 0x1040, 0x1040, 0x1040, 0x1040, 0x1040, 0x1040, 0x1040, 0x1040, 0x1040, 0x1040, 0x1040, 0x1040, 
	0x0840, 0x0841, 0x0841, 0x0841, 0x0841, 0x0841, 0x0841, 0x1021, 0x1021, 0x1021, 0x1021, 0x1021, 0x1021, 0x1021, 0x1021, 0x1020, 
	0x1020, 0x1020, 0x1020, 0x1020, 0x1020, 0x1020, 0x1020, 0x1020, 0x1020, 0x1020, 0x1020, 0x1020, 0x1020, 0x1020, 0x1020, 0x1020, 
	0x1020, 0x1020, 0x1020, 0x1020, 0x1020, 0x1020, 0x1020, 0x1020, 0x1020, 0x1020, 0x0820, 0x0820, 0x0820, 0x0820, 0x0820, 0x0820, 
	0x1041, 0x1041, 0x0821, 0x0820, 0x0820, 0x0820, 0x0820, 0x0821, 0x0020, 0x0020, 0x0020, 0x0020, 0x0020, 0x0020, 0x0020, 0x0020, 
	0x0020, 0x0021, 0x0021, 0x0021, 0x0021, 0x0021, 0x0021, 0x0021, 0x0021, 0x0021, 0x0021, 0x0021, 0x0021, 0x0021, 0x0021, 0x0021, 
	0x0021, 0x0021, 0x0021, 0x0021, 0x0021, 0x0021, 0x0021, 0x0021, 0x0021, 0x0021, 0x0021, 0x0020, 0x0020, 0x0020, 0x0020, 0x0020, 
	0x0040, 0x0000, 0x0841, 0x0800, 0x0800, 0x2083, 0x2083, 0x1021, 0x1862, 0x1061, 0x1061, 0x18e3, 0x18a3, 0x0000, 0x0000, 0x0000, 
	0x0000, 0x0000, 0x0000, 0x0882, 0x1925, 0x10c3, 0x18c3, 0x1882, 0x2041, 0x3082, 0x40e3, 0x1800, 0x0800, 0x0800, 0x0821, 0x0021, 
	0x0021, 0x0020, 0x0020, 0x0020, 0x0020, 0x0020, 0x0020, 0x0020, 0x0021, 0x0021, 0x0021, 0x0021, 0x0021, 0x0021, 0x0021, 0x0021, 
	0x0021, 0x0021, 0x0021, 0x0021, 0x0021, 0x0021, 0x0021, 0x0021, 0x0021, 0x0021, 0x0021, 0x0021, 0x0021, 0x0021, 0x0021, 0x0020, 
	0x0020, 0x0020, 0x0020, 0x0020, 0x0020, 0x0020, 0x0020, 0x0020, 0x0020, 0x0820, 0x0821, 0x0800, 0x0000, 0x0800, 0x1041, 0x1882, 
	0x0820, 0x0820, 0x0820, 0x0820, 0x0820, 0x0820, 0x0820, 0x0820, 0x1000, 0x1000, 0x0820, 0x0820, 0x1020, 0x1020, 0x1020, 0x1020, 
	0x1020, 0x1820, 0x1800, 0x1820, 0x1040, 0x0840, 0x1020, 0x1020, 0x1000, 0x0820, 0x0820, 0x0820, 0x0820, 0x0820, 0x0820, 0x0820, 
	0x0820, 0x0820, 0x0820, 0x0820, 0x0820, 0x0820, 0x0820, 0x0820, 0x0820, 0x0820, 0x0820, 0x0820, 0x0820, 0x0820, 0x0820, 0x0820, 
	0x0820, 0x0820, 0x1020, 0x1020, 0x0820, 0x0820, 0x0820, 0x0820, 0x0820, 0x0820, 0x0840, 0x0820, 0x0820, 0x0820, 0x0820, 0x0820, 
	0x0820, 0x0820, 0x0820, 0x0820, 0x0820, 0x0820, 0x0820, 0x0820, 0x0820, 0x0820, 0x0840, 0x0820, 0x1020, 0x1020, 0x0820, 0x0820, 
	0x0820, 0x0820, 0x0820, 0x0820, 0x0820, 0x0820, 0x0820, 0x0820, 0x0820, 0x0820, 0x0820, 0x0820, 0x0820, 0x0820, 0x0820, 0x0820, 
	0x0820, 0x0820, 0x0820, 0x0820, 0x0820, 0x0820, 0x0820, 0x0820, 0x0820, 0x0820, 0x0820, 0x0820, 0x0820, 0x0820, 0x0820, 0x0820, 
	0x0820, 0x0820, 0x0820, 0x0820, 0x0820, 0x0820, 0x0820, 0x0820, 0x0820, 0x0820, 0x0820, 0x0820, 0x1020, 0x1020, 0x0820, 0x0820, 
	0x0820, 0x0820, 0x0820, 0x0820, 0x0820, 0x0820, 0x0820, 0x0820, 0x0820, 0x1020, 0x0820, 0x0820, 0x0820, 0x0820, 0x0820, 0x0840, 
	0x0840, 0x0841, 0x0821, 0x0821, 0x0840, 0x0040, 0x0840, 0x0840, 0x0840, 0x0820, 0x0820, 0x0820, 0x0820, 0x0820, 0x0820, 0x0820, 
	0x0820, 0x0820, 0x0820, 0x0820, 0x0820, 0x0820, 0x0820, 0x0820, 0x0820, 0x0820, 0x0820, 0x0820, 0x0820, 0x0820, 0x0820, 0x0820, 
	0x0820, 0x0820, 0x0820, 0x0820, 0x0820, 0x0820, 0x0820, 0x0820, 0x0820, 0x0820, 0x0820, 0x0820, 0x0820, 0x0820, 0x0820, 0x0820, 
	0x1061, 0x1041, 0x1021, 0x0820, 0x0820, 0x0820, 0x0820, 0x0821, 0x0020, 0x0020, 0x0020, 0x0020, 0x0020, 0x0020, 0x0020, 0x0020, 
	0x0020, 0x0021, 0x0021, 0x0021, 0x0021, 0x0021, 0x0021, 0x0021, 0x0021, 0x0021, 0x0021, 0x0021, 0x0021, 0x0021, 0x0021, 0x0021, 
	0x0021, 0x0021, 0x0021, 0x0021, 0x0021, 0x0021, 0x0021, 0x0021, 0x0021, 0x0021, 0x0021, 0x0020, 0x0020, 0x0020, 0x0020, 0x0020, 
	0x0041, 0x0000, 0x0841, 0x0800, 0x0800, 0x2083, 0x28a3, 0x1821, 0x1862, 0x1061, 0x1061, 0x20e4, 0x18c3, 0x0000, 0x0000, 0x0000, 
	0x0000, 0x0000, 0x0000, 0x0040, 0x1924, 0x10e3, 0x10a2, 0x1882, 0x2861, 0x40a2, 0x48e4, 0x2000, 0x0800, 0x0000, 0x0041, 0x0020, 
	0x0020, 0x0020, 0x0020, 0x0020, 0x0020, 0x0020, 0x0020, 0x0020, 0x0020, 0x0020, 0x0020, 0x0020, 0x0020, 0x0020, 0x0020, 0x0020, 
	0x0021, 0x0021, 0x0021, 0x0021, 0x0021, 0x0021, 0x0021, 0x0021, 0x0021, 0x0021, 0x0021, 0x0021, 0x0021, 0x0021, 0x0021, 0x0020, 
	0x0020, 0x0020, 0x0020, 0x0020, 0x0020, 0x0021, 0x0021, 0x0821, 0x0821, 0x0000, 0x0020, 0x0020, 0x0000, 0x0820, 0x1041, 0x1020, 
	0x0821, 0x0841, 0x0820, 0x0840, 0x0840, 0x0840, 0x0840, 0x1020, 0x1800, 0x1800, 0x0841, 0x0860, 0x1040, 0x1000, 0x1040, 0x1880, 
	0x1000, 0x2000, 0x1800, 0x1800, 0x1081, 0x0860, 0x1041, 0x1841, 0x1020, 0x1020, 0x0840, 0x0840, 0x1040, 0x1021, 0x0841, 0x0841, 
	0x0841, 0x0841, 0x0841, 0x0820, 0x1020, 0x0820, 0x0840, 0x0840, 0x1020, 0x1020, 0x0840, 0x0841, 0x0841, 0x0841, 0x0841, 0x0841, 
	0x0840, 0x1020, 0x1800, 0x1800, 0x0820, 0x0840, 0x1020, 0x1020, 0x1020, 0x0820, 0x0040, 0x0020, 0x1020, 0x1021, 0x0821, 0x0841, 
	0x0020, 0x0841, 0x0820, 0x0800, 0x0861, 0x0041, 0x0800, 0x1021, 0x0820, 0x0840, 0x0061, 0x0841, 0x1021, 0x1020, 0x0840, 0x0040, 
	0x0821, 0x0821, 0x0821, 0x0821, 0x1021, 0x1021, 0x0821, 0x0821, 0x0820, 0x0820, 0x0820, 0x0820, 0x0840, 0x0840, 0x0820, 0x1020, 
	0x0820, 0x0820, 0x0840, 0x0840, 0x0840, 0x0840, 0x0820, 0x1020, 0x1020, 0x1020, 0x0821, 0x0821, 0x0841, 0x0841, 0x0821, 0x0821, 
	0x1020, 0x1020, 0x0840, 0x0840, 0x0840, 0x0840, 0x0820, 0x0820, 0x0840, 0x0840, 0x0840, 0x1020, 0x1801, 0x1801, 0x1020, 0x0840, 
	0x0040, 0x0840, 0x0820, 0x1020, 0x1020, 0x0820, 0x0820, 0x0820, 0x1020, 0x1020, 0x1020, 0x1020, 0x0840, 0x0840, 0x0840, 0x0040, 
	0x0041, 0x0041, 0x0821, 0x0821, 0x0060, 0x0060, 0x0060, 0x0060, 0x0860, 0x1040, 0x0820, 0x0800, 0x0840, 0x0840, 0x0821, 0x1041, 
	0x1040, 0x0840, 0x0841, 0x0841, 0x0020, 0x0820, 0x1040, 0x1020, 0x1020, 0x0820, 0x0821, 0x0821, 0x0041, 0x0821, 0x0820, 0x0820, 
	0x1061, 0x0840, 0x1040, 0x0820, 0x0820, 0x0841, 0x0820, 0x0841, 0x1020, 0x1020, 0x1020, 0x0820, 0x0840, 0x0840, 0x0820, 0x1020, 
	0x1000, 0x1861, 0x1861, 0x0000, 0x0820, 0x0000, 0x0021, 0x0020, 0x0021, 0x0021, 0x0021, 0x0020, 0x0020, 0x0020, 0x0040, 0x0040, 
	0x0020, 0x0021, 0x0021, 0x0021, 0x0021, 0x0021, 0x0021, 0x0021, 0x0021, 0x0021, 0x0021, 0x0021, 0x0021, 0x0021, 0x0021, 0x0021, 
	0x0020, 0x0020, 0x0020, 0x0020, 0x0020, 0x0020, 0x0020, 0x0020, 0x0020, 0x0020, 0x0020, 0x0020, 0x0020, 0x0020, 0x0020, 0x0020, 
	0x0041, 0x0000, 0x0000, 0x0820, 0x1000, 0x28a2, 0x30a2, 0x2040, 0x1061, 0x1082, 0x1061, 0x18c3, 0x18a3, 0x0000, 0x0000, 0x0000, 
	0x0000, 0x0000, 0x0000, 0x0040, 0x1924, 0x10e3, 0x0882, 0x1882, 0x2841, 0x48c3, 0x5904, 0x2800, 0x0800, 0x0021, 0x0861, 0x0020, 
	0x0020, 0x0020, 0x0020, 0x0020, 0x0020, 0x0020, 0x0020, 0x0020, 0x0020, 0x0020, 0x0020, 0x0020, 0x0020, 0x0020, 0x0020, 0x0020, 
	0x0021, 0x0021, 0x0021, 0x0021, 0x0021, 0x0021, 0x0021, 0x0021, 0x0021, 0x0021, 0x0021, 0x0021, 0x0021, 0x0021, 0x0021, 0x0020, 
	0x0020, 0x0020, 0x0020, 0x0021, 0x0021, 0x0021, 0x0821, 0x0821, 0x0821, 0x0020, 0x0020, 0x0020, 0x0000, 0x0820, 0x1841, 0x1020, 
	0x0821, 0x0821, 0x0820, 0x0820, 0x0840, 0x0840, 0x1020, 0x1001, 0x2021, 0x2042, 0x0820, 0x0881, 0x0800, 0x1040, 0x1000, 0x1000, 
	0x61a5, 0x9aeb, 0x9acb, 0x4082, 0x0800, 0x1060, 0x1861, 0x1020, 0x1021, 0x1020, 0x0840, 0x0840, 0x0840, 0x1041, 0x0841, 0x0841, 
	0x0841, 0x0841, 0x0841, 0x0840, 0x1020, 0x0820, 0x0840, 0x0840, 0x1020, 0x1020, 0x0840, 0x0840, 0x0841, 0x0841, 0x0841, 0x0841, 
	0x0820, 0x1020, 0x1800, 0x1000, 0x0820, 0x0840, 0x0820, 0x0820, 0x0820, 0x0840, 0x0860, 0x0840, 0x1020, 0x1000, 0x0820, 0x0820, 
	0x0821, 0x1041, 0x0821, 0x0820, 0x0041, 0x0020, 0x0820, 0x1861, 0x0820, 0x0820, 0x0041, 0x0841, 0x1021, 0x1000, 0x0820, 0x0840, 
	0x0841, 0x0841, 0x0841, 0x0841, 0x1021, 0x1021, 0x0821, 0x0821, 0x0820, 0x0820, 0x0820, 0x0820, 0x0840, 0x0840, 0x0820, 0x1021, 
	0x0821, 0x0821, 0x0841, 0x0840, 0x0840, 0x0840, 0x0820, 0x1020, 0x1020, 0x1020, 0x1021, 0x0821, 0x0821, 0x0821, 0x0821, 0x0821, 
	0x0821, 0x0820, 0x0840, 0x0840, 0x0040, 0x0840, 0x0821, 0x0821, 0x0840, 0x0840, 0x0840, 0x0821, 0x1001, 0x1801, 0x1021, 0x0840, 
	0x0841, 0x0821, 0x1021, 0x1001, 0x1020, 0x0820, 0x0820, 0x0820, 0x1020, 0x1020, 0x1020, 0x1020, 0x0840, 0x0840, 0x0840, 0x0040, 
	0x0041, 0x0821, 0x0821, 0x0821, 0x0040, 0x0060, 0x0860, 0x0840, 0x0820, 0x0840, 0x1061, 0x1041, 0x0800, 0x0800, 0x0820, 0x0820, 
	0x0820, 0x0820, 0x0000, 0x0821, 0x0841, 0x0820, 0x0800, 0x1040, 0x0820, 0x0820, 0x0821, 0x0821, 0x0021, 0x0821, 0x0820, 0x0820, 
	0x0840, 0x0820, 0x1040, 0x0820, 0x0800, 0x0820, 0x0000, 0x0820, 0x1021, 0x1021, 0x0820, 0x0840, 0x0840, 0x0840, 0x0840, 0x1020, 
	0x1000, 0x1861, 0x1861, 0x0000, 0x0820, 0x0000, 0x0021, 0x0020, 0x0021, 0x0021, 0x0021, 0x0021, 0x0021, 0x0020, 0x0040, 0x0040, 
	0x0020, 0x0021, 0x0021, 0x0021, 0x0021, 0x0021, 0x0021, 0x0021, 0x0021, 0x0021, 0x0021, 0x0021, 0x0021, 0x0021, 0x0021, 0x0021, 
	0x0020, 0x0020, 0x0020, 0x0020, 0x0020, 0x0020, 0x0020, 0x0020, 0x0020, 0x0020, 0x0020, 0x0020, 0x0020, 0x0020, 0x0020, 0x0020, 
	0x0021, 0x0020, 0x0000, 0x0800, 0x0800, 0x30c3, 0x38c2, 0x2040, 0x1061, 0x1082, 0x1081, 0x18e3, 0x18c3, 0x0000, 0x0000, 0x0000, 
	0x0000, 0x0000, 0x0000, 0x0040, 0x1924, 0x10e3, 0x08a2, 0x1882, 0x2841, 0x50e3, 0x5904, 0x2000, 0x0800, 0x0841, 0x0861, 0x0000, 
	0x0020, 0x0020, 0x0020, 0x0020, 0x0020, 0x0020, 0x0020, 0x0020, 0x0020, 0x0020, 0x0020, 0x0020, 0x0020, 0x0020, 0x0020, 0x0020, 
	0x0021, 0x0021, 0x0021, 0x0021, 0x0021, 0x0021, 0x0021, 0x0021, 0x0021, 0x0021, 0x0021, 0x0021, 0x0021, 0x0021, 0x0021, 0x0020, 
	0x0020, 0x0020, 0x0020, 0x0021, 0x0021, 0x0021, 0x0821, 0x0821, 0x0821, 0x0020, 0x0020, 0x0020, 0x0000, 0x0820, 0x1841, 0x1020, 
	0x0820, 0x0821, 0x0820, 0x0820, 0x0820, 0x1020, 0x1000, 0x1000, 0x1021, 0x1861, 0x0800, 0x1040, 0x0840, 0x1860, 0x2000, 0x5904, 
	0xc3af, 0x9a29, 0xb28b, 0xaa8b, 0x4862, 0x1800, 0x28a2, 0x0800, 0x0821, 0x1020, 0x1020, 0x1020, 0x0840, 0x0840, 0x1021, 0x1021, 
	0x0821, 0x0841, 0x0841, 0x0840, 0x1020, 0x1020, 0x0840, 0x0840, 0x1020, 0x1020, 0x1020, 0x0820, 0x0820, 0x0820, 0x1021, 0x1021, 
	0x1020, 0x1020, 0x0840, 0x0840, 0x1020, 0x0820, 0x0840, 0x0040, 0x0020, 0x0861, 0x1061, 0x1040, 0x0820, 0x0840, 0x0841, 0x1021, 
	0x1801, 0x1001, 0x0820, 0x0040, 0x0840, 0x0000, 0x0000, 0x0820, 0x0820, 0x0820, 0x1020, 0x1020, 0x1020, 0x1020, 0x1020, 0x0820, 
	0x0840, 0x0041, 0x0041, 0x0841, 0x0841, 0x0821, 0x0821, 0x0821, 0x0840, 0x0840, 0x0821, 0x0821, 0x0841, 0x0041, 0x0841, 0x0821, 
	0x0821, 0x0821, 0x0820, 0x0840, 0x0840, 0x0840, 0x0820, 0x0820, 0x0840, 0x0821, 0x0821, 0x1021, 0x1021, 0x1021, 0x0821, 0x0821, 
	0x0821, 0x0821, 0x0820, 0x0840, 0x0841, 0x0841, 0x0821, 0x0821, 0x0840, 0x0840, 0x0840, 0x0841, 0x1021, 0x1021, 0x0821, 0x0821, 
	0x0821, 0x0821, 0x1001, 0x1001, 0x1001, 0x0821, 0x0821, 0x0820, 0x0821, 0x0821, 0x1021, 0x1020, 0x1020, 0x1020, 0x0820, 0x0820, 
	0x1000, 0x1001, 0x0821, 0x0841, 0x0840, 0x0840, 0x1020, 0x1020, 0x1041, 0x0820, 0x0841, 0x1041, 0x1000, 0x1020, 0x1061, 0x0841, 
	0x0840, 0x1041, 0x1021, 0x1021, 0x1842, 0x1021, 0x0800, 0x1061, 0x0840, 0x0820, 0x0821, 0x0821, 0x0821, 0x0821, 0x0820, 0x0820, 
	0x0840, 0x0840, 0x1061, 0x1061, 0x1040, 0x1041, 0x0820, 0x0821, 0x1021, 0x0821, 0x0841, 0x0840, 0x0040, 0x0040, 0x0840, 0x0820, 
	0x1000, 0x1861, 0x1861, 0x0000, 0x0820, 0x0000, 0x0021, 0x0020, 0x0021, 0x0021, 0x0021, 0x0021, 0x0021, 0x0020, 0x0040, 0x0040, 
	0x0020, 0x0021, 0x0021, 0x0021, 0x0021, 0x0021, 0x0021, 0x0021, 0x0021, 0x0021, 0x0021, 0x0021, 0x0021, 0x0021, 0x0021, 0x0021, 
	0x0020, 0x0020, 0x0020, 0x0020, 0x0020, 0x0020, 0x0020, 0x0020, 0x0020, 0x0020, 0x0020, 0x0020, 0x0020, 0x0020, 0x0020, 0x0020, 
	0x0020, 0x0020, 0x0820, 0x0800, 0x0800, 0x30c3, 0x40e2, 0x2840, 0x1061, 0x0861, 0x0861, 0x18e3, 0x18c3, 0x0000, 0x0000, 0x0000, 
	0x0000, 0x0000, 0x0000, 0x0040, 0x1924, 0x10c3, 0x08a2, 0x18a2, 0x3041, 0x50e3, 0x6124, 0x2000, 0x0800, 0x0021, 0x0041, 0x0000, 
	0x0020, 0x0020, 0x0020, 0x0020, 0x0020, 0x0020, 0x0020, 0x0020, 0x0020, 0x0020, 0x0020, 0x0020, 0x0020, 0x0020, 0x0020, 0x0020, 
	0x0021, 0x0021, 0x0021, 0x0021, 0x0021, 0x0021, 0x0021, 0x0021, 0x0021, 0x0021, 0x0021, 0x0021, 0x0021, 0x0021, 0x0021, 0x0020, 
	0x0020, 0x0020, 0x0020, 0x0021, 0x0021, 0x0021, 0x0821, 0x0821, 0x0821, 0x0020, 0x0020, 0x0020, 0x0000, 0x0820, 0x1841, 0x1020, 
	0x0820, 0x0820, 0x0821, 0x0821, 0x0820, 0x1020, 0x1800, 0x1000, 0x0820, 0x0840, 0x1021, 0x0800, 0x18a1, 0x1000, 0x4000, 0xc38f, 
	0xa2ab, 0x3800, 0x4800, 0xc32d, 0x9a09, 0x2800, 0x2020, 0x1041, 0x0821, 0x1021, 0x1020, 0x1020, 0x0840, 0x0840, 0x1021, 0x1021, 
	0x1021, 0x0821, 0x0841, 0x0840, 0x1020, 0x1020, 0x0840, 0x0840, 0x1020, 0x1020, 0x1020, 0x1020, 0x0820, 0x0820, 0x1020, 0x1020, 
	0x1020, 0x1020, 0x0040, 0x0040, 0x0820, 0x1020, 0x0840, 0x0060, 0x0040, 0x0840, 0x1020, 0x0800, 0x0020, 0x0840, 0x1061, 0x1021, 
	0x1000, 0x1000, 0x0020, 0x0040, 0x0840, 0x0820, 0x0820, 0x0820, 0x0820, 0x0820, 0x1020, 0x1020, 0x0840, 0x0840, 0x1020, 0x0820, 
	0x0840, 0x0040, 0x0840, 0x0840, 0x0840, 0x0840, 0x1020, 0x1020, 0x0840, 0x0841, 0x0821, 0x0821, 0x0841, 0x0042, 0x0842, 0x0821, 
	0x1021, 0x1020, 0x0820, 0x0820, 0x0820, 0x0820, 0x0820, 0x0820, 0x0840, 0x0841, 0x0821, 0x1021, 0x1001, 0x1001, 0x1021, 0x0821, 
	0x0821, 0x0821, 0x0821, 0x0821, 0x0821, 0x0821, 0x0821, 0x0821, 0x0821, 0x0841, 0x0841, 0x0841, 0x0821, 0x0821, 0x0821, 0x0821, 
	0x0821, 0x0821, 0x0821, 0x0821, 0x0821, 0x0821, 0x0821, 0x0821, 0x0841, 0x0841, 0x0821, 0x1021, 0x1021, 0x1021, 0x0821, 0x1020, 
	0x1000, 0x1000, 0x0821, 0x0041, 0x0820, 0x1020, 0x1000, 0x1000, 0x0820, 0x0000, 0x0800, 0x0800, 0x1000, 0x1000, 0x0840, 0x0040, 
	0x0000, 0x0841, 0x1041, 0x0800, 0x0800, 0x1001, 0x0821, 0x0821, 0x0821, 0x0841, 0x0821, 0x0821, 0x0821, 0x0821, 0x0820, 0x0820, 
	0x0840, 0x0820, 0x0820, 0x0820, 0x0840, 0x0841, 0x1021, 0x1041, 0x0821, 0x0821, 0x0841, 0x0841, 0x0840, 0x0840, 0x0840, 0x1020, 
	0x1000, 0x1861, 0x1861, 0x0000, 0x0820, 0x0000, 0x0021, 0x0020, 0x0021, 0x0021, 0x0021, 0x0021, 0x0021, 0x0020, 0x0040, 0x0040, 
	0x0020, 0x0021, 0x0021, 0x0021, 0x0021, 0x0021, 0x0021, 0x0021, 0x0021, 0x0021, 0x0021, 0x0021, 0x0021, 0x0021, 0x0021, 0x0021, 
	0x0020, 0x0020, 0x0020, 0x0020, 0x0020, 0x0020, 0x0020, 0x0020, 0x0020, 0x0020, 0x0020, 0x0020, 0x0020, 0x0020, 0x0020, 0x0020, 
	0x0000, 0x0020, 0x0000, 0x0800, 0x1000, 0x38c3, 0x48e2, 0x3060, 0x1861, 0x0841, 0x0861, 0x2104, 0x18c3, 0x0021, 0x0000, 0x0000, 
	0x0000, 0x0000, 0x0000, 0x0040, 0x1904, 0x10c3, 0x08a2, 0x2082, 0x3841, 0x58e3, 0x6104, 0x2800, 0x0800, 0x0000, 0x0020, 0x0020, 
	0x0020, 0x0020, 0x0020, 0x0020, 0x0020, 0x0020, 0x0020, 0x0020, 0x0020, 0x0020, 0x0020, 0x0020, 0x0020, 0x0020, 0x0020, 0x0020, 
	0x0021, 0x0021, 0x0021, 0x0021, 0x0021, 0x0021, 0x0021, 0x0021, 0x0021, 0x0021, 0x0021, 0x0021, 0x0021, 0x0021, 0x0021, 0x0020, 
	0x0020, 0x0020, 0x0020, 0x0021, 0x0021, 0x0021, 0x0821, 0x0821, 0x0821, 0x0020, 0x0020, 0x0020, 0x0000, 0x0820, 0x1841, 0x1020, 
	0x0820, 0x0840, 0x0821, 0x0821, 0x1021, 0x1021, 0x1800, 0x1020, 0x0860, 0x0040, 0x1862, 0x1000, 0x1840, 0x1800, 0x89c7, 0xcbaf, 
	0x4020, 0x2000, 0x2000, 0x7145, 0xbacc, 0x68a4, 0x1800, 0x1861, 0x1021, 0x1020, 0x1820, 0x1020, 0x0840, 0x0860, 0x0840, 0x1021, 
	0x1021, 0x0821, 0x0041, 0x0840, 0x1020, 0x1020, 0x0840, 0x0060, 0x0840, 0x0820, 0x0820, 0x0840, 0x0840, 0x0840, 0x0820, 0x1020, 
	0x0820, 0x0840, 0x0040, 0x0040, 0x0820, 0x0820, 0x0840, 0x0840, 0x0840, 0x0840, 0x0820, 0x0800, 0x0020, 0x0860, 0x0840, 0x0820, 
	0x1021, 0x1041, 0x0841, 0x0841, 0x0020, 0x0840, 0x1041, 0x1040, 0x1020, 0x0820, 0x0820, 0x0820, 0x0040, 0x0041, 0x0821, 0x0821, 
	0x0821, 0x0820, 0x1020, 0x1020, 0x0840, 0x0840, 0x1020, 0x1020, 0x0820, 0x0820, 0x1021, 0x0821, 0x0841, 0x0841, 0x0042, 0x0821, 
	0x1021, 0x1020, 0x0820, 0x0820, 0x1020, 0x1020, 0x0821, 0x0841, 0x0841, 0x0841, 0x0841, 0x0821, 0x1021, 0x1021, 0x0821, 0x0821, 
	0x0821, 0x0821, 0x0821, 0x0821, 0x0821, 0x0821, 0x0821, 0x0821, 0x0821, 0x0821, 0x0821, 0x0821, 0x0841, 0x0841, 0x0841, 0x0841, 
	0x0840, 0x0840, 0x0040, 0x0840, 0x0820, 0x0820, 0x0820, 0x0840, 0x0041, 0x0041, 0x0841, 0x0821, 0x1021, 0x1021, 0x0821, 0x0840, 
	0x0820, 0x0820, 0x0840, 0x0840, 0x0820, 0x0820, 0x0820, 0x0040, 0x0020, 0x0861, 0x1061, 0x1020, 0x1820, 0x1000, 0x0000, 0x0840, 
	0x0841, 0x0821, 0x1041, 0x1021, 0x0800, 0x0821, 0x1022, 0x0801, 0x0821, 0x0821, 0x0041, 0x0041, 0x0840, 0x0820, 0x0820, 0x0820, 
	0x1040, 0x1060, 0x0840, 0x0840, 0x0040, 0x0020, 0x0821, 0x1021, 0x1021, 0x0821, 0x0821, 0x0821, 0x0821, 0x1020, 0x1020, 0x1020, 
	0x1000, 0x1861, 0x1861, 0x0000, 0x0820, 0x0000, 0x0021, 0x0020, 0x0021, 0x0021, 0x0021, 0x0021, 0x0021, 0x0020, 0x0040, 0x0040, 
	0x0020, 0x0021, 0x0021, 0x0021, 0x0021, 0x0021, 0x0021, 0x0021, 0x0021, 0x0021, 0x0021, 0x0021, 0x0021, 0x0021, 0x0021, 0x0021, 
	0x0020, 0x0020, 0x0020, 0x0020, 0x0020, 0x0020, 0x0020, 0x0020, 0x0020, 0x0020, 0x0020, 0x0020, 0x0020, 0x0020, 0x0020, 0x0020, 
	0x0000, 0x0000, 0x0000, 0x0800, 0x1000, 0x38a2, 0x50c2, 0x4081, 0x2061, 0x0841, 0x0861, 0x1904, 0x10c3, 0x0020, 0x0020, 0x0000, 
	0x0000, 0x0000, 0x0000, 0x0040, 0x1903, 0x10a2, 0x0882, 0x20a2, 0x4041, 0x60e3, 0x6904, 0x2800, 0x0800, 0x0000, 0x0020, 0x0020, 
	0x0020, 0x0020, 0x0020, 0x0020, 0x0020, 0x0020, 0x0020, 0x0020, 0x0020, 0x0020, 0x0020, 0x0020, 0x0020, 0x0020, 0x0020, 0x0020, 
	0x0021, 0x0021, 0x0021, 0x0021, 0x0021, 0x0021, 0x0021, 0x0021, 0x0021, 0x0021, 0x0021, 0x0021, 0x0021, 0x0021, 0x0021, 0x0020, 
	0x0020, 0x0020, 0x0020, 0x0021, 0x0021, 0x0021, 0x0821, 0x0821, 0x0821, 0x0020, 0x0020, 0x0020, 0x0000, 0x0820, 0x1841, 0x1020, 
	0x0820, 0x0840, 0x0821, 0x0821, 0x1021, 0x1001, 0x1000, 0x1020, 0x0861, 0x0020, 0x1061, 0x2041, 0x1800, 0x4041, 0xd3af, 0x7904, 
	0x2000, 0x2840, 0x2000, 0x2800, 0xaa4a, 0xb2ac, 0x2000, 0x1820, 0x1020, 0x1020, 0x1820, 0x1020, 0x0840, 0x0860, 0x0840, 0x0841, 
	0x0821, 0x0821, 0x0041, 0x0840, 0x1020, 0x1020, 0x0840, 0x0040, 0x0840, 0x0840, 0x0840, 0x0840, 0x0840, 0x0840, 0x0840, 0x0840, 
	0x0840, 0x0840, 0x0040, 0x0040, 0x0840, 0x0821, 0x1020, 0x1020, 0x0820, 0x0820, 0x0821, 0x0841, 0x0860, 0x0840, 0x0820, 0x0000, 
	0x0000, 0x0800, 0x1041, 0x1041, 0x0020, 0x0020, 0x0820, 0x0800, 0x0820, 0x0820, 0x0820, 0x0020, 0x0040, 0x0040, 0x0821, 0x0821, 
	0x0821, 0x1020, 0x1020, 0x1020, 0x0840, 0x0840, 0x1020, 0x1020, 0x0820, 0x0840, 0x0820, 0x0821, 0x0821, 0x0821, 0x0821, 0x0821, 
	0x0820, 0x0820, 0x0840, 0x0840, 0x1020, 0x1021, 0x0821, 0x0821, 0x0841, 0x0841, 0x0841, 0x0820, 0x1020, 0x1020, 0x0820, 0x0821, 
	0x0821, 0x0821, 0x0821, 0x0821, 0x1021, 0x1021, 0x0821, 0x0821, 0x0821, 0x1021, 0x1021, 0x0821, 0x0841, 0x0841, 0x0841, 0x0841, 
	0x0840, 0x0040, 0x0040, 0x0840, 0x0820, 0x0820, 0x0820, 0x0840, 0x0041, 0x0041, 0x0841, 0x0821, 0x1021, 0x1021, 0x0841, 0x0840, 
	0x0840, 0x0840, 0x0840, 0x0840, 0x0820, 0x0820, 0x0840, 0x0040, 0x0061, 0x0041, 0x1000, 0x1000, 0x1020, 0x1040, 0x0840, 0x1061, 
	0x1861, 0x0800, 0x0800, 0x1020, 0x1041, 0x1041, 0x1021, 0x1021, 0x0821, 0x0821, 0x0041, 0x0040, 0x0840, 0x0820, 0x0820, 0x1020, 
	0x1000, 0x1000, 0x1040, 0x1061, 0x0861, 0x0020, 0x0841, 0x1021, 0x1021, 0x1021, 0x1021, 0x1021, 0x1021, 0x1020, 0x1020, 0x1020, 
	0x1000, 0x1861, 0x1861, 0x0000, 0x0820, 0x0000, 0x0021, 0x0020, 0x0021, 0x0021, 0x0021, 0x0021, 0x0021, 0x0020, 0x0040, 0x0040, 
	0x0020, 0x0021, 0x0021, 0x0021, 0x0021, 0x0021, 0x0021, 0x0021, 0x0021, 0x0021, 0x0021, 0x0021, 0x0021, 0x0021, 0x0021, 0x0021, 
	0x0020, 0x0020, 0x0020, 0x0020, 0x0020, 0x0020, 0x0020, 0x0020, 0x0020, 0x0020, 0x0020, 0x0020, 0x0020, 0x0020, 0x0020, 0x0020, 
	0x0000, 0x0800, 0x0800, 0x1000, 0x1800, 0x40a2, 0x58c2, 0x4881, 0x2882, 0x0841, 0x0861, 0x2104, 0x10c3, 0x0000, 0x0020, 0x0000, 
	0x0000, 0x0000, 0x0000, 0x0020, 0x18e3, 0x10a2, 0x1081, 0x2882, 0x4841, 0x7104, 0x7124, 0x3000, 0x1000, 0x0820, 0x0821, 0x0021, 
	0x0020, 0x0020, 0x0020, 0x0020, 0x0020, 0x0020, 0x0020, 0x0020, 0x0020, 0x0020, 0x0020, 0x0020, 0x0020, 0x0020, 0x0020, 0x0020, 
	0x0021, 0x0021, 0x0021, 0x0021, 0x0021, 0x0021, 0x0021, 0x0021, 0x0021, 0x0021, 0x0021, 0x0021, 0x0021, 0x0021, 0x0021, 0x0020, 
	0x0020, 0x0020, 0x0020, 0x0021, 0x0021, 0x0021, 0x0821, 0x0821, 0x0821, 0x0020, 0x0020, 0x0020, 0x0000, 0x0820, 0x1841, 0x1020, 
	0x0820, 0x0820, 0x0821, 0x1021, 0x1001, 0x1001, 0x1021, 0x0820, 0x0820, 0x0820, 0x1040, 0x1820, 0x3000, 0x9209, 0xb2eb, 0x4000, 
	0x3800, 0x50c2, 0x48e2, 0x2800, 0x70c3, 0xbaec, 0x7186, 0x1800, 0x1020, 0x0840, 0x1020, 0x1020, 0x1040, 0x1040, 0x1040, 0x1040, 
	0x0820, 0x0841, 0x0840, 0x0840, 0x0820, 0x0820, 0x0840, 0x0840, 0x0840, 0x0840, 0x0840, 0x0840, 0x0840, 0x0840, 0x0840, 0x0840, 
	0x0841, 0x0841, 0x0840, 0x0840, 0x0841, 0x0821, 0x1021, 0x1000, 0x1001, 0x1001, 0x0841, 0x0861, 0x0840, 0x0820, 0x1000, 0x2041, 
	0x1821, 0x1000, 0x1000, 0x1821, 0x0841, 0x0040, 0x0840, 0x0820, 0x0820, 0x0820, 0x0820, 0x0820, 0x0820, 0x0820, 0x0821, 0x0821, 
	0x0821, 0x0821, 0x1020, 0x0820, 0x0060, 0x0060, 0x0840, 0x0820, 0x0840, 0x0040, 0x0820, 0x0820, 0x0800, 0x0800, 0x0820, 0x0820, 
	0x0840, 0x0840, 0x0840, 0x0840, 0x0820, 0x0821, 0x0841, 0x0821, 0x0821, 0x1021, 0x0820, 0x0820, 0x1020, 0x1020, 0x1021, 0x1021, 
	0x1021, 0x1021, 0x0821, 0x0821, 0x1021, 0x1021, 0x0821, 0x0821, 0x1021, 0x1021, 0x1001, 0x1020, 0x0820, 0x0840, 0x0840, 0x0840, 
	0x0840, 0x0820, 0x0820, 0x0820, 0x1020, 0x1020, 0x0820, 0x0820, 0x0840, 0x0840, 0x0840, 0x0821, 0x0821, 0x0821, 0x0841, 0x0841, 
	0x0840, 0x0840, 0x0840, 0x0820, 0x0820, 0x0820, 0x0820, 0x0820, 0x0040, 0x0000, 0x2000, 0x2800, 0x0800, 0x0020, 0x1061, 0x0800, 
	0x1000, 0x2020, 0x1000, 0x0800, 0x0820, 0x0840, 0x0820, 0x1041, 0x0821, 0x0821, 0x0040, 0x0040, 0x0840, 0x0820, 0x1020, 0x1800, 
	0x2800, 0x2800, 0x1000, 0x0800, 0x0840, 0x0841, 0x1041, 0x0801, 0x1021, 0x1021, 0x1021, 0x1021, 0x1021, 0x1020, 0x0840, 0x0840, 
	0x1000, 0x1861, 0x1861, 0x0000, 0x0820, 0x0000, 0x0021, 0x0020, 0x0021, 0x0021, 0x0021, 0x0021, 0x0021, 0x0020, 0x0040, 0x0040, 
	0x0020, 0x0021, 0x0021, 0x0021, 0x0021, 0x0021, 0x0021, 0x0021, 0x0021, 0x0021, 0x0021, 0x0021, 0x0021, 0x0021, 0x0021, 0x0021, 
	0x0020, 0x0020, 0x0020, 0x0020, 0x0020, 0x0020, 0x0020, 0x0020, 0x0020, 0x0020, 0x0020, 0x0020, 0x0020, 0x0020, 0x0020, 0x0020, 
	0x0800, 0x0800, 0x0800, 0x1000, 0x1800, 0x50a2, 0x70e3, 0x5881, 0x3082, 0x0841, 0x0841, 0x2104, 0x10a3, 0x0000, 0x0020, 0x0000, 
	0x0000, 0x0000, 0x0000, 0x0020, 0x18e3, 0x10a2, 0x1081, 0x2881, 0x4820, 0x8124, 0x7945, 0x3000, 0x1000, 0x1041, 0x1041, 0x0820, 
	0x0020, 0x0020, 0x0020, 0x0020, 0x0020, 0x0020, 0x0020, 0x0020, 0x0020, 0x0020, 0x0020, 0x0020, 0x0020, 0x0020, 0x0020, 0x0020, 
	0x0021, 0x0021, 0x0021, 0x0021, 0x0021, 0x0021, 0x0021, 0x0021, 0x0021, 0x0021, 0x0021, 0x0021, 0x0021, 0x0021, 0x0021, 0x0020, 
	0x0020, 0x0020, 0x0020, 0x0021, 0x0021, 0x0021, 0x0821, 0x0821, 0x0821, 0x0020, 0x0020, 0x0020, 0x0000, 0x0820, 0x1841, 0x1020, 
	0x1020, 0x0820, 0x0821, 0x1021, 0x1001, 0x1021, 0x0821, 0x0840, 0x1041, 0x1040, 0x1060, 0x1800, 0x5863, 0xcb6f, 0x5882, 0x3000, 
	0x7904, 0xcbae, 0xb36d, 0x5081, 0x3800, 0x9208, 0xb32d, 0x2800, 0x1820, 0x0840, 0x0840, 0x1040, 0x1040, 0x1020, 0x1020, 0x1020, 
	0x0820, 0x0840, 0x0840, 0x0840, 0x0840, 0x0820, 0x0820, 0x0820, 0x0820, 0x0820, 0x0840, 0x0840, 0x0820, 0x0820, 0x0840, 0x0841, 
	0x0821, 0x0821, 0x0840, 0x0840, 0x0841, 0x0821, 0x1020, 0x1020, 0x1001, 0x1001, 0x0821, 0x0861, 0x0020, 0x0800, 0x2021, 0x40a3, 
	0x69c7, 0x3861, 0x1000, 0x1000, 0x1041, 0x0820, 0x0820, 0x0820, 0x0820, 0x0820, 0x1000, 0x1000, 0x1000, 0x1000, 0x1000, 0x1021, 
	0x0841, 0x0841, 0x1021, 0x0820, 0x0060, 0x0060, 0x0840, 0x0840, 0x0820, 0x0820, 0x0820, 0x0800, 0x1000, 0x1800, 0x1800, 0x1000, 
	0x0840, 0x0040, 0x0840, 0x0840, 0x0820, 0x0821, 0x0041, 0x0041, 0x0821, 0x1021, 0x1020, 0x0820, 0x1020, 0x1020, 0x1021, 0x1021, 
	0x1021, 0x0821, 0x0841, 0x0841, 0x0821, 0x1021, 0x0821, 0x0821, 0x0821, 0x1021, 0x1021, 0x1020, 0x0840, 0x0840, 0x0840, 0x0840, 
	0x0820, 0x1020, 0x1000, 0x1800, 0x1000, 0x1000, 0x0820, 0x0820, 0x0840, 0x0840, 0x0840, 0x0841, 0x0841, 0x0841, 0x0841, 0x0841, 
	0x0820, 0x0820, 0x0840, 0x0820, 0x0820, 0x1000, 0x2000, 0x1800, 0x0820, 0x1840, 0x6104, 0x6925, 0x1840, 0x0020, 0x1061, 0x1000, 
	0x3020, 0x61a6, 0x4924, 0x1800, 0x0820, 0x0861, 0x0800, 0x0840, 0x0820, 0x0820, 0x0040, 0x0040, 0x0820, 0x1020, 0x1000, 0x2000, 
	0x928b, 0x7187, 0x3041, 0x1000, 0x0800, 0x0820, 0x1041, 0x0800, 0x1021, 0x1021, 0x1021, 0x1021, 0x1021, 0x0820, 0x0840, 0x0840, 
	0x0820, 0x1861, 0x1861, 0x0000, 0x0820, 0x0000, 0x0021, 0x0020, 0x0021, 0x0021, 0x0021, 0x0021, 0x0021, 0x0020, 0x0040, 0x0040, 
	0x0020, 0x0021, 0x0021, 0x0021, 0x0021, 0x0021, 0x0021, 0x0021, 0x0021, 0x0021, 0x0021, 0x0021, 0x0021, 0x0021, 0x0021, 0x0021, 
	0x0020, 0x0020, 0x0020, 0x0020, 0x0020, 0x0020, 0x0020, 0x0020, 0x0020, 0x0020, 0x0020, 0x0020, 0x0020, 0x0020, 0x0020, 0x0020, 
	0x0800, 0x1021, 0x1020, 0x1000, 0x2000, 0x60a3, 0x80e3, 0x6861, 0x38a2, 0x1021, 0x0841, 0x2104, 0x10a3, 0x0000, 0x0000, 0x0000, 
	0x0000, 0x0000, 0x0000, 0x0020, 0x18c3, 0x1082, 0x1081, 0x2881, 0x6062, 0xa1c7, 0x91c7, 0x3000, 0x1000, 0x1020, 0x1882, 0x0800, 
	0x0020, 0x0020, 0x0020, 0x0020, 0x0020, 0x0020, 0x0020, 0x0020, 0x0020, 0x0020, 0x0020, 0x0020, 0x0020, 0x0020, 0x0020, 0x0020, 
	0x0021, 0x0021, 0x0021, 0x0021, 0x0021, 0x0021, 0x0021, 0x0021, 0x0021, 0x0021, 0x0021, 0x0021, 0x0021, 0x0021, 0x0021, 0x0020, 
	0x0020, 0x0020, 0x0020, 0x0020, 0x0020, 0x0020, 0x0021, 0x0001, 0x0020, 0x0000, 0x0020, 0x0020, 0x0000, 0x0820, 0x1041, 0x1000, 
	0x1020, 0x0820, 0x0820, 0x1021, 0x1021, 0x1021, 0x0841, 0x0841, 0x1061, 0x0800, 0x2040, 0x2000, 0xb2cc, 0xa26a, 0x2800, 0x3000, 
	0xa1c7, 0xc26a, 0xbaab, 0x7924, 0x2800, 0x4000, 0xb28b, 0x89a7, 0x1800, 0x1060, 0x1081, 0x0820, 0x1061, 0x0800, 0x1821, 0x1020, 
	0x0840, 0x0840, 0x0820, 0x0820, 0x0840, 0x0840, 0x1021, 0x1021, 0x1041, 0x0800, 0x0800, 0x0800, 0x1021, 0x1021, 0x0841, 0x0821, 
	0x1801, 0x0800, 0x0000, 0x18c2, 0x0800, 0x0820, 0x0820, 0x0820, 0x1041, 0x1001, 0x0801, 0x0841, 0x0020, 0x0800, 0x2000, 0x8a0a, 
	0xb2ec, 0x4000, 0x1000, 0x1040, 0x1000, 0x1000, 0x1000, 0x1000, 0x1040, 0x0800, 0x4083, 0xa38e, 0x4103, 0x1000, 0x1000, 0x1000, 
	0x0821, 0x0841, 0x1021, 0x0820, 0x0040, 0x0040, 0x0020, 0x1021, 0x0800, 0x0800, 0x1021, 0x1801, 0x48c4, 0x2800, 0x4062, 0x2000, 
	0x1060, 0x0000, 0x1040, 0x0800, 0x1020, 0x0000, 0x0081, 0x0040, 0x0841, 0x1000, 0x0800, 0x1040, 0x0800, 0x1020, 0x0820, 0x0000, 
	0x0841, 0x1041, 0x0000, 0x0820, 0x1041, 0x1061, 0x0000, 0x0841, 0x0020, 0x1082, 0x0000, 0x1041, 0x0020, 0x0040, 0x0840, 0x0841, 
	0x1841, 0x1000, 0x2801, 0x38a3, 0x1000, 0x1820, 0x1061, 0x0840, 0x0820, 0x1082, 0x0820, 0x0000, 0x0041, 0x0841, 0x1041, 0x1021, 
	0x1001, 0x1001, 0x0840, 0x0820, 0x1821, 0x3022, 0xa28b, 0x5001, 0x1800, 0x2800, 0xb26b, 0xba8b, 0x1000, 0x0040, 0x1041, 0x1800, 
	0x3800, 0xaaec, 0x8229, 0x2800, 0x1000, 0x0000, 0x0840, 0x0820, 0x0840, 0x0840, 0x0841, 0x1082, 0x0800, 0x1020, 0x0800, 0x2841, 
	0x79a8, 0x6926, 0x2800, 0x1800, 0x0800, 0x1041, 0x0000, 0x1041, 0x1021, 0x1001, 0x1001, 0x1001, 0x1020, 0x0820, 0x0040, 0x0040, 
	0x0820, 0x1861, 0x1861, 0x0000, 0x0820, 0x0000, 0x0021, 0x0020, 0x0021, 0x0021, 0x0021, 0x0021, 0x0021, 0x0020, 0x0040, 0x0040, 
	0x0020, 0x0021, 0x0021, 0x0021, 0x0021, 0x0021, 0x0021, 0x0021, 0x0021, 0x0021, 0x0021, 0x0021, 0x0021, 0x0021, 0x0021, 0x0021, 
	0x0020, 0x0020, 0x0020, 0x0020, 0x0020, 0x0020, 0x0020, 0x0020, 0x0020, 0x0020, 0x0020, 0x0020, 0x0020, 0x0020, 0x0020, 0x0020, 
	0x0800, 0x2083, 0x1861, 0x1800, 0x2000, 0x8165, 0xa9a6, 0x80c3, 0x4062, 0x1000, 0x1061, 0x18c3, 0x10a3, 0x0000, 0x0000, 0x0000, 
	0x0800, 0x0000, 0x0000, 0x0820, 0x18e3, 0x1082, 0x1061, 0x3061, 0x6862, 0xa9c7, 0x99c7, 0x3800, 0x1800, 0x1000, 0x1862, 0x0800, 
	0x0020, 0x0020, 0x0020, 0x0020, 0x0020, 0x0020, 0x0020, 0x0020, 0x0020, 0x0020, 0x0020, 0x0020, 0x0020, 0x0020, 0x0020, 0x0020, 
	0x0021, 0x0021, 0x0021, 0x0021, 0x0021, 0x0021, 0x0021, 0x0021, 0x0021, 0x0021, 0x0021, 0x0021, 0x0021, 0x0021, 0x0021, 0x0020, 
	0x0020, 0x0020, 0x0020, 0x0020, 0x0020, 0x0020, 0x0021, 0x0001, 0x0020, 0x0000, 0x0020, 0x0020, 0x0000, 0x0820, 0x1041, 0x1000, 
	0x1021, 0x1021, 0x0840, 0x0840, 0x1020, 0x1021, 0x1041, 0x0841, 0x0800, 0x2882, 0x1800, 0x6965, 0xbb0d, 0x60a3, 0x2000, 0x2000, 
	0x88c3, 0xca4a, 0xba4a, 0x6082, 0x2800, 0x2000, 0x70e4, 0xc32d, 0x4061, 0x1000, 0x1040, 0x0841, 0x0841, 0x1021, 0x1000, 0x1841, 
	0x0840, 0x0840, 0x1020, 0x1020, 0x0840, 0x0841, 0x1021, 0x1021, 0x0800, 0x1862, 0x1041, 0x0800, 0x0801, 0x0800, 0x0800, 0x1841, 
	0x2000, 0x5966, 0x2861, 0x0800, 0x1041, 0x1041, 0x0820, 0x0800, 0x0800, 0x0800, 0x1022, 0x0821, 0x0860, 0x1000, 0x2000, 0x8188, 
	0xc2ec, 0x4800, 0x1000, 0x0840, 0x0800, 0x40c3, 0x69a7, 0x2800, 0x1000, 0x1000, 0x3821, 0x8a6a, 0x40c2, 0x1000, 0x1800, 0x1021, 
	0x0820, 0x0000, 0x0800, 0x1061, 0x0841, 0x0020, 0x0841, 0x1041, 0x1021, 0x1842, 0x0800, 0x4146, 0x9b6e, 0x71a8, 0x9b0c, 0x50e3, 
	0x1000, 0x1000, 0x1800, 0x2000, 0x2000, 0x1000, 0x0061, 0x0081, 0x1041, 0x1800, 0x1000, 0x1000, 0x1000, 0x1861, 0x0000, 0x0041, 
	0x0000, 0x0821, 0x0820, 0x0840, 0x0000, 0x0841, 0x0841, 0x0841, 0x0841, 0x0840, 0x0840, 0x0841, 0x0000, 0x0841, 0x0840, 0x0820, 
	0x1000, 0x1000, 0x69e9, 0x934e, 0x3083, 0x0800, 0x0000, 0x0861, 0x0820, 0x0820, 0x0820, 0x0841, 0x0861, 0x0841, 0x0800, 0x1000, 
	0x1001, 0x1021, 0x1020, 0x0800, 0x1000, 0x4063, 0xb28b, 0xa1e8, 0x2800, 0x2800, 0xb9c9, 0xca4b, 0x1800, 0x0020, 0x0800, 0x1800, 
	0x4000, 0xb2ab, 0x79a7, 0x2000, 0x1820, 0x1861, 0x1820, 0x1000, 0x1000, 0x1020, 0x0020, 0x0000, 0x0821, 0x1001, 0x2882, 0x8b2c, 
	0x6905, 0x81c7, 0x69c7, 0x1800, 0x1000, 0x1020, 0x1041, 0x0800, 0x1021, 0x1001, 0x1001, 0x1001, 0x1000, 0x0820, 0x0040, 0x0040, 
	0x0820, 0x1861, 0x1861, 0x0000, 0x0820, 0x0000, 0x0021, 0x0020, 0x0021, 0x0021, 0x0021, 0x0021, 0x0021, 0x0020, 0x0040, 0x0040, 
	0x0020, 0x0021, 0x0021, 0x0021, 0x0021, 0x0021, 0x0021, 0x0021, 0x0021, 0x0021, 0x0021, 0x0021, 0x0021, 0x0021, 0x0021, 0x0021, 
	0x0020, 0x0020, 0x0020, 0x0020, 0x0020, 0x0020, 0x0020, 0x0020, 0x0020, 0x0020, 0x0020, 0x0020, 0x0020, 0x0020, 0x0020, 0x0800, 
	0x0800, 0x1821, 0x1020, 0x1800, 0x2800, 0x8945, 0xb9a6, 0x9904, 0x4062, 0x1000, 0x1861, 0x20c3, 0x18a3, 0x0000, 0x0000, 0x0000, 
	0x0800, 0x0000, 0x0000, 0x0820, 0x20c3, 0x1082, 0x1061, 0x3061, 0x7062, 0xb9c7, 0xa1c7, 0x3800, 0x1800, 0x1000, 0x1841, 0x0800, 
	0x0020, 0x0020, 0x0020, 0x0020, 0x0020, 0x0020, 0x0020, 0x0020, 0x0020, 0x0020, 0x0020, 0x0020, 0x0020, 0x0020, 0x0020, 0x0020, 
	0x0021, 0x0021, 0x0021, 0x0021, 0x0021, 0x0021, 0x0021, 0x0021, 0x0021, 0x0021, 0x0021, 0x0021, 0x0021, 0x0021, 0x0021, 0x0020, 
	0x0020, 0x0020, 0x0020, 0x0020, 0x0020, 0x0020, 0x0021, 0x0001, 0x0020, 0x0000, 0x0020, 0x0020, 0x0000, 0x0820, 0x1041, 0x1000, 
	0x1001, 0x1021, 0x0840, 0x0840, 0x1020, 0x1020, 0x1021, 0x1020, 0x0820, 0x2040, 0x3800, 0xb30d, 0x8a08, 0x2000, 0x1840, 0x1800, 
	0x6840, 0xca8a, 0xbaab, 0x4800, 0x2800, 0x1800, 0x4000, 0xaacb, 0x9a08, 0x3000, 0x1000, 0x10a2, 0x0001, 0x1042, 0x0800, 0x1041, 
	0x0840, 0x0840, 0x1020, 0x1020, 0x0841, 0x0841, 0x0821, 0x1021, 0x1041, 0x0800, 0x0800, 0x0841, 0x0841, 0x0841, 0x0861, 0x0800, 
	0x3802, 0xbb8f, 0x7a08, 0x1800, 0x1800, 0x0800, 0x1000, 0x2020, 0x1800, 0x0800, 0x1063, 0x0000, 0x0800, 0x1000, 0x1800, 0x81e8, 
	0xb2ab, 0x4800, 0x1000, 0x0040, 0x1000, 0x5986, 0xbb4f, 0x4802, 0x1000, 0x1841, 0x1800, 0x2800, 0x2000, 0x1800, 0x1841, 0x0821, 
	0x0841, 0x0861, 0x0881, 0x0000, 0x0000, 0x0820, 0x0881, 0x0841, 0x0800, 0x0801, 0x0841, 0x20c3, 0x4946, 0x2800, 0x40c3, 0x3820, 
	0x3000, 0x6884, 0x88e6, 0xa9a9, 0xa1a9, 0x6084, 0x1800, 0x1020, 0x1800, 0x2000, 0x3000, 0x2800, 0x1800, 0x1000, 0x0041, 0x0061, 
	0x0041, 0x0862, 0x1020, 0x1020, 0x0821, 0x1062, 0x0861, 0x0820, 0x0800, 0x0000, 0x10a2, 0x0040, 0x0000, 0x0820, 0x1000, 0x0800, 
	0x0820, 0x0800, 0x40e4, 0x5146, 0x1000, 0x0800, 0x0840, 0x0040, 0x0800, 0x0800, 0x0800, 0x0000, 0x0040, 0x0840, 0x0800, 0x1000, 
	0x1041, 0x0000, 0x1000, 0x30a2, 0x1000, 0x3001, 0x78e4, 0xaa8a, 0x3000, 0x3000, 0xc9a8, 0xca0a, 0x2000, 0x0000, 0x0820, 0x1800, 
	0x4800, 0xb2ab, 0x81e8, 0x2000, 0x1820, 0x1000, 0x1800, 0x3820, 0x3000, 0x2000, 0x0800, 0x0041, 0x1082, 0x0800, 0x1000, 0x6a28, 
	0x58e3, 0x6924, 0x5944, 0x2000, 0x1800, 0x0800, 0x1021, 0x1021, 0x0821, 0x0821, 0x1001, 0x1001, 0x1000, 0x0820, 0x0840, 0x0840, 
	0x0820, 0x1861, 0x1861, 0x0000, 0x0820, 0x0000, 0x0021, 0x0020, 0x0021, 0x0021, 0x0021, 0x0021, 0x0021, 0x0020, 0x0040, 0x0040, 
	0x0020, 0x0021, 0x0021, 0x0021, 0x0021, 0x0021, 0x0021, 0x0021, 0x0021, 0x0021, 0x0021, 0x0021, 0x0021, 0x0021, 0x0021, 0x0021, 
	0x0020, 0x0020, 0x0020, 0x0020, 0x0020, 0x0020, 0x0020, 0x0020, 0x0020, 0x0020, 0x0020, 0x0020, 0x0020, 0x0020, 0x0020, 0x0800, 
	0x0800, 0x1821, 0x1000, 0x1800, 0x2800, 0x8924, 0xc166, 0xa8e4, 0x4862, 0x1000, 0x1861, 0x20c3, 0x18a3, 0x0000, 0x0000, 0x0000, 
	0x0000, 0x0000, 0x0000, 0x0820, 0x20e4, 0x1082, 0x1061, 0x3041, 0x7041, 0xb9a7, 0xa1a6, 0x3800, 0x1800, 0x1020, 0x1841, 0x0800, 
	0x0020, 0x0020, 0x0020, 0x0020, 0x0020, 0x0020, 0x0020, 0x0020, 0x0020, 0x0020, 0x0020, 0x0020, 0x0020, 0x0020, 0x0020, 0x0020, 
	0x0021, 0x0021, 0x0021, 0x0021, 0x0021, 0x0021, 0x0021, 0x0021, 0x0021, 0x0021, 0x0021, 0x0021, 0x0021, 0x0021, 0x0021, 0x0020, 
	0x0020, 0x0020, 0x0020, 0x0020, 0x0020, 0x0020, 0x0021, 0x0001, 0x0020, 0x0000, 0x0020, 0x0020, 0x0000, 0x0820, 0x1041, 0x1000, 
	0x1001, 0x1021, 0x0840, 0x0840, 0x1040, 0x1020, 0x1820, 0x1820, 0x2060, 0x1800, 0x9208, 0xbaec, 0x4000, 0x1800, 0x1060, 0x1800, 
	0x5820, 0xba69, 0xb2ab, 0x4000, 0x2000, 0x2040, 0x2800, 0x5081, 0xcb2d, 0x70c4, 0x1800, 0x10a2, 0x0800, 0x1021, 0x0821, 0x0841, 
	0x0840, 0x0840, 0x1020, 0x1020, 0x0841, 0x0841, 0x0841, 0x0841, 0x0841, 0x0841, 0x1021, 0x1882, 0x0861, 0x0020, 0x1020, 0x1800, 
	0x2800, 0xa2ab, 0xa28a, 0x2800, 0x1800, 0x1820, 0x40a2, 0x8aaa, 0x4904, 0x1000, 0x1042, 0x0800, 0x3861, 0x3000, 0x2800, 0x8208, 
	0xbacb, 0x5000, 0x1000, 0x0000, 0x0800, 0x48c4, 0xb28c, 0x70a4, 0x1800, 0x1000, 0x2000, 0x61a6, 0x8a8a, 0x3821, 0x0800, 0x0821, 
	0x0000, 0x0020, 0x0020, 0x0800, 0x2020, 0x1800, 0x1000, 0x0800, 0x1800, 0x1801, 0x1061, 0x0000, 0x1000, 0x3862, 0x1800, 0x2000, 
	0x7905, 0xc28c, 0xd24b, 0xc1a9, 0xd24b, 0xc2cd, 0x48c3, 0x2000, 0x2800, 0x6104, 0xab0c, 0xab0c, 0x6104, 0x2000, 0x0820, 0x0041, 
	0x0041, 0x0821, 0x1000, 0x1000, 0x0820, 0x0841, 0x0000, 0x0800, 0x1000, 0x1000, 0x0800, 0x0800, 0x2061, 0x1000, 0x2000, 0x38c2, 
	0x1840, 0x1020, 0x1800, 0x1800, 0x1800, 0x2041, 0x1000, 0x0800, 0x1820, 0x1800, 0x1000, 0x1000, 0x0800, 0x2061, 0x38c3, 0x2000, 
	0x1020, 0x1020, 0x48e3, 0x92eb, 0x2882, 0x1800, 0x4000, 0xaaca, 0x8a68, 0x4800, 0xc987, 0xc9e9, 0x2000, 0x0020, 0x0840, 0x1800, 
	0x4000, 0xb28a, 0x81c7, 0x2800, 0x1800, 0x1800, 0x6904, 0xaaab, 0xaa8a, 0x58e3, 0x1000, 0x1041, 0x0800, 0x1800, 0x1000, 0x2800, 
	0x3000, 0x3800, 0x3000, 0x7a07, 0x61a6, 0x2000, 0x1000, 0x1021, 0x0821, 0x0821, 0x0821, 0x0821, 0x0820, 0x0820, 0x0840, 0x0820, 
	0x0820, 0x1861, 0x1861, 0x0000, 0x0820, 0x0000, 0x0021, 0x0020, 0x0021, 0x0021, 0x0021, 0x0021, 0x0021, 0x0020, 0x0040, 0x0040, 
	0x0020, 0x0021, 0x0021, 0x0021, 0x0021, 0x0021, 0x0021, 0x0021, 0x0021, 0x0021, 0x0021, 0x0021, 0x0021, 0x0021, 0x0021, 0x0021, 
	0x0020, 0x0020, 0x0020, 0x0020, 0x0020, 0x0020, 0x0020, 0x0020, 0x0020, 0x0020, 0x0020, 0x0020, 0x0020, 0x0020, 0x0020, 0x0800, 
	0x0800, 0x1841, 0x1000, 0x1800, 0x2800, 0x9104, 0xc945, 0xa8c3, 0x5082, 0x1800, 0x1861, 0x20e3, 0x18a3, 0x0000, 0x0000, 0x0000, 
	0x0000, 0x0000, 0x0000, 0x0020, 0x18e4, 0x10a2, 0x1081, 0x3061, 0x7821, 0xc1c7, 0xa1a6, 0x3800, 0x1800, 0x1020, 0x1841, 0x0800, 
	0x0020, 0x0020, 0x0020, 0x0020, 0x0020, 0x0020, 0x0020, 0x0020, 0x0020, 0x0020, 0x0020, 0x0020, 0x0020, 0x0020, 0x0020, 0x0020, 
	0x0021, 0x0021, 0x0021, 0x0021, 0x0021, 0x0021, 0x0021, 0x0021, 0x0021, 0x0021, 0x0021, 0x0021, 0x0021, 0x0021, 0x0021, 0x0020, 
	0x0020, 0x0020, 0x0020, 0x0020, 0x0020, 0x0020, 0x0021, 0x0001, 0x0020, 0x0000, 0x0020, 0x0020, 0x0000, 0x0820, 0x1041, 0x1000, 
	0x1001, 0x1021, 0x0821, 0x0840, 0x0840, 0x1040, 0x1800, 0x2000, 0x2000, 0x48a2, 0xc36e, 0x7925, 0x2000, 0x1840, 0x1060, 0x1800, 
	0x5000, 0xb249, 0x9a4a, 0x3800, 0x2000, 0x2040, 0x1020, 0x2000, 0xa1e8, 0xb24a, 0x3020, 0x1000, 0x1021, 0x1021, 0x1042, 0x1062, 
	0x0820, 0x0820, 0x1020, 0x1020, 0x0820, 0x0841, 0x0041, 0x0040, 0x0000, 0x1061, 0x1000, 0x0800, 0x0820, 0x0820, 0x1800, 0x2000, 
	0x2000, 0x58c2, 0xaaa9, 0x5040, 0x1800, 0x1800, 0x4820, 0xc36e, 0x8a29, 0x2000, 0x1000, 0x2842, 0xa1e9, 0x9905, 0x3800, 0x7966, 
	0xbacb, 0x4000, 0x2800, 0x2000, 0x1000, 0x3000, 0xa9e9, 0xbaac, 0x2800, 0x1000, 0x1800, 0x69e7, 0xb32d, 0x4001, 0x1000, 0x1863, 
	0x1042, 0x0800, 0x0800, 0x4124, 0x8a4a, 0x5862, 0x2000, 0x2000, 0x7166, 0x926a, 0x1800, 0x1800, 0x3000, 0x9aeb, 0x8a69, 0x3000, 
	0x7104, 0xb28a, 0xa166, 0x5000, 0x7800, 0xd30d, 0x6103, 0x2000, 0x5000, 0xa229, 0xaa08, 0xaa08, 0xb26a, 0x4801, 0x1000, 0x0821, 
	0x0841, 0x0800, 0x3001, 0x3021, 0x1000, 0x0000, 0x0821, 0x2041, 0x71c7, 0x58e3, 0x2000, 0x40a2, 0x7208, 0x3000, 0x5841, 0xab2c, 
	0x3080, 0x1820, 0x2800, 0x7a08, 0x8249, 0x2800, 0x2000, 0x6185, 0x79e7, 0x3800, 0x4041, 0x69a6, 0x2800, 0x48a2, 0x9aeb, 0x4041, 
	0x1000, 0x1800, 0x6082, 0xb30c, 0x38c3, 0x1000, 0x2800, 0x6963, 0xbbce, 0x6000, 0xb925, 0xb9c8, 0x2000, 0x0040, 0x0861, 0x1000, 
	0x3800, 0xbb0c, 0x89e8, 0x2800, 0x2800, 0x5061, 0xba6a, 0xb1c7, 0xca6a, 0xaa29, 0x3000, 0x1800, 0x1800, 0x7208, 0x50c3, 0x3000, 
	0x8924, 0x9945, 0x4800, 0xaa8a, 0x9acb, 0x2000, 0x1000, 0x0820, 0x0820, 0x0841, 0x0821, 0x0821, 0x0820, 0x0840, 0x0040, 0x0840, 
	0x0820, 0x1861, 0x1861, 0x0000, 0x0820, 0x0000, 0x0021, 0x0020, 0x0021, 0x0021, 0x0021, 0x0021, 0x0021, 0x0020, 0x0040, 0x0040, 
	0x0020, 0x0021, 0x0021, 0x0021, 0x0021, 0x0021, 0x0021, 0x0021, 0x0021, 0x0021, 0x0021, 0x0021, 0x0021, 0x0021, 0x0021, 0x0021, 
	0x0020, 0x0020, 0x0020, 0x0020, 0x0020, 0x0020, 0x0020, 0x0020, 0x0020, 0x0020, 0x0020, 0x0020, 0x0020, 0x0020, 0x0020, 0x0020, 
	0x0800, 0x1041, 0x0820, 0x1000, 0x2800, 0x9924, 0xd966, 0xb0e4, 0x58a2, 0x1800, 0x1861, 0x20e3, 0x18c3, 0x0000, 0x0000, 0x0000, 
	0x0000, 0x0000, 0x0000, 0x0040, 0x1904, 0x10a2, 0x1081, 0x3040, 0x7841, 0xc9c8, 0xa9c6, 0x3800, 0x1800, 0x1020, 0x1041, 0x0800, 
	0x0020, 0x0020, 0x0020, 0x0020, 0x0020, 0x0020, 0x0020, 0x0020, 0x0020, 0x0020, 0x0020, 0x0020, 0x0020, 0x0020, 0x0020, 0x0020, 
	0x0021, 0x0021, 0x0021, 0x0021, 0x0021, 0x0021, 0x0021, 0x0021, 0x0021, 0x0021, 0x0021, 0x0021, 0x0021, 0x0021, 0x0021, 0x0020, 
	0x0020, 0x0020, 0x0020, 0x0020, 0x0020, 0x0020, 0x0021, 0x0001, 0x0020, 0x0000, 0x0020, 0x0020, 0x0000, 0x0820, 0x1041, 0x1000, 
	0x1021, 0x1021, 0x1021, 0x1021, 0x0840, 0x1040, 0x1800, 0x2800, 0x3000, 0xa2cb, 0xa28a, 0x3800, 0x2000, 0x1840, 0x1061, 0x1800, 
	0x4000, 0xbb2c, 0x926a, 0x2000, 0x2000, 0x1841, 0x1040, 0x2020, 0x5000, 0xc2ec, 0x6945, 0x1800, 0x1820, 0x1041, 0x0801, 0x1041, 
	0x1021, 0x1020, 0x0820, 0x1020, 0x1020, 0x0820, 0x0040, 0x0040, 0x1061, 0x0800, 0x2800, 0x3021, 0x0800, 0x28c1, 0x6986, 0x4800, 
	0x3000, 0x4000, 0xba88, 0x9184, 0x3000, 0x3000, 0x5000, 0xba6a, 0x9a49, 0x2000, 0x0800, 0x3021, 0xca2b, 0xc9a8, 0x4000, 0x8186, 
	0xb2cb, 0x4000, 0x58a3, 0x7187, 0x2800, 0x3000, 0x98e4, 0xdaec, 0x4800, 0x2800, 0x3000, 0x68c3, 0xa26a, 0x5042, 0x1801, 0x1022, 
	0x1022, 0x0800, 0x0800, 0x5104, 0xc2ec, 0x9105, 0x3800, 0x3800, 0xa166, 0xcaec, 0x4000, 0x3000, 0x4000, 0xaa49, 0xaa49, 0x4000, 
	0x4000, 0x80c3, 0xba28, 0xa124, 0xb966, 0xb9c7, 0x4000, 0x3800, 0xa9e7, 0xca8a, 0x5800, 0x5000, 0xcaab, 0x7905, 0x1800, 0x1042, 
	0x1021, 0x1800, 0x81e9, 0x79a7, 0x1820, 0x0000, 0x1061, 0x2800, 0xb2cb, 0x9124, 0x4000, 0x8145, 0xaaab, 0x4800, 0x6800, 0xcb0b, 
	0x4840, 0x2800, 0x3800, 0xbaeb, 0xaa6a, 0x4000, 0x3800, 0x99e8, 0xb269, 0x4000, 0x7061, 0xb2aa, 0x4800, 0x6841, 0xd32d, 0x5800, 
	0x3000, 0x3000, 0x6800, 0xb26a, 0x4904, 0x1000, 0x2800, 0x3800, 0x78e4, 0x7001, 0xca08, 0xa1c7, 0x1800, 0x0020, 0x1081, 0x1000, 
	0x3000, 0xbb0c, 0x99e7, 0x4000, 0x4800, 0x9165, 0xca08, 0x6800, 0x7000, 0xca49, 0x6840, 0x3800, 0x5800, 0xbaec, 0x7904, 0x4800, 
	0xc1e8, 0xc1a7, 0x6000, 0xa187, 0xc36e, 0x2000, 0x1000, 0x0820, 0x0840, 0x0041, 0x0821, 0x0821, 0x0820, 0x0840, 0x0040, 0x0840, 
	0x0820, 0x1861, 0x1861, 0x0000, 0x0820, 0x0000, 0x0021, 0x0020, 0x0021, 0x0021, 0x0021, 0x0021, 0x0021, 0x0020, 0x0040, 0x0040, 
	0x0020, 0x0021, 0x0021, 0x0021, 0x0021, 0x0021, 0x0021, 0x0021, 0x0021, 0x0021, 0x0021, 0x0021, 0x0021, 0x0021, 0x0021, 0x0021, 
	0x0020, 0x0020, 0x0020, 0x0020, 0x0020, 0x0020, 0x0020, 0x0020, 0x0020, 0x0020, 0x0020, 0x0020, 0x0020, 0x0020, 0x0020, 0x0020, 
	0x0800, 0x1861, 0x0840, 0x1000, 0x2800, 0x9944, 0xd965, 0xb8c3, 0x58a3, 0x1800, 0x1861, 0x20e3, 0x18c3, 0x0000, 0x0000, 0x0000, 
	0x0000, 0x0000, 0x0000, 0x0040, 0x1904, 0x10a2, 0x0881, 0x3060, 0x7841, 0xc9c7, 0xa9c6, 0x3800, 0x1800, 0x1040, 0x1041, 0x0800, 
	0x0020, 0x0020, 0x0020, 0x0020, 0x0020, 0x0020, 0x0020, 0x0020, 0x0020, 0x0020, 0x0020, 0x0020, 0x0020, 0x0020, 0x0020, 0x0020, 
	0x0021, 0x0021, 0x0021, 0x0021, 0x0021, 0x0021, 0x0021, 0x0021, 0x0021, 0x0021, 0x0021, 0x0021, 0x0021, 0x0021, 0x0021, 0x0020, 
	0x0020, 0x0020, 0x0020, 0x0020, 0x0020, 0x0020, 0x0021, 0x0001, 0x0020, 0x0000, 0x0020, 0x0020, 0x0000, 0x0820, 0x1041, 0x1000, 
	0x1020, 0x1021, 0x1001, 0x1021, 0x0840, 0x1040, 0x1820, 0x2800, 0x7904, 0xc32c, 0x5882, 0x2000, 0x2861, 0x1000, 0x1021, 0x1800, 
	0x2800, 0x8a49, 0x69c7, 0x1800, 0x1020, 0x1061, 0x1040, 0x2040, 0x2800, 0x8186, 0xaa4a, 0x5021, 0x1000, 0x0861, 0x0800, 0x1001, 
	0x1021, 0x1020, 0x0820, 0x0820, 0x1000, 0x1020, 0x0840, 0x0840, 0x1861, 0x1800, 0x7967, 0x9a8a, 0x2800, 0x3840, 0xb28a, 0xa987, 
	0x90c3, 0xa124, 0xe248, 0xe269, 0xa965, 0x98e4, 0xa8c4, 0xca6a, 0x7124, 0x1800, 0x0800, 0x1800, 0xa967, 0xc1c8, 0x3800, 0x8a27, 
	0xb30a, 0x4800, 0x8104, 0xc30d, 0x8945, 0x88c2, 0xc165, 0xea49, 0xd249, 0xa945, 0xa083, 0xc9e8, 0xba69, 0x4800, 0x1000, 0x0001, 
	0x0001, 0x1021, 0x0800, 0x3000, 0xc229, 0xd1e8, 0x9923, 0x98c2, 0xd9a7, 0xe1e8, 0xa985, 0x9903, 0xb124, 0xe26a, 0xd228, 0xa8e3, 
	0xa083, 0xb145, 0xdaaa, 0xe28a, 0xf26a, 0xc105, 0x8800, 0xb1a7, 0xd229, 0xe26a, 0xa0c3, 0x9081, 0xdaec, 0x78e4, 0x1000, 0x0821, 
	0x0800, 0x3001, 0xb2cc, 0x8986, 0x1000, 0x0000, 0x0800, 0x2800, 0xc229, 0xd1c7, 0xa082, 0xca29, 0xd2ac, 0xa8e4, 0xb8e3, 0xe248, 
	0xb9e7, 0x98e4, 0xa925, 0xe26b, 0xda2a, 0xb0e4, 0xb105, 0xc9e8, 0xda49, 0xa082, 0xc9a7, 0xeacb, 0xb925, 0xc186, 0xf2cb, 0xc166, 
	0x98e4, 0x90a4, 0xb946, 0xca6a, 0x50c3, 0x1800, 0x5840, 0x8082, 0x8002, 0xb127, 0xdaeb, 0x8165, 0x1800, 0x0821, 0x1061, 0x1000, 
	0x3000, 0xa208, 0xba08, 0x98a3, 0xa104, 0xd228, 0xea6a, 0xa841, 0x9000, 0xea69, 0xc1c6, 0xa0c3, 0xc146, 0xe26a, 0xc1a7, 0xa8c4, 
	0xea2a, 0xe1c8, 0xb0a4, 0xb9a8, 0xaa6a, 0x2800, 0x1000, 0x0860, 0x0040, 0x0041, 0x0821, 0x0821, 0x0821, 0x0820, 0x0820, 0x0820, 
	0x1000, 0x1861, 0x1861, 0x0000, 0x0820, 0x0000, 0x0021, 0x0020, 0x0021, 0x0021, 0x0021, 0x0021, 0x0021, 0x0020, 0x0040, 0x0040, 
	0x0020, 0x0021, 0x0021, 0x0021, 0x0021, 0x0021, 0x0021, 0x0021, 0x0021, 0x0021, 0x0021, 0x0021, 0x0021, 0x0021, 0x0021, 0x0021, 
	0x0020, 0x0020, 0x0020, 0x0020, 0x0020, 0x0020, 0x0020, 0x0020, 0x0020, 0x0020, 0x0020, 0x0020, 0x0020, 0x0020, 0x0020, 0x0020, 
	0x0820, 0x1061, 0x0860, 0x1820, 0x3000, 0x9924, 0xd945, 0xb8a3, 0x60c3, 0x1820, 0x1061, 0x20e3, 0x18e3, 0x0000, 0x0000, 0x0000, 
	0x0000, 0x0000, 0x0000, 0x0040, 0x18e4, 0x10a2, 0x0881, 0x2861, 0x7821, 0xc1c7, 0xa9a5, 0x3800, 0x1800, 0x1040, 0x1861, 0x0821, 
	0x0020, 0x0021, 0x0021, 0x0021, 0x0020, 0x0020, 0x0020, 0x0020, 0x0020, 0x0020, 0x0020, 0x0020, 0x0020, 0x0020, 0x0020, 0x0020, 
	0x0020, 0x0020, 0x0020, 0x0020, 0x0020, 0x0020, 0x0021, 0x0021, 0x0021, 0x0021, 0x0021, 0x0021, 0x0021, 0x0021, 0x0021, 0x0021, 
	0x0020, 0x0020, 0x0020, 0x0020, 0x0020, 0x0020, 0x0021, 0x0021, 0x0020, 0x0000, 0x0020, 0x0020, 0x0000, 0x0820, 0x1041, 0x1000, 
	0x1020, 0x1020, 0x1021, 0x1021, 0x0840, 0x1040, 0x2000, 0x3000, 0xc32d, 0x99e8, 0x2000, 0x2020, 0x1000, 0x1821, 0x1000, 0x2040, 
	0x2000, 0x2800, 0x3000, 0x2000, 0x1841, 0x0820, 0x1020, 0x1800, 0x2000, 0x3000, 0xc2ec, 0x8946, 0x1800, 0x1861, 0x1841, 0x1021, 
	0x1021, 0x1021, 0x0821, 0x0821, 0x1001, 0x1020, 0x0840, 0x0840, 0x0800, 0x2000, 0x81e9, 0xb36e, 0x48e3, 0x2000, 0x8946, 0xba4a, 
	0xc2ab, 0xc28a, 0x90a2, 0xa965, 0xc24a, 0xd2ac, 0xd28b, 0xb229, 0x3800, 0x1000, 0x1820, 0x2000, 0x9926, 0xca6a, 0x3000, 0x7206, 
	0xa32b, 0x3000, 0x4000, 0xaaab, 0xb2ca, 0xcb0b, 0xc207, 0x98c2, 0xca69, 0xd2aa, 0xd26a, 0xca6a, 0x7924, 0x2000, 0x1000, 0x0820, 
	0x0820, 0x1820, 0x1800, 0x3000, 0xa946, 0xd209, 0xcaa9, 0xd30a, 0xd1e7, 0xb925, 0xca89, 0xc2a9, 0xd28a, 0xa0c3, 0xa965, 0xd28a, 
	0xca6a, 0xc26a, 0xa185, 0x7820, 0xb186, 0xd26a, 0xcaab, 0xc2ab, 0x9905, 0x90c3, 0xcacb, 0xc2ca, 0x99c7, 0x3800, 0x1000, 0x0820, 
	0x0800, 0x4083, 0xba6b, 0x6821, 0x2000, 0x1840, 0x1800, 0x3800, 0xa0a3, 0xea4a, 0xd249, 0xba08, 0xa187, 0xc24a, 0xd249, 0xa924, 
	0xca8a, 0xcaab, 0xca6a, 0xa905, 0xa925, 0xd26a, 0xca29, 0xb186, 0xb186, 0xdacc, 0xd26a, 0xb166, 0xd26a, 0xca29, 0xa0c4, 0xca29, 
	0xca8b, 0xca8b, 0xdacb, 0x8925, 0x2000, 0x1800, 0x8a08, 0xc2ec, 0xca8d, 0xc26c, 0x91a6, 0x3800, 0x1000, 0x0821, 0x0020, 0x1020, 
	0x2000, 0x5882, 0xaa49, 0xd2cc, 0xc249, 0x98e3, 0xa125, 0xd28a, 0xca69, 0xc208, 0xc249, 0xca69, 0xca09, 0xa905, 0xca6a, 0xca6a, 
	0xa0e5, 0xb967, 0xd2ac, 0xc2ac, 0x5041, 0x2000, 0x0800, 0x0020, 0x0040, 0x0041, 0x0821, 0x0821, 0x0821, 0x0821, 0x0820, 0x0820, 
	0x1000, 0x1841, 0x1861, 0x0000, 0x0820, 0x0000, 0x0021, 0x0020, 0x0021, 0x0021, 0x0021, 0x0021, 0x0021, 0x0021, 0x0021, 0x0020, 
	0x0021, 0x0021, 0x0021, 0x0021, 0x0021, 0x0021, 0x0021, 0x0021, 0x0021, 0x0021, 0x0021, 0x0021, 0x0021, 0x0021, 0x0021, 0x0021, 
	0x0020, 0x0020, 0x0020, 0x0020, 0x0020, 0x0020, 0x0020, 0x0020, 0x0020, 0x0020, 0x0020, 0x0020, 0x0020, 0x0020, 0x0020, 0x0020, 
	0x0800, 0x1021, 0x0820, 0x1820, 0x3000, 0x9944, 0xd965, 0xc104, 0x60c3, 0x1820, 0x1841, 0x20e3, 0x18e3, 0x0000, 0x0000, 0x0000, 
	0x0000, 0x0000, 0x0000, 0x0820, 0x2924, 0x1082, 0x10c3, 0x2861, 0x7001, 0xd229, 0xa9a5, 0x4800, 0x1800, 0x1020, 0x1020, 0x0800, 
	0x0001, 0x0001, 0x0001, 0x0000, 0x0000, 0x0000, 0x0021, 0x0041, 0x0020, 0x0020, 0x0020, 0x0020, 0x0020, 0x0020, 0x0020, 0x0020, 
	0x0020, 0x0040, 0x0020, 0x0020, 0x0020, 0x0020, 0x0020, 0x0020, 0x0020, 0x0020, 0x0021, 0x0021, 0x0021, 0x0021, 0x0021, 0x0021, 
	0x0021, 0x0021, 0x0021, 0x0021, 0x0021, 0x0021, 0x0020, 0x0020, 0x0020, 0x0020, 0x0020, 0x0000, 0x0000, 0x0820, 0x1041, 0x1000, 
	0x1020, 0x0800, 0x1061, 0x0800, 0x1061, 0x1820, 0x2000, 0x81c7, 0xbb4d, 0x4800, 0x1800, 0x1820, 0x1020, 0x1021, 0x0800, 0x1800, 
	0x4861, 0x9a89, 0x8207, 0x3000, 0x1800, 0x1020, 0x0800, 0x1041, 0x2001, 0x2800, 0x6063, 0xc34e, 0x4821, 0x2000, 0x2861, 0x1000, 
	0x1020, 0x0821, 0x0821, 0x0821, 0x1021, 0x0820, 0x0820, 0x0820, 0x1021, 0x1841, 0x2041, 0x2841, 0x1820, 0x1000, 0x2000, 0x3041, 
	0x3883, 0x3862, 0x2000, 0x3020, 0x3000, 0x3000, 0x4000, 0x2800, 0x1000, 0x2020, 0x2000, 0x4000, 0xb20a, 0xa1e9, 0x2800, 0x1840, 
	0x2060, 0x1820, 0x1800, 0x2020, 0x3081, 0x3081, 0x2800, 0x2000, 0x3040, 0x3041, 0x3840, 0x3020, 0x2000, 0x1000, 0x0800, 0x0820, 
	0x1000, 0x2000, 0x3000, 0x6862, 0xc26b, 0x9966, 0x4820, 0x3820, 0x2800, 0x3000, 0x4060, 0x40c2, 0x3020, 0x2000, 0x2800, 0x3820, 
	0x3861, 0x2820, 0x2000, 0x1800, 0x2800, 0x3020, 0x3881, 0x38a2, 0x1800, 0x2800, 0x3061, 0x3081, 0x2820, 0x1800, 0x0820, 0x0840, 
	0x0800, 0x3841, 0xc28c, 0x9905, 0x3000, 0x2800, 0x3000, 0x5000, 0xe2ed, 0xa126, 0x4800, 0x2000, 0x2000, 0x3882, 0x3861, 0x2000, 
	0x3020, 0x3862, 0x3841, 0x2000, 0x2000, 0x3000, 0x3021, 0x2800, 0x2800, 0x3841, 0x3000, 0x2800, 0x3841, 0x3000, 0x2000, 0x3800, 
	0x3800, 0x3800, 0x3000, 0x2800, 0x1000, 0x1000, 0x2881, 0x38a2, 0x3882, 0x3021, 0x2000, 0x1000, 0x1000, 0x0821, 0x0821, 0x0800, 
	0x1820, 0x1800, 0x2800, 0x3862, 0x3041, 0x2000, 0x2000, 0x3841, 0x48e3, 0x3841, 0x3000, 0x3841, 0x3820, 0x2800, 0x2800, 0x3862, 
	0x2000, 0x2800, 0x2801, 0x2801, 0x1800, 0x0800, 0x0800, 0x0841, 0x0841, 0x0821, 0x0821, 0x0821, 0x0821, 0x0821, 0x0821, 0x0821, 
	0x0800, 0x1862, 0x1041, 0x0800, 0x0000, 0x0020, 0x0020, 0x0020, 0x0020, 0x0020, 0x0021, 0x0021, 0x0021, 0x0021, 0x0021, 0x0021, 
	0x0020, 0x0020, 0x0020, 0x0020, 0x0020, 0x0020, 0x0020, 0x0020, 0x0020, 0x0020, 0x0020, 0x0020, 0x0020, 0x0020, 0x0020, 0x0020, 
	0x0020, 0x0020, 0x0020, 0x0020, 0x0020, 0x0820, 0x0800, 0x0800, 0x0820, 0x0020, 0x0020, 0x0020, 0x0020, 0x0020, 0x0020, 0x0800, 
	0x0800, 0x2041, 0x1821, 0x1800, 0x3800, 0x9124, 0xd144, 0xd9a6, 0x7925, 0x2001, 0x2021, 0x30e3, 0x20e3, 0x0000, 0x0000, 0x0000, 
	0x0000, 0x0000, 0x0000, 0x1041, 0x3125, 0x1862, 0x1082, 0x2841, 0x7862, 0xd229, 0xb185, 0x5000, 0x2000, 0x1841, 0x1041, 0x0820, 
	0x0000, 0x0001, 0x0000, 0x0800, 0x0000, 0x0000, 0x0020, 0x0041, 0x0040, 0x0020, 0x0020, 0x0020, 0x0020, 0x0020, 0x0020, 0x0020, 
	0x0040, 0x0040, 0x0020, 0x0020, 0x0020, 0x0020, 0x0020, 0x0020, 0x0020, 0x0021, 0x0021, 0x0021, 0x0021, 0x0021, 0x0021, 0x0021, 
	0x0021, 0x0021, 0x0021, 0x0021, 0x0021, 0x0021, 0x0020, 0x0020, 0x0020, 0x0020, 0x0020, 0x0000, 0x0000, 0x0821, 0x1041, 0x1000, 
	0x1000, 0x0800, 0x1021, 0x1020, 0x1020, 0x1800, 0x48a2, 0xa2cb, 0x7145, 0x3000, 0x1800, 0x1040, 0x0800, 0x1040, 0x1020, 0x1800, 
	0x58e3, 0xbb6d, 0xab2c, 0x4061, 0x1800, 0x1841, 0x0841, 0x0000, 0x1800, 0x2800, 0x4800, 0x91e9, 0x89e8, 0x3800, 0x1800, 0x1000, 
	0x1020, 0x0821, 0x0821, 0x0821, 0x0821, 0x0821, 0x0821, 0x0821, 0x0821, 0x0800, 0x0000, 0x0800, 0x0821, 0x0800, 0x0800, 0x0800, 
	0x0000, 0x0000, 0x0841, 0x0000, 0x2041, 0x4904, 0x2800, 0x5144, 0x2880, 0x3060, 0x6925, 0xa22a, 0xb24b, 0x70e5, 0x1000, 0x0020, 
	0x0000, 0x0000, 0x0000, 0x0800, 0x0820, 0x0800, 0x0000, 0x0000, 0x0000, 0x0000, 0x0000, 0x0800, 0x0820, 0x0820, 0x0840, 0x1040, 
	0x2040, 0x48e2, 0x70e4, 0xb26a, 0xb2cc, 0x5041, 0x1800, 0x1820, 0x6248, 0x30e2, 0x0800, 0x0800, 0x0820, 0x0820, 0x0800, 0x1020, 
	0x0800, 0x0000, 0x0000, 0x0000, 0x0820, 0x0820, 0x0820, 0x0000, 0x0820, 0x0840, 0x0840, 0x0820, 0x0000, 0x0000, 0x0820, 0x1061, 
	0x0840, 0x1800, 0x9188, 0xc26b, 0x89a6, 0x6903, 0x7904, 0xaa49, 0xba8b, 0x6083, 0x1800, 0x0820, 0x0800, 0x0000, 0x0000, 0x0820, 
	0x0800, 0x0821, 0x0800, 0x0000, 0x0000, 0x0800, 0x0800, 0x0000, 0x0000, 0x0800, 0x0800, 0x0000, 0x0800, 0x0800, 0x0000, 0x0800, 
	0x3882, 0x48c3, 0x38a2, 0x4985, 0x1020, 0x0800, 0x0800, 0x0820, 0x0820, 0x0800, 0x0800, 0x0801, 0x1041, 0x1062, 0x1042, 0x0841, 
	0x0800, 0x0800, 0x0800, 0x1040, 0x1020, 0x0800, 0x0800, 0x1020, 0x0820, 0x0800, 0x0000, 0x0820, 0x0800, 0x0000, 0x0000, 0x0820, 
	0x0000, 0x0821, 0x0841, 0x0841, 0x0821, 0x0020, 0x0821, 0x0821, 0x0821, 0x0821, 0x0821, 0x0821, 0x0821, 0x0821, 0x0821, 0x0821, 
	0x0800, 0x1862, 0x1041, 0x0800, 0x0000, 0x0020, 0x0020, 0x0020, 0x0020, 0x0020, 0x0021, 0x0021, 0x0021, 0x0021, 0x0021, 0x0021, 
	0x0021, 0x0020, 0x0020, 0x0020, 0x0020, 0x0020, 0x0020, 0x0020, 0x0020, 0x0020, 0x0020, 0x0020, 0x0020, 0x0020, 0x0020, 0x0020, 
	0x0020, 0x0020, 0x0020, 0x0020, 0x0020, 0x0820, 0x0820, 0x0020, 0x0020, 0x0020, 0x0020, 0x0020, 0x0020, 0x0020, 0x0020, 0x0800, 
	0x1000, 0x1820, 0x1000, 0x2000, 0x3800, 0xa185, 0xd944, 0xc924, 0x7125, 0x2000, 0x2020, 0x3103, 0x2903, 0x0000, 0x0000, 0x0000, 
	0x0000, 0x0000, 0x0800, 0x1861, 0x3945, 0x1862, 0x1061, 0x2800, 0x8042, 0xd1e8, 0xb144, 0x5800, 0x2000, 0x1841, 0x1041, 0x0020, 
	0x0020, 0x0020, 0x0000, 0x0000, 0x0000, 0x0020, 0x0020, 0x0040, 0x0040, 0x0020, 0x0020, 0x0020, 0x0020, 0x0020, 0x0020, 0x0020, 
	0x0020, 0x0020, 0x0020, 0x0020, 0x0020, 0x0020, 0x0020, 0x0020, 0x0021, 0x0021, 0x0021, 0x0021, 0x0021, 0x0021, 0x0021, 0x0021, 
	0x0021, 0x0021, 0x0021, 0x0021, 0x0021, 0x0021, 0x0020, 0x0020, 0x0020, 0x0020, 0x0020, 0x0000, 0x0000, 0x0821, 0x1041, 0x1001, 
	0x1821, 0x1801, 0x1801, 0x1822, 0x1800, 0x2000, 0x6926, 0xb34e, 0x3000, 0x2000, 0x1000, 0x0820, 0x0000, 0x1041, 0x1020, 0x1800, 
	0x2800, 0x5924, 0x5104, 0x2000, 0x1000, 0x1060, 0x0861, 0x0861, 0x1841, 0x2000, 0x2800, 0x5841, 0xaaec, 0x4842, 0x1800, 0x1000, 
	0x1020, 0x0820, 0x0820, 0x0820, 0x0820, 0x0820, 0x0820, 0x0820, 0x1041, 0x0800, 0x0000, 0x0800, 0x1021, 0x1041, 0x0800, 0x0000, 
	0x0821, 0x0000, 0x1041, 0x1000, 0x5166, 0x92ec, 0x6145, 0x92cb, 0x50e3, 0x6164, 0xab0c, 0xb30c, 0x68c4, 0x3000, 0x0800, 0x0060, 
	0x0820, 0x0821, 0x1041, 0x0821, 0x0800, 0x0800, 0x0821, 0x1041, 0x0820, 0x0800, 0x0800, 0x0800, 0x0800, 0x0800, 0x0800, 0x0800, 
	0x1000, 0x8acb, 0xbb8e, 0x8a09, 0x4842, 0x2000, 0x1000, 0x28c2, 0x834d, 0x4986, 0x1800, 0x1000, 0x1041, 0x0841, 0x0800, 0x0820, 
	0x0820, 0x0820, 0x0821, 0x1041, 0x1041, 0x0821, 0x0800, 0x0800, 0x0821, 0x0800, 0x0800, 0x0000, 0x0800, 0x0800, 0x0820, 0x0820, 
	0x0881, 0x0800, 0x3800, 0x89a8, 0xaacc, 0xaacb, 0xb2ab, 0xaaab, 0x5883, 0x2000, 0x0000, 0x0060, 0x0821, 0x0800, 0x1001, 0x1021, 
	0x0800, 0x0800, 0x0820, 0x0821, 0x1021, 0x0821, 0x0821, 0x1021, 0x1041, 0x0800, 0x1021, 0x1041, 0x0800, 0x0820, 0x1041, 0x1000, 
	0x8a6a, 0x9a8b, 0x71c8, 0x8aec, 0x3082, 0x1000, 0x1000, 0x0800, 0x0800, 0x0800, 0x0800, 0x0821, 0x1041, 0x1042, 0x0841, 0x0821, 
	0x0820, 0x0820, 0x0800, 0x0800, 0x0800, 0x1020, 0x0820, 0x0800, 0x0000, 0x0800, 0x0800, 0x0820, 0x1020, 0x1020, 0x0820, 0x0800, 
	0x0821, 0x0821, 0x0000, 0x0821, 0x0821, 0x0821, 0x0821, 0x0000, 0x0821, 0x0821, 0x0821, 0x0821, 0x0821, 0x0821, 0x0821, 0x0821, 
	0x0800, 0x1862, 0x1041, 0x0800, 0x0000, 0x0020, 0x0020, 0x0020, 0x0020, 0x0020, 0x0021, 0x0021, 0x0021, 0x0021, 0x0021, 0x0021, 
	0x0021, 0x0021, 0x0021, 0x0021, 0x0021, 0x0021, 0x0021, 0x0021, 0x0021, 0x0021, 0x0021, 0x0021, 0x0021, 0x0021, 0x0021, 0x0021, 
	0x0021, 0x0021, 0x0021, 0x0021, 0x0020, 0x0020, 0x0020, 0x0020, 0x0040, 0x0040, 0x0040, 0x0040, 0x0020, 0x0020, 0x0020, 0x0020, 
	0x0820, 0x1020, 0x1820, 0x2000, 0x3800, 0xa185, 0xd944, 0xc924, 0x6904, 0x1800, 0x1840, 0x3144, 0x3103, 0x0800, 0x0000, 0x0000, 
	0x0000, 0x0000, 0x0800, 0x1861, 0x4166, 0x2062, 0x1041, 0x2800, 0x8041, 0xd1a7, 0xc185, 0x6800, 0x2800, 0x1821, 0x1021, 0x0000, 
	0x0000, 0x0020, 0x0000, 0x0000, 0x0000, 0x0020, 0x0020, 0x0020, 0x0020, 0x0020, 0x0020, 0x0020, 0x0020, 0x0020, 0x0021, 0x0020, 
	0x0020, 0x0020, 0x0020, 0x0020, 0x0020, 0x0020, 0x0800, 0x0801, 0x0001, 0x0021, 0x0021, 0x0021, 0x0021, 0x0021, 0x0021, 0x0021, 
	0x0021, 0x0021, 0x0021, 0x0021, 0x0021, 0x0021, 0x0020, 0x0020, 0x0020, 0x0020, 0x0020, 0x0000, 0x0000, 0x0821, 0x1041, 0x1001, 
	0x1021, 0x1001, 0x1001, 0x1801, 0x1800, 0x2000, 0x6104, 0xab0c, 0x4800, 0x3800, 0x2800, 0x2820, 0x3040, 0x3040, 0x3000, 0x3800, 
	0x3000, 0x2800, 0x2800, 0x3000, 0x3040, 0x2000, 0x1800, 0x2840, 0x3000, 0x3800, 0x4000, 0x68c3, 0x9aab, 0x4062, 0x2000, 0x1841, 
	0x0820, 0x0820, 0x0820, 0x0820, 0x0820, 0x0820, 0x0820, 0x0820, 0x1041, 0x0820, 0x0820, 0x0841, 0x1041, 0x1041, 0x0841, 0x0821, 
	0x1082, 0x0841, 0x1021, 0x1000, 0x2000, 0x3041, 0x2800, 0x3020, 0x2800, 0x3840, 0x50a3, 0x3800, 0x2000, 0x2000, 0x0860, 0x0060, 
	0x0841, 0x0821, 0x0821, 0x0821, 0x0821, 0x0821, 0x0821, 0x0821, 0x1042, 0x1041, 0x0821, 0x0821, 0x1041, 0x1041, 0x0821, 0x1000, 
	0x1800, 0x40a3, 0x3842, 0x2800, 0x1800, 0x1800, 0x1040, 0x0800, 0x2882, 0x1800, 0x1000, 0x1000, 0x0821, 0x0000, 0x0020, 0x0862, 
	0x0821, 0x0821, 0x0821, 0x0821, 0x0801, 0x0801, 0x0821, 0x0821, 0x0801, 0x0801, 0x0821, 0x0821, 0x1041, 0x1041, 0x0821, 0x0000, 
	0x0040, 0x0841, 0x1800, 0x2800, 0x4821, 0x5862, 0x5042, 0x3000, 0x1800, 0x0800, 0x0061, 0x0061, 0x0021, 0x1042, 0x1042, 0x0800, 
	0x0820, 0x0800, 0x0820, 0x0841, 0x1041, 0x0820, 0x0820, 0x0841, 0x0841, 0x0800, 0x0841, 0x1061, 0x0800, 0x0820, 0x1041, 0x1000, 
	0x2800, 0x3800, 0x2000, 0x3882, 0x1000, 0x1000, 0x1841, 0x1061, 0x1020, 0x0820, 0x0820, 0x0820, 0x0820, 0x0821, 0x0021, 0x0020, 
	0x1061, 0x1041, 0x0820, 0x0800, 0x0820, 0x1061, 0x1041, 0x0820, 0x0820, 0x1040, 0x1040, 0x0820, 0x0820, 0x0820, 0x0820, 0x0820, 
	0x0841, 0x0821, 0x0020, 0x0020, 0x0821, 0x0821, 0x0821, 0x0821, 0x0821, 0x0821, 0x0821, 0x0821, 0x0821, 0x0821, 0x0821, 0x0821, 
	0x0800, 0x1862, 0x1041, 0x0800, 0x0000, 0x0020, 0x0020, 0x0020, 0x0020, 0x0020, 0x0021, 0x0021, 0x0021, 0x0021, 0x0021, 0x0021, 
	0x0021, 0x0021, 0x0021, 0x0021, 0x0021, 0x0021, 0x0021, 0x0021, 0x0021, 0x0021, 0x0021, 0x0021, 0x0021, 0x0021, 0x0021, 0x0021, 
	0x0021, 0x0021, 0x0021, 0x0021, 0x0021, 0x0021, 0x0020, 0x0020, 0x0020, 0x0040, 0x0020, 0x0020, 0x0020, 0x0020, 0x0800, 0x0800, 
	0x0000, 0x1061, 0x1840, 0x2000, 0x4800, 0xb1e6, 0xd924, 0xc945, 0x6903, 0x1800, 0x1040, 0x3964, 0x3904, 0x1000, 0x0000, 0x0000, 
	0x0000, 0x0000, 0x0800, 0x2061, 0x4986, 0x2062, 0x1040, 0x3000, 0x8021, 0xd9a7, 0xd228, 0x80c2, 0x3000, 0x1821, 0x1821, 0x0800, 
	0x0800, 0x0000, 0x0800, 0x0800, 0x0800, 0x0800, 0x0020, 0x0021, 0x0021, 0x0021, 0x0021, 0x0021, 0x0021, 0x0021, 0x0021, 0x0021, 
	0x0020, 0x0020, 0x0020, 0x0000, 0x0001, 0x0801, 0x0801, 0x0801, 0x0801, 0x0001, 0x0021, 0x0021, 0x0021, 0x0021, 0x0021, 0x0021, 
	0x0021, 0x0021, 0x0021, 0x0021, 0x0021, 0x0021, 0x0020, 0x0020, 0x0020, 0x0020, 0x0020, 0x0000, 0x0000, 0x0821, 0x1041, 0x0821, 
	0x0841, 0x0020, 0x0841, 0x0820, 0x1040, 0x2000, 0x3800, 0x8185, 0xc2ca, 0xb248, 0xaa28, 0xb228, 0xba49, 0xba28, 0xb1e7, 0xba48, 
	0xc289, 0xba69, 0xba48, 0xba48, 0xba48, 0xb228, 0xb228, 0xb249, 0xb228, 0xba28, 0xba29, 0xb269, 0x7145, 0x2800, 0x0800, 0x0000, 
	0x0820, 0x0820, 0x0820, 0x0820, 0x0820, 0x0820, 0x0820, 0x0820, 0x0020, 0x0820, 0x0840, 0x0820, 0x0020, 0x0020, 0x0820, 0x0841, 
	0x0821, 0x0821, 0x0800, 0x1062, 0x0800, 0x0800, 0x1840, 0x1000, 0x1000, 0x1000, 0x1000, 0x1000, 0x1000, 0x1041, 0x0020, 0x0060, 
	0x0841, 0x0800, 0x0000, 0x0800, 0x0821, 0x0821, 0x0821, 0x0000, 0x0821, 0x0800, 0x0800, 0x0821, 0x0821, 0x0841, 0x0821, 0x0800, 
	0x1000, 0x1000, 0x1000, 0x1800, 0x1041, 0x0800, 0x0840, 0x0841, 0x0800, 0x1000, 0x1001, 0x1041, 0x0841, 0x0021, 0x0021, 0x0041, 
	0x0000, 0x0800, 0x0821, 0x0821, 0x0800, 0x0000, 0x0800, 0x0821, 0x0821, 0x0821, 0x0841, 0x0821, 0x0821, 0x0821, 0x0821, 0x0841, 
	0x0800, 0x1061, 0x1041, 0x0800, 0x1000, 0x1800, 0x1800, 0x1000, 0x1021, 0x0820, 0x0041, 0x0041, 0x0021, 0x0001, 0x0021, 0x0041, 
	0x0020, 0x0020, 0x0020, 0x0020, 0x0020, 0x0020, 0x0020, 0x0020, 0x0020, 0x0020, 0x0020, 0x0840, 0x0020, 0x0020, 0x0020, 0x0800, 
	0x1000, 0x1000, 0x1000, 0x0800, 0x1040, 0x0840, 0x0840, 0x0840, 0x0820, 0x0820, 0x0820, 0x0800, 0x0000, 0x0020, 0x0041, 0x0861, 
	0x0840, 0x0820, 0x0820, 0x0820, 0x0820, 0x0820, 0x0820, 0x0820, 0x0840, 0x0820, 0x0820, 0x0000, 0x0000, 0x0000, 0x0820, 0x0820, 
	0x0840, 0x0840, 0x0020, 0x0020, 0x0020, 0x0020, 0x0840, 0x0841, 0x0840, 0x0840, 0x0840, 0x0840, 0x0840, 0x0840, 0x0840, 0x0820, 
	0x0800, 0x1862, 0x1041, 0x0800, 0x0000, 0x0020, 0x0020, 0x0020, 0x0020, 0x0020, 0x0021, 0x0021, 0x0021, 0x0021, 0x0021, 0x0001, 
	0x0001, 0x0001, 0x0001, 0x0001, 0x0001, 0x0021, 0x0021, 0x0021, 0x0021, 0x0021, 0x0021, 0x0021, 0x0021, 0x0021, 0x0021, 0x0021, 
	0x0020, 0x0020, 0x0020, 0x0020, 0x0020, 0x0020, 0x0020, 0x0020, 0x0020, 0x0020, 0x0021, 0x0001, 0x0801, 0x0801, 0x0801, 0x0800, 
	0x0800, 0x1861, 0x1800, 0x2000, 0x68c1, 0xd2a9, 0xd103, 0xc904, 0x70e4, 0x2000, 0x1800, 0x4164, 0x4124, 0x1000, 0x0000, 0x0020, 
	0x0020, 0x0000, 0x0800, 0x2862, 0x59a7, 0x2862, 0x1020, 0x3020, 0x8000, 0xd186, 0xe289, 0x9123, 0x3000, 0x1800, 0x1801, 0x1000, 
	0x0800, 0x0000, 0x0800, 0x0800, 0x0801, 0x0801, 0x0001, 0x0001, 0x0021, 0x0021, 0x0021, 0x0021, 0x0021, 0x0021, 0x0021, 0x0021, 
	0x0021, 0x0020, 0x0020, 0x0001, 0x0001, 0x0001, 0x0001, 0x0001, 0x0001, 0x0001, 0x0021, 0x0021, 0x0021, 0x0021, 0x0021, 0x0021, 
	0x0021, 0x0021, 0x0021, 0x0021, 0x0021, 0x0021, 0x0020, 0x0020, 0x0020, 0x0020, 0x0020, 0x0020, 0x0000, 0x0821, 0x1041, 0x0821, 
	0x0861, 0x0041, 0x0861, 0x0020, 0x1060, 0x1800, 0x2000, 0x4820, 0x70e3, 0x8103, 0x8904, 0x80c3, 0x88c3, 0x88c3, 0x88c2, 0x9103, 
	0x8924, 0x8924, 0x9124, 0x8903, 0x9104, 0x9124, 0x9124, 0x9124, 0x9104, 0x9124, 0x78c2, 0x70e3, 0x3000, 0x1800, 0x0820, 0x1082, 
	0x0840, 0x0820, 0x0820, 0x0820, 0x0820, 0x0820, 0x0820, 0x0820, 0x0820, 0x0820, 0x0820, 0x0820, 0x0820, 0x0820, 0x0820, 0x0820, 
	0x0821, 0x0821, 0x0001, 0x0821, 0x0020, 0x0861, 0x0020, 0x0020, 0x0020, 0x0020, 0x0820, 0x0841, 0x0820, 0x0020, 0x0000, 0x0861, 
	0x0821, 0x0821, 0x0821, 0x0841, 0x0841, 0x0841, 0x0821, 0x0820, 0x0821, 0x0821, 0x0820, 0x0820, 0x0820, 0x0820, 0x0800, 0x0800, 
	0x1041, 0x1041, 0x0800, 0x0000, 0x0000, 0x0840, 0x0861, 0x0000, 0x0800, 0x0801, 0x0821, 0x0821, 0x0041, 0x0041, 0x0841, 0x0020, 
	0x0000, 0x0820, 0x0821, 0x0841, 0x0821, 0x0821, 0x0821, 0x0841, 0x0820, 0x0821, 0x0821, 0x0820, 0x0800, 0x0000, 0x0820, 0x0841, 
	0x1021, 0x0000, 0x0040, 0x0020, 0x1020, 0x1020, 0x0800, 0x1041, 0x0840, 0x0020, 0x0000, 0x0821, 0x0041, 0x0021, 0x0041, 0x0041, 
	0x0040, 0x0861, 0x0860, 0x0020, 0x0020, 0x0840, 0x0860, 0x0840, 0x0020, 0x0840, 0x0840, 0x0840, 0x0860, 0x0840, 0x0840, 0x0840, 
	0x0840, 0x0820, 0x18a1, 0x0000, 0x0881, 0x0040, 0x0020, 0x0820, 0x0800, 0x0800, 0x0820, 0x0820, 0x0820, 0x0820, 0x0040, 0x0040, 
	0x0820, 0x0020, 0x0820, 0x0840, 0x0840, 0x0000, 0x0020, 0x0840, 0x0840, 0x0020, 0x0020, 0x0840, 0x0840, 0x0020, 0x0020, 0x0840, 
	0x0020, 0x0840, 0x0840, 0x0020, 0x0020, 0x0020, 0x0020, 0x0841, 0x0840, 0x0840, 0x0840, 0x0840, 0x0840, 0x0840, 0x0840, 0x0820, 
	0x0800, 0x1862, 0x1041, 0x0800, 0x0000, 0x0020, 0x0020, 0x0020, 0x0020, 0x0020, 0x0021, 0x0021, 0x0021, 0x0021, 0x0021, 0x0001, 
	0x0001, 0x0801, 0x0801, 0x0001, 0x0001, 0x0001, 0x0021, 0x0021, 0x0021, 0x0021, 0x0021, 0x0021, 0x0021, 0x0021, 0x0021, 0x0021, 
	0x0020, 0x0020, 0x0020, 0x0020, 0x0020, 0x0800, 0x0800, 0x0800, 0x0800, 0x0800, 0x0800, 0x0800, 0x0801, 0x0801, 0x0801, 0x0800, 
	0x0800, 0x2041, 0x2020, 0x2800, 0x8923, 0xeaea, 0xd0c2, 0xc104, 0x78e4, 0x2800, 0x2000, 0x4965, 0x4944, 0x1000, 0x0000, 0x0021, 
	0x0020, 0x0000, 0x0800, 0x3062, 0x61c7, 0x3062, 0x1820, 0x3840, 0x8000, 0xc946, 0xe268, 0x9123, 0x3000, 0x1800, 0x2000, 0x1000, 
	0x0000, 0x0000, 0x0000, 0x0020, 0x0021, 0x0021, 0x0021, 0x0001, 0x0021, 0x0001, 0x0001, 0x0001, 0x0021, 0x0021, 0x0021, 0x0021, 
	0x0020, 0x0020, 0x0021, 0x0021, 0x0021, 0x0001, 0x0001, 0x0001, 0x0001, 0x0001, 0x0021, 0x0021, 0x0021, 0x0021, 0x0021, 0x0021, 
	0x0021, 0x0021, 0x0021, 0x0021, 0x0021, 0x0021, 0x0020, 0x0020, 0x0020, 0x0020, 0x0020, 0x0020, 0x0000, 0x0821, 0x1041, 0x0821, 
	0x0001, 0x0021, 0x0021, 0x0821, 0x1041, 0x1821, 0x1000, 0x2000, 0x1800, 0x2000, 0x2000, 0x1800, 0x1800, 0x1800, 0x1800, 0x1800, 
	0x2000, 0x1800, 0x1800, 0x1800, 0x1800, 0x1800, 0x1800, 0x1800, 0x2000, 0x2000, 0x1800, 0x2000, 0x1800, 0x1842, 0x1022, 0x0821, 
	0x0820, 0x0820, 0x0820, 0x0820, 0x0820, 0x0820, 0x0820, 0x0820, 0x0820, 0x1040, 0x0820, 0x0820, 0x0820, 0x1040, 0x1040, 0x0820, 
	0x0000, 0x1042, 0x1042, 0x1062, 0x0021, 0x0841, 0x0000, 0x1082, 0x1081, 0x0841, 0x0821, 0x0000, 0x0000, 0x0841, 0x1042, 0x0000, 
	0x0800, 0x0820, 0x0820, 0x0820, 0x0820, 0x0800, 0x0820, 0x0820, 0x0820, 0x0820, 0x0820, 0x0820, 0x0820, 0x0820, 0x0820, 0x0840, 
	0x0820, 0x0000, 0x0820, 0x1061, 0x0820, 0x0000, 0x0820, 0x1061, 0x0820, 0x0840, 0x0840, 0x0040, 0x0040, 0x0040, 0x0820, 0x0820, 
	0x0820, 0x0820, 0x0800, 0x0800, 0x0800, 0x0800, 0x0820, 0x0820, 0x0800, 0x0820, 0x0820, 0x0820, 0x0820, 0x0820, 0x0800, 0x0800, 
	0x0800, 0x0820, 0x0840, 0x0040, 0x0820, 0x0820, 0x0020, 0x0040, 0x0000, 0x0841, 0x1041, 0x0820, 0x0840, 0x0861, 0x0020, 0x0000, 
	0x0020, 0x0840, 0x0820, 0x0020, 0x0020, 0x0820, 0x0840, 0x0820, 0x0020, 0x0020, 0x0820, 0x0820, 0x0820, 0x0820, 0x0820, 0x0020, 
	0x0020, 0x0020, 0x0020, 0x0000, 0x0020, 0x0020, 0x0820, 0x1021, 0x1020, 0x1000, 0x1000, 0x1020, 0x1020, 0x0820, 0x0020, 0x0020, 
	0x0841, 0x0820, 0x0820, 0x0841, 0x0841, 0x0820, 0x0820, 0x0841, 0x0000, 0x0000, 0x0000, 0x0820, 0x0820, 0x0800, 0x0000, 0x0820, 
	0x0820, 0x0820, 0x0820, 0x0820, 0x0820, 0x0820, 0x0820, 0x0840, 0x0820, 0x0820, 0x0820, 0x0820, 0x0820, 0x0820, 0x0820, 0x0820, 
	0x0800, 0x1862, 0x1041, 0x0000, 0x0000, 0x0020, 0x0020, 0x0020, 0x0020, 0x0020, 0x0021, 0x0021, 0x0021, 0x0021, 0x0021, 0x0001, 
	0x0001, 0x0801, 0x0801, 0x0001, 0x0001, 0x0021, 0x0021, 0x0021, 0x0021, 0x0021, 0x0021, 0x0021, 0x0021, 0x0021, 0x0021, 0x0021, 
	0x0020, 0x0020, 0x0020, 0x0020, 0x0820, 0x0800, 0x0800, 0x0800, 0x0800, 0x0820, 0x0020, 0x0020, 0x0020, 0x0800, 0x0800, 0x0800, 
	0x1000, 0x2041, 0x2061, 0x2800, 0x9103, 0xf2aa, 0xc8a2, 0xc125, 0x78e5, 0x2800, 0x2800, 0x5966, 0x5164, 0x1000, 0x0000, 0x0001, 
	0x0020, 0x0000, 0x0800, 0x3082, 0x69c7, 0x3882, 0x1820, 0x3841, 0x8042, 0xc966, 0xe248, 0x98e2, 0x3800, 0x2000, 0x2061, 0x1861, 
	0x0000, 0x0000, 0x0000, 0x0020, 0x0020, 0x0020, 0x0000, 0x0000, 0x0801, 0x0801, 0x0800, 0x0800, 0x0800, 0x0020, 0x0020, 0x0020, 
	0x0020, 0x0020, 0x0021, 0x0021, 0x0021, 0x0021, 0x0021, 0x0021, 0x0021, 0x0021, 0x0021, 0x0021, 0x0021, 0x0021, 0x0021, 0x0021, 
	0x0021, 0x0021, 0x0021, 0x0021, 0x0021, 0x0021, 0x0020, 0x0020, 0x0020, 0x0020, 0x0020, 0x0020, 0x0000, 0x0821, 0x1041, 0x0821, 
	0x0821, 0x0841, 0x0800, 0x1021, 0x1021, 0x1001, 0x1841, 0x0800, 0x1020, 0x1020, 0x0800, 0x0820, 0x1041, 0x1041, 0x0820, 0x1020, 
	0x1000, 0x1842, 0x1862, 0x1021, 0x0820, 0x0820, 0x0820, 0x1020, 0x1020, 0x1020, 0x1820, 0x1000, 0x1021, 0x1021, 0x1022, 0x0801, 
	0x1020, 0x1020, 0x1020, 0x1020, 0x1020, 0x1020, 0x1020, 0x1020, 0x0800, 0x1020, 0x1020, 0x0800, 0x0800, 0x1000, 0x1020, 0x0800, 
	0x0821, 0x1062, 0x0000, 0x1021, 0x0800, 0x0800, 0x1041, 0x0000, 0x0800, 0x0800, 0x0820, 0x0821, 0x0821, 0x0801, 0x1001, 0x1001, 
	0x1020, 0x0820, 0x0820, 0x0820, 0x0820, 0x0820, 0x0820, 0x0820, 0x0800, 0x0820, 0x1020, 0x0820, 0x0800, 0x0800, 0x0800, 0x0820, 
	0x0840, 0x0820, 0x0000, 0x0820, 0x0820, 0x0820, 0x0820, 0x0800, 0x1061, 0x0820, 0x0020, 0x0820, 0x0840, 0x0820, 0x0800, 0x0820, 
	0x0820, 0x0820, 0x1020, 0x1020, 0x1020, 0x0820, 0x0820, 0x0800, 0x1020, 0x0820, 0x0820, 0x0820, 0x1020, 0x1020, 0x1020, 0x0820, 
	0x1020, 0x1020, 0x0000, 0x0820, 0x1020, 0x0800, 0x0840, 0x0020, 0x0841, 0x1020, 0x1000, 0x1020, 0x0840, 0x0020, 0x0800, 0x1020, 
	0x0820, 0x0820, 0x0820, 0x0820, 0x0820, 0x0820, 0x0820, 0x0820, 0x0820, 0x0800, 0x0820, 0x1040, 0x0820, 0x0820, 0x1041, 0x0820, 
	0x0840, 0x0841, 0x0000, 0x10a2, 0x0000, 0x0820, 0x1021, 0x0800, 0x1020, 0x1000, 0x1000, 0x1000, 0x1000, 0x1020, 0x0840, 0x0840, 
	0x1041, 0x0820, 0x0800, 0x0800, 0x0820, 0x1020, 0x0820, 0x0800, 0x1041, 0x1021, 0x0820, 0x0820, 0x0800, 0x0820, 0x0820, 0x1020, 
	0x0820, 0x0820, 0x0800, 0x0800, 0x0820, 0x1020, 0x0820, 0x0800, 0x0820, 0x0820, 0x0820, 0x0820, 0x0820, 0x0820, 0x0820, 0x0820, 
	0x0800, 0x1062, 0x1061, 0x0000, 0x0000, 0x0020, 0x0020, 0x0020, 0x0020, 0x0020, 0x0021, 0x0021, 0x0021, 0x0021, 0x0001, 0x0001, 
	0x0001, 0x0001, 0x0001, 0x0001, 0x0021, 0x0021, 0x0021, 0x0021, 0x0021, 0x0021, 0x0021, 0x0021, 0x0021, 0x0021, 0x0021, 0x0021, 
	0x0020, 0x0020, 0x0020, 0x0020, 0x0820, 0x0820, 0x0820, 0x0820, 0x0820, 0x0020, 0x0020, 0x0020, 0x0800, 0x0800, 0x0800, 0x1000, 
	0x2882, 0x2041, 0x1000, 0x2800, 0x98c3, 0xfaaa, 0xd0e3, 0xb925, 0x78e4, 0x3000, 0x3000, 0x6186, 0x5985, 0x1800, 0x0800, 0x0001, 
	0x0000, 0x0800, 0x1000, 0x2861, 0x71e8, 0x3861, 0x2041, 0x3021, 0x7842, 0xc146, 0xe208, 0xc185, 0x6000, 0x3000, 0x1820, 0x0840, 
	0x1861, 0x1000, 0x0800, 0x0800, 0x0841, 0x0000, 0x0000, 0x0820, 0x0800, 0x0800, 0x0800, 0x0800, 0x0800, 0x0800, 0x0820, 0x0840, 
	0x0020, 0x0020, 0x0041, 0x0841, 0x0041, 0x0021, 0x0021, 0x0041, 0x0021, 0x0021, 0x0021, 0x0021, 0x0821, 0x0821, 0x0821, 0x0821, 
	0x0021, 0x0021, 0x0021, 0x0021, 0x0021, 0x0021, 0x0021, 0x0021, 0x0021, 0x0020, 0x0020, 0x0020, 0x0020, 0x0820, 0x0821, 0x0821, 
	0x1020, 0x1020, 0x1000, 0x1800, 0x1800, 0x1800, 0x1800, 0x1800, 0x1000, 0x1000, 0x1000, 0x1800, 0x1800, 0x1800, 0x1800, 0x1800, 
	0x1801, 0x1021, 0x1021, 0x1021, 0x1021, 0x1801, 0x1800, 0x1800, 0x1800, 0x1800, 0x1800, 0x1800, 0x1800, 0x1000, 0x1001, 0x1000, 
	0x1820, 0x1820, 0x1820, 0x1820, 0x1820, 0x1820, 0x1820, 0x1820, 0x1020, 0x1020, 0x1020, 0x1020, 0x1020, 0x1020, 0x1020, 0x1020, 
	0x1020, 0x1020, 0x1020, 0x1020, 0x1820, 0x1820, 0x1800, 0x1800, 0x1000, 0x1000, 0x1000, 0x1000, 0x1000, 0x1000, 0x1800, 0x1000, 
	0x1000, 0x1000, 0x1000, 0x1000, 0x1020, 0x1020, 0x1020, 0x1020, 0x1020, 0x1020, 0x1020, 0x1020, 0x1020, 0x1020, 0x1020, 0x1020, 
	0x1000, 0x1000, 0x0820, 0x0820, 0x0820, 0x0820, 0x0820, 0x0820, 0x1020, 0x1020, 0x1020, 0x1020, 0x1020, 0x1020, 0x0820, 0x0820, 
	0x1020, 0x1020, 0x1020, 0x1020, 0x1020, 0x1020, 0x1020, 0x1020, 0x1020, 0x1020, 0x1020, 0x1020, 0x1020, 0x1020, 0x1020, 0x1020, 
	0x0820, 0x1020, 0x1000, 0x1800, 0x1000, 0x1000, 0x0820, 0x0820, 0x1000, 0x1000, 0x1020, 0x1040, 0x1040, 0x1040, 0x1000, 0x1800, 
	0x1020, 0x1020, 0x1020, 0x1020, 0x1020, 0x1020, 0x1020, 0x1020, 0x1020, 0x1020, 0x1020, 0x1020, 0x1020, 0x1020, 0x1020, 0x1020, 
	0x1000, 0x1001, 0x1021, 0x0821, 0x0821, 0x0820, 0x1020, 0x1020, 0x1020, 0x1000, 0x1000, 0x1000, 0x1000, 0x1020, 0x1020, 0x1020, 
	0x1000, 0x1000, 0x1000, 0x1000, 0x1000, 0x1000, 0x1000, 0x1000, 0x1000, 0x1000, 0x1000, 0x1000, 0x1000, 0x1000, 0x1000, 0x1000, 
	0x1000, 0x1000, 0x1000, 0x1000, 0x1000, 0x1000, 0x1000, 0x1000, 0x1000, 0x1000, 0x1000, 0x1000, 0x1000, 0x1000, 0x1000, 0x1000, 
	0x1882, 0x1061, 0x0800, 0x0000, 0x0020, 0x0841, 0x0841, 0x0841, 0x0021, 0x0021, 0x0021, 0x0021, 0x0021, 0x0021, 0x0021, 0x0021, 
	0x0821, 0x0021, 0x0021, 0x0021, 0x0021, 0x0021, 0x0021, 0x0021, 0x0041, 0x0021, 0x0021, 0x0021, 0x0021, 0x0001, 0x0021, 0x0841, 
	0x0820, 0x0020, 0x0000, 0x0820, 0x0820, 0x0820, 0x0820, 0x0020, 0x0020, 0x0000, 0x0820, 0x0841, 0x0800, 0x0800, 0x1801, 0x2882, 
	0x2041, 0x1800, 0x1800, 0x4840, 0xd208, 0xfa4a, 0xc8c4, 0xb966, 0x6082, 0x3000, 0x2800, 0x6165, 0x6165, 0x2000, 0x0800, 0x0000, 
	0x0000, 0x0800, 0x0800, 0x2881, 0x7a08, 0x4061, 0x2041, 0x2841, 0x4800, 0xa966, 0xc104, 0xd9e7, 0xb986, 0x5000, 0x1800, 0x1020, 
	0x1840, 0x1820, 0x1000, 0x0800, 0x0000, 0x0820, 0x0800, 0x0800, 0x0800, 0x0800, 0x0800, 0x0800, 0x0800, 0x0820, 0x0820, 0x0800, 
	0x0000, 0x0020, 0x0020, 0x0020, 0x0000, 0x0000, 0x0000, 0x0000, 0x0021, 0x0021, 0x0001, 0x0001, 0x0001, 0x0001, 0x0001, 0x0001, 
	0x0001, 0x0001, 0x0001, 0x0001, 0x0021, 0x0020, 0x0020, 0x0020, 0x0020, 0x0020, 0x0000, 0x0000, 0x0000, 0x0000, 0x0020, 0x0800, 
	0x1862, 0x2062, 0x2061, 0x2061, 0x2041, 0x2041, 0x2061, 0x2061, 0x2061, 0x2061, 0x2061, 0x2061, 0x2061, 0x2061, 0x2062, 0x2062, 
	0x2062, 0x2062, 0x2082, 0x1862, 0x2062, 0x2062, 0x2062, 0x2862, 0x2841, 0x2041, 0x2061, 0x2061, 0x2062, 0x2062, 0x2062, 0x2061, 
	0x2062, 0x2062, 0x2062, 0x2062, 0x2062, 0x2062, 0x2062, 0x2062, 0x2061, 0x2061, 0x2061, 0x2061, 0x2061, 0x2061, 0x2061, 0x2061, 
	0x1881, 0x1881, 0x1881, 0x1881, 0x2061, 0x2061, 0x2061, 0x2061, 0x2061, 0x2081, 0x2061, 0x2061, 0x2062, 0x2062, 0x2062, 0x2062, 
	0x1862, 0x1862, 0x1862, 0x1862, 0x1862, 0x1862, 0x1862, 0x2082, 0x1862, 0x1862, 0x1862, 0x1862, 0x1862, 0x1862, 0x1862, 0x1862, 
	0x1862, 0x1862, 0x1862, 0x1862, 0x1882, 0x1882, 0x1881, 0x1881, 0x1882, 0x1862, 0x2061, 0x2061, 0x2061, 0x1881, 0x1881, 0x1881, 
	0x1882, 0x2082, 0x2082, 0x2082, 0x2082, 0x2082, 0x2082, 0x2082, 0x2082, 0x2082, 0x2082, 0x2082, 0x2082, 0x2082, 0x2082, 0x1882, 
	0x1882, 0x1882, 0x2062, 0x2062, 0x2062, 0x1882, 0x1882, 0x1882, 0x2062, 0x2062, 0x1882, 0x18a2, 0x18a2, 0x1881, 0x2061, 0x2061, 
	0x2082, 0x2082, 0x2082, 0x2082, 0x2082, 0x2082, 0x2082, 0x2082, 0x1861, 0x1861, 0x1861, 0x1861, 0x1861, 0x1861, 0x1861, 0x1861, 
	0x1862, 0x1862, 0x1882, 0x1882, 0x1882, 0x1882, 0x1882, 0x1882, 0x1882, 0x1862, 0x1862, 0x2062, 0x2062, 0x2062, 0x1862, 0x1862, 
	0x1862, 0x1862, 0x1862, 0x1862, 0x1862, 0x1862, 0x1862, 0x1862, 0x2062, 0x2062, 0x2062, 0x2062, 0x2062, 0x2062, 0x2062, 0x2062, 
	0x2062, 0x2062, 0x2062, 0x2062, 0x2062, 0x2062, 0x2062, 0x2062, 0x2062, 0x2062, 0x2062, 0x2062, 0x2062, 0x2062, 0x2062, 0x1862, 
	0x1041, 0x0821, 0x0000, 0x0000, 0x0000, 0x0020, 0x0020, 0x0000, 0x0000, 0x0000, 0x0000, 0x0001, 0x0001, 0x0001, 0x0001, 0x0001, 
	0x0021, 0x0021, 0x0021, 0x0021, 0x0021, 0x0021, 0x0021, 0x0021, 0x0000, 0x0000, 0x0000, 0x0000, 0x0000, 0x0000, 0x0000, 0x0000, 
	0x0800, 0x0800, 0x0800, 0x0800, 0x0800, 0x0820, 0x0020, 0x0020, 0x0020, 0x0841, 0x0820, 0x0800, 0x0800, 0x1821, 0x2042, 0x2000, 
	0x1800, 0x2000, 0x3000, 0x99c6, 0xfb2d, 0xc0e4, 0xb925, 0x7801, 0x6881, 0x4000, 0x2800, 0x6165, 0x6166, 0x2000, 0x0800, 0x0020, 
	0x0001, 0x0000, 0x0800, 0x30a2, 0x8208, 0x4041, 0x2041, 0x2882, 0x3000, 0x5800, 0xb145, 0xe1e8, 0xd9a8, 0xa926, 0x3800, 0x1800, 
	0x1800, 0x2021, 0x1841, 0x0800, 0x0000, 0x0020, 0x0841, 0x0000, 0x0800, 0x0800, 0x0820, 0x0820, 0x0820, 0x0820, 0x0820, 0x0000, 
	0x0020, 0x0020, 0x0841, 0x0020, 0x0020, 0x0020, 0x0041, 0x0041, 0x0020, 0x0020, 0x0001, 0x0001, 0x0001, 0x0001, 0x0001, 0x0001, 
	0x0001, 0x0001, 0x0001, 0x0001, 0x0001, 0x0020, 0x0020, 0x0020, 0x0020, 0x0020, 0x0000, 0x0000, 0x0000, 0x0000, 0x0000, 0x0000, 
	0x0801, 0x0801, 0x0801, 0x0800, 0x0800, 0x0800, 0x0820, 0x0820, 0x0820, 0x1000, 0x1800, 0x1800, 0x1000, 0x1020, 0x0820, 0x0820, 
	0x0820, 0x0800, 0x0820, 0x0821, 0x0821, 0x0821, 0x0801, 0x0801, 0x0800, 0x0800, 0x0821, 0x0821, 0x0821, 0x0820, 0x0820, 0x0800, 
	0x0800, 0x1000, 0x1000, 0x1000, 0x1000, 0x1000, 0x1000, 0x1000, 0x0800, 0x0800, 0x0800, 0x0800, 0x0800, 0x0800, 0x0800, 0x0800, 
	0x0800, 0x0820, 0x0820, 0x0820, 0x0820, 0x0800, 0x0820, 0x0820, 0x0040, 0x0040, 0x0820, 0x0820, 0x0820, 0x0800, 0x0820, 0x0820, 
	0x0820, 0x0820, 0x0820, 0x0820, 0x0820, 0x0820, 0x0800, 0x0800, 0x0820, 0x0820, 0x0820, 0x0820, 0x0820, 0x0820, 0x0820, 0x0800, 
	0x0800, 0x0800, 0x0800, 0x0800, 0x0800, 0x0820, 0x0820, 0x0820, 0x0820, 0x0800, 0x1000, 0x1000, 0x1000, 0x0800, 0x0820, 0x0020, 
	0x0820, 0x0820, 0x0820, 0x0820, 0x0820, 0x0820, 0x0820, 0x0820, 0x0800, 0x0800, 0x0800, 0x0800, 0x0800, 0x0800, 0x0800, 0x0800, 
	0x0820, 0x1020, 0x1000, 0x1021, 0x0821, 0x0841, 0x0821, 0x1021, 0x1021, 0x1020, 0x0820, 0x0820, 0x0820, 0x0820, 0x0820, 0x0820, 
	0x0820, 0x0820, 0x0820, 0x0820, 0x0820, 0x0820, 0x0820, 0x0820, 0x0800, 0x0800, 0x0800, 0x0800, 0x0800, 0x0800, 0x0800, 0x0800, 
	0x0820, 0x0820, 0x0820, 0x0820, 0x0820, 0x0820, 0x0820, 0x0820, 0x0820, 0x0820, 0x0800, 0x0800, 0x0800, 0x0800, 0x0800, 0x0800, 
	0x0800, 0x0800, 0x0800, 0x0800, 0x0800, 0x0800, 0x0800, 0x0800, 0x0800, 0x0800, 0x0800, 0x0800, 0x0800, 0x0800, 0x0800, 0x0800, 
	0x0800, 0x0800, 0x0800, 0x0800, 0x0800, 0x0800, 0x0800, 0x0800, 0x0800, 0x0800, 0x0800, 0x0800, 0x0800, 0x0800, 0x0800, 0x0820, 
	0x0820, 0x0020, 0x0020, 0x0020, 0x0020, 0x0020, 0x0000, 0x0000, 0x0000, 0x0000, 0x0000, 0x0001, 0x0001, 0x0001, 0x0001, 0x0001, 
	0x0021, 0x0021, 0x0021, 0x0021, 0x0021, 0x0021, 0x0041, 0x0041, 0x0041, 0x0021, 0x0020, 0x0000, 0x0821, 0x0821, 0x0800, 0x0000, 
	0x0800, 0x0801, 0x0801, 0x0801, 0x0800, 0x0800, 0x0800, 0x0800, 0x0800, 0x0841, 0x1041, 0x1000, 0x1000, 0x2021, 0x2001, 0x2000, 
	0x3020, 0x3000, 0xa1a5, 0xeb0b, 0xc986, 0xb986, 0x7021, 0x4800, 0x9985, 0x7060, 0x3800, 0x6185, 0x6166, 0x1800, 0x0800, 0x0000, 
	0x0001, 0x0000, 0x0000, 0x30c2, 0x8228, 0x4821, 0x2041, 0x20c3, 0x2020, 0x2800, 0x7881, 0xc9a7, 0xd147, 0xd188, 0x9124, 0x3800, 
	0x2000, 0x1800, 0x2061, 0x1061, 0x0020, 0x0020, 0x0021, 0x0000, 0x0800, 0x0820, 0x0820, 0x0820, 0x0820, 0x0820, 0x0820, 0x0820, 
	0x0820, 0x0820, 0x0820, 0x0841, 0x0020, 0x0000, 0x0000, 0x0020, 0x0021, 0x0021, 0x0021, 0x0821, 0x0821, 0x0821, 0x0821, 0x0821, 
	0x0021, 0x0021, 0x0021, 0x0021, 0x0021, 0x0021, 0x0021, 0x0021, 0x0021, 0x0020, 0x0020, 0x0020, 0x0020, 0x0020, 0x0020, 0x0000, 
	0x0001, 0x0001, 0x0000, 0x0000, 0x0000, 0x0000, 0x0000, 0x0000, 0x0000, 0x0800, 0x0800, 0x0800, 0x0800, 0x0000, 0x0020, 0x0000, 
	0x0800, 0x0800, 0x0000, 0x0000, 0x0001, 0x0000, 0x0000, 0x0000, 0x0000, 0x0000, 0x0000, 0x0000, 0x0000, 0x0000, 0x0000, 0x0000, 
	0x0000, 0x0000, 0x0000, 0x0000, 0x0000, 0x0000, 0x0000, 0x0000, 0x0000, 0x0000, 0x0000, 0x0000, 0x0000, 0x0000, 0x0000, 0x0000, 
	0x0000, 0x0000, 0x0000, 0x0000, 0x0000, 0x0000, 0x0000, 0x0000, 0x0020, 0x0020, 0x0020, 0x0000, 0x0000, 0x0000, 0x0000, 0x0000, 
	0x0000, 0x0000, 0x0000, 0x0000, 0x0000, 0x0000, 0x0000, 0x0000, 0x0000, 0x0000, 0x0000, 0x0000, 0x0000, 0x0000, 0x0000, 0x0000, 
	0x0000, 0x0000, 0x0000, 0x0000, 0x0000, 0x0000, 0x0000, 0x0000, 0x0000, 0x0000, 0x0000, 0x0000, 0x0000, 0x0000, 0x0000, 0x0000, 
	0x0000, 0x0000, 0x0000, 0x0000, 0x0000, 0x0000, 0x0000, 0x0000, 0x0000, 0x0000, 0x0000, 0x0000, 0x0000, 0x0000, 0x0000, 0x0000, 
	0x0000, 0x0000, 0x0800, 0x0800, 0x0000, 0x0000, 0x0000, 0x0800, 0x0800, 0x0000, 0x0020, 0x0000, 0x0000, 0x0000, 0x0000, 0x0020, 
	0x0000, 0x0000, 0x0000, 0x0000, 0x0000, 0x0000, 0x0000, 0x0000, 0x0000, 0x0000, 0x0000, 0x0000, 0x0000, 0x0000, 0x0000, 0x0000, 
	0x0000, 0x0000, 0x0000, 0x0000, 0x0000, 0x0000, 0x0000, 0x0000, 0x0000, 0x0000, 0x0000, 0x0000, 0x0000, 0x0000, 0x0000, 0x0000, 
	0x0000, 0x0000, 0x0000, 0x0000, 0x0000, 0x0000, 0x0000, 0x0000, 0x0000, 0x0000, 0x0000, 0x0000, 0x0000, 0x0000, 0x0000, 0x0000, 
	0x0000, 0x0000, 0x0000, 0x0000, 0x0000, 0x0000, 0x0000, 0x0000, 0x0000, 0x0000, 0x0000, 0x0000, 0x0000, 0x0000, 0x0000, 0x0000, 
	0x0000, 0x0020, 0x0820, 0x0820, 0x0020, 0x0000, 0x0020, 0x0020, 0x0021, 0x0021, 0x0821, 0x0821, 0x0821, 0x0821, 0x0821, 0x0821, 
	0x0020, 0x0020, 0x0020, 0x0020, 0x0020, 0x0020, 0x0020, 0x0020, 0x0041, 0x0000, 0x0000, 0x0000, 0x0821, 0x1021, 0x1021, 0x1001, 
	0x0801, 0x0821, 0x1021, 0x1021, 0x0800, 0x0800, 0x0800, 0x0820, 0x0800, 0x0800, 0x0800, 0x0800, 0x1841, 0x2041, 0x2041, 0x2800, 
	0x4020, 0x9165, 0xe269, 0xc104, 0xb166, 0x6800, 0x3000, 0x4000, 0xc268, 0x9102, 0x3800, 0x6165, 0x6186, 0x1800, 0x0800, 0x0020, 
	0x0000, 0x0000, 0x0000, 0x30c3, 0x8a29, 0x4821, 0x2040, 0x20e2, 0x1881, 0x1000, 0x4000, 0x80a3, 0xc167, 0xd9c9, 0xc987, 0x90e3, 
	0x3800, 0x1800, 0x1800, 0x1881, 0x1061, 0x0860, 0x0861, 0x0861, 0x0821, 0x0821, 0x0820, 0x0820, 0x0820, 0x1020, 0x1020, 0x1020, 
	0x1041, 0x1020, 0x1020, 0x1061, 0x1041, 0x0000, 0x0000, 0x0020, 0x0820, 0x0821, 0x0821, 0x0821, 0x0821, 0x0821, 0x0821, 0x0821, 
	0x0021, 0x0021, 0x0021, 0x0021, 0x0021, 0x0021, 0x0020, 0x0020, 0x0020, 0x0020, 0x0020, 0x0020, 0x0020, 0x0020, 0x0020, 0x0000, 
	0x0041, 0x0041, 0x0040, 0x0820, 0x0820, 0x0820, 0x0821, 0x0041, 0x0041, 0x0041, 0x0820, 0x0820, 0x0040, 0x0040, 0x0821, 0x0821, 
	0x0800, 0x0800, 0x0021, 0x0021, 0x0021, 0x0021, 0x0021, 0x0021, 0x0020, 0x0020, 0x0040, 0x0040, 0x0020, 0x0020, 0x0820, 0x0820, 
	0x0020, 0x0020, 0x0020, 0x0020, 0x0020, 0x0020, 0x0020, 0x0020, 0x0020, 0x0020, 0x0020, 0x0020, 0x0020, 0x0020, 0x0020, 0x0020, 
	0x0020, 0x0020, 0x0020, 0x0020, 0x0020, 0x0020, 0x0020, 0x0020, 0x0020, 0x0020, 0x0020, 0x0020, 0x0020, 0x0040, 0x0040, 0x0040, 
	0x0020, 0x0020, 0x0020, 0x0020, 0x0020, 0x0020, 0x0020, 0x0020, 0x0020, 0x0020, 0x0020, 0x0020, 0x0020, 0x0020, 0x0020, 0x0020, 
	0x0020, 0x0020, 0x0020, 0x0800, 0x0800, 0x0020, 0x0020, 0x0020, 0x0020, 0x0020, 0x0020, 0x0020, 0x0020, 0x0020, 0x0020, 0x0020, 
	0x0020, 0x0020, 0x0020, 0x0020, 0x0020, 0x0020, 0x0020, 0x0020, 0x0020, 0x0020, 0x0020, 0x0020, 0x0020, 0x0020, 0x0020, 0x0020, 
	0x0040, 0x0020, 0x0020, 0x0021, 0x0021, 0x0021, 0x0001, 0x0020, 0x0020, 0x0040, 0x0040, 0x0040, 0x0020, 0x0021, 0x0021, 0x0041, 
	0x0040, 0x0040, 0x0040, 0x0040, 0x0040, 0x0040, 0x0040, 0x0040, 0x0040, 0x0040, 0x0040, 0x0040, 0x0040, 0x0040, 0x0040, 0x0020, 
	0x0020, 0x0020, 0x0800, 0x0800, 0x0800, 0x0800, 0x0800, 0x0800, 0x0820, 0x0820, 0x0820, 0x0020, 0x0020, 0x0020, 0x0040, 0x0020, 
	0x0040, 0x0040, 0x0040, 0x0040, 0x0040, 0x0040, 0x0040, 0x0040, 0x0020, 0x0020, 0x0020, 0x0020, 0x0020, 0x0020, 0x0020, 0x0020, 
	0x0020, 0x0020, 0x0020, 0x0020, 0x0020, 0x0020, 0x0020, 0x0020, 0x0041, 0x0041, 0x0041, 0x0041, 0x0041, 0x0041, 0x0041, 0x0021, 
	0x0000, 0x0020, 0x0020, 0x0020, 0x0000, 0x0000, 0x0000, 0x0821, 0x0020, 0x0020, 0x0001, 0x0001, 0x0001, 0x0001, 0x0001, 0x0801, 
	0x0800, 0x0820, 0x0020, 0x0020, 0x0020, 0x0020, 0x0020, 0x0020, 0x0840, 0x0000, 0x0000, 0x1041, 0x1862, 0x1841, 0x1821, 0x1821, 
	0x1000, 0x1021, 0x1821, 0x1801, 0x1000, 0x1000, 0x1000, 0x1820, 0x1840, 0x1861, 0x1840, 0x1840, 0x2060, 0x1840, 0x1800, 0x2800, 
	0x8103, 0xeaeb, 0xc905, 0xb8e4, 0x7041, 0x3000, 0x1800, 0x4041, 0xd2aa, 0xa924, 0x3800, 0x5944, 0x6187, 0x1000, 0x1040, 0x0020, 
	0x0000, 0x0000, 0x0000, 0x30c3, 0x8229, 0x4041, 0x2040, 0x18c2, 0x1061, 0x0800, 0x2820, 0x4000, 0x88c4, 0xd20a, 0xd987, 0xd9c7, 
	0x7882, 0x4000, 0x2800, 0x2000, 0x1000, 0x1000, 0x1000, 0x1000, 0x1800, 0x1800, 0x1000, 0x1000, 0x1000, 0x1800, 0x1800, 0x1820, 
	0x1000, 0x1000, 0x1000, 0x1000, 0x1020, 0x0800, 0x0800, 0x0820, 0x0000, 0x0000, 0x0000, 0x0000, 0x0000, 0x0000, 0x0000, 0x0000, 
	0x0000, 0x0000, 0x0000, 0x0000, 0x0000, 0x0000, 0x0000, 0x0000, 0x0000, 0x0000, 0x0000, 0x0000, 0x0020, 0x0000, 0x0000, 0x0000, 
	0x0020, 0x0020, 0x0020, 0x0000, 0x0800, 0x0800, 0x0000, 0x0000, 0x0000, 0x0000, 0x0000, 0x0000, 0x0000, 0x0000, 0x0000, 0x0000, 
	0x0000, 0x0000, 0x0000, 0x0000, 0x0000, 0x0000, 0x0000, 0x0000, 0x0000, 0x0000, 0x0000, 0x0000, 0x0000, 0x0000, 0x0000, 0x0000, 
	0x0000, 0x0000, 0x0000, 0x0000, 0x0000, 0x0000, 0x0000, 0x0000, 0x0000, 0x0000, 0x0000, 0x0000, 0x0000, 0x0000, 0x0000, 0x0000, 
	0x0000, 0x0000, 0x0000, 0x0000, 0x0000, 0x0000, 0x0000, 0x0000, 0x0000, 0x0000, 0x0000, 0x0000, 0x0000, 0x0020, 0x0000, 0x0000, 
	0x0000, 0x0000, 0x0000, 0x0000, 0x0000, 0x0000, 0x0000, 0x0000, 0x0000, 0x0000, 0x0000, 0x0000, 0x0000, 0x0000, 0x0000, 0x0000, 
	0x0000, 0x0000, 0x0000, 0x0000, 0x0000, 0x0000, 0x0000, 0x0000, 0x0000, 0x0000, 0x0000, 0x0000, 0x0000, 0x0000, 0x0000, 0x0000, 
	0x0000, 0x0000, 0x0000, 0x0000, 0x0000, 0x0000, 0x0000, 0x0000, 0x0000, 0x0000, 0x0000, 0x0000, 0x0000, 0x0000, 0x0000, 0x0000, 
	0x0000, 0x0000, 0x0000, 0x0000, 0x0000, 0x0000, 0x0000, 0x0000, 0x0000, 0x0020, 0x0020, 0x0020, 0x0000, 0x0000, 0x0001, 0x0000, 
	0x0000, 0x0000, 0x0000, 0x0000, 0x0000, 0x0000, 0x0000, 0x0000, 0x0000, 0x0000, 0x0000, 0x0000, 0x0000, 0x0000, 0x0000, 0x0000, 
	0x0000, 0x0000, 0x0000, 0x0000, 0x0000, 0x0000, 0x0000, 0x0000, 0x0000, 0x0000, 0x0000, 0x0000, 0x0000, 0x0000, 0x0000, 0x0000, 
	0x0000, 0x0000, 0x0000, 0x0000, 0x0000, 0x0000, 0x0000, 0x0000, 0x0000, 0x0000, 0x0000, 0x0000, 0x0000, 0x0000, 0x0000, 0x0000, 
	0x0000, 0x0000, 0x0000, 0x0000, 0x0000, 0x0000, 0x0000, 0x0000, 0x0000, 0x0000, 0x0000, 0x0000, 0x0000, 0x0000, 0x0000, 0x0000, 
	0x0000, 0x0000, 0x0000, 0x0000, 0x0000, 0x0000, 0x0000, 0x0020, 0x0000, 0x0000, 0x0000, 0x0000, 0x0000, 0x0000, 0x0000, 0x0000, 
	0x0800, 0x0800, 0x0000, 0x0020, 0x0020, 0x0020, 0x0020, 0x0020, 0x0820, 0x0800, 0x0820, 0x1841, 0x1841, 0x1000, 0x1000, 0x1000, 
	0x1800, 0x1800, 0x1800, 0x2000, 0x2000, 0x2000, 0x2000, 0x2000, 0x1800, 0x1800, 0x1800, 0x2000, 0x2000, 0x1800, 0x2000, 0x68e2, 
	0xdaca, 0xc966, 0xd1a8, 0x8042, 0x3800, 0x2000, 0x2082, 0x2000, 0xba69, 0x9904, 0x3800, 0x5165, 0x6186, 0x1800, 0x0800, 0x0000, 
	0x0000, 0x0000, 0x0000, 0x30c3, 0x7a49, 0x4061, 0x2040, 0x20a1, 0x1000, 0x1820, 0x0800, 0x2020, 0x4841, 0x88a3, 0xe9e8, 0xd904, 
	0xc105, 0x9841, 0x7800, 0x6000, 0x5000, 0x4800, 0x4000, 0x2800, 0x2800, 0x2000, 0x2000, 0x1800, 0x1800, 0x1800, 0x1800, 0x1800, 
	0x1800, 0x1800, 0x1800, 0x1000, 0x0800, 0x0800, 0x0800, 0x0800, 0x0800, 0x0000, 0x0000, 0x0000, 0x0000, 0x0000, 0x0000, 0x0000, 
	0x0001, 0x0001, 0x0001, 0x0001, 0x0001, 0x0000, 0x0000, 0x0000, 0x0000, 0x0020, 0x0020, 0x0020, 0x0020, 0x0020, 0x0020, 0x0020, 
	0x0000, 0x0020, 0x0020, 0x0020, 0x0000, 0x0000, 0x0001, 0x0001, 0x0001, 0x0001, 0x0800, 0x0800, 0x0020, 0x0020, 0x0001, 0x0000, 
	0x0800, 0x0800, 0x0020, 0x0020, 0x0020, 0x0020, 0x0020, 0x0020, 0x0020, 0x0020, 0x0021, 0x0021, 0x0021, 0x0020, 0x0820, 0x0820, 
	0x0020, 0x0020, 0x0020, 0x0020, 0x0020, 0x0020, 0x0020, 0x0020, 0x0020, 0x0020, 0x0020, 0x0020, 0x0020, 0x0020, 0x0020, 0x0020, 
	0x0020, 0x0020, 0x0020, 0x0020, 0x0040, 0x0040, 0x0020, 0x0820, 0x1000, 0x1000, 0x0820, 0x0020, 0x0040, 0x0040, 0x0820, 0x0820, 
	0x0820, 0x0820, 0x0820, 0x0820, 0x0820, 0x0840, 0x1040, 0x1041, 0x0820, 0x0820, 0x0820, 0x0820, 0x0820, 0x0820, 0x0820, 0x0840, 
	0x0840, 0x0841, 0x0841, 0x0841, 0x0841, 0x0841, 0x0841, 0x0841, 0x1021, 0x1021, 0x1021, 0x0821, 0x0841, 0x0841, 0x0821, 0x1021, 
	0x0840, 0x0840, 0x0840, 0x0840, 0x0840, 0x0840, 0x0840, 0x0840, 0x0820, 0x0820, 0x0820, 0x0820, 0x0820, 0x0820, 0x0820, 0x0840, 
	0x0840, 0x0841, 0x0841, 0x0821, 0x0841, 0x0841, 0x0841, 0x0840, 0x0840, 0x1040, 0x1040, 0x0840, 0x0841, 0x0821, 0x0801, 0x0801, 
	0x0821, 0x0841, 0x0841, 0x0841, 0x0841, 0x0841, 0x0841, 0x0841, 0x0020, 0x0020, 0x0020, 0x0020, 0x0020, 0x0020, 0x0020, 0x0020, 
	0x0820, 0x0820, 0x0820, 0x0820, 0x0020, 0x0040, 0x0040, 0x0040, 0x0020, 0x0020, 0x0020, 0x0020, 0x0020, 0x0020, 0x0020, 0x0020, 
	0x0020, 0x0020, 0x0020, 0x0020, 0x0020, 0x0020, 0x0020, 0x0020, 0x0020, 0x0020, 0x0020, 0x0020, 0x0020, 0x0020, 0x0020, 0x0020, 
	0x0020, 0x0020, 0x0020, 0x0020, 0x0020, 0x0020, 0x0020, 0x0020, 0x0020, 0x0020, 0x0020, 0x0020, 0x0020, 0x0020, 0x0020, 0x0020, 
	0x0020, 0x0020, 0x0020, 0x0020, 0x0000, 0x0000, 0x0020, 0x0821, 0x0000, 0x0000, 0x0000, 0x0001, 0x0001, 0x0001, 0x0001, 0x0800, 
	0x0800, 0x0800, 0x0800, 0x0000, 0x0000, 0x0020, 0x0020, 0x0000, 0x0000, 0x0800, 0x0800, 0x0800, 0x1000, 0x1000, 0x1800, 0x1000, 
	0x1800, 0x1800, 0x1800, 0x1800, 0x2000, 0x2000, 0x2000, 0x2800, 0x2800, 0x3000, 0x3800, 0x4800, 0x5000, 0x5800, 0x78c3, 0xca49, 
	0xd986, 0xc945, 0x7042, 0x3800, 0x1000, 0x1861, 0x0800, 0x1800, 0x7925, 0x68a2, 0x2000, 0x4985, 0x6166, 0x2000, 0x0800, 0x0000, 
	0x0000, 0x0000, 0x0800, 0x28c3, 0x7249, 0x3861, 0x1840, 0x2081, 0x1841, 0x0800, 0x0000, 0x0820, 0x2840, 0x4800, 0x98a3, 0xd145, 
	0xd945, 0xd946, 0xd9e8, 0xd249, 0xc228, 0xc249, 0xa9e8, 0x8904, 0x7062, 0x7082, 0x6882, 0x6882, 0x6082, 0x6081, 0x6061, 0x5861, 
	0x5862, 0x58a3, 0x5082, 0x3000, 0x2000, 0x2000, 0x1820, 0x0800, 0x0820, 0x0820, 0x0820, 0x0820, 0x0020, 0x0020, 0x0820, 0x0820, 
	0x0841, 0x0841, 0x0841, 0x0841, 0x0841, 0x0841, 0x0841, 0x0841, 0x0841, 0x0841, 0x0841, 0x0861, 0x0861, 0x0861, 0x0861, 0x0841, 
	0x0841, 0x0841, 0x0861, 0x0861, 0x0841, 0x0841, 0x0842, 0x0842, 0x0862, 0x1042, 0x1041, 0x1041, 0x1061, 0x0861, 0x0862, 0x0861, 
	0x1061, 0x1061, 0x1061, 0x0861, 0x0861, 0x0861, 0x0861, 0x0861, 0x1061, 0x1061, 0x0862, 0x0862, 0x0862, 0x1062, 0x1061, 0x1061, 
	0x1061, 0x1061, 0x1061, 0x1061, 0x1061, 0x1061, 0x1061, 0x1061, 0x1062, 0x1062, 0x1062, 0x1062, 0x1062, 0x1062, 0x1062, 0x1062, 
	0x1061, 0x1061, 0x1062, 0x0882, 0x0882, 0x0882, 0x0882, 0x1062, 0x1862, 0x1862, 0x1082, 0x1082, 0x1082, 0x1081, 0x1881, 0x1861, 
	0x1061, 0x1081, 0x1881, 0x1882, 0x18a2, 0x18a2, 0x18a2, 0x18a2, 0x1882, 0x1882, 0x1882, 0x1882, 0x1882, 0x1882, 0x1882, 0x1882, 
	0x18a2, 0x18a2, 0x18a2, 0x18a2, 0x10a2, 0x10a2, 0x10a2, 0x18a2, 0x1882, 0x2082, 0x1882, 0x18a2, 0x18a2, 0x18a2, 0x18a2, 0x18a2, 
	0x18a2, 0x18a2, 0x18a2, 0x18a2, 0x18a2, 0x18a2, 0x18a2, 0x18a2, 0x18a2, 0x18a2, 0x18a2, 0x18a2, 0x18a2, 0x18a2, 0x18a2, 0x18a2, 
	0x18a2, 0x18a2, 0x18a2, 0x18a2, 0x18a2, 0x18a2, 0x18a2, 0x18a2, 0x18a2, 0x20a2, 0x20a2, 0x20c2, 0x18a2, 0x1882, 0x1062, 0x1042, 
	0x1082, 0x1082, 0x1082, 0x1082, 0x1082, 0x1082, 0x1082, 0x1082, 0x1082, 0x1082, 0x1082, 0x1082, 0x1082, 0x1082, 0x1082, 0x1082, 
	0x1082, 0x1082, 0x1082, 0x1082, 0x1082, 0x0882, 0x08a2, 0x08a2, 0x0881, 0x0881, 0x0882, 0x0882, 0x0862, 0x1062, 0x1062, 0x1062, 
	0x1061, 0x1061, 0x1061, 0x1061, 0x1061, 0x1061, 0x1061, 0x1061, 0x1061, 0x1061, 0x1061, 0x1061, 0x1061, 0x1061, 0x1061, 0x1061, 
	0x1062, 0x1062, 0x1062, 0x1062, 0x1062, 0x1062, 0x1062, 0x1062, 0x0861, 0x0861, 0x0861, 0x0861, 0x0861, 0x0861, 0x0861, 0x0861, 
	0x0861, 0x0861, 0x0861, 0x0861, 0x0861, 0x0841, 0x0841, 0x0841, 0x0841, 0x0841, 0x0821, 0x0821, 0x0821, 0x0821, 0x0821, 0x0821, 
	0x0800, 0x0800, 0x0800, 0x0800, 0x0800, 0x0800, 0x0800, 0x0800, 0x0800, 0x1820, 0x1800, 0x1800, 0x2800, 0x4062, 0x58a3, 0x5883, 
	0x60a3, 0x6082, 0x6082, 0x6082, 0x68a3, 0x68c3, 0x70a3, 0x70a2, 0x7903, 0xaa28, 0xba49, 0xb1e7, 0xca8a, 0xe30c, 0xd229, 0xb925, 
	0xc0e4, 0x8821, 0x3800, 0x2021, 0x1020, 0x0000, 0x0800, 0x3062, 0x4041, 0x4041, 0x1800, 0x4986, 0x6166, 0x2000, 0x0800, 0x0001, 
	0x0020, 0x0000, 0x0000, 0x30e3, 0x6a69, 0x30a2, 0x1000, 0x1861, 0x20a2, 0x1061, 0x0000, 0x0000, 0x1820, 0x2000, 0x3000, 0x6041, 
	0xb966, 0xd125, 0xd145, 0xc965, 0xc966, 0xc966, 0xc966, 0xc966, 0xc986, 0xc986, 0xc186, 0xc186, 0xc186, 0xc186, 0xc186, 0xc186, 
	0xc166, 0xc186, 0xb9e8, 0xa1a7, 0x6904, 0x48c2, 0x30e3, 0x28e3, 0x2082, 0x1862, 0x1041, 0x0841, 0x0861, 0x0060, 0x0020, 0x0000, 
	0x0841, 0x0021, 0x0020, 0x0000, 0x0000, 0x0020, 0x0021, 0x0841, 0x0021, 0x0841, 0x0861, 0x0861, 0x0861, 0x0841, 0x0841, 0x0841, 
	0x0861, 0x0861, 0x0861, 0x0861, 0x0861, 0x0861, 0x0861, 0x0861, 0x0841, 0x0841, 0x0841, 0x0841, 0x0841, 0x0841, 0x0841, 0x0841, 
	0x0841, 0x0841, 0x0841, 0x0841, 0x0841, 0x0841, 0x0841, 0x0841, 0x0841, 0x0841, 0x0841, 0x0841, 0x0841, 0x0841, 0x0841, 0x0841, 
	0x0861, 0x0861, 0x0861, 0x0861, 0x0861, 0x0861, 0x0861, 0x0861, 0x0841, 0x0841, 0x0841, 0x0841, 0x0841, 0x0841, 0x0841, 0x0841, 
	0x0841, 0x0841, 0x0841, 0x0841, 0x0861, 0x0861, 0x0841, 0x0841, 0x0841, 0x0841, 0x0841, 0x0841, 0x0841, 0x0841, 0x0841, 0x0841, 
	0x0820, 0x0841, 0x1061, 0x1082, 0x1082, 0x1082, 0x1061, 0x0841, 0x1082, 0x1082, 0x1082, 0x1082, 0x1082, 0x1082, 0x1082, 0x1082, 
	0x1061, 0x1061, 0x1061, 0x1081, 0x1081, 0x1081, 0x1081, 0x1082, 0x1082, 0x1062, 0x1082, 0x1082, 0x1082, 0x1082, 0x1082, 0x1082, 
	0x1061, 0x1061, 0x1061, 0x1061, 0x1061, 0x1061, 0x1061, 0x1061, 0x1061, 0x1061, 0x1061, 0x1061, 0x1061, 0x1061, 0x1061, 0x1061, 
	0x1082, 0x1082, 0x1082, 0x1082, 0x1082, 0x1082, 0x1082, 0x1082, 0x1061, 0x0861, 0x1061, 0x1082, 0x18c3, 0x10a2, 0x1062, 0x0821, 
	0x0841, 0x0841, 0x0841, 0x0841, 0x0841, 0x0841, 0x0841, 0x0841, 0x0841, 0x0841, 0x0841, 0x0841, 0x0841, 0x0841, 0x0841, 0x0841, 
	0x0841, 0x0841, 0x0841, 0x0841, 0x0841, 0x0841, 0x0861, 0x0861, 0x0861, 0x0861, 0x0861, 0x0841, 0x0841, 0x0841, 0x0841, 0x0841, 
	0x0841, 0x0841, 0x0841, 0x0841, 0x0841, 0x0841, 0x0841, 0x0841, 0x0841, 0x0841, 0x0841, 0x0841, 0x0841, 0x0841, 0x0841, 0x0841, 
	0x0841, 0x0841, 0x0841, 0x0841, 0x0841, 0x0841, 0x0841, 0x0841, 0x0841, 0x0841, 0x0841, 0x0841, 0x0841, 0x0841, 0x0841, 0x0841, 
	0x0861, 0x0861, 0x0861, 0x0861, 0x0861, 0x0861, 0x0861, 0x0841, 0x0861, 0x0841, 0x0020, 0x0000, 0x0020, 0x0821, 0x0821, 0x0020, 
	0x0000, 0x0840, 0x10a1, 0x18a2, 0x1882, 0x1861, 0x2062, 0x2882, 0x30a2, 0x3862, 0x4882, 0x68e3, 0x9165, 0xa987, 0xb986, 0xb946, 
	0xb966, 0xb966, 0xb986, 0xc187, 0xc187, 0xc1a7, 0xc1a7, 0xc9a7, 0xc9a7, 0xc9a7, 0xc986, 0xc966, 0xc966, 0xc945, 0xc925, 0xb945, 
	0x6000, 0x3800, 0x2800, 0x2041, 0x0800, 0x1000, 0x30c3, 0x3104, 0x1800, 0x2861, 0x1800, 0x5165, 0x61a7, 0x1800, 0x0000, 0x0020, 
	0x0000, 0x0020, 0x0800, 0x2061, 0x5a08, 0x2882, 0x1000, 0x1861, 0x1061, 0x1082, 0x1061, 0x0820, 0x1041, 0x1020, 0x1000, 0x2800, 
	0x78c3, 0x9082, 0x90a2, 0x90a2, 0x90a3, 0x98a3, 0x9882, 0x9882, 0x9062, 0x9062, 0x9062, 0x9062, 0x9062, 0x9062, 0x9062, 0x9062, 
	0x9041, 0x9061, 0x88a2, 0x78a2, 0x5081, 0x3081, 0x28a1, 0x1881, 0x1021, 0x1021, 0x0800, 0x0841, 0x0861, 0x0881, 0x0881, 0x0861, 
	0x0861, 0x1082, 0x1082, 0x10a2, 0x10a2, 0x10a2, 0x10a2, 0x1082, 0x10a3, 0x10a2, 0x1082, 0x0862, 0x0841, 0x0841, 0x0841, 0x0861, 
	0x0861, 0x0861, 0x0861, 0x0861, 0x0861, 0x0861, 0x0861, 0x0861, 0x0861, 0x0861, 0x0861, 0x0861, 0x0861, 0x0861, 0x0861, 0x0861, 
	0x0861, 0x0861, 0x0861, 0x0861, 0x0861, 0x0861, 0x0861, 0x0861, 0x0861, 0x0861, 0x0861, 0x0861, 0x0861, 0x0861, 0x0861, 0x0861, 
	0x0861, 0x0861, 0x0861, 0x0861, 0x0861, 0x0861, 0x0861, 0x0861, 0x0861, 0x0861, 0x0861, 0x0861, 0x0861, 0x0861, 0x0861, 0x0861, 
	0x0861, 0x0861, 0x0861, 0x0861, 0x0861, 0x0861, 0x0861, 0x0861, 0x0861, 0x0861, 0x0861, 0x0861, 0x0861, 0x0861, 0x0861, 0x0861, 
	0x1082, 0x1082, 0x10a2, 0x10a2, 0x10a2, 0x10a2, 0x10a2, 0x1082, 0x10a2, 0x10a2, 0x10a2, 0x10a2, 0x10a2, 0x10a2, 0x10a2, 0x10a2, 
	0x10a2, 0x10a2, 0x10a2, 0x10a2, 0x10a2, 0x10a2, 0x10a2, 0x10a2, 0x10a2, 0x10a2, 0x10a2, 0x10a2, 0x10a2, 0x10a2, 0x10a2, 0x10a2, 
	0x10a2, 0x10a2, 0x10a2, 0x10a2, 0x10a2, 0x10a2, 0x10a2, 0x10a2, 0x10a2, 0x10a2, 0x10a2, 0x10a2, 0x10a2, 0x10a2, 0x10a2, 0x10a2, 
	0x10a2, 0x10a2, 0x10a2, 0x10a2, 0x10a2, 0x10a2, 0x10a2, 0x10a2, 0x10a2, 0x10a2, 0x10a2, 0x18c3, 0x18c3, 0x18c3, 0x10a2, 0x1082, 
	0x0841, 0x0841, 0x0841, 0x0841, 0x0841, 0x0841, 0x0841, 0x0841, 0x0861, 0x0861, 0x0861, 0x0861, 0x0861, 0x0861, 0x0861, 0x0861, 
	0x0841, 0x0841, 0x0841, 0x0841, 0x0841, 0x0841, 0x0841, 0x0841, 0x0861, 0x0861, 0x0861, 0x0861, 0x0861, 0x0861, 0x0861, 0x0861, 
	0x0861, 0x0861, 0x0861, 0x0861, 0x0861, 0x0861, 0x0861, 0x0861, 0x0861, 0x0861, 0x0861, 0x0861, 0x0861, 0x0861, 0x0861, 0x0861, 
	0x0861, 0x0861, 0x0861, 0x0861, 0x0861, 0x0861, 0x0861, 0x0861, 0x0841, 0x0841, 0x0841, 0x0841, 0x0841, 0x0841, 0x0841, 0x0841, 
	0x0861, 0x0841, 0x0841, 0x0861, 0x0861, 0x1082, 0x10a2, 0x10a2, 0x10a2, 0x1082, 0x1082, 0x1082, 0x10a2, 0x10a2, 0x10a2, 0x1082, 
	0x0861, 0x1081, 0x10a2, 0x1882, 0x1041, 0x1021, 0x1021, 0x1821, 0x2061, 0x2841, 0x3840, 0x5061, 0x70a2, 0x88c3, 0x9082, 0x9062, 
	0x8841, 0x8841, 0x8842, 0x8842, 0x8842, 0x8862, 0x8862, 0x8862, 0x9062, 0x9062, 0x9062, 0x9082, 0x9882, 0x9062, 0x9062, 0x80a3, 
	0x4841, 0x2000, 0x1800, 0x1821, 0x1801, 0x2082, 0x28e3, 0x1882, 0x1040, 0x1000, 0x1800, 0x5186, 0x4925, 0x1000, 0x0820, 0x0000, 
	0x0000, 0x0841, 0x0800, 0x0800, 0x3944, 0x4145, 0x28e3, 0x0800, 0x1061, 0x1082, 0x1082, 0x0841, 0x0820, 0x1041, 0x1881, 0x2082, 
	0x2040, 0x2820, 0x2840, 0x2820, 0x3020, 0x3020, 0x3020, 0x3020, 0x2800, 0x2800, 0x2800, 0x2800, 0x2800, 0x2800, 0x2800, 0x2820, 
	0x2000, 0x2000, 0x2000, 0x2020, 0x1820, 0x1040, 0x0860, 0x0020, 0x1882, 0x1862, 0x1062, 0x1082, 0x10a3, 0x10c3, 0x10c3, 0x18c3, 
	0x1082, 0x1082, 0x1082, 0x10a2, 0x10a2, 0x1082, 0x1082, 0x0862, 0x18c3, 0x1082, 0x0841, 0x0020, 0x0000, 0x0000, 0x0020, 0x0021, 
	0x0020, 0x0020, 0x0020, 0x0020, 0x0020, 0x0020, 0x0020, 0x0020, 0x0841, 0x0841, 0x0841, 0x0841, 0x0841, 0x0841, 0x0841, 0x0841, 
	0x0841, 0x0841, 0x0841, 0x0841, 0x0841, 0x0841, 0x0841, 0x0841, 0x0841, 0x0841, 0x0841, 0x0841, 0x0841, 0x0841, 0x0841, 0x0841, 
	0x0020, 0x0020, 0x0020, 0x0020, 0x0020, 0x0020, 0x0020, 0x0020, 0x0841, 0x0841, 0x0841, 0x0841, 0x0841, 0x0841, 0x0841, 0x0841, 
	0x0841, 0x0841, 0x0841, 0x0841, 0x0841, 0x0841, 0x0841, 0x0841, 0x0841, 0x0841, 0x0841, 0x0841, 0x0841, 0x0841, 0x0841, 0x0841, 
	0x0841, 0x0841, 0x0841, 0x0841, 0x0841, 0x0841, 0x0841, 0x0841, 0x0841, 0x0841, 0x0841, 0x0841, 0x0841, 0x0841, 0x0841, 0x0841, 
	0x0841, 0x0841, 0x0841, 0x0841, 0x0841, 0x0841, 0x0841, 0x0841, 0x0841, 0x0841, 0x0841, 0x0841, 0x0841, 0x0841, 0x0841, 0x0841, 
	0x0841, 0x0841, 0x0841, 0x0841, 0x0841, 0x0841, 0x0841, 0x0841, 0x0841, 0x0841, 0x0841, 0x0841, 0x0841, 0x0841, 0x0841, 0x0841, 
	0x0841, 0x0841, 0x0841, 0x0841, 0x0841, 0x0841, 0x0841, 0x0841, 0x0861, 0x0861, 0x0841, 0x0841, 0x0841, 0x0861, 0x0861, 0x0861, 
	0x0841, 0x0841, 0x0841, 0x0841, 0x0841, 0x0841, 0x0841, 0x0841, 0x0841, 0x0841, 0x0841, 0x0841, 0x0841, 0x0841, 0x0841, 0x0841, 
	0x0020, 0x0020, 0x0020, 0x0020, 0x0020, 0x0020, 0x0020, 0x0020, 0x0841, 0x0841, 0x0841, 0x0841, 0x0841, 0x0841, 0x0841, 0x0841, 
	0x0841, 0x0841, 0x0841, 0x0841, 0x0841, 0x0841, 0x0841, 0x0841, 0x0841, 0x0841, 0x0841, 0x0841, 0x0841, 0x0841, 0x0841, 0x0841, 
	0x0020, 0x0020, 0x0020, 0x0020, 0x0020, 0x0020, 0x0020, 0x0020, 0x0020, 0x0020, 0x0020, 0x0020, 0x0020, 0x0020, 0x0020, 0x0020, 
	0x0000, 0x0000, 0x0000, 0x0000, 0x0020, 0x0841, 0x1082, 0x10a2, 0x10a2, 0x10a2, 0x1082, 0x1082, 0x1082, 0x1082, 0x1082, 0x1082, 
	0x1082, 0x1082, 0x1082, 0x1062, 0x0861, 0x0841, 0x0861, 0x1081, 0x1061, 0x1061, 0x1040, 0x1840, 0x2040, 0x2020, 0x2000, 0x2000, 
	0x2000, 0x2000, 0x2000, 0x2000, 0x2000, 0x2000, 0x2800, 0x2800, 0x2800, 0x2800, 0x2800, 0x3000, 0x3020, 0x3020, 0x3020, 0x2820, 
	0x30a2, 0x2882, 0x2882, 0x2062, 0x1841, 0x1882, 0x18a2, 0x0840, 0x0800, 0x1020, 0x30c3, 0x4145, 0x1841, 0x0800, 0x0841, 0x0020, 
	0x0000, 0x0000, 0x0820, 0x0800, 0x1841, 0x3965, 0x49e7, 0x1882, 0x0820, 0x0841, 0x1061, 0x1061, 0x0821, 0x1041, 0x1061, 0x1040, 
	0x0861, 0x0861, 0x0861, 0x0861, 0x0861, 0x0861, 0x0841, 0x0841, 0x1061, 0x1061, 0x1061, 0x1061, 0x0861, 0x0861, 0x0881, 0x0881, 
	0x0881, 0x0881, 0x0861, 0x0881, 0x0881, 0x08a2, 0x08a2, 0x0882, 0x1062, 0x1062, 0x1062, 0x0862, 0x0062, 0x0862, 0x0842, 0x1062, 
	0x10a3, 0x1082, 0x1082, 0x1082, 0x1082, 0x1082, 0x1082, 0x1082, 0x0861, 0x0021, 0x0000, 0x0000, 0x0000, 0x0000, 0x0020, 0x0020, 
	0x0000, 0x0000, 0x0000, 0x0000, 0x0000, 0x0000, 0x0000, 0x0000, 0x0000, 0x0000, 0x0000, 0x0000, 0x0000, 0x0000, 0x0000, 0x0000, 
	0x0000, 0x0000, 0x0000, 0x0000, 0x0000, 0x0000, 0x0000, 0x0000, 0x0000, 0x0000, 0x0000, 0x0000, 0x0000, 0x0000, 0x0000, 0x0000, 
	0x0000, 0x0000, 0x0000, 0x0000, 0x0000, 0x0000, 0x0000, 0x0000, 0x0020, 0x0020, 0x0020, 0x0020, 0x0020, 0x0020, 0x0020, 0x0020, 
	0x0020, 0x0020, 0x0020, 0x0020, 0x0020, 0x0020, 0x0020, 0x0020, 0x0020, 0x0020, 0x0020, 0x0020, 0x0020, 0x0020, 0x0020, 0x0020, 
	0x0020, 0x0020, 0x0000, 0x0000, 0x0000, 0x0000, 0x0000, 0x0000, 0x0000, 0x0000, 0x0000, 0x0000, 0x0000, 0x0000, 0x0000, 0x0000, 
	0x0000, 0x0000, 0x0000, 0x0000, 0x0000, 0x0000, 0x0000, 0x0000, 0x0000, 0x0000, 0x0000, 0x0000, 0x0000, 0x0000, 0x0000, 0x0000, 
	0x0000, 0x0000, 0x0000, 0x0000, 0x0000, 0x0000, 0x0000, 0x0000, 0x0000, 0x0000, 0x0000, 0x0000, 0x0000, 0x0000, 0x0000, 0x0000, 
	0x0000, 0x0000, 0x0000, 0x0000, 0x0000, 0x0000, 0x0000, 0x0000, 0x0000, 0x0000, 0x0000, 0x0000, 0x0000, 0x0000, 0x0000, 0x0000, 
	0x0020, 0x0020, 0x0020, 0x0020, 0x0020, 0x0020, 0x0020, 0x0020, 0x0020, 0x0020, 0x0020, 0x0020, 0x0020, 0x0020, 0x0020, 0x0020, 
	0x0020, 0x0020, 0x0020, 0x0020, 0x0020, 0x0020, 0x0020, 0x0020, 0x0020, 0x0020, 0x0020, 0x0020, 0x0020, 0x0020, 0x0020, 0x0020, 
	0x0020, 0x0020, 0x0020, 0x0020, 0x0020, 0x0020, 0x0020, 0x0020, 0x0020, 0x0020, 0x0020, 0x0020, 0x0020, 0x0020, 0x0020, 0x0020, 
	0x0000, 0x0000, 0x0000, 0x0000, 0x0000, 0x0000, 0x0000, 0x0000, 0x0020, 0x0020, 0x0020, 0x0020, 0x0020, 0x0020, 0x0020, 0x0020, 
	0x0000, 0x0000, 0x0000, 0x0000, 0x0000, 0x0000, 0x0020, 0x0841, 0x18c3, 0x10a2, 0x1082, 0x1082, 0x0861, 0x1082, 0x1082, 0x1082, 
	0x1062, 0x1062, 0x1042, 0x0862, 0x0862, 0x0882, 0x10a2, 0x10a2, 0x0882, 0x08a2, 0x08a2, 0x08a2, 0x08a2, 0x0881, 0x0881, 0x0881, 
	0x0882, 0x0882, 0x0882, 0x0882, 0x0882, 0x0861, 0x0861, 0x0861, 0x0861, 0x0861, 0x1061, 0x1061, 0x1061, 0x1061, 0x1041, 0x1041, 
	0x1040, 0x1861, 0x1862, 0x1841, 0x1041, 0x0841, 0x0061, 0x0840, 0x0820, 0x2903, 0x3924, 0x1861, 0x0000, 0x0000, 0x0000, 0x0000, 
	0x0041, 0x0000, 0x0000, 0x0800, 0x0000, 0x1020, 0x3965, 0x41a6, 0x1062, 0x0821, 0x0841, 0x1082, 0x0861, 0x1082, 0x18a2, 0x1081, 
	0x0841, 0x0861, 0x0861, 0x1061, 0x1061, 0x1041, 0x0841, 0x1041, 0x0841, 0x0841, 0x0841, 0x0841, 0x0841, 0x0841, 0x0841, 0x0841, 
	0x0862, 0x0862, 0x1062, 0x1062, 0x1062, 0x0862, 0x0882, 0x1082, 0x0862, 0x1062, 0x1082, 0x0882, 0x0862, 0x0862, 0x1063, 0x1883, 
	0x1062, 0x0862, 0x0861, 0x0862, 0x1082, 0x10a2, 0x10a3, 0x10a2, 0x0021, 0x0020, 0x0000, 0x0020, 0x0841, 0x0841, 0x0841, 0x0841, 
	0x0841, 0x0841, 0x0841, 0x0841, 0x0841, 0x0841, 0x0841, 0x0841, 0x0841, 0x0841, 0x0841, 0x0841, 0x0841, 0x0841, 0x0841, 0x0841, 
	0x0841, 0x0841, 0x0841, 0x0841, 0x0841, 0x0841, 0x0841, 0x0841, 0x0841, 0x0841, 0x0841, 0x0841, 0x0841, 0x0841, 0x0841, 0x0841, 
	0x0841, 0x0841, 0x0841, 0x0841, 0x0841, 0x0841, 0x0841, 0x0841, 0x0841, 0x0841, 0x0841, 0x0841, 0x0841, 0x0841, 0x0841, 0x0841, 
	0x0841, 0x0841, 0x0841, 0x0841, 0x0841, 0x0841, 0x0841, 0x0841, 0x0841, 0x0841, 0x0841, 0x0841, 0x0841, 0x0841, 0x0841, 0x0841, 
	0x0861, 0x0861, 0x0861, 0x0861, 0x0861, 0x0861, 0x0841, 0x0841, 0x0861, 0x0861, 0x0861, 0x0861, 0x0861, 0x0861, 0x0861, 0x0861, 
	0x0861, 0x0861, 0x0861, 0x0861, 0x0861, 0x0861, 0x0861, 0x0861, 0x0861, 0x0861, 0x0861, 0x0861, 0x0861, 0x0861, 0x0861, 0x0861, 
	0x0861, 0x0861, 0x0861, 0x0861, 0x0861, 0x0861, 0x0861, 0x0861, 0x0861, 0x0861, 0x0861, 0x0861, 0x0861, 0x0861, 0x0861, 0x0861, 
	0x0861, 0x0861, 0x0861, 0x0861, 0x0861, 0x0861, 0x0861, 0x0861, 0x0841, 0x0841, 0x0861, 0x0861, 0x0841, 0x0841, 0x0841, 0x0861, 
	0x0841, 0x0841, 0x0841, 0x0841, 0x0841, 0x0841, 0x0841, 0x0841, 0x0841, 0x0841, 0x0841, 0x0841, 0x0841, 0x0841, 0x0841, 0x0841, 
	0x0861, 0x0861, 0x0861, 0x0861, 0x0861, 0x0861, 0x0861, 0x0861, 0x0841, 0x0841, 0x0841, 0x0841, 0x0841, 0x0841, 0x0841, 0x0841, 
	0x0841, 0x0841, 0x0841, 0x0841, 0x0841, 0x0841, 0x0841, 0x0841, 0x0841, 0x0841, 0x0841, 0x0841, 0x0841, 0x0841, 0x0841, 0x0841, 
	0x0841, 0x0841, 0x0841, 0x0841, 0x0841, 0x0841, 0x0841, 0x0841, 0x0861, 0x0861, 0x0861, 0x0861, 0x0861, 0x0861, 0x0861, 0x0861, 
	0x0841, 0x0841, 0x0841, 0x0841, 0x0020, 0x0000, 0x0020, 0x0020, 0x1082, 0x1082, 0x1082, 0x1082, 0x1082, 0x1082, 0x1082, 0x1082, 
	0x1062, 0x1062, 0x0842, 0x0841, 0x0861, 0x0862, 0x0861, 0x0861, 0x0841, 0x0862, 0x1062, 0x1062, 0x0862, 0x0862, 0x0862, 0x0882, 
	0x0862, 0x0862, 0x0861, 0x0861, 0x0861, 0x0841, 0x0841, 0x0841, 0x1061, 0x1061, 0x1061, 0x1061, 0x1061, 0x1041, 0x1041, 0x0840, 
	0x0841, 0x0840, 0x0800, 0x1021, 0x1061, 0x0861, 0x0061, 0x0881, 0x20c3, 0x2904, 0x1882, 0x0000, 0x0000, 0x0040, 0x0000, 0x0000, 
	0x0000, 0x0000, 0x0020, 0x0000, 0x0000, 0x0000, 0x1020, 0x2924, 0x3145, 0x18c3, 0x10a2, 0x1082, 0x0861, 0x0861, 0x1081, 0x1061, 
	0x1021, 0x1041, 0x1041, 0x1841, 0x1841, 0x1821, 0x1821, 0x1821, 0x1841, 0x1841, 0x1841, 0x1841, 0x1041, 0x1041, 0x1041, 0x1041, 
	0x1062, 0x1083, 0x1062, 0x1042, 0x1062, 0x0862, 0x0862, 0x1082, 0x0862, 0x1082, 0x1082, 0x0882, 0x0862, 0x0862, 0x1062, 0x1082, 
	0x1082, 0x1082, 0x1082, 0x1082, 0x10a2, 0x1082, 0x0861, 0x0021, 0x0000, 0x0020, 0x0021, 0x0841, 0x0841, 0x0841, 0x0841, 0x0021, 
	0x0841, 0x0841, 0x0841, 0x0841, 0x0841, 0x0841, 0x0841, 0x0841, 0x0841, 0x0841, 0x0841, 0x0841, 0x0841, 0x0841, 0x0841, 0x0841, 
	0x0841, 0x0841, 0x0841, 0x0841, 0x0841, 0x0841, 0x0841, 0x0841, 0x0841, 0x0841, 0x0841, 0x0841, 0x0841, 0x0841, 0x0841, 0x0841, 
	0x0841, 0x0841, 0x0841, 0x0841, 0x0841, 0x0841, 0x0841, 0x0841, 0x0841, 0x0841, 0x0841, 0x0841, 0x0841, 0x0841, 0x0841, 0x0841, 
	0x0841, 0x0841, 0x0841, 0x0841, 0x0841, 0x0841, 0x0841, 0x0841, 0x0841, 0x0841, 0x0841, 0x0841, 0x0841, 0x0841, 0x0841, 0x0841, 
	0x0861, 0x0861, 0x0861, 0x0861, 0x0861, 0x0861, 0x0841, 0x0841, 0x0861, 0x0861, 0x0861, 0x0861, 0x0861, 0x0861, 0x0861, 0x0861, 
	0x0861, 0x0861, 0x0861, 0x0861, 0x0861, 0x0861, 0x0861, 0x0861, 0x0861, 0x0861, 0x0861, 0x0861, 0x0861, 0x0861, 0x0861, 0x0861, 
	0x0861, 0x0861, 0x0861, 0x0861, 0x0861, 0x0861, 0x0861, 0x0861, 0x0861, 0x0861, 0x0861, 0x0861, 0x0861, 0x0861, 0x0861, 0x0861, 
	0x0861, 0x0861, 0x0861, 0x0861, 0x0861, 0x0861, 0x0861, 0x0861, 0x0841, 0x0861, 0x1082, 0x1082, 0x0861, 0x0861, 0x0861, 0x0861, 
	0x0861, 0x0861, 0x0861, 0x0861, 0x0861, 0x0861, 0x0861, 0x0861, 0x0861, 0x0861, 0x0861, 0x0861, 0x0861, 0x0861, 0x0861, 0x0861, 
	0x0861, 0x0861, 0x0861, 0x0861, 0x0861, 0x0861, 0x0861, 0x0861, 0x0841, 0x0841, 0x0841, 0x0841, 0x0841, 0x0841, 0x0841, 0x0841, 
	0x0841, 0x0841, 0x0841, 0x0841, 0x0841, 0x0841, 0x0841, 0x0841, 0x0841, 0x0841, 0x0841, 0x0841, 0x0841, 0x0841, 0x0841, 0x0841, 
	0x0841, 0x0841, 0x0841, 0x0841, 0x0841, 0x0841, 0x0841, 0x0841, 0x0841, 0x0841, 0x0841, 0x0841, 0x0841, 0x0841, 0x0841, 0x0841, 
	0x0841, 0x0841, 0x0841, 0x0841, 0x0841, 0x0020, 0x0020, 0x0020, 0x0000, 0x0841, 0x1082, 0x10a2, 0x10a2, 0x10a2, 0x1082, 0x1062, 
	0x1082, 0x1062, 0x1082, 0x1082, 0x1082, 0x1082, 0x1082, 0x1062, 0x1062, 0x1082, 0x1083, 0x1062, 0x0862, 0x0842, 0x0862, 0x0862, 
	0x1062, 0x1061, 0x1061, 0x1061, 0x1041, 0x1041, 0x1841, 0x1841, 0x1020, 0x1020, 0x1020, 0x1020, 0x1820, 0x1020, 0x1000, 0x1020, 
	0x1061, 0x0861, 0x1041, 0x1041, 0x0861, 0x0041, 0x0081, 0x10c3, 0x2104, 0x1061, 0x0800, 0x0000, 0x0000, 0x0020, 0x0000, 0x0020, 
	0x0000, 0x0020, 0x0020, 0x0000, 0x0000, 0x0820, 0x0000, 0x0000, 0x2904, 0x2104, 0x2125, 0x2125, 0x1904, 0x1904, 0x18e3, 0x1882, 
	0x38e4, 0x40e4, 0x40e4, 0x4104, 0x4104, 0x4104, 0x4104, 0x40e4, 0x38c3, 0x38c3, 0x38c3, 0x38a3, 0x38a3, 0x30a3, 0x30a2, 0x28a3, 
	0x20c3, 0x20e3, 0x18c3, 0x18a2, 0x18e3, 0x18c3, 0x18c3, 0x18e3, 0x18a2, 0x10a2, 0x10a2, 0x10a2, 0x0882, 0x0881, 0x0881, 0x0882, 
	0x10a3, 0x10a2, 0x1082, 0x10a2, 0x10a2, 0x0862, 0x0021, 0x0000, 0x0000, 0x0000, 0x0000, 0x0020, 0x0000, 0x0000, 0x0000, 0x0000, 
	0x0000, 0x0000, 0x0000, 0x0000, 0x0000, 0x0000, 0x0000, 0x0000, 0x0000, 0x0000, 0x0000, 0x0000, 0x0000, 0x0000, 0x0000, 0x0000, 
	0x0000, 0x0000, 0x0000, 0x0000, 0x0000, 0x0000, 0x0000, 0x0000, 0x0000, 0x0000, 0x0000, 0x0000, 0x0000, 0x0000, 0x0000, 0x0000, 
	0x0000, 0x0000, 0x0000, 0x0000, 0x0000, 0x0000, 0x0000, 0x0000, 0x0020, 0x0020, 0x0020, 0x0020, 0x0020, 0x0020, 0x0020, 0x0020, 
	0x0020, 0x0020, 0x0020, 0x0020, 0x0020, 0x0020, 0x0020, 0x0020, 0x0020, 0x0020, 0x0020, 0x0020, 0x0020, 0x0020, 0x0020, 0x0020, 
	0x0000, 0x0000, 0x0000, 0x0000, 0x0000, 0x0000, 0x0000, 0x0000, 0x0000, 0x0000, 0x0000, 0x0000, 0x0000, 0x0000, 0x0000, 0x0000, 
	0x0000, 0x0000, 0x0000, 0x0000, 0x0000, 0x0000, 0x0000, 0x0000, 0x0000, 0x0000, 0x0000, 0x0000, 0x0000, 0x0000, 0x0000, 0x0000, 
	0x0000, 0x0000, 0x0000, 0x0000, 0x0000, 0x0000, 0x0000, 0x0000, 0x0000, 0x0000, 0x0000, 0x0000, 0x0000, 0x0000, 0x0000, 0x0000, 
	0x0000, 0x0000, 0x0000, 0x0000, 0x0000, 0x0000, 0x0000, 0x0000, 0x0000, 0x0000, 0x0020, 0x0020, 0x0020, 0x0000, 0x0000, 0x0000, 
	0x0000, 0x0000, 0x0000, 0x0000, 0x0000, 0x0000, 0x0000, 0x0000, 0x0020, 0x0020, 0x0020, 0x0020, 0x0020, 0x0020, 0x0020, 0x0020, 
	0x0000, 0x0000, 0x0000, 0x0000, 0x0000, 0x0000, 0x0000, 0x0000, 0x0020, 0x0020, 0x0020, 0x0020, 0x0020, 0x0020, 0x0020, 0x0020, 
	0x0000, 0x0000, 0x0000, 0x0000, 0x0000, 0x0000, 0x0000, 0x0000, 0x0020, 0x0020, 0x0020, 0x0020, 0x0020, 0x0020, 0x0020, 0x0020, 
	0x0000, 0x0000, 0x0000, 0x0000, 0x0000, 0x0000, 0x0000, 0x0000, 0x0000, 0x0000, 0x0000, 0x0000, 0x0000, 0x0000, 0x0000, 0x0000, 
	0x0000, 0x0000, 0x0000, 0x0000, 0x0020, 0x0020, 0x0000, 0x0000, 0x0000, 0x0020, 0x0861, 0x10a2, 0x10a2, 0x1082, 0x1082, 0x1081, 
	0x0841, 0x0841, 0x1061, 0x1061, 0x1061, 0x1081, 0x1082, 0x1082, 0x10a2, 0x18c3, 0x18c3, 0x18c3, 0x20c3, 0x20c3, 0x20c4, 0x28c4, 
	0x30a3, 0x30a3, 0x30a3, 0x30a3, 0x38a3, 0x38a3, 0x38a3, 0x38c3, 0x40e4, 0x40e4, 0x40e4, 0x40e3, 0x40e3, 0x40e3, 0x40c3, 0x38e3, 
	0x1882, 0x18c2, 0x18e3, 0x18e4, 0x18c3, 0x10c3, 0x2104, 0x2945, 0x1061, 0x0000, 0x0000, 0x0820, 0x0000, 0x0000, 0x0000, 0x0021, 
	0x0021, 0x0000, 0x0000, 0x0000, 0x0000, 0x0000, 0x0000, 0x0800, 0x0000, 0x0821, 0x0861, 0x0021, 0x0000, 0x0041, 0x0841, 0x0800, 
	0x1800, 0x2000, 0x2000, 0x2800, 0x2800, 0x2820, 0x2820, 0x2800, 0x2820, 0x2000, 0x2000, 0x2000, 0x2000, 0x1800, 0x1800, 0x1000, 
	0x1020, 0x0840, 0x0000, 0x0000, 0x0841, 0x0841, 0x0020, 0x0020, 0x0020, 0x0020, 0x0020, 0x0020, 0x0020, 0x0020, 0x0020, 0x0020, 
	0x0020, 0x0000, 0x0000, 0x0000, 0x0020, 0x0020, 0x0000, 0x0000, 0x0000, 0x0000, 0x0000, 0x0000, 0x0000, 0x0000, 0x0000, 0x0020, 
	0x0000, 0x0000, 0x0000, 0x0000, 0x0000, 0x0000, 0x0000, 0x0000, 0x0000, 0x0000, 0x0000, 0x0000, 0x0000, 0x0000, 0x0000, 0x0000, 
	0x0000, 0x0000, 0x0000, 0x0000, 0x0000, 0x0000, 0x0000, 0x0000, 0x0000, 0x0000, 0x0000, 0x0000, 0x0000, 0x0000, 0x0000, 0x0000, 
	0x0000, 0x0000, 0x0000, 0x0000, 0x0000, 0x0000, 0x0000, 0x0000, 0x0000, 0x0000, 0x0000, 0x0000, 0x0000, 0x0000, 0x0000, 0x0000, 
	0x0000, 0x0000, 0x0000, 0x0000, 0x0000, 0x0000, 0x0000, 0x0000, 0x0000, 0x0000, 0x0000, 0x0000, 0x0000, 0x0000, 0x0000, 0x0000, 
	0x0000, 0x0000, 0x0000, 0x0000, 0x0000, 0x0000, 0x0000, 0x0000, 0x0000, 0x0000, 0x0000, 0x0000, 0x0000, 0x0000, 0x0000, 0x0000, 
	0x0000, 0x0000, 0x0000, 0x0000, 0x0000, 0x0000, 0x0000, 0x0000, 0x0000, 0x0000, 0x0000, 0x0000, 0x0000, 0x0000, 0x0000, 0x0000, 
	0x0000, 0x0000, 0x0000, 0x0000, 0x0000, 0x0000, 0x0000, 0x0000, 0x0000, 0x0000, 0x0000, 0x0000, 0x0000, 0x0000, 0x0000, 0x0000, 
	0x0000, 0x0000, 0x0000, 0x0000, 0x0000, 0x0000, 0x0000, 0x0000, 0x0000, 0x0000, 0x0000, 0x0000, 0x0000, 0x0000, 0x0000, 0x0000, 
	0x0000, 0x0000, 0x0000, 0x0000, 0x0000, 0x0000, 0x0000, 0x0000, 0x0000, 0x0000, 0x0000, 0x0000, 0x0000, 0x0000, 0x0000, 0x0000, 
	0x0000, 0x0000, 0x0000, 0x0000, 0x0000, 0x0000, 0x0000, 0x0000, 0x0000, 0x0000, 0x0000, 0x0000, 0x0000, 0x0000, 0x0000, 0x0000, 
	0x0000, 0x0000, 0x0000, 0x0000, 0x0000, 0x0000, 0x0000, 0x0000, 0x0000, 0x0000, 0x0000, 0x0000, 0x0000, 0x0000, 0x0000, 0x0000, 
	0x0000, 0x0000, 0x0000, 0x0000, 0x0000, 0x0000, 0x0000, 0x0000, 0x0000, 0x0000, 0x0000, 0x0000, 0x0000, 0x0000, 0x0000, 0x0000, 
	0x0000, 0x0000, 0x0000, 0x0000, 0x0000, 0x0000, 0x0000, 0x0000, 0x0000, 0x0000, 0x0000, 0x0000, 0x0000, 0x0000, 0x0000, 0x0020, 
	0x0000, 0x0020, 0x0000, 0x0000, 0x0000, 0x0000, 0x0020, 0x0040, 0x0000, 0x0000, 0x0020, 0x0000, 0x0800, 0x0800, 0x1000, 0x1000, 
	0x1800, 0x1800, 0x1800, 0x2000, 0x2000, 0x2000, 0x2020, 0x2820, 0x2820, 0x2820, 0x2820, 0x2820, 0x2800, 0x2800, 0x2800, 0x2000, 
	0x1020, 0x0000, 0x0000, 0x0000, 0x0021, 0x0861, 0x0841, 0x0000, 0x0000, 0x0000, 0x0000, 0x0000, 0x0000, 0x0000, 0x0000, 0x0000, 
	0x0000, 0x0000, 0x0000, 0x0000, 0x0000, 0x0000, 0x0000, 0x0000, 0x0000, 0x0000, 0x0000, 0x0000, 0x0000, 0x0000, 0x0000, 0x0000, 
	0x0800, 0x0800, 0x0800, 0x0800, 0x0800, 0x0800, 0x0800, 0x0800, 0x0800, 0x0800, 0x0800, 0x0000, 0x0000, 0x0000, 0x0000, 0x0000, 
	0x0000, 0x0000, 0x0000, 0x0000, 0x0000, 0x0000, 0x0000, 0x0000, 0x0000, 0x0000, 0x0000, 0x0000, 0x0000, 0x0020, 0x0020, 0x0020, 
	0x0000, 0x0000, 0x0000, 0x0000, 0x0000, 0x0000, 0x0000, 0x0000, 0x0000, 0x0000, 0x0000, 0x0000, 0x0000, 0x0000, 0x0000, 0x0000, 
	0x0000, 0x0000, 0x0000, 0x0000, 0x0000, 0x0000, 0x0000, 0x0000, 0x0000, 0x0000, 0x0000, 0x0000, 0x0000, 0x0000, 0x0000, 0x0000, 
	0x0000, 0x0000, 0x0000, 0x0000, 0x0000, 0x0000, 0x0000, 0x0000, 0x0000, 0x0000, 0x0000, 0x0000, 0x0000, 0x0000, 0x0000, 0x0000, 
	0x0000, 0x0000, 0x0000, 0x0000, 0x0000, 0x0000, 0x0000, 0x0000, 0x0000, 0x0000, 0x0000, 0x0000, 0x0000, 0x0000, 0x0000, 0x0000, 
	0x0000, 0x0000, 0x0000, 0x0000, 0x0000, 0x0000, 0x0000, 0x0000, 0x0000, 0x0000, 0x0000, 0x0000, 0x0000, 0x0000, 0x0000, 0x0000, 
	0x0000, 0x0000, 0x0000, 0x0000, 0x0000, 0x0000, 0x0000, 0x0000, 0x0000, 0x0000, 0x0000, 0x0000, 0x0000, 0x0000, 0x0000, 0x0000, 
	0x0000, 0x0000, 0x0000, 0x0000, 0x0000, 0x0000, 0x0000, 0x0000, 0x0000, 0x0000, 0x0000, 0x0000, 0x0000, 0x0000, 0x0000, 0x0000, 
	0x0000, 0x0000, 0x0000, 0x0000, 0x0000, 0x0000, 0x0000, 0x0000, 0x0000, 0x0000, 0x0000, 0x0000, 0x0000, 0x0000, 0x0000, 0x0000, 
	0x0000, 0x0000, 0x0000, 0x0000, 0x0000, 0x0000, 0x0000, 0x0000, 0x0000, 0x0000, 0x0000, 0x0000, 0x0000, 0x0000, 0x0000, 0x0000, 
	0x0000, 0x0000, 0x0000, 0x0000, 0x0000, 0x0000, 0x0000, 0x0000, 0x0000, 0x0000, 0x0000, 0x0000, 0x0000, 0x0000, 0x0000, 0x0000, 
	0x0000, 0x0000, 0x0000, 0x0000, 0x0000, 0x0000, 0x0000, 0x0000, 0x0000, 0x0000, 0x0000, 0x0000, 0x0000, 0x0000, 0x0000, 0x0000, 
	0x0000, 0x0000, 0x0000, 0x0000, 0x0000, 0x0000, 0x0000, 0x0000, 0x0000, 0x0000, 0x0000, 0x0000, 0x0000, 0x0000, 0x0000, 0x0000, 
	0x0000, 0x0000, 0x0000, 0x0000, 0x0000, 0x0000, 0x0000, 0x0000, 0x0000, 0x0000, 0x0000, 0x0000, 0x0000, 0x0000, 0x0000, 0x0000, 
	0x0000, 0x0000, 0x0000, 0x0000, 0x0000, 0x0000, 0x0000, 0x0000, 0x0000, 0x0000, 0x0000, 0x0000, 0x0000, 0x0000, 0x0000, 0x0000, 
	0x0000, 0x0000, 0x0000, 0x0000, 0x0000, 0x0000, 0x0000, 0x0000, 0x0000, 0x0000, 0x0000, 0x0000, 0x0000, 0x0800, 0x0800, 0x0800, 
	0x0000, 0x0000, 0x0000, 0x0000, 0x0000, 0x0000, 0x0800, 0x0800, 0x0800, 0x0800, 0x0800, 0x0800, 0x0800, 0x0800, 0x0800, 0x0800, 
	0x0000, 0x0000, 0x0000, 0x0000, 0x0000, 0x0000, 0x0000, 0x0000, 0x0000, 0x0000, 0x0000, 0x0000, 0x0000, 0x0000, 0x0000, 0x0000, 
	0x0000, 0x0000, 0x0000, 0x0000, 0x0000, 0x0000, 0x0000, 0x0000, 0x0000, 0x0000, 0x0000, 0x0000, 0x0000, 0x0000, 0x0000, 0x0000, 
	0x0000, 0x0000, 0x0000, 0x0000, 0x0000, 0x0000, 0x0000, 0x0000, 0x0000, 0x0000, 0x0000, 0x0000, 0x0000, 0x0000, 0x0000, 0x0000, 
	0x0000, 0x0000, 0x0000, 0x0000, 0x0000, 0x0000, 0x0000, 0x0000, 0x0000, 0x0000, 0x0000, 0x0000, 0x0000, 0x0020, 0x0020, 0x0020, 
	0x0000, 0x0000, 0x0000, 0x0000, 0x0000, 0x0000, 0x0000, 0x0000, 0x0000, 0x0000, 0x0000, 0x0000, 0x0000, 0x0000, 0x0000, 0x0000, 
	0x0000, 0x0000, 0x0000, 0x0000, 0x0000, 0x0000, 0x0000, 0x0000, 0x0000, 0x0000, 0x0000, 0x0000, 0x0000, 0x0000, 0x0000, 0x0000, 
	0x0000, 0x0000, 0x0000, 0x0000, 0x0000, 0x0000, 0x0000, 0x0000, 0x0000, 0x0000, 0x0000, 0x0000, 0x0000, 0x0000, 0x0000, 0x0000, 
	0x0000, 0x0000, 0x0000, 0x0000, 0x0000, 0x0000, 0x0000, 0x0000, 0x0000, 0x0000, 0x0000, 0x0000, 0x0000, 0x0000, 0x0000, 0x0000, 
	0x0000, 0x0000, 0x0000, 0x0000, 0x0000, 0x0000, 0x0000, 0x0000, 0x0000, 0x0000, 0x0000, 0x0000, 0x0000, 0x0000, 0x0000, 0x0000, 
	0x0000, 0x0000, 0x0000, 0x0000, 0x0000, 0x0000, 0x0000, 0x0000, 0x0000, 0x0000, 0x0000, 0x0000, 0x0000, 0x0000, 0x0000, 0x0000, 
	0x0000, 0x0000, 0x0000, 0x0000, 0x0000, 0x0000, 0x0000, 0x0000, 0x0000, 0x0000, 0x0000, 0x0000, 0x0000, 0x0000, 0x0000, 0x0000, 
	0x0000, 0x0000, 0x0000, 0x0000, 0x0000, 0x0000, 0x0000, 0x0000, 0x0000, 0x0000, 0x0000, 0x0000, 0x0000, 0x0000, 0x0000, 0x0000, 
	0x0000, 0x0000, 0x0000, 0x0000, 0x0000, 0x0000, 0x0000, 0x0000, 0x0000, 0x0000, 0x0000, 0x0000, 0x0000, 0x0000, 0x0000, 0x0000, 
	0x0000, 0x0000, 0x0000, 0x0000, 0x0000, 0x0000, 0x0000, 0x0000, 0x0000, 0x0000, 0x0000, 0x0000, 0x0000, 0x0000, 0x0000, 0x0000, 
	0x0000, 0x0000, 0x0000, 0x0000, 0x0000, 0x0000, 0x0000, 0x0000, 0x0000, 0x0000, 0x0000, 0x0000, 0x0000, 0x0000, 0x0000, 0x0000, 
	0x0000, 0x0000, 0x0000, 0x0000, 0x0000, 0x0000, 0x0000, 0x0000, 0x0000, 0x0000, 0x0000, 0x0000, 0x0000, 0x0000, 0x0000, 0x0000, 
	0x0000, 0x0000, 0x0000, 0x0000, 0x0000, 0x0000, 0x0000, 0x0000, 0x0000, 0x0000, 0x0000, 0x0000, 0x0000, 0x0000, 0x0000, 0x0000, 
	0x0000, 0x0000, 0x0000, 0x0000, 0x0000, 0x0000, 0x0000, 0x0000, 0x0000, 0x0000, 0x0000, 0x0000, 0x0000, 0x0000, 0x0000, 0x0000, 
	0x0000, 0x0000, 0x0000, 0x0000, 0x0000, 0x0000, 0x0000, 0x0000, 0x0000, 0x0000, 0x0000, 0x0000, 0x0000, 0x0800, 0x0800, 0x0800, 
	0x0000, 0x0000, 0x0000, 0x0000, 0x0000, 0x0000, 0x0000, 0x0000, 0x0000, 0x0000, 0x0000, 0x0000, 0x0000, 0x0000, 0x0000, 0x0000, 
	0x0000, 0x0000, 0x0000, 0x0000, 0x0000, 0x0000, 0x0000, 0x0000, 0x0000, 0x0000, 0x0000, 0x0000, 0x0000, 0x0000, 0x0000, 0x0000
};

// 'signal', 320x170px
const uint16_t image_signal [] PROGMEM = {
    0x0000, 0x0000, 0x0000, 0x0000, 0x0000, 0x0000, 0x0000, 0x0000, 0x0000, 0x0000, 0x0000, 0x0000, 0x0000, 0x0000, 0x0000, 0x0000, 
	0x0000, 0x0000, 0x0000, 0x0000, 0x0000, 0x0000, 0x0000, 0x0000, 0x0000, 0x0000, 0x0000, 0x0000, 0x0000, 0x0000, 0x0000, 0x0000, 
	0x0000, 0x0000, 0x0000, 0x0000, 0x0000, 0x0000, 0x0000, 0x0000, 0x0000, 0x0000, 0x0000, 0x0000, 0x0000, 0x0000, 0x0000, 0x0000, 
	0x0000, 0x0000, 0x0000, 0x0000, 0x0000, 0x0000, 0x0000, 0x0000, 0x0000, 0x0000, 0x0000, 0x0000, 0x0000, 0x0000, 0x0000, 0x0000, 
	0x0000, 0x0000, 0x0000, 0x0000, 0x0000, 0x0000, 0x0000, 0x0000, 0x0000, 0x0000, 0x0000, 0x0000, 0x0000, 0x0000, 0x0000, 0x0000, 
	0x0000, 0x0000, 0x0000, 0x0000, 0x0000, 0x0000, 0x0000, 0x0000, 0x0000, 0x0000, 0x0042, 0x0842, 0x0000, 0x0000, 0x0000, 0x0000, 
	0x0000, 0x0000, 0x0000, 0x0000, 0x0001, 0x0001, 0x0000, 0x0000, 0x0000, 0x0000, 0x0000, 0x0000, 0x0000, 0x0000, 0x0000, 0x0000, 
	0x0000, 0x0000, 0x0000, 0x0000, 0x0000, 0x0000, 0x0000, 0x0000, 0x0000, 0x0000, 0x0000, 0x0000, 0x0000, 0x0000, 0x0000, 0x0000, 
	0x0000, 0x0000, 0x0000, 0x0000, 0x0000, 0x0000, 0x0000, 0x0000, 0x0000, 0x0000, 0x0000, 0x0000, 0x0000, 0x0000, 0x0000, 0x0000, 
	0x0000, 0x0000, 0x0002, 0x092b, 0x0887, 0x0000, 0x0001, 0x0000, 0x0000, 0x0000, 0x0000, 0x0000, 0x0000, 0x0000, 0x0000, 0x0000, 
	0x0000, 0x0000, 0x0000, 0x0000, 0x0001, 0x0000, 0x0001, 0x0002, 0x0001, 0x0024, 0x1355, 0x1314, 0x0003, 0x0000, 0x0001, 0x0000, 
	0x0000, 0x0000, 0x0000, 0x0000, 0x0000, 0x0000, 0x0000, 0x0000, 0x0000, 0x0000, 0x0000, 0x0000, 0x0000, 0x0000, 0x0000, 0x0000, 
	0x0000, 0x0000, 0x0000, 0x0000, 0x0000, 0x0000, 0x0000, 0x0000, 0x0000, 0x0000, 0x0000, 0x0001, 0x0023, 0x0045, 0x0006, 0x0005, 
	0x006a, 0x1332, 0x265a, 0x1e9b, 0x2efd, 0x269e, 0x1e1d, 0x2e1d, 0x25dc, 0x26de, 0x2f7e, 0x2598, 0x1392, 0x0089, 0x0007, 0x0027, 
	0x0066, 0x0023, 0x0002, 0x0001, 0x0000, 0x0000, 0x0000, 0x0000, 0x0000, 0x0000, 0x0000, 0x0000, 0x0000, 0x0000, 0x0000, 0x0000, 
	0x0000, 0x0000, 0x0000, 0x0000, 0x0841, 0x0000, 0x0000, 0x0000, 0x0000, 0x0000, 0x0000, 0x0000, 0x0000, 0x0000, 0x0000, 0x0000, 
	0x0000, 0x0000, 0x0000, 0x0000, 0x0000, 0x0000, 0x0000, 0x0000, 0x0000, 0x0000, 0x0000, 0x0000, 0x0000, 0x0000, 0x0000, 0x0000, 
	0x0000, 0x0000, 0x0000, 0x0000, 0x0000, 0x0000, 0x0000, 0x0000, 0x0887, 0x0066, 0x0000, 0x0000, 0x0000, 0x0000, 0x0000, 0x0000, 
	0x0000, 0x0000, 0x0000, 0x0000, 0x0000, 0x0000, 0x0000, 0x0000, 0x0000, 0x0000, 0x0000, 0x0000, 0x0000, 0x0000, 0x0000, 0x0000, 
	0x0000, 0x0000, 0x0000, 0x0000, 0x0000, 0x0000, 0x0000, 0x0000, 0x0000, 0x0000, 0x0000, 0x0000, 0x0000, 0x0000, 0x0000, 0x0000, 
	0x0000, 0x0000, 0x0000, 0x0000, 0x0000, 0x0000, 0x0000, 0x0000, 0x0000, 0x0000, 0x0000, 0x0000, 0x0000, 0x0000, 0x0000, 0x0000, 
	0x0000, 0x0000, 0x0000, 0x0000, 0x0000, 0x0000, 0x0000, 0x0000, 0x0000, 0x0000, 0x0000, 0x0000, 0x0000, 0x0000, 0x0000, 0x0000, 
	0x0000, 0x0000, 0x0000, 0x0000, 0x0000, 0x0000, 0x0000, 0x0000, 0x0000, 0x0000, 0x0000, 0x0000, 0x0000, 0x0000, 0x0000, 0x0000, 
	0x0000, 0x0000, 0x0000, 0x0000, 0x0000, 0x0000, 0x0000, 0x0000, 0x0000, 0x0000, 0x0000, 0x0000, 0x0000, 0x0000, 0x0000, 0x0000, 
	0x0000, 0x0000, 0x0000, 0x0000, 0x0000, 0x0000, 0x0000, 0x0000, 0x0000, 0x0000, 0x0000, 0x0000, 0x0021, 0x10a4, 0x0000, 0x0000, 
	0x0000, 0x0000, 0x0000, 0x0000, 0x0000, 0x0000, 0x0000, 0x0000, 0x0000, 0x0000, 0x0000, 0x0000, 0x0000, 0x0000, 0x0000, 0x0000, 
	0x0000, 0x0000, 0x0000, 0x0000, 0x0000, 0x0000, 0x0000, 0x0000, 0x0000, 0x0000, 0x0000, 0x0000, 0x0000, 0x0000, 0x0000, 0x0000, 
	0x0000, 0x0000, 0x0000, 0x0000, 0x0000, 0x0000, 0x0001, 0x0000, 0x0000, 0x0000, 0x0000, 0x0000, 0x0000, 0x0000, 0x0000, 0x0000, 
	0x0000, 0x0000, 0x0000, 0x0000, 0x0000, 0x0000, 0x0000, 0x0000, 0x0000, 0x0000, 0x0000, 0x0000, 0x0000, 0x0000, 0x0000, 0x0000, 
	0x0000, 0x0000, 0x08c8, 0x090b, 0x0001, 0x0000, 0x0000, 0x0000, 0x0041, 0x0882, 0x0000, 0x0000, 0x0000, 0x0000, 0x0000, 0x0000, 
	0x0000, 0x0000, 0x0000, 0x0000, 0x0000, 0x0001, 0x0001, 0x0000, 0x0045, 0x1376, 0x1376, 0x0004, 0x0001, 0x0002, 0x0000, 0x0000, 
	0x0000, 0x0000, 0x0000, 0x0000, 0x0000, 0x0000, 0x0000, 0x0000, 0x0000, 0x0000, 0x0000, 0x0000, 0x0000, 0x0000, 0x0000, 0x0000, 
	0x0884, 0x0884, 0x0000, 0x0000, 0x0000, 0x0000, 0x0000, 0x0000, 0x0000, 0x0000, 0x0001, 0x0022, 0x0045, 0x0004, 0x0007, 0x1372, 
	0x26dc, 0x277f, 0x157d, 0x147b, 0x02f8, 0x0133, 0x00d2, 0x0113, 0x0134, 0x0216, 0x0b99, 0x1d7d, 0x273f, 0x26fc, 0x1c95, 0x0069, 
	0x0006, 0x0026, 0x0044, 0x0002, 0x0001, 0x0000, 0x0000, 0x0000, 0x0000, 0x0000, 0x0000, 0x0000, 0x0000, 0x0000, 0x0000, 0x0000, 
	0x0000, 0x0000, 0x0000, 0x0000, 0x0000, 0x0000, 0x0000, 0x0000, 0x0000, 0x0000, 0x0000, 0x0000, 0x0000, 0x0000, 0x0000, 0x0000, 
	0x0000, 0x0000, 0x0000, 0x0000, 0x0000, 0x0000, 0x0000, 0x0000, 0x0000, 0x0000, 0x0000, 0x0000, 0x0000, 0x0000, 0x0000, 0x0000, 
	0x0000, 0x0000, 0x0000, 0x0000, 0x0000, 0x0000, 0x0000, 0x0000, 0x0024, 0x08c9, 0x0022, 0x0000, 0x0000, 0x0000, 0x0000, 0x0000, 
	0x0000, 0x0000, 0x0000, 0x0000, 0x0000, 0x0000, 0x0000, 0x0000, 0x0000, 0x0000, 0x0000, 0x0000, 0x0000, 0x0000, 0x0000, 0x0000, 
	0x0000, 0x0000, 0x0000, 0x0000, 0x0000, 0x0000, 0x0000, 0x0000, 0x0000, 0x0000, 0x0000, 0x0000, 0x0000, 0x0000, 0x0000, 0x0000, 
	0x0000, 0x0000, 0x0000, 0x0000, 0x0000, 0x0021, 0x10c5, 0x0000, 0x0000, 0x0000, 0x0000, 0x0000, 0x0000, 0x0000, 0x0000, 0x0000, 
	0x0000, 0x0000, 0x0000, 0x0000, 0x0000, 0x0000, 0x0000, 0x0000, 0x0000, 0x0000, 0x0000, 0x0000, 0x0000, 0x0000, 0x0000, 0x0000, 
	0x0000, 0x0000, 0x0000, 0x0000, 0x0000, 0x0000, 0x0000, 0x0000, 0x0000, 0x0000, 0x0000, 0x0000, 0x0000, 0x0000, 0x0000, 0x0000, 
	0x0000, 0x0000, 0x0000, 0x0000, 0x0000, 0x0000, 0x0000, 0x0000, 0x0000, 0x0000, 0x0000, 0x0000, 0x0000, 0x0000, 0x0000, 0x0000, 
	0x0000, 0x0000, 0x0000, 0x0000, 0x0000, 0x0000, 0x0000, 0x0000, 0x0000, 0x0000, 0x0000, 0x0000, 0x0041, 0x10e6, 0x0000, 0x0000, 
	0x0000, 0x0000, 0x0000, 0x0000, 0x0000, 0x0000, 0x0000, 0x0000, 0x0000, 0x0000, 0x0000, 0x0000, 0x0000, 0x0000, 0x0000, 0x0000, 
	0x0000, 0x0000, 0x0000, 0x0000, 0x0000, 0x0000, 0x0000, 0x0000, 0x0000, 0x0000, 0x0000, 0x0000, 0x0000, 0x0000, 0x0000, 0x0000, 
	0x0000, 0x0000, 0x0000, 0x0000, 0x0000, 0x0000, 0x0001, 0x0000, 0x0000, 0x0000, 0x0000, 0x0000, 0x0000, 0x0000, 0x0000, 0x0000, 
	0x0020, 0x0000, 0x0000, 0x0000, 0x0000, 0x0000, 0x0000, 0x0000, 0x0000, 0x0000, 0x0000, 0x0000, 0x0000, 0x0000, 0x0000, 0x0000, 
	0x0000, 0x0043, 0x090b, 0x0023, 0x0000, 0x0001, 0x0000, 0x0000, 0x10a3, 0x1926, 0x0000, 0x0000, 0x0000, 0x0000, 0x0000, 0x0000, 
	0x0000, 0x0000, 0x0000, 0x0000, 0x0001, 0x0001, 0x0001, 0x00c8, 0x1376, 0x1335, 0x0066, 0x0001, 0x0002, 0x0001, 0x0000, 0x0000, 
	0x0000, 0x0000, 0x0000, 0x0000, 0x0000, 0x0000, 0x0000, 0x0000, 0x0000, 0x0000, 0x0000, 0x0000, 0x0000, 0x0000, 0x0000, 0x0000, 
	0x0042, 0x0022, 0x0000, 0x0000, 0x0000, 0x0000, 0x0000, 0x0000, 0x0000, 0x0000, 0x0001, 0x0024, 0x0005, 0x094b, 0x2579, 0x1e5d, 
	0x145a, 0x0a37, 0x0195, 0x0277, 0x0c3a, 0x1d5b, 0x1d7c, 0x1d5b, 0x1d5b, 0x14bb, 0x0b18, 0x0175, 0x0216, 0x14bb, 0x2e7d, 0x2e5b, 
	0x12b0, 0x0005, 0x0026, 0x0045, 0x0002, 0x0001, 0x0000, 0x0000, 0x0000, 0x0000, 0x0000, 0x0000, 0x0000, 0x0000, 0x0000, 0x0000, 
	0x0000, 0x0000, 0x0000, 0x0000, 0x0000, 0x0000, 0x0000, 0x0000, 0x0000, 0x0000, 0x0000, 0x0000, 0x0000, 0x0000, 0x0000, 0x0000, 
	0x0000, 0x0000, 0x0000, 0x0000, 0x0000, 0x0000, 0x0000, 0x0000, 0x0000, 0x0000, 0x0000, 0x0000, 0x0000, 0x0000, 0x0000, 0x0001, 
	0x0884, 0x0000, 0x0000, 0x0000, 0x0000, 0x0000, 0x0000, 0x0001, 0x0000, 0x08c9, 0x0887, 0x0000, 0x0000, 0x0000, 0x0000, 0x0000, 
	0x0000, 0x0000, 0x0000, 0x0000, 0x0000, 0x0000, 0x0000, 0x0000, 0x0000, 0x0000, 0x0000, 0x0000, 0x0000, 0x0000, 0x0000, 0x0000, 
	0x0000, 0x0000, 0x0000, 0x0000, 0x0000, 0x0000, 0x0000, 0x0000, 0x0000, 0x0000, 0x0000, 0x0000, 0x0000, 0x0000, 0x0000, 0x0000, 
	0x0000, 0x0000, 0x0000, 0x0000, 0x0000, 0x0000, 0x0883, 0x0000, 0x0000, 0x0000, 0x0000, 0x0000, 0x0000, 0x0000, 0x0000, 0x0000, 
	0x0000, 0x0000, 0x0000, 0x0000, 0x0000, 0x0000, 0x0000, 0x0000, 0x0000, 0x0000, 0x0000, 0x0000, 0x0000, 0x0000, 0x0000, 0x0000, 
	0x0000, 0x0000, 0x0000, 0x0000, 0x0000, 0x0000, 0x0000, 0x0000, 0x0000, 0x0000, 0x0000, 0x0000, 0x0000, 0x0000, 0x0042, 0x0000, 
	0x0000, 0x0000, 0x0000, 0x0000, 0x0000, 0x0000, 0x0000, 0x0000, 0x0000, 0x0000, 0x0000, 0x0000, 0x0000, 0x0000, 0x0000, 0x0000, 
	0x0000, 0x0000, 0x0000, 0x0000, 0x0000, 0x0000, 0x0000, 0x0000, 0x0000, 0x0000, 0x0000, 0x0000, 0x0000, 0x0000, 0x0000, 0x0000, 
	0x0000, 0x0000, 0x0000, 0x0000, 0x0000, 0x0000, 0x0000, 0x0000, 0x0000, 0x0000, 0x0000, 0x0000, 0x0000, 0x0000, 0x0000, 0x0000, 
	0x0000, 0x0000, 0x0000, 0x0000, 0x0000, 0x0000, 0x0000, 0x0000, 0x0000, 0x0000, 0x0000, 0x0000, 0x0000, 0x0000, 0x0000, 0x0000, 
	0x0000, 0x0000, 0x0000, 0x10c4, 0x10c4, 0x0000, 0x0000, 0x0000, 0x0000, 0x0000, 0x0000, 0x0000, 0x0000, 0x0000, 0x0000, 0x0000, 
	0x0020, 0x0863, 0x0884, 0x0000, 0x0000, 0x0000, 0x0000, 0x0000, 0x0000, 0x0000, 0x0000, 0x0000, 0x0000, 0x0000, 0x0000, 0x0001, 
	0x0000, 0x08c8, 0x0087, 0x0000, 0x0000, 0x0000, 0x0000, 0x0000, 0x0000, 0x0000, 0x0000, 0x0000, 0x0000, 0x0000, 0x0000, 0x0000, 
	0x0000, 0x0000, 0x0000, 0x0001, 0x0002, 0x0000, 0x08e8, 0x1c19, 0x0ab2, 0x0003, 0x0001, 0x0002, 0x0001, 0x0000, 0x0000, 0x0000, 
	0x0000, 0x0000, 0x0000, 0x0000, 0x0000, 0x0000, 0x0000, 0x0000, 0x0000, 0x0000, 0x0000, 0x0000, 0x0000, 0x0000, 0x0000, 0x0000, 
	0x0000, 0x0000, 0x0000, 0x0000, 0x0000, 0x0000, 0x0000, 0x0000, 0x0000, 0x0001, 0x0002, 0x0003, 0x09ac, 0x2f7e, 0x0d3c, 0x00f4, 
	0x01d6, 0x149b, 0x261d, 0x26bd, 0x1e9c, 0x1d7a, 0x1456, 0x13f5, 0x1476, 0x1edc, 0x26fd, 0x26bd, 0x1cdb, 0x0154, 0x00f3, 0x0bf9, 
	0x2f5f, 0x2495, 0x0007, 0x0006, 0x0045, 0x0002, 0x0000, 0x0000, 0x0000, 0x0000, 0x0000, 0x0000, 0x0000, 0x0000, 0x0000, 0x0000, 
	0x0000, 0x0000, 0x0000, 0x0000, 0x0000, 0x0000, 0x0000, 0x0000, 0x0000, 0x1926, 0x08a3, 0x0000, 0x0000, 0x0000, 0x0000, 0x0000, 
	0x0000, 0x0000, 0x0000, 0x0001, 0x0000, 0x0000, 0x0000, 0x0000, 0x0000, 0x0000, 0x0000, 0x0000, 0x0000, 0x0000, 0x0000, 0x0000, 
	0x0863, 0x0000, 0x0000, 0x0000, 0x0000, 0x0000, 0x0000, 0x0000, 0x0000, 0x0065, 0x00a8, 0x0000, 0x0000, 0x0000, 0x0000, 0x0000, 
	0x0000, 0x0000, 0x0000, 0x0000, 0x0000, 0x0000, 0x0000, 0x0000, 0x0000, 0x0000, 0x0000, 0x0000, 0x0000, 0x0000, 0x0000, 0x0000, 
	0x0000, 0x0000, 0x0000, 0x0000, 0x0000, 0x0000, 0x0000, 0x0000, 0x0000, 0x0000, 0x0000, 0x0000, 0x0000, 0x0000, 0x0000, 0x0000, 
	0x0000, 0x0000, 0x0000, 0x0000, 0x0000, 0x0000, 0x0000, 0x0000, 0x0000, 0x0000, 0x0000, 0x0000, 0x0000, 0x0000, 0x0000, 0x0000, 
	0x0000, 0x0000, 0x0000, 0x0000, 0x0000, 0x0000, 0x0000, 0x0000, 0x0000, 0x0000, 0x0000, 0x0000, 0x0000, 0x0000, 0x0000, 0x0000, 
	0x0000, 0x0000, 0x0000, 0x0000, 0x0000, 0x0000, 0x0000, 0x0000, 0x0000, 0x0000, 0x0000, 0x0000, 0x0000, 0x0000, 0x0042, 0x0000, 
	0x0000, 0x0000, 0x0000, 0x0000, 0x0000, 0x0000, 0x0000, 0x0000, 0x0000, 0x0000, 0x0000, 0x0000, 0x0000, 0x0000, 0x0000, 0x0000, 
	0x0000, 0x0000, 0x0000, 0x0000, 0x0000, 0x0000, 0x0000, 0x0000, 0x0000, 0x0000, 0x0000, 0x0000, 0x0000, 0x0000, 0x0000, 0x0000, 
	0x0000, 0x0000, 0x0000, 0x0000, 0x0000, 0x0000, 0x0000, 0x0000, 0x0000, 0x0000, 0x0000, 0x0000, 0x0000, 0x0000, 0x0000, 0x0000, 
	0x0000, 0x0000, 0x0000, 0x0000, 0x0000, 0x0001, 0x0000, 0x0000, 0x0000, 0x0000, 0x0000, 0x0000, 0x0000, 0x0000, 0x0000, 0x0000, 
	0x0000, 0x0000, 0x0000, 0x10e5, 0x1905, 0x0000, 0x0000, 0x0000, 0x0000, 0x0000, 0x0000, 0x0000, 0x0021, 0x0000, 0x0000, 0x0000, 
	0x0000, 0x0021, 0x0021, 0x0000, 0x0000, 0x0000, 0x0000, 0x0000, 0x0000, 0x0000, 0x0000, 0x0000, 0x0000, 0x0000, 0x0001, 0x0000, 
	0x0086, 0x08ea, 0x0001, 0x0000, 0x0000, 0x0000, 0x0000, 0x0000, 0x0000, 0x0000, 0x0000, 0x0000, 0x0000, 0x0000, 0x0000, 0x0000, 
	0x0000, 0x0000, 0x0000, 0x0002, 0x0001, 0x0002, 0x1334, 0x12d3, 0x0002, 0x0001, 0x0002, 0x0000, 0x0000, 0x0000, 0x0000, 0x0000, 
	0x0000, 0x0000, 0x0000, 0x0000, 0x0000, 0x0000, 0x0000, 0x0000, 0x0000, 0x0000, 0x0000, 0x0000, 0x0000, 0x0000, 0x0000, 0x0000, 
	0x0000, 0x0000, 0x0000, 0x0000, 0x0000, 0x0000, 0x0000, 0x0000, 0x0000, 0x0001, 0x0002, 0x0003, 0x09cc, 0x271e, 0x03fa, 0x0b39, 
	0x269e, 0x2e39, 0x1393, 0x096d, 0x00ec, 0x002b, 0x000a, 0x000a, 0x000b, 0x00ed, 0x096d, 0x1392, 0x265a, 0x277f, 0x0c7a, 0x00d3, 
	0x0af8, 0x37ff, 0x24b5, 0x0006, 0x0026, 0x0024, 0x0001, 0x0000, 0x0000, 0x0000, 0x0000, 0x0000, 0x0000, 0x0000, 0x0000, 0x0000, 
	0x0000, 0x0000, 0x0000, 0x0000, 0x0000, 0x0000, 0x0000, 0x0000, 0x0000, 0x0041, 0x0020, 0x0000, 0x0000, 0x0000, 0x0000, 0x0000, 
	0x0000, 0x0000, 0x0000, 0x0000, 0x0022, 0x0908, 0x0002, 0x0000, 0x0000, 0x0000, 0x0000, 0x0000, 0x0000, 0x0000, 0x0000, 0x0000, 
	0x0000, 0x0000, 0x0000, 0x0000, 0x0000, 0x0000, 0x0000, 0x0000, 0x0000, 0x0001, 0x08a8, 0x0045, 0x0000, 0x0000, 0x0000, 0x0000, 
	0x0000, 0x0000, 0x0000, 0x0000, 0x0000, 0x0000, 0x0000, 0x0000, 0x0000, 0x0000, 0x0000, 0x0000, 0x0000, 0x0000, 0x0000, 0x0000, 
	0x0000, 0x0000, 0x0000, 0x0000, 0x0000, 0x0000, 0x0000, 0x0000, 0x0000, 0x0000, 0x0000, 0x0000, 0x0000, 0x0000, 0x0000, 0x0000, 
	0x0000, 0x0000, 0x0000, 0x0000, 0x0000, 0x0000, 0x0000, 0x0000, 0x0000, 0x0000, 0x0000, 0x0000, 0x0000, 0x0000, 0x0000, 0x0000, 
	0x0000, 0x0000, 0x0000, 0x0000, 0x0000, 0x0000, 0x0000, 0x0000, 0x0000, 0x0000, 0x0000, 0x0000, 0x0000, 0x0000, 0x0000, 0x0000, 
	0x0000, 0x0000, 0x0000, 0x0000, 0x0000, 0x0000, 0x0000, 0x0000, 0x0000, 0x0000, 0x0000, 0x0000, 0x0000, 0x0000, 0x0000, 0x0000, 
	0x0000, 0x0000, 0x0000, 0x0000, 0x0000, 0x0000, 0x0000, 0x0000, 0x0000, 0x0000, 0x0000, 0x0000, 0x0000, 0x0000, 0x0000, 0x0000, 
	0x0000, 0x0000, 0x0000, 0x0000, 0x0000, 0x0000, 0x0000, 0x0000, 0x0000, 0x0000, 0x0000, 0x0000, 0x0000, 0x0000, 0x0000, 0x0000, 
	0x0000, 0x0000, 0x0000, 0x0000, 0x0000, 0x0000, 0x0000, 0x0000, 0x0000, 0x0000, 0x0000, 0x0000, 0x0000, 0x0000, 0x0000, 0x0000, 
	0x0000, 0x0000, 0x0000, 0x0000, 0x0000, 0x0000, 0x0000, 0x0000, 0x0000, 0x0000, 0x0000, 0x0000, 0x0000, 0x0000, 0x0000, 0x0000, 
	0x0000, 0x0000, 0x0000, 0x0000, 0x0000, 0x0000, 0x0001, 0x0000, 0x0000, 0x0000, 0x0000, 0x0863, 0x10a4, 0x0000, 0x0000, 0x0000, 
	0x0000, 0x0000, 0x0000, 0x0000, 0x0000, 0x0000, 0x0000, 0x0000, 0x0000, 0x0000, 0x0000, 0x0000, 0x0000, 0x0000, 0x0001, 0x0001, 
	0x090b, 0x08c9, 0x0000, 0x0000, 0x0000, 0x0000, 0x0000, 0x0000, 0x0000, 0x0000, 0x0000, 0x0000, 0x0000, 0x0000, 0x0000, 0x0000, 
	0x0000, 0x0000, 0x0001, 0x0002, 0x0000, 0x120e, 0x1c19, 0x0025, 0x0001, 0x0022, 0x0001, 0x0000, 0x0000, 0x0000, 0x0000, 0x0000, 
	0x0000, 0x0000, 0x0000, 0x0000, 0x0000, 0x0000, 0x0000, 0x0000, 0x0000, 0x0000, 0x0000, 0x0000, 0x0000, 0x0000, 0x0000, 0x0000, 
	0x0000, 0x0000, 0x0000, 0x0000, 0x0000, 0x0000, 0x0000, 0x0000, 0x0000, 0x0000, 0x0001, 0x0004, 0x0006, 0x1373, 0x2fdf, 0x269c, 
	0x12f1, 0x002a, 0x0009, 0x0008, 0x0008, 0x00cc, 0x09ef, 0x0a10, 0x094e, 0x0009, 0x0009, 0x0009, 0x00ec, 0x1c15, 0x2f3e, 0x265e, 
	0x01d6, 0x0256, 0x2f7f, 0x2414, 0x0005, 0x0025, 0x0002, 0x0000, 0x0000, 0x0000, 0x0000, 0x0000, 0x0000, 0x0000, 0x0000, 0x0000, 
	0x0000, 0x0000, 0x0000, 0x0000, 0x0000, 0x0000, 0x0000, 0x0000, 0x0000, 0x0000, 0x0000, 0x0000, 0x0000, 0x0000, 0x0000, 0x0000, 
	0x0000, 0x0000, 0x0000, 0x0000, 0x0021, 0x1a50, 0x09ce, 0x0000, 0x0001, 0x0000, 0x0000, 0x0000, 0x0000, 0x0000, 0x0000, 0x0000, 
	0x0000, 0x0000, 0x0000, 0x0000, 0x0000, 0x0882, 0x0020, 0x0000, 0x0001, 0x0000, 0x0086, 0x090a, 0x0001, 0x0000, 0x0000, 0x0000, 
	0x0000, 0x0000, 0x0000, 0x0000, 0x0000, 0x0000, 0x0000, 0x0000, 0x0000, 0x0000, 0x0000, 0x0000, 0x0000, 0x0000, 0x0000, 0x0000, 
	0x0000, 0x0000, 0x0000, 0x0000, 0x0000, 0x0000, 0x0000, 0x0000, 0x0000, 0x0000, 0x0000, 0x0000, 0x0000, 0x0000, 0x0000, 0x0000, 
	0x0000, 0x0000, 0x0000, 0x0000, 0x0000, 0x0000, 0x0000, 0x0000, 0x0000, 0x0000, 0x0000, 0x0000, 0x0000, 0x0000, 0x0000, 0x0000, 
	0x0000, 0x0000, 0x0000, 0x0000, 0x0000, 0x0000, 0x0000, 0x0000, 0x0000, 0x0000, 0x0000, 0x0000, 0x0000, 0x0000, 0x0000, 0x0000, 
	0x0000, 0x0000, 0x0000, 0x0000, 0x0000, 0x0000, 0x0000, 0x0000, 0x0000, 0x0000, 0x0000, 0x0000, 0x0000, 0x0000, 0x0000, 0x0000, 
	0x0000, 0x0000, 0x0000, 0x0000, 0x0000, 0x0000, 0x0000, 0x0000, 0x0000, 0x0000, 0x0000, 0x0000, 0x0000, 0x0000, 0x0000, 0x0000, 
	0x0000, 0x0000, 0x0000, 0x0000, 0x0000, 0x0000, 0x0000, 0x0000, 0x0000, 0x0000, 0x0000, 0x0000, 0x0000, 0x0000, 0x0000, 0x0000, 
	0x0000, 0x0000, 0x0000, 0x0000, 0x0000, 0x0000, 0x0000, 0x0000, 0x0000, 0x0000, 0x0000, 0x0000, 0x0000, 0x0000, 0x0000, 0x0000, 
	0x0000, 0x0000, 0x0000, 0x0000, 0x0000, 0x0001, 0x0000, 0x0000, 0x0000, 0x0000, 0x0000, 0x0000, 0x0000, 0x0000, 0x0000, 0x0000, 
	0x0000, 0x0000, 0x0000, 0x0000, 0x0000, 0x0000, 0x0001, 0x0000, 0x0000, 0x0000, 0x0000, 0x0000, 0x0000, 0x0000, 0x0000, 0x0000, 
	0x0000, 0x0000, 0x0000, 0x0000, 0x0000, 0x0000, 0x0000, 0x0000, 0x0000, 0x0000, 0x0000, 0x0000, 0x0000, 0x0000, 0x0000, 0x08a7, 
	0x114c, 0x0002, 0x0000, 0x0000, 0x0000, 0x0000, 0x0000, 0x0000, 0x0000, 0x0000, 0x0000, 0x0000, 0x0000, 0x0000, 0x0000, 0x0000, 
	0x0000, 0x0001, 0x0002, 0x0001, 0x096c, 0x1c5a, 0x09ad, 0x0000, 0x0002, 0x0001, 0x0000, 0x0000, 0x0000, 0x0000, 0x0000, 0x0000, 
	0x0000, 0x0000, 0x0000, 0x0001, 0x0001, 0x0001, 0x0001, 0x0000, 0x0000, 0x0000, 0x0000, 0x0000, 0x0000, 0x0000, 0x0000, 0x0000, 
	0x0000, 0x0000, 0x0000, 0x0000, 0x0000, 0x0000, 0x0000, 0x0000, 0x0000, 0x0000, 0x0001, 0x0023, 0x0025, 0x00a9, 0x126e, 0x09ad, 
	0x0009, 0x000a, 0x00ac, 0x1332, 0x13d3, 0x1d59, 0x1edd, 0x16fd, 0x1e5b, 0x1475, 0x0b11, 0x006b, 0x000a, 0x000a, 0x094e, 0x2e5b, 
	0x263d, 0x0133, 0x0256, 0x263d, 0x12cf, 0x0004, 0x0003, 0x0001, 0x0000, 0x0000, 0x0000, 0x0000, 0x0000, 0x0000, 0x0000, 0x0000, 
	0x0000, 0x0000, 0x0000, 0x0000, 0x0000, 0x0000, 0x0000, 0x0000, 0x0000, 0x0000, 0x0000, 0x0000, 0x0000, 0x0000, 0x0000, 0x0000, 
	0x0000, 0x0000, 0x0000, 0x0000, 0x0000, 0x00c8, 0x1b16, 0x0086, 0x0000, 0x0001, 0x0000, 0x0000, 0x0000, 0x0000, 0x0000, 0x0000, 
	0x0000, 0x0000, 0x0000, 0x0000, 0x0000, 0x3209, 0x0862, 0x0000, 0x0000, 0x0000, 0x0002, 0x092b, 0x0023, 0x0000, 0x0000, 0x0000, 
	0x0000, 0x0000, 0x0000, 0x0000, 0x0000, 0x0000, 0x0000, 0x0041, 0x1925, 0x0000, 0x0000, 0x0000, 0x0000, 0x0000, 0x0000, 0x0000, 
	0x0000, 0x0000, 0x0000, 0x0000, 0x0000, 0x0000, 0x0000, 0x0000, 0x0000, 0x0000, 0x0000, 0x0000, 0x0000, 0x0000, 0x0000, 0x0000, 
	0x0000, 0x0000, 0x0000, 0x0000, 0x0000, 0x0000, 0x0000, 0x0000, 0x0000, 0x0000, 0x0000, 0x0000, 0x0000, 0x0000, 0x0000, 0x0000, 
	0x0000, 0x0000, 0x0000, 0x0000, 0x0000, 0x0000, 0x0000, 0x0000, 0x0000, 0x0000, 0x0000, 0x0000, 0x0000, 0x0000, 0x0000, 0x0000, 
	0x0000, 0x0000, 0x0000, 0x0000, 0x0000, 0x0000, 0x0000, 0x0000, 0x0000, 0x0000, 0x0000, 0x0000, 0x0000, 0x0000, 0x0000, 0x0000, 
	0x0000, 0x0000, 0x0000, 0x0000, 0x0000, 0x0000, 0x0000, 0x0000, 0x0000, 0x0000, 0x0000, 0x0000, 0x0000, 0x0000, 0x0000, 0x0000, 
	0x0000, 0x0000, 0x0863, 0x0021, 0x0000, 0x0000, 0x0000, 0x0000, 0x0000, 0x0000, 0x0000, 0x0000, 0x0000, 0x0000, 0x0000, 0x0000, 
	0x0000, 0x0000, 0x0000, 0x0000, 0x0001, 0x0000, 0x0000, 0x0000, 0x0000, 0x0000, 0x0000, 0x0000, 0x0000, 0x0000, 0x0000, 0x0000, 
	0x0000, 0x0000, 0x0000, 0x0000, 0x0000, 0x0000, 0x0000, 0x0000, 0x0000, 0x0000, 0x0000, 0x0000, 0x0000, 0x0000, 0x0000, 0x0000, 
	0x0000, 0x0000, 0x0000, 0x0000, 0x0000, 0x0000, 0x0022, 0x0001, 0x0000, 0x0000, 0x0000, 0x0000, 0x0000, 0x0000, 0x0000, 0x0000, 
	0x0000, 0x0000, 0x0000, 0x0000, 0x0000, 0x0000, 0x0000, 0x0000, 0x0000, 0x0000, 0x0000, 0x0000, 0x0000, 0x0000, 0x0064, 0x118e, 
	0x0065, 0x0000, 0x0000, 0x0000, 0x0000, 0x0000, 0x0000, 0x0000, 0x0000, 0x0000, 0x0000, 0x0000, 0x0000, 0x0000, 0x0000, 0x0000, 
	0x0001, 0x0002, 0x0002, 0x09cd, 0x145a, 0x098c, 0x0001, 0x0001, 0x0001, 0x0000, 0x0000, 0x0000, 0x0000, 0x0000, 0x0000, 0x0000, 
	0x0000, 0x0001, 0x0002, 0x0023, 0x0001, 0x0000, 0x0002, 0x0001, 0x0000, 0x0000, 0x0000, 0x0000, 0x0000, 0x0000, 0x0000, 0x0000, 
	0x0000, 0x0000, 0x0000, 0x0000, 0x0000, 0x0000, 0x0000, 0x0000, 0x0000, 0x0000, 0x0000, 0x0001, 0x0024, 0x0005, 0x0005, 0x0007, 
	0x0008, 0x1250, 0x2e9b, 0x26de, 0x1d3c, 0x13da, 0x0ad8, 0x0ab7, 0x0bd9, 0x155c, 0x26fe, 0x2ebb, 0x1270, 0x000a, 0x000a, 0x0009, 
	0x2558, 0x1e7d, 0x00f2, 0x0e1e, 0x267a, 0x0004, 0x0003, 0x0001, 0x0000, 0x0000, 0x0000, 0x0000, 0x0000, 0x0000, 0x0000, 0x0000, 
	0x0000, 0x0000, 0x0000, 0x0000, 0x0000, 0x0000, 0x0000, 0x0000, 0x0000, 0x0000, 0x0000, 0x0000, 0x0000, 0x0000, 0x0000, 0x0000, 
	0x0000, 0x0000, 0x0000, 0x0000, 0x0001, 0x0000, 0x094b, 0x12d4, 0x0044, 0x0000, 0x0001, 0x0000, 0x0000, 0x0000, 0x0000, 0x0000, 
	0x0000, 0x0000, 0x0000, 0x0000, 0x0000, 0x0000, 0x0000, 0x0000, 0x0000, 0x0000, 0x0001, 0x08c8, 0x00a7, 0x0000, 0x0000, 0x0000, 
	0x0000, 0x0000, 0x0000, 0x0000, 0x0000, 0x0000, 0x0000, 0x0841, 0x1945, 0x0000, 0x0000, 0x0000, 0x0000, 0x0000, 0x0000, 0x0000, 
	0x0000, 0x0000, 0x0000, 0x0000, 0x0000, 0x0000, 0x0000, 0x0000, 0x0000, 0x0000, 0x0000, 0x0000, 0x0000, 0x0000, 0x0000, 0x0000, 
	0x0000, 0x0000, 0x0000, 0x0000, 0x0000, 0x0000, 0x0000, 0x0000, 0x0000, 0x0000, 0x0000, 0x0000, 0x0000, 0x0000, 0x0000, 0x0000, 
	0x0000, 0x0000, 0x0000, 0x0000, 0x0000, 0x0000, 0x0000, 0x0000, 0x0000, 0x0000, 0x0000, 0x0000, 0x0000, 0x0000, 0x0000, 0x0000, 
	0x0000, 0x0000, 0x0000, 0x0000, 0x0000, 0x0000, 0x0000, 0x0000, 0x0000, 0x0000, 0x0000, 0x0000, 0x0000, 0x0000, 0x0000, 0x0000, 
	0x0000, 0x0000, 0x0000, 0x0000, 0x0000, 0x0000, 0x0000, 0x0000, 0x0000, 0x0000, 0x0000, 0x0000, 0x0000, 0x0000, 0x0000, 0x0000, 
	0x0000, 0x0000, 0x0000, 0x0000, 0x0000, 0x0000, 0x0000, 0x0000, 0x0000, 0x0000, 0x0000, 0x0000, 0x0000, 0x0000, 0x0000, 0x0000, 
	0x0000, 0x0000, 0x0000, 0x0000, 0x0000, 0x0000, 0x0000, 0x0000, 0x0000, 0x0000, 0x0000, 0x0000, 0x0000, 0x0000, 0x0000, 0x0000, 
	0x0000, 0x0000, 0x0000, 0x0000, 0x0021, 0x0021, 0x0000, 0x0000, 0x0000, 0x0000, 0x0000, 0x0000, 0x0000, 0x0000, 0x0000, 0x0000, 
	0x0000, 0x0000, 0x0000, 0x0000, 0x0000, 0x0000, 0x0022, 0x0001, 0x0000, 0x0000, 0x0000, 0x0000, 0x0000, 0x0000, 0x0000, 0x0000, 
	0x0000, 0x0000, 0x0000, 0x0000, 0x0000, 0x0000, 0x0000, 0x0000, 0x0000, 0x0000, 0x0000, 0x0000, 0x0000, 0x0000, 0x090a, 0x094c, 
	0x0000, 0x0000, 0x0000, 0x0000, 0x0000, 0x0000, 0x0000, 0x0000, 0x0000, 0x0000, 0x0000, 0x0000, 0x0000, 0x0000, 0x0000, 0x0001, 
	0x0002, 0x0001, 0x0066, 0x1c7a, 0x0a2f, 0x0001, 0x0002, 0x0001, 0x0000, 0x0000, 0x0000, 0x0000, 0x0000, 0x0000, 0x0000, 0x0000, 
	0x0001, 0x0002, 0x0023, 0x0002, 0x0108, 0x12ee, 0x0065, 0x0002, 0x0000, 0x0000, 0x0000, 0x0000, 0x0000, 0x0000, 0x0000, 0x0000, 
	0x0000, 0x0000, 0x0000, 0x0000, 0x0000, 0x0000, 0x0000, 0x0000, 0x0000, 0x0000, 0x0000, 0x0000, 0x0002, 0x0003, 0x0005, 0x0007, 
	0x1351, 0x271e, 0x157d, 0x0a38, 0x0155, 0x0276, 0x0b57, 0x0b97, 0x0236, 0x0135, 0x0a58, 0x1dfe, 0x37ff, 0x12d0, 0x0009, 0x0007, 
	0x00ca, 0x2efd, 0x277f, 0x2efe, 0x12d0, 0x0004, 0x0003, 0x0001, 0x0000, 0x0000, 0x0000, 0x0000, 0x0000, 0x0000, 0x0000, 0x0000, 
	0x0000, 0x0000, 0x0000, 0x0000, 0x0000, 0x0000, 0x0000, 0x0000, 0x0000, 0x0000, 0x0000, 0x0000, 0x0000, 0x0000, 0x0000, 0x0000, 
	0x0000, 0x0000, 0x0000, 0x0000, 0x0000, 0x0000, 0x0002, 0x1252, 0x09ef, 0x0002, 0x0001, 0x0000, 0x0000, 0x0000, 0x0000, 0x0000, 
	0x0000, 0x0000, 0x0000, 0x0000, 0x0000, 0x0000, 0x0000, 0x0000, 0x0000, 0x0000, 0x0000, 0x0044, 0x092b, 0x0022, 0x0000, 0x0000, 
	0x0000, 0x0000, 0x0000, 0x0000, 0x0000, 0x0000, 0x0000, 0x0000, 0x0000, 0x0000, 0x0000, 0x0000, 0x0000, 0x0000, 0x0000, 0x0000, 
	0x0000, 0x0000, 0x0000, 0x0000, 0x0000, 0x0000, 0x0000, 0x0000, 0x0000, 0x0000, 0x0000, 0x0000, 0x0000, 0x0000, 0x0000, 0x0000, 
	0x0000, 0x0000, 0x0000, 0x0000, 0x0863, 0x1906, 0x0000, 0x0000, 0x0000, 0x0000, 0x0000, 0x0000, 0x0000, 0x0000, 0x0000, 0x0000, 
	0x0000, 0x0000, 0x0000, 0x0000, 0x0000, 0x0000, 0x0000, 0x0000, 0x0000, 0x0000, 0x0000, 0x0000, 0x0000, 0x0000, 0x0000, 0x0000, 
	0x0000, 0x0000, 0x0000, 0x0000, 0x0000, 0x0000, 0x0000, 0x0000, 0x0000, 0x0000, 0x0000, 0x0000, 0x0000, 0x0000, 0x0000, 0x0000, 
	0x0000, 0x0000, 0x0000, 0x0000, 0x0000, 0x0000, 0x0000, 0x0000, 0x0000, 0x0000, 0x0000, 0x0000, 0x0000, 0x0000, 0x0000, 0x0000, 
	0x0000, 0x0000, 0x0000, 0x0000, 0x0000, 0x0000, 0x0000, 0x0000, 0x0000, 0x0000, 0x0000, 0x0000, 0x0000, 0x0000, 0x0000, 0x0000, 
	0x0000, 0x0000, 0x0000, 0x0000, 0x0000, 0x0000, 0x0000, 0x0000, 0x0000, 0x0000, 0x0000, 0x0000, 0x0000, 0x0000, 0x0000, 0x0000, 
	0x0000, 0x0000, 0x0000, 0x0000, 0x0001, 0x0021, 0x0000, 0x0000, 0x0000, 0x0000, 0x0000, 0x0000, 0x0000, 0x0000, 0x0000, 0x0883, 
	0x0883, 0x0000, 0x0000, 0x0000, 0x0000, 0x0000, 0x0022, 0x0001, 0x0000, 0x0000, 0x0000, 0x0000, 0x0000, 0x0000, 0x0000, 0x0000, 
	0x0000, 0x0000, 0x0000, 0x0000, 0x0000, 0x0000, 0x0000, 0x0000, 0x0000, 0x0000, 0x0000, 0x0000, 0x0000, 0x0023, 0x094d, 0x0045, 
	0x0000, 0x0000, 0x0000, 0x0000, 0x0000, 0x0000, 0x0000, 0x0000, 0x0000, 0x0000, 0x0000, 0x0000, 0x0000, 0x0000, 0x0000, 0x0001, 
	0x0002, 0x0002, 0x1334, 0x1396, 0x0003, 0x0002, 0x0001, 0x0000, 0x0000, 0x0000, 0x0000, 0x0000, 0x0000, 0x0000, 0x0000, 0x0001, 
	0x0002, 0x0003, 0x0001, 0x098b, 0x275f, 0x2e7e, 0x0046, 0x0002, 0x0001, 0x0000, 0x0000, 0x0000, 0x0000, 0x0021, 0x0864, 0x0000, 
	0x0000, 0x0000, 0x0000, 0x0000, 0x0000, 0x0000, 0x0000, 0x0000, 0x0000, 0x0000, 0x0000, 0x0000, 0x0001, 0x0002, 0x0004, 0x0027, 
	0x2f3d, 0x0e9f, 0x0136, 0x0af9, 0x1e3e, 0x1f1e, 0x1f9e, 0x1fff, 0x275e, 0x157d, 0x0b3a, 0x0156, 0x0c9b, 0x37ff, 0x0a4e, 0x0006, 
	0x0007, 0x01ce, 0x2578, 0x0a4e, 0x0005, 0x0025, 0x0002, 0x0001, 0x0000, 0x0000, 0x0000, 0x0000, 0x0000, 0x0000, 0x0000, 0x0000, 
	0x0000, 0x0000, 0x0000, 0x0000, 0x0000, 0x0000, 0x0000, 0x0000, 0x0000, 0x0000, 0x0000, 0x0000, 0x0000, 0x0000, 0x0000, 0x0000, 
	0x0000, 0x0000, 0x0000, 0x0000, 0x0000, 0x0001, 0x0000, 0x00c9, 0x1b58, 0x00c8, 0x0000, 0x0001, 0x0000, 0x0000, 0x0000, 0x0000, 
	0x0000, 0x0000, 0x0000, 0x0000, 0x0000, 0x0000, 0x0000, 0x0000, 0x0000, 0x0000, 0x0000, 0x0000, 0x090b, 0x08c8, 0x0000, 0x0000, 
	0x0000, 0x0000, 0x0000, 0x0000, 0x0000, 0x0000, 0x0000, 0x0000, 0x0000, 0x0000, 0x0000, 0x0000, 0x0000, 0x0000, 0x0000, 0x0000, 
	0x0000, 0x0000, 0x0000, 0x0000, 0x0000, 0x0000, 0x0000, 0x0000, 0x0000, 0x0000, 0x0000, 0x0000, 0x0000, 0x0000, 0x0000, 0x0000, 
	0x0000, 0x0000, 0x0000, 0x0000, 0x0000, 0x0021, 0x0000, 0x0000, 0x0000, 0x0000, 0x0000, 0x0000, 0x0000, 0x0000, 0x0000, 0x0000, 
	0x0000, 0x0000, 0x0000, 0x0000, 0x0000, 0x0000, 0x0000, 0x0000, 0x0000, 0x0000, 0x0000, 0x0000, 0x0000, 0x0000, 0x0000, 0x0000, 
	0x0001, 0x42ae, 0x428d, 0x0000, 0x0000, 0x0000, 0x0000, 0x0000, 0x0000, 0x0000, 0x0000, 0x0000, 0x0000, 0x0000, 0x0000, 0x0000, 
	0x0000, 0x0000, 0x0000, 0x0000, 0x0000, 0x0000, 0x0000, 0x0000, 0x0000, 0x0000, 0x0000, 0x0000, 0x0000, 0x0000, 0x0000, 0x0000, 
	0x0000, 0x0000, 0x0000, 0x0000, 0x0000, 0x0000, 0x0000, 0x0000, 0x0000, 0x0000, 0x0000, 0x0000, 0x0000, 0x0000, 0x0000, 0x0000, 
	0x0000, 0x0000, 0x0000, 0x0000, 0x0000, 0x0000, 0x0000, 0x0000, 0x0000, 0x0000, 0x0000, 0x0000, 0x0000, 0x0000, 0x0000, 0x0000, 
	0x0000, 0x0000, 0x0000, 0x0000, 0x0001, 0x0021, 0x0000, 0x0000, 0x0000, 0x0000, 0x0000, 0x0000, 0x0000, 0x0000, 0x0000, 0x1906, 
	0x1906, 0x0000, 0x0000, 0x0000, 0x0000, 0x0000, 0x0022, 0x0021, 0x0000, 0x0000, 0x0000, 0x0000, 0x0000, 0x0000, 0x0000, 0x0000, 
	0x0000, 0x0000, 0x0000, 0x0000, 0x0000, 0x0000, 0x0000, 0x0000, 0x0000, 0x0000, 0x0000, 0x0000, 0x0000, 0x08a8, 0x092c, 0x0001, 
	0x0000, 0x0000, 0x0000, 0x0000, 0x0000, 0x0000, 0x0000, 0x0000, 0x0000, 0x0000, 0x0000, 0x0000, 0x0000, 0x0000, 0x0001, 0x0002, 
	0x0000, 0x09cd, 0x1419, 0x00c8, 0x0002, 0x0023, 0x0001, 0x0000, 0x0000, 0x0000, 0x0000, 0x0000, 0x0000, 0x0000, 0x0001, 0x0002, 
	0x0003, 0x0001, 0x096a, 0x26bf, 0x1d9b, 0x00c8, 0x0003, 0x0002, 0x0000, 0x0000, 0x0000, 0x0000, 0x0000, 0x0000, 0x0042, 0x0000, 
	0x0000, 0x0000, 0x0000, 0x0000, 0x0000, 0x0000, 0x0000, 0x0000, 0x0000, 0x0000, 0x0000, 0x0000, 0x0000, 0x0002, 0x0004, 0x0005, 
	0x0a6f, 0x265d, 0x1e5f, 0x269d, 0x1c96, 0x0af2, 0x0ab1, 0x0ab2, 0x1b95, 0x1dba, 0x273e, 0x1d1b, 0x0155, 0x0cbb, 0x2edd, 0x126e, 
	0x0028, 0x0007, 0x0006, 0x0005, 0x0025, 0x0023, 0x0001, 0x0000, 0x0000, 0x0000, 0x0000, 0x0000, 0x0000, 0x0000, 0x0000, 0x0000, 
	0x0000, 0x0000, 0x0000, 0x0000, 0x0000, 0x0000, 0x0000, 0x0000, 0x0000, 0x0000, 0x0000, 0x0000, 0x0000, 0x0000, 0x0000, 0x0000, 
	0x0000, 0x0000, 0x0000, 0x0000, 0x0000, 0x0001, 0x0001, 0x0001, 0x1252, 0x1271, 0x0001, 0x0001, 0x0000, 0x0000, 0x0000, 0x0000, 
	0x0000, 0x0000, 0x0000, 0x0000, 0x0000, 0x0000, 0x0000, 0x0000, 0x0000, 0x0000, 0x0000, 0x0000, 0x08e9, 0x092b, 0x0000, 0x0000, 
	0x0000, 0x0000, 0x0000, 0x0021, 0x0863, 0x0000, 0x0000, 0x0000, 0x0000, 0x0000, 0x0000, 0x0000, 0x0000, 0x0000, 0x0000, 0x0000, 
	0x0000, 0x0000, 0x0000, 0x0000, 0x0000, 0x0000, 0x0000, 0x0000, 0x0000, 0x0000, 0x0000, 0x0000, 0x0000, 0x0000, 0x0000, 0x0000, 
	0x0000, 0x0000, 0x0000, 0x0000, 0x0000, 0x0000, 0x0000, 0x0000, 0x0000, 0x0000, 0x0000, 0x0000, 0x0000, 0x0000, 0x0000, 0x0000, 
	0x0000, 0x0000, 0x0000, 0x0000, 0x0000, 0x0000, 0x0000, 0x0000, 0x0000, 0x0000, 0x0000, 0x0000, 0x0000, 0x0000, 0x0000, 0x0000, 
	0x0001, 0x3a8e, 0x3a8d, 0x0000, 0x0000, 0x0000, 0x0000, 0x0000, 0x0000, 0x0000, 0x0000, 0x0000, 0x0000, 0x0000, 0x0000, 0x0000, 
	0x0000, 0x0000, 0x0000, 0x0000, 0x0000, 0x0000, 0x0000, 0x0000, 0x0000, 0x0000, 0x0000, 0x0000, 0x0000, 0x0000, 0x0000, 0x0000, 
	0x0000, 0x0000, 0x0000, 0x0000, 0x0000, 0x0000, 0x0000, 0x0000, 0x0000, 0x0000, 0x0001, 0x0000, 0x0001, 0x0001, 0x0000, 0x0000, 
	0x0001, 0x0001, 0x0000, 0x0000, 0x0001, 0x0001, 0x0000, 0x0021, 0x0021, 0x0001, 0x0001, 0x0001, 0x0021, 0x0022, 0x0022, 0x0021, 
	0x0021, 0x0021, 0x0021, 0x0021, 0x0022, 0x0023, 0x0021, 0x0001, 0x0001, 0x0022, 0x0022, 0x0042, 0x0062, 0x0042, 0x0042, 0x0002, 
	0x0022, 0x0863, 0x0042, 0x0042, 0x0042, 0x0042, 0x0063, 0x0043, 0x0021, 0x0042, 0x0042, 0x0042, 0x0042, 0x0042, 0x0042, 0x0042, 
	0x0021, 0x0000, 0x0000, 0x0000, 0x0000, 0x0000, 0x0000, 0x0000, 0x0000, 0x0000, 0x0000, 0x0000, 0x0002, 0x08eb, 0x0066, 0x0000, 
	0x0000, 0x0000, 0x0000, 0x0000, 0x0000, 0x0000, 0x0000, 0x0000, 0x0000, 0x0000, 0x0000, 0x0000, 0x0000, 0x0000, 0x0002, 0x0001, 
	0x00a7, 0x1c5a, 0x09ad, 0x0000, 0x0023, 0x0001, 0x0000, 0x0000, 0x0000, 0x0000, 0x0000, 0x0000, 0x0000, 0x0001, 0x0002, 0x0024, 
	0x0004, 0x0a2e, 0x27bf, 0x1497, 0x0003, 0x0002, 0x0023, 0x0001, 0x0000, 0x0000, 0x0000, 0x0000, 0x0000, 0x0000, 0x0000, 0x0000, 
	0x0000, 0x0000, 0x0000, 0x0000, 0x0000, 0x0000, 0x0000, 0x0000, 0x0000, 0x0000, 0x0000, 0x0000, 0x0000, 0x0001, 0x0002, 0x0024, 
	0x0006, 0x09ad, 0x1c94, 0x0a4f, 0x0009, 0x0009, 0x0008, 0x0009, 0x000a, 0x004b, 0x09ce, 0x2edc, 0x14fc, 0x0176, 0x27ff, 0x2e19, 
	0x0005, 0x0004, 0x0003, 0x0003, 0x0002, 0x0001, 0x0000, 0x0000, 0x0000, 0x0000, 0x0000, 0x0000, 0x08a3, 0x08a3, 0x0000, 0x0000, 
	0x0000, 0x0000, 0x0000, 0x0000, 0x0000, 0x0000, 0x0000, 0x0000, 0x0000, 0x0001, 0x0000, 0x0000, 0x0000, 0x0000, 0x0000, 0x0000, 
	0x0000, 0x0000, 0x0000, 0x0000, 0x0000, 0x0000, 0x0001, 0x0000, 0x0086, 0x1b16, 0x00c7, 0x0000, 0x0001, 0x0000, 0x0000, 0x0000, 
	0x0000, 0x0000, 0x0000, 0x0000, 0x0000, 0x0000, 0x0000, 0x0000, 0x0000, 0x0000, 0x0000, 0x0000, 0x0044, 0x092c, 0x0044, 0x0000, 
	0x0000, 0x0000, 0x0000, 0x0021, 0x0042, 0x0000, 0x0000, 0x0000, 0x0000, 0x0000, 0x0000, 0x0000, 0x0000, 0x0000, 0x0000, 0x0000, 
	0x0000, 0x0000, 0x0000, 0x0000, 0x0000, 0x0000, 0x0000, 0x0000, 0x0000, 0x0000, 0x0000, 0x0000, 0x0000, 0x0000, 0x0000, 0x0000, 
	0x0000, 0x0000, 0x0000, 0x0000, 0x0000, 0x0000, 0x0000, 0x0000, 0x0000, 0x0000, 0x0000, 0x0000, 0x0000, 0x0000, 0x0000, 0x0000, 
	0x0000, 0x0000, 0x0000, 0x0000, 0x0000, 0x0000, 0x0000, 0x0000, 0x0000, 0x0000, 0x0000, 0x0000, 0x0000, 0x0000, 0x0000, 0x0000, 
	0x0000, 0x0000, 0x0000, 0x0000, 0x0000, 0x0000, 0x0000, 0x0000, 0x0000, 0x0000, 0x0000, 0x0000, 0x0000, 0x0000, 0x0000, 0x0000, 
	0x0000, 0x0000, 0x0000, 0x0000, 0x0000, 0x0000, 0x0000, 0x0000, 0x0000, 0x0000, 0x0000, 0x0000, 0x0000, 0x0000, 0x0000, 0x0000, 
	0x0000, 0x0000, 0x0000, 0x0000, 0x0000, 0x0000, 0x0000, 0x0000, 0x0000, 0x0000, 0x7bcf, 0xb596, 0xef5d, 0xd6ba, 0x0000, 0x0000, 
	0x0000, 0x0000, 0x0000, 0x0000, 0x0001, 0x0001, 0x0000, 0x0000, 0x0000, 0x0000, 0x0000, 0x0000, 0x0000, 0x0000, 0x0000, 0x0000, 
	0x0000, 0x0000, 0x0000, 0x0000, 0x0021, 0x0022, 0x0000, 0x0000, 0x0000, 0x0000, 0x0000, 0x0020, 0x0020, 0x0001, 0x0021, 0x0000, 
	0x0020, 0x0021, 0x0021, 0x0020, 0x0020, 0x0000, 0x0042, 0x0021, 0x0000, 0x0000, 0x0000, 0x0000, 0x0000, 0x0000, 0x0000, 0x0000, 
	0x0000, 0x0000, 0x0000, 0x0000, 0x0000, 0x0000, 0x0000, 0x0000, 0x0000, 0x0000, 0x0000, 0x0000, 0x0086, 0x090b, 0x0001, 0x0000, 
	0x0000, 0x0000, 0x0000, 0x0000, 0x0000, 0x0000, 0x0001, 0x0000, 0x0000, 0x0000, 0x0000, 0x0000, 0x0000, 0x0001, 0x0002, 0x0065, 
	0x1396, 0x12f4, 0x0004, 0x0002, 0x0001, 0x0000, 0x0000, 0x0000, 0x0000, 0x0000, 0x0000, 0x0000, 0x0000, 0x0002, 0x0024, 0x0002, 
	0x09ed, 0x2fff, 0x153a, 0x0005, 0x0003, 0x0023, 0x0001, 0x0001, 0x0001, 0x0000, 0x0000, 0x0000, 0x0000, 0x0000, 0x0000, 0x0000, 
	0x0000, 0x0000, 0x0000, 0x0000, 0x0000, 0x0000, 0x0000, 0x0000, 0x0000, 0x0000, 0x0000, 0x0000, 0x0000, 0x0000, 0x0001, 0x0003, 
	0x0046, 0x0006, 0x0006, 0x0009, 0x000a, 0x010c, 0x23d3, 0x1bf3, 0x014d, 0x000a, 0x0009, 0x094d, 0x2f1e, 0x279f, 0x2579, 0x016c, 
	0x0005, 0x0003, 0x0002, 0x0001, 0x0001, 0x0000, 0x0000, 0x0000, 0x0000, 0x0000, 0x0000, 0x0000, 0x0041, 0x0041, 0x0000, 0x0000, 
	0x0000, 0x0000, 0x0000, 0x0000, 0x0000, 0x0000, 0x0000, 0x0000, 0x0001, 0x0001, 0x0001, 0x0001, 0x0001, 0x0000, 0x0000, 0x0000, 
	0x0000, 0x0000, 0x0000, 0x1105, 0x10e4, 0x0000, 0x0001, 0x0002, 0x0000, 0x1210, 0x0a2f, 0x0002, 0x0001, 0x0000, 0x0000, 0x0000, 
	0x0000, 0x0000, 0x0000, 0x0000, 0x0000, 0x0000, 0x0000, 0x0000, 0x0000, 0x0000, 0x0000, 0x0000, 0x0000, 0x08ea, 0x0086, 0x0000, 
	0x0000, 0x0000, 0x0000, 0x0000, 0x0000, 0x0000, 0x0000, 0x0000, 0x0000, 0x0000, 0x0000, 0x0000, 0x0000, 0x0000, 0x0000, 0x0000, 
	0x0000, 0x0000, 0x0000, 0x0000, 0x0000, 0x0000, 0x0000, 0x0000, 0x0000, 0x0000, 0x0000, 0x0000, 0x0000, 0x0000, 0x0000, 0x0000, 
	0x0000, 0x0000, 0x0000, 0x0000, 0x0000, 0x0000, 0x0000, 0x0000, 0x0000, 0x0000, 0x0000, 0x0000, 0x0000, 0x2124, 0xa514, 0xce59, 
	0xef5d, 0xd6ba, 0xce59, 0x7bcf, 0x52aa, 0xd6ba, 0x0000, 0x0000, 0x0000, 0x0000, 0xa514, 0xf7be, 0xce59, 0x0000, 0x0000, 0x0000, 
	0x0000, 0x0000, 0x0000, 0x0000, 0x0000, 0x0000, 0x0000, 0x0000, 0x0000, 0x0000, 0x0000, 0x0000, 0x0000, 0x0000, 0x0000, 0x0000, 
	0x0000, 0x0000, 0x0000, 0x0000, 0x0000, 0x0000, 0x0000, 0x0000, 0x0000, 0x0000, 0x0000, 0x0000, 0x0000, 0x0000, 0x0000, 0x0000, 
	0x0000, 0x0000, 0x0000, 0x0000, 0x0000, 0x0000, 0x0000, 0x0000, 0x0000, 0xd6ba, 0xffff, 0xffff, 0xffff, 0xd6ba, 0x0000, 0x0000, 
	0x0000, 0x0000, 0x0000, 0x0000, 0x0000, 0x0000, 0x0000, 0x8430, 0xa514, 0xa514, 0xa514, 0xa514, 0xa514, 0x2124, 0x0000, 0x0000, 
	0x0000, 0x0000, 0x0000, 0x0000, 0x0021, 0x0021, 0x0000, 0x0000, 0xa534, 0xa534, 0xa534, 0xa534, 0xa534, 0x6b2c, 0x0000, 0x0000, 
	0x0000, 0xa534, 0xffff, 0xb596, 0x0000, 0x0000, 0x0022, 0x0000, 0x0000, 0x0000, 0x0000, 0x0000, 0x0000, 0x0000, 0x0000, 0x0000, 
	0x0000, 0x0000, 0x0000, 0x0000, 0x0000, 0x0000, 0x0000, 0x0000, 0xa514, 0xf7be, 0xce59, 0x0002, 0x08ea, 0x0086, 0x0000, 0x0000, 
	0x0000, 0x0000, 0x0000, 0x0000, 0x0000, 0x0021, 0x1989, 0x0021, 0x0000, 0x0000, 0x0000, 0x0000, 0x0001, 0x0002, 0x0000, 0x0a0e, 
	0x24fc, 0x0088, 0x0001, 0x0002, 0x0001, 0x0000, 0x0000, 0x0000, 0x0000, 0x0000, 0x0000, 0x0001, 0x0002, 0x0024, 0x0003, 0x012a, 
	0x279f, 0x1ddb, 0x0006, 0x0004, 0x0024, 0x0002, 0x0001, 0x0001, 0x0001, 0x0001, 0x0001, 0x0001, 0x0001, 0x0000, 0x0000, 0x0000, 
	0x0000, 0x0000, 0x0000, 0x0000, 0x0000, 0x0000, 0x0000, 0x0000, 0x0000, 0x0000, 0x0000, 0x0000, 0x0000, 0x0000, 0x0001, 0x0002, 
	0x0004, 0x0026, 0x0048, 0x002a, 0x010d, 0x267b, 0x27bf, 0x27ff, 0x2599, 0x0009, 0x006b, 0x0008, 0x12d1, 0x1c95, 0x0049, 0x0006, 
	0x0025, 0x0002, 0x0001, 0x0000, 0x0000, 0x0000, 0x0000, 0x0000, 0x0000, 0x0000, 0x0000, 0x0000, 0x0000, 0x0000, 0x0000, 0x0000, 
	0x0000, 0x0000, 0x0000, 0x0000, 0x0000, 0x0000, 0x0000, 0x0001, 0x0023, 0x0003, 0x0001, 0x0003, 0x0001, 0x0000, 0x0000, 0x0000, 
	0x0000, 0x0000, 0x0000, 0x1987, 0x1946, 0x0000, 0x0000, 0x0001, 0x0000, 0x0109, 0x1336, 0x0066, 0x0001, 0x0001, 0x0000, 0x0000, 
	0x0000, 0x0000, 0x0000, 0x0000, 0x0000, 0x0000, 0x0000, 0x0000, 0x0000, 0x0000, 0x0000, 0x0000, 0x0000, 0x00a7, 0x0087, 0x0000, 
	0x0000, 0x0000, 0x0000, 0x0000, 0x0000, 0x0000, 0x0000, 0x0000, 0x0000, 0x0000, 0x0000, 0x0000, 0x0000, 0x0000, 0x0000, 0x0000, 
	0x0000, 0x0000, 0x0000, 0x0000, 0x0000, 0x0000, 0x0000, 0x0000, 0x0000, 0x0000, 0x0000, 0x0000, 0x0000, 0x0000, 0x0000, 0x0000, 
	0x0000, 0x0000, 0x0000, 0x0000, 0x0000, 0x0000, 0x0000, 0x0000, 0x0000, 0x0000, 0x0000, 0x0000, 0x52aa, 0xef5d, 0xffff, 0xf7be, 
	0xbdf7, 0xb596, 0xef5d, 0xffff, 0xffff, 0xffff, 0x0000, 0x0000, 0x0000, 0x0000, 0xf7be, 0xffff, 0xffff, 0x52aa, 0x0000, 0x0000, 
	0x0000, 0x0000, 0x0000, 0x0000, 0x0000, 0x0000, 0x0000, 0x0000, 0x0000, 0x0000, 0x0000, 0x0000, 0x0000, 0x0000, 0x0000, 0x0000, 
	0x0884, 0x10c5, 0x0000, 0x0000, 0x0000, 0x0000, 0x0000, 0x0000, 0x0000, 0x0000, 0x0000, 0x0000, 0x0000, 0x0000, 0x0000, 0x0000, 
	0x0000, 0x0000, 0x0000, 0x0000, 0x0000, 0x0000, 0x0000, 0x0000, 0x0000, 0x0000, 0x2124, 0xf7be, 0xffff, 0xd6ba, 0x0000, 0x0000, 
	0x0000, 0x0000, 0x0000, 0x0000, 0x0000, 0x0000, 0x0000, 0x94b2, 0xd6ba, 0xffff, 0xffff, 0xffff, 0xffff, 0x94b2, 0x0000, 0x0000, 
	0x0000, 0x0000, 0x0000, 0x0000, 0x0021, 0x0022, 0x0000, 0x52aa, 0xffff, 0xffff, 0xffff, 0xffff, 0xd6ba, 0x7bcf, 0x0000, 0x0000, 
	0x0000, 0xffff, 0xffff, 0xffff, 0x3a08, 0x0000, 0x0022, 0x0001, 0x0000, 0x0000, 0x0000, 0x0000, 0x0000, 0x0000, 0x0000, 0x0883, 
	0x1106, 0x0000, 0x0000, 0x0000, 0x0000, 0x0000, 0x0000, 0x0000, 0xf7be, 0xffff, 0xffff, 0x52cd, 0x090b, 0x0001, 0x0000, 0x0000, 
	0x0000, 0x0000, 0x0000, 0x0000, 0x0000, 0x0000, 0x08a3, 0x0000, 0x0000, 0x0000, 0x0000, 0x0000, 0x0001, 0x0001, 0x0065, 0x1c79, 
	0x0a91, 0x0003, 0x0002, 0x0001, 0x0000, 0x0000, 0x0000, 0x0000, 0x0000, 0x0000, 0x0000, 0x0002, 0x0024, 0x0003, 0x0005, 0x269d, 
	0x1e1b, 0x0006, 0x0004, 0x0024, 0x0003, 0x0001, 0x0001, 0x0001, 0x0002, 0x0003, 0x0003, 0x0002, 0x0002, 0x0001, 0x0001, 0x0000, 
	0x0000, 0x0000, 0x0000, 0x0000, 0x0000, 0x0000, 0x0000, 0x0000, 0x0000, 0x0000, 0x0000, 0x0000, 0x0000, 0x0000, 0x0001, 0x0001, 
	0x0003, 0x0005, 0x0007, 0x004a, 0x2dfa, 0x1f1f, 0x02d9, 0x031a, 0x26bf, 0x13b3, 0x0029, 0x0069, 0x0006, 0x0005, 0x0047, 0x0024, 
	0x0002, 0x0001, 0x0001, 0x0000, 0x0000, 0x0000, 0x0000, 0x0000, 0x0000, 0x0000, 0x0000, 0x0000, 0x0000, 0x0000, 0x0000, 0x0000, 
	0x0000, 0x0000, 0x0000, 0x0000, 0x0000, 0x0000, 0x0000, 0x0001, 0x0066, 0x2437, 0x09ed, 0x0001, 0x0002, 0x0001, 0x0000, 0x0000, 
	0x0000, 0x0000, 0x0000, 0x0000, 0x0000, 0x0000, 0x0000, 0x0001, 0x0001, 0x0045, 0x0af6, 0x0a10, 0x0001, 0x0001, 0x0000, 0x0000, 
	0x0000, 0x0000, 0x0000, 0x0000, 0x0000, 0x0000, 0x0000, 0x0000, 0x0000, 0x0000, 0x0000, 0x0000, 0x0000, 0x0044, 0x00a8, 0x0001, 
	0x0000, 0x0000, 0x0000, 0x0000, 0x0000, 0x0000, 0x0000, 0x0000, 0x0000, 0x0000, 0x0000, 0x0000, 0x0000, 0x0000, 0x0000, 0x0000, 
	0x0000, 0x0000, 0x0000, 0x0000, 0x0000, 0x0000, 0x0000, 0x0000, 0x0000, 0x0000, 0x0000, 0x0000, 0x0000, 0x0000, 0x0000, 0x0000, 
	0x0000, 0x0000, 0x0000, 0x0000, 0x0000, 0x0000, 0x0000, 0x0000, 0x0000, 0x0000, 0x0000, 0x39e7, 0xf7be, 0xffff, 0xce59, 0x0000, 
	0x0000, 0x0000, 0x0000, 0xbdf7, 0xffff, 0xffff, 0x0000, 0x0000, 0x0000, 0x0000, 0xe71c, 0xffff, 0xffff, 0x2124, 0x0000, 0x0000, 
	0x0000, 0x0000, 0x0000, 0x0000, 0x0000, 0x0000, 0x0000, 0x0000, 0x0000, 0x0000, 0x0000, 0x0000, 0x0000, 0x0000, 0x0000, 0x0000, 
	0x1968, 0x29ed, 0x0000, 0x0000, 0x0000, 0x0000, 0x0000, 0x0000, 0x0000, 0x0000, 0x0000, 0x0000, 0x0000, 0x0000, 0x0000, 0x0000, 
	0x0000, 0x0000, 0x0000, 0x0000, 0x0000, 0x0000, 0x0000, 0x0000, 0x0000, 0x0000, 0x0000, 0xd6ba, 0xffff, 0xd6ba, 0x0000, 0x0000, 
	0x0000, 0x0000, 0x0000, 0x0000, 0x0000, 0x0000, 0x0000, 0x0000, 0x0000, 0xad96, 0xffff, 0xffff, 0xffff, 0xef5d, 0x0000, 0x0000, 
	0x0000, 0x0000, 0x0000, 0x0000, 0x0021, 0x0022, 0x0000, 0xbdf7, 0xffff, 0xffff, 0xffff, 0xa534, 0x0000, 0x0000, 0x0000, 0x0000, 
	0x0000, 0xef5d, 0xffff, 0xf7be, 0x0000, 0x0000, 0x0022, 0x0000, 0x0000, 0x0000, 0x0000, 0x0000, 0x0000, 0x0000, 0x0000, 0x0883, 
	0x1926, 0x0000, 0x0000, 0x0000, 0x0000, 0x0000, 0x0000, 0x0000, 0xe71c, 0xffff, 0xffff, 0x29cd, 0x00a8, 0x0000, 0x0000, 0x0000, 
	0x0000, 0x0000, 0x0000, 0x0000, 0x0000, 0x0000, 0x0000, 0x0000, 0x0000, 0x0000, 0x0000, 0x0001, 0x0002, 0x0000, 0x0a2f, 0x1c38, 
	0x0024, 0x0002, 0x0001, 0x0000, 0x0000, 0x0000, 0x0000, 0x0000, 0x0000, 0x0000, 0x0001, 0x0023, 0x0004, 0x0003, 0x1d38, 0x26bd, 
	0x0006, 0x0004, 0x0024, 0x0002, 0x0001, 0x0002, 0x0002, 0x0023, 0x0025, 0x0004, 0x0067, 0x00a7, 0x0045, 0x0003, 0x0001, 0x0000, 
	0x0000, 0x0000, 0x0000, 0x0000, 0x0000, 0x0000, 0x0000, 0x0000, 0x0000, 0x0000, 0x0001, 0x0001, 0x0001, 0x0002, 0x0002, 0x0002, 
	0x0003, 0x0005, 0x0007, 0x00cb, 0x1efd, 0x03fa, 0x1198, 0x0937, 0x0dde, 0x26fc, 0x0008, 0x0027, 0x0025, 0x0024, 0x0003, 0x0002, 
	0x0001, 0x0000, 0x0000, 0x0000, 0x0000, 0x0000, 0x0000, 0x0000, 0x0000, 0x0000, 0x0000, 0x0000, 0x0000, 0x0000, 0x0000, 0x0000, 
	0x0000, 0x0000, 0x0000, 0x0000, 0x0000, 0x0000, 0x0000, 0x0001, 0x0003, 0x12d1, 0x25fe, 0x09ab, 0x0001, 0x0002, 0x0000, 0x0000, 
	0x0000, 0x0000, 0x0000, 0x0000, 0x0000, 0x0000, 0x0000, 0x0000, 0x0001, 0x0000, 0x0a51, 0x0ad4, 0x0002, 0x0002, 0x0001, 0x0000, 
	0x0000, 0x0000, 0x0000, 0x0000, 0x0000, 0x0000, 0x0000, 0x0000, 0x0000, 0x0000, 0x0000, 0x0000, 0x0000, 0x0022, 0x08ea, 0x0044, 
	0x0000, 0x0000, 0x0000, 0x0000, 0x0000, 0x0000, 0x0000, 0x0000, 0x0000, 0x0000, 0x0000, 0x0000, 0x0000, 0x0000, 0x0000, 0x0000, 
	0x0000, 0x0000, 0x0000, 0x0000, 0x0000, 0x0000, 0x0000, 0x29c8, 0x1945, 0x0000, 0x0000, 0x0000, 0x0000, 0x0000, 0x0000, 0x0000, 
	0x0000, 0x0000, 0x0000, 0x0000, 0x0000, 0x0000, 0x0000, 0x0000, 0x0000, 0x0000, 0x0000, 0x94b2, 0xffff, 0xffff, 0x632c, 0x0000, 
	0x0000, 0x0000, 0x0000, 0x0000, 0xef5d, 0xffff, 0x0000, 0x0000, 0x0000, 0x0000, 0x2124, 0x94b2, 0x39e7, 0x0000, 0x0000, 0x0000, 
	0x0000, 0x0000, 0x0000, 0x0000, 0x0000, 0x0000, 0x0000, 0x0000, 0x0000, 0x0000, 0x0000, 0x0000, 0x0000, 0x0000, 0x0000, 0x0000, 
	0x0000, 0x0021, 0x0000, 0x0000, 0x0000, 0x0000, 0x0000, 0x0000, 0x0000, 0x0000, 0x0000, 0x0000, 0x0000, 0x0000, 0x0000, 0x0000, 
	0x0000, 0x0000, 0x0000, 0x0000, 0x0000, 0x0000, 0x0000, 0x0000, 0x0000, 0x0000, 0x0000, 0xd6ba, 0xffff, 0xd6ba, 0x0000, 0x0000, 
	0x0000, 0x0000, 0x0000, 0x0000, 0x0001, 0x0000, 0x0000, 0x0000, 0x0000, 0x6b6e, 0xffff, 0xffff, 0xffff, 0xffff, 0x52aa, 0x0000, 
	0x0000, 0x0000, 0x0000, 0x0000, 0x0021, 0x0022, 0x2124, 0xf7be, 0xffff, 0xffff, 0xffff, 0x634d, 0x0000, 0x0000, 0x0000, 0x0000, 
	0x0000, 0x4208, 0x94b2, 0x4208, 0x0000, 0x0000, 0x0043, 0x0021, 0x0000, 0x0000, 0x0000, 0x0000, 0x0000, 0x0000, 0x0000, 0x0000, 
	0x0000, 0x0000, 0x0000, 0x0000, 0x0000, 0x0000, 0x0000, 0x0000, 0x2125, 0x94b2, 0x422a, 0x092d, 0x0023, 0x0000, 0x0000, 0x0000, 
	0x0000, 0x0000, 0x0000, 0x0000, 0x0000, 0x0000, 0x0000, 0x0000, 0x0000, 0x0000, 0x0000, 0x0002, 0x0002, 0x0065, 0x13b7, 0x09ee, 
	0x0001, 0x0022, 0x0001, 0x0000, 0x0000, 0x0000, 0x0000, 0x0000, 0x0000, 0x0001, 0x0002, 0x0024, 0x0003, 0x12f0, 0x37ff, 0x0a2e, 
	0x0002, 0x0024, 0x0002, 0x0002, 0x0002, 0x0002, 0x0023, 0x0026, 0x0005, 0x09cd, 0x271d, 0x269b, 0x0067, 0x0003, 0x0002, 0x0001, 
	0x0000, 0x0000, 0x0000, 0x0000, 0x0000, 0x0000, 0x0000, 0x0001, 0x0001, 0x0001, 0x0002, 0x0002, 0x0002, 0x0002, 0x0002, 0x0003, 
	0x0003, 0x0005, 0x0007, 0x004a, 0x263b, 0x167f, 0x01f7, 0x0258, 0x277f, 0x1d17, 0x0008, 0x0007, 0x0004, 0x0002, 0x0001, 0x0001, 
	0x0000, 0x0000, 0x0000, 0x0000, 0x0000, 0x0000, 0x0000, 0x0000, 0x0000, 0x0000, 0x0000, 0x0000, 0x0000, 0x0000, 0x0000, 0x0000, 
	0x0000, 0x0000, 0x0000, 0x0000, 0x0000, 0x0000, 0x0000, 0x0001, 0x0001, 0x0003, 0x24fa, 0x1c57, 0x0024, 0x0002, 0x0001, 0x0000, 
	0x0000, 0x0000, 0x0000, 0x0000, 0x0000, 0x0000, 0x0000, 0x0000, 0x0001, 0x0001, 0x0087, 0x1337, 0x098c, 0x0000, 0x0001, 0x0000, 
	0x0000, 0x0000, 0x0000, 0x0000, 0x0000, 0x0000, 0x0000, 0x0000, 0x0000, 0x0000, 0x0000, 0x0000, 0x0000, 0x0000, 0x08c8, 0x0086, 
	0x0000, 0x0000, 0x0000, 0x0000, 0x0000, 0x0000, 0x0000, 0x0000, 0x0000, 0x0000, 0x0000, 0x0000, 0x0000, 0x0000, 0x0000, 0x0000, 
	0x0000, 0x0000, 0x0000, 0x0000, 0x0000, 0x0000, 0x0000, 0x10c3, 0x0882, 0x0000, 0x0000, 0x0000, 0x0000, 0x0000, 0x0000, 0x0000, 
	0x0000, 0x0000, 0x0000, 0x0000, 0x0000, 0x0000, 0x0000, 0x0000, 0x0000, 0x0000, 0x0000, 0xa514, 0xffff, 0xffff, 0x39e7, 0x0000, 
	0x0000, 0x0000, 0x0000, 0x0000, 0x8430, 0xffff, 0x0000, 0x0000, 0x0000, 0x0000, 0x0000, 0x0000, 0x0000, 0x0000, 0x0000, 0x0000, 
	0x0000, 0x0000, 0x0000, 0x0000, 0x0000, 0x0000, 0x0000, 0x0000, 0x0000, 0x0000, 0x0000, 0x0000, 0x0000, 0x0000, 0x0000, 0x0000, 
	0x0000, 0x0000, 0x0000, 0x0000, 0x0000, 0x0000, 0x0000, 0x0000, 0x0000, 0x0000, 0x0000, 0x0000, 0x0000, 0x0000, 0x0000, 0x0000, 
	0x0000, 0x0000, 0x0884, 0x0021, 0x0000, 0x0000, 0x0000, 0x0000, 0x0000, 0x0000, 0x0000, 0xd6ba, 0xffff, 0xd6ba, 0x0000, 0x0000, 
	0x0000, 0x0000, 0x0000, 0x0000, 0x0000, 0x0000, 0x0000, 0x0000, 0x0000, 0x632c, 0xffff, 0xd6ba, 0xffff, 0xffff, 0xbdf7, 0x0000, 
	0x0000, 0x0000, 0x0000, 0x0000, 0x0021, 0x0022, 0x8451, 0xffff, 0xef5d, 0xffff, 0xffff, 0x634d, 0x0000, 0x0000, 0x0000, 0x0000, 
	0x0000, 0x0000, 0x0000, 0x0000, 0x0000, 0x0000, 0x0043, 0x0021, 0x0000, 0x0000, 0x0000, 0x0000, 0x0000, 0x0000, 0x0000, 0x0000, 
	0x0000, 0x0000, 0x0000, 0x0000, 0x0000, 0x0000, 0x0000, 0x0000, 0x0000, 0x0000, 0x090a, 0x092b, 0x0000, 0x0001, 0x0000, 0x0000, 
	0x0000, 0x0000, 0x0000, 0x0000, 0x0000, 0x0000, 0x0000, 0x0000, 0x0000, 0x0000, 0x0001, 0x0022, 0x0001, 0x09ef, 0x1bf8, 0x0004, 
	0x0003, 0x0002, 0x0000, 0x0000, 0x0000, 0x0000, 0x0000, 0x0000, 0x0000, 0x0001, 0x0024, 0x0003, 0x09cc, 0x2fbf, 0x13b3, 0x0004, 
	0x0004, 0x0003, 0x0002, 0x0002, 0x0002, 0x0024, 0x0026, 0x0005, 0x090b, 0x2fff, 0x27ff, 0x1cd7, 0x0026, 0x0003, 0x0002, 0x0001, 
	0x0000, 0x0000, 0x0000, 0x0000, 0x0000, 0x0001, 0x0001, 0x0001, 0x0002, 0x0002, 0x0002, 0x0003, 0x0003, 0x0003, 0x0003, 0x0003, 
	0x0004, 0x0006, 0x0027, 0x0009, 0x09af, 0x26fd, 0x177f, 0x1f9f, 0x25b9, 0x008b, 0x0029, 0x0006, 0x0003, 0x0002, 0x0001, 0x0000, 
	0x0000, 0x0000, 0x0000, 0x0000, 0x0000, 0x0000, 0x0000, 0x0000, 0x0000, 0x0000, 0x0000, 0x0000, 0x0000, 0x0000, 0x0000, 0x0000, 
	0x0000, 0x0000, 0x0000, 0x0000, 0x0000, 0x0000, 0x0000, 0x0001, 0x0002, 0x0002, 0x09ad, 0x265f, 0x016c, 0x0002, 0x0002, 0x0001, 
	0x0000, 0x0000, 0x0000, 0x0000, 0x0000, 0x0000, 0x0000, 0x0000, 0x0000, 0x0001, 0x0025, 0x13b9, 0x0a71, 0x0001, 0x0001, 0x0000, 
	0x0000, 0x0000, 0x0000, 0x0000, 0x0000, 0x0000, 0x0000, 0x0000, 0x0000, 0x0000, 0x0000, 0x0000, 0x0000, 0x0000, 0x08c8, 0x08ea, 
	0x0000, 0x0000, 0x0000, 0x0000, 0x0000, 0x0000, 0x0000, 0x0000, 0x0000, 0x0000, 0x0000, 0x0000, 0x0000, 0x0000, 0x0000, 0x0000, 
	0x0000, 0x0000, 0x0000, 0x0000, 0x0000, 0x0000, 0x0000, 0x0000, 0x0000, 0x0000, 0x0000, 0x0000, 0x0000, 0x0000, 0x0000, 0x0000, 
	0x0000, 0x0000, 0x0000, 0x0000, 0x0000, 0x0000, 0x0000, 0x0000, 0x0000, 0x0000, 0x0000, 0xa514, 0xffff, 0xffff, 0xa514, 0x0000, 
	0x0000, 0x0000, 0x0000, 0x0000, 0x2124, 0xffff, 0x52aa, 0x0000, 0x0000, 0x0000, 0x52aa, 0x94b2, 0x8430, 0x0000, 0x0000, 0x0000, 
	0x0000, 0x0000, 0x0000, 0x52aa, 0x8430, 0xa514, 0xa514, 0x8430, 0x2124, 0x0000, 0x0000, 0x0000, 0x0000, 0x0000, 0x0000, 0x632c, 
	0xa514, 0x632c, 0x0000, 0x0000, 0x7bcf, 0xa514, 0xa534, 0x632c, 0x0000, 0x0000, 0x0000, 0x0000, 0x0000, 0x0000, 0x0000, 0x39e7, 
	0x7bcf, 0xa514, 0xa534, 0xa534, 0x39e7, 0x0000, 0x0000, 0x0000, 0x0000, 0x0000, 0x0000, 0xd6ba, 0xffff, 0xd6ba, 0x0000, 0x0000, 
	0x0000, 0x0000, 0x0000, 0x0000, 0x0000, 0x0000, 0x0000, 0x0000, 0x0000, 0x632c, 0xffff, 0x8430, 0xffff, 0xffff, 0xf7be, 0x2124, 
	0x0000, 0x0000, 0x0000, 0x0000, 0x0041, 0x0042, 0xe71c, 0xf7be, 0xb596, 0xffff, 0xffff, 0x634d, 0x0000, 0x0000, 0x0000, 0x0000, 
	0x0000, 0x632d, 0x94b2, 0x8430, 0x0000, 0x0000, 0x0063, 0x0021, 0x2124, 0x7bcf, 0xa534, 0x39e7, 0x0000, 0x0000, 0x7bcf, 0xa514, 
	0xa514, 0x39e8, 0x0000, 0x0000, 0x0000, 0x0000, 0x0000, 0x0000, 0x52aa, 0x94b3, 0x8c95, 0x00a8, 0x0000, 0x0000, 0x0000, 0x0000, 
	0x0000, 0x0000, 0x0000, 0x0000, 0x0000, 0x0000, 0x0000, 0x0000, 0x0000, 0x0001, 0x0002, 0x0002, 0x0003, 0x1bf8, 0x0a91, 0x0001, 
	0x0023, 0x0001, 0x0000, 0x0000, 0x0000, 0x0000, 0x0000, 0x0000, 0x0001, 0x0023, 0x0003, 0x0004, 0x2edc, 0x265b, 0x0004, 0x0004, 
	0x0023, 0x0002, 0x0002, 0x0002, 0x0024, 0x0047, 0x0005, 0x012b, 0x2fbe, 0x2fff, 0x1393, 0x0006, 0x0005, 0x0003, 0x0002, 0x0001, 
	0x0001, 0x0001, 0x0000, 0x0001, 0x0001, 0x0001, 0x0002, 0x0002, 0x0003, 0x0003, 0x0003, 0x0004, 0x0004, 0x0004, 0x0004, 0x0005, 
	0x0005, 0x0006, 0x0028, 0x0049, 0x0009, 0x0210, 0x267b, 0x1d78, 0x00cc, 0x0009, 0x0048, 0x0005, 0x0003, 0x0002, 0x0001, 0x0001, 
	0x0000, 0x0000, 0x0000, 0x0000, 0x0000, 0x0000, 0x0000, 0x0000, 0x0000, 0x0000, 0x0000, 0x0000, 0x0000, 0x0000, 0x0000, 0x0000, 
	0x0001, 0x0000, 0x0000, 0x0000, 0x0000, 0x0000, 0x0000, 0x0000, 0x0002, 0x0003, 0x0045, 0x1cb9, 0x1cb9, 0x0004, 0x0002, 0x0001, 
	0x0000, 0x0000, 0x0000, 0x0000, 0x0000, 0x0000, 0x0000, 0x0000, 0x0000, 0x0001, 0x0002, 0x09ee, 0x13b7, 0x0085, 0x0000, 0x0001, 
	0x0000, 0x0000, 0x0000, 0x0000, 0x0000, 0x0000, 0x0000, 0x0000, 0x0000, 0x0000, 0x0000, 0x0000, 0x0000, 0x0000, 0x00a6, 0x094d, 
	0x0003, 0x0000, 0x0000, 0x0000, 0x0000, 0x0000, 0x0000, 0x0000, 0x0000, 0x0000, 0x0000, 0x0000, 0x0000, 0x0000, 0x0000, 0x0000, 
	0x0000, 0x0000, 0x0000, 0x0000, 0x0000, 0x0000, 0x0000, 0x0000, 0x0000, 0x0000, 0x0000, 0x0000, 0x0000, 0x0000, 0x0000, 0x0000, 
	0x0000, 0x0000, 0x0000, 0x0000, 0x0000, 0x0000, 0x0000, 0x0000, 0x0000, 0x0000, 0x0000, 0x632c, 0xffff, 0xffff, 0xffff, 0x8430, 
	0x0000, 0x0000, 0x0000, 0x0000, 0x0000, 0x632c, 0x2124, 0x0000, 0x8430, 0xf7be, 0xffff, 0xffff, 0xd6ba, 0x0000, 0x0000, 0x0000, 
	0x0000, 0x0000, 0xbdf7, 0xffff, 0xffff, 0xef5d, 0xffff, 0xffff, 0xffff, 0xffff, 0xffff, 0xffff, 0x632c, 0xb596, 0xffff, 0xffff, 
	0xffff, 0xa514, 0x632c, 0xf7be, 0xffff, 0xffff, 0xffff, 0xffff, 0x8430, 0x0000, 0x0000, 0x0000, 0x0000, 0x0000, 0x94b2, 0xffff, 
	0xf7be, 0xce59, 0xf7be, 0xffff, 0xffff, 0x8430, 0x0000, 0x0000, 0x0000, 0x0000, 0x0000, 0xd6ba, 0xffff, 0xd6ba, 0x0000, 0x0000, 
	0x0000, 0x0000, 0x0000, 0x0000, 0x0000, 0x0000, 0x0000, 0x0000, 0x0000, 0x632c, 0xffff, 0x632c, 0xce59, 0xffff, 0xffff, 0x8430, 
	0x0000, 0x0000, 0x0000, 0x0000, 0x0021, 0x52cb, 0xffff, 0xbdf7, 0xa534, 0xffff, 0xffff, 0x634d, 0x0000, 0x0000, 0x0000, 0x8451, 
	0xffff, 0xffff, 0xffff, 0xd6ba, 0x0000, 0x0000, 0x0043, 0xe71c, 0xffff, 0xffff, 0xffff, 0x632c, 0x7bcf, 0xf7be, 0xffff, 0xffff, 
	0xffff, 0xffff, 0x7bcf, 0x0000, 0x0000, 0x0000, 0x8431, 0xf7be, 0xffff, 0xffff, 0xd6bb, 0x0002, 0x0000, 0x0000, 0x0000, 0x0000, 
	0x0000, 0x0000, 0x0000, 0x0000, 0x0000, 0x0000, 0x0000, 0x0000, 0x0000, 0x0001, 0x0003, 0x0002, 0x1270, 0x1c9a, 0x0087, 0x0001, 
	0x0002, 0x0001, 0x0000, 0x0000, 0x0000, 0x0000, 0x0000, 0x0001, 0x0002, 0x0003, 0x0005, 0x1d58, 0x263b, 0x08c9, 0x0005, 0x0003, 
	0x0002, 0x0001, 0x0001, 0x0003, 0x0026, 0x0007, 0x09cd, 0x379e, 0x37ff, 0x0a10, 0x0006, 0x0006, 0x0024, 0x0003, 0x0002, 0x0023, 
	0x0002, 0x0002, 0x0002, 0x0002, 0x0002, 0x0002, 0x0002, 0x0003, 0x0004, 0x0005, 0x0025, 0x0026, 0x0006, 0x0006, 0x0027, 0x0007, 
	0x0027, 0x0028, 0x0029, 0x002a, 0x006b, 0x000b, 0x000a, 0x000a, 0x0009, 0x0049, 0x0007, 0x0005, 0x0004, 0x0003, 0x0002, 0x0002, 
	0x0001, 0x0000, 0x0000, 0x0000, 0x0000, 0x0000, 0x0000, 0x0000, 0x0000, 0x0000, 0x0000, 0x0000, 0x0000, 0x0001, 0x0002, 0x0002, 
	0x0002, 0x0002, 0x0001, 0x0000, 0x0000, 0x0000, 0x0000, 0x0000, 0x0001, 0x0023, 0x0002, 0x00c9, 0x25bd, 0x0a0e, 0x0001, 0x0002, 
	0x0001, 0x0000, 0x0000, 0x0000, 0x0000, 0x0000, 0x0000, 0x0000, 0x0000, 0x0001, 0x0000, 0x0024, 0x1355, 0x094a, 0x0001, 0x0001, 
	0x0000, 0x0000, 0x0000, 0x0000, 0x0000, 0x0000, 0x0000, 0x0000, 0x0000, 0x0000, 0x0000, 0x0000, 0x0000, 0x0000, 0x0001, 0x090a, 
	0x0044, 0x0000, 0x0000, 0x0000, 0x0022, 0x0042, 0x0000, 0x0000, 0x0000, 0x0000, 0x0000, 0x0000, 0x0000, 0x0000, 0x0000, 0x0000, 
	0x0000, 0x0000, 0x0000, 0x0000, 0x0000, 0x0000, 0x0000, 0x0000, 0x0000, 0x0000, 0x0000, 0x0000, 0x0000, 0x0000, 0x0000, 0x0000, 
	0x0000, 0x0000, 0x0000, 0x0000, 0x0000, 0x0000, 0x0000, 0x0000, 0x0000, 0x0000, 0x0000, 0x0000, 0xf7be, 0xffff, 0xffff, 0xffff, 
	0xb596, 0x2124, 0x0000, 0x0000, 0x0000, 0x0000, 0x0000, 0x0000, 0x39e7, 0x8430, 0xf7be, 0xffff, 0xd6ba, 0x0000, 0x0000, 0x0000, 
	0x0000, 0xb596, 0xffff, 0xef5d, 0x632c, 0x0000, 0x7bcf, 0xf7be, 0xffff, 0xf7be, 0xd6ba, 0xd6ba, 0x52aa, 0x632c, 0xbdf7, 0xffff, 
	0xffff, 0xe71c, 0xffff, 0xe71c, 0xa534, 0xe71c, 0xffff, 0xffff, 0xf7be, 0x0000, 0x0000, 0x0000, 0x0000, 0x8430, 0xffff, 0xffff, 
	0x2124, 0x0000, 0x2124, 0xce59, 0xffff, 0xf7be, 0x0000, 0x0000, 0x0000, 0x0000, 0x0000, 0xd6ba, 0xffff, 0xd6ba, 0x0000, 0x0000, 
	0x0000, 0x0000, 0x0000, 0x0000, 0x0001, 0x0000, 0x0000, 0x0000, 0x0000, 0x632c, 0xffff, 0x632c, 0x7bcf, 0xffff, 0xffff, 0xe71c, 
	0x0000, 0x0000, 0x0000, 0x0000, 0x0021, 0xb596, 0xffff, 0x634d, 0xa534, 0xffff, 0xffff, 0x634d, 0x0020, 0x0000, 0x0000, 0x4208, 
	0x94b2, 0xffff, 0xffff, 0xd6ba, 0x0000, 0x0000, 0x0843, 0x8c51, 0xce59, 0xffff, 0xffff, 0xce59, 0xffff, 0xe71c, 0xa514, 0xe71c, 
	0xffff, 0xffff, 0xef5d, 0x0000, 0x0000, 0x0000, 0x41e8, 0x8431, 0xf7be, 0xffff, 0xd6bb, 0x0000, 0x0000, 0x0000, 0x0000, 0x0000, 
	0x0000, 0x0000, 0x0000, 0x0000, 0x0000, 0x0000, 0x0000, 0x0000, 0x0000, 0x0001, 0x0002, 0x0046, 0x1c79, 0x0a90, 0x0001, 0x0002, 
	0x0001, 0x0000, 0x0000, 0x0000, 0x0000, 0x0000, 0x0000, 0x0001, 0x0023, 0x0003, 0x018c, 0x27ff, 0x0a4e, 0x0003, 0x0025, 0x0002, 
	0x0002, 0x0002, 0x0002, 0x0025, 0x0007, 0x0069, 0x27df, 0x37ff, 0x098f, 0x0008, 0x0028, 0x0025, 0x0024, 0x0023, 0x0004, 0x0024, 
	0x0024, 0x0003, 0x0003, 0x0003, 0x0003, 0x0003, 0x0004, 0x0005, 0x0005, 0x0005, 0x0006, 0x0027, 0x0028, 0x0028, 0x0049, 0x0049, 
	0x006a, 0x006a, 0x006b, 0x006b, 0x004b, 0x004b, 0x004b, 0x002a, 0x0029, 0x0028, 0x0007, 0x0005, 0x0004, 0x0003, 0x0003, 0x0002, 
	0x0002, 0x0001, 0x0000, 0x0000, 0x0000, 0x0000, 0x0000, 0x0000, 0x0000, 0x0000, 0x0000, 0x0000, 0x0000, 0x0002, 0x0044, 0x0002, 
	0x0003, 0x0044, 0x0002, 0x0001, 0x0000, 0x0000, 0x0000, 0x0000, 0x0000, 0x0001, 0x0023, 0x0002, 0x13b5, 0x1416, 0x0003, 0x0023, 
	0x0001, 0x0000, 0x0000, 0x0000, 0x0000, 0x0000, 0x0000, 0x0000, 0x0000, 0x0001, 0x0002, 0x0001, 0x0a70, 0x1334, 0x0002, 0x0001, 
	0x0001, 0x0000, 0x0000, 0x0000, 0x0000, 0x0000, 0x0000, 0x0000, 0x0000, 0x0000, 0x0000, 0x0000, 0x0000, 0x0000, 0x0000, 0x092b, 
	0x00c8, 0x0000, 0x0000, 0x0000, 0x0021, 0x0021, 0x0000, 0x0000, 0x0000, 0x0000, 0x0000, 0x0000, 0x0000, 0x0000, 0x0000, 0x0000, 
	0x0000, 0x0000, 0x0000, 0x0000, 0x0000, 0x0000, 0x0000, 0x0000, 0x0000, 0x0000, 0x0000, 0x0000, 0x0000, 0x0000, 0x0000, 0x0000, 
	0x0000, 0x0000, 0x0000, 0x0000, 0x0000, 0x0000, 0x0000, 0x0000, 0x0000, 0x0000, 0x0000, 0x0000, 0x52aa, 0xf7be, 0xffff, 0xffff, 
	0xffff, 0xef5d, 0x632c, 0x0000, 0x0000, 0x0000, 0x0000, 0x0000, 0x0000, 0x0000, 0xd6ba, 0xffff, 0xd6ba, 0x0000, 0x0000, 0x0000, 
	0x0000, 0xffff, 0xffff, 0x94b2, 0x0000, 0x0000, 0x0000, 0x8430, 0xffff, 0xffff, 0x52aa, 0x0000, 0x0000, 0x0000, 0x2124, 0xffff, 
	0xffff, 0xffff, 0x8430, 0x0000, 0x0000, 0x0000, 0xd6ba, 0xffff, 0xffff, 0x632c, 0x0000, 0x0000, 0x0000, 0xce59, 0xffff, 0xef5d, 
	0x0000, 0x0000, 0x0000, 0x7bcf, 0xffff, 0xffff, 0x52aa, 0x0000, 0x0000, 0x0000, 0x0000, 0xd6ba, 0xffff, 0xd6ba, 0x0000, 0x0000, 
	0x0000, 0x0000, 0x0000, 0x0000, 0x0001, 0x0000, 0x0000, 0x0000, 0x0000, 0x632c, 0xffff, 0x632c, 0x0000, 0xef5d, 0xffff, 0xffff, 
	0x52aa, 0x0000, 0x0000, 0x0000, 0x0022, 0xf7be, 0xef5d, 0x0000, 0xa534, 0xffff, 0xffff, 0x6b4d, 0x0000, 0x0000, 0x0000, 0x0000, 
	0x0000, 0xe71c, 0xffff, 0xd6ba, 0x0000, 0x0000, 0x0842, 0x0021, 0x39e7, 0xffff, 0xffff, 0xf7be, 0x7bcf, 0x0000, 0x0000, 0x2966, 
	0xe71c, 0xffff, 0xffff, 0x39e7, 0x0000, 0x0000, 0x0000, 0x0001, 0xd6ba, 0xffff, 0xd6bb, 0x0000, 0x0000, 0x0000, 0x0000, 0x0000, 
	0x0000, 0x0000, 0x0000, 0x0000, 0x0000, 0x0000, 0x0000, 0x0000, 0x0000, 0x0002, 0x0000, 0x0a2f, 0x14db, 0x0087, 0x0002, 0x0001, 
	0x0000, 0x0000, 0x0000, 0x0000, 0x0000, 0x0000, 0x0001, 0x0002, 0x0024, 0x0003, 0x1cd7, 0x265b, 0x0005, 0x0026, 0x0003, 0x0002, 
	0x0002, 0x0003, 0x0024, 0x0047, 0x0006, 0x0bb3, 0x2fff, 0x1394, 0x0006, 0x0048, 0x0026, 0x0025, 0x0025, 0x0046, 0x0006, 0x0006, 
	0x0006, 0x0026, 0x0025, 0x0004, 0x0003, 0x0004, 0x0005, 0x0005, 0x0006, 0x0027, 0x0028, 0x0049, 0x006a, 0x008b, 0x008b, 0x00ac, 
	0x00ac, 0x00ac, 0x00ac, 0x00ac, 0x008c, 0x008c, 0x008b, 0x006b, 0x004a, 0x0029, 0x0027, 0x0006, 0x0005, 0x0004, 0x0004, 0x0003, 
	0x0002, 0x0002, 0x0001, 0x0000, 0x0000, 0x0000, 0x0000, 0x0000, 0x0000, 0x0000, 0x0000, 0x0000, 0x0001, 0x0002, 0x0024, 0x1acf, 
	0x09ac, 0x0004, 0x0024, 0x0002, 0x0001, 0x0000, 0x0000, 0x0000, 0x0000, 0x0001, 0x0022, 0x0003, 0x092a, 0x255b, 0x00e9, 0x0002, 
	0x0022, 0x0001, 0x0000, 0x0000, 0x0000, 0x0000, 0x0000, 0x0000, 0x0000, 0x0000, 0x0002, 0x0001, 0x0a50, 0x13d7, 0x0003, 0x0002, 
	0x0001, 0x0000, 0x0000, 0x0000, 0x0000, 0x0000, 0x0000, 0x0000, 0x0000, 0x0000, 0x0000, 0x0000, 0x0000, 0x0000, 0x0000, 0x012c, 
	0x012b, 0x0000, 0x0000, 0x0000, 0x0000, 0x0000, 0x0000, 0x0000, 0x0000, 0x0000, 0x0000, 0x0000, 0x0000, 0x0000, 0x0000, 0x0000, 
	0x0863, 0x0884, 0x0000, 0x0000, 0x0000, 0x0000, 0x0000, 0x0000, 0x0000, 0x0000, 0x0000, 0x0000, 0x0000, 0x0000, 0x0000, 0x0000, 
	0x0000, 0x0000, 0x0000, 0x0000, 0x0000, 0x0000, 0x0000, 0x0000, 0x0000, 0x0000, 0x0000, 0x0000, 0x0000, 0x52aa, 0xef5d, 0xffff, 
	0xffff, 0xffff, 0xffff, 0xce59, 0x2124, 0x0000, 0x0000, 0x0000, 0x0000, 0x0000, 0xd6ba, 0xffff, 0xd6ba, 0x0000, 0x0000, 0x0000, 
	0x632c, 0xffff, 0xffff, 0x632c, 0x0000, 0x0000, 0x0000, 0x2124, 0xffff, 0xffff, 0x94b2, 0x0000, 0x0000, 0x0000, 0x0000, 0xffff, 
	0xffff, 0xb596, 0x0041, 0x0000, 0x0000, 0x0000, 0x632c, 0xffff, 0xffff, 0x8430, 0x0000, 0x0000, 0x0000, 0x94b2, 0xffff, 0xbdf7, 
	0x0000, 0x0000, 0x0000, 0x632c, 0xffff, 0xffff, 0x632c, 0x0000, 0x0000, 0x0000, 0x0000, 0xd6ba, 0xffff, 0xd6ba, 0x0000, 0x0000, 
	0x0000, 0x0000, 0x0000, 0x0000, 0x0001, 0x0000, 0x0000, 0x0000, 0x0000, 0x632c, 0xffff, 0x632c, 0x0000, 0xa535, 0xffff, 0xffff, 
	0xb596, 0x0000, 0x0000, 0x0000, 0x8c51, 0xffff, 0x94b2, 0x0020, 0xa534, 0xffff, 0xffff, 0x6b4d, 0x0020, 0x0020, 0x0000, 0x0000, 
	0x0000, 0xd6ba, 0xffff, 0xd6ba, 0x0000, 0x0000, 0x0042, 0x0021, 0x0000, 0xffff, 0xffff, 0xa534, 0x0000, 0x0000, 0x0000, 0x0000, 
	0x7bcf, 0xffff, 0xffff, 0x632c, 0x0000, 0x0000, 0x0000, 0x0000, 0xd6ba, 0xffff, 0xd6ba, 0x0000, 0x0000, 0x0000, 0x0000, 0x0000, 
	0x0000, 0x0000, 0x0000, 0x0000, 0x0000, 0x0000, 0x0000, 0x0000, 0x0001, 0x0002, 0x0003, 0x13b6, 0x1394, 0x0003, 0x0002, 0x0001, 
	0x0000, 0x0000, 0x0000, 0x0000, 0x0000, 0x0000, 0x0001, 0x0023, 0x0003, 0x012a, 0x275f, 0x1331, 0x0004, 0x0024, 0x0002, 0x0002, 
	0x0002, 0x0024, 0x0026, 0x0005, 0x0ad0, 0x37ff, 0x263a, 0x088a, 0x0006, 0x0026, 0x0025, 0x0026, 0x0047, 0x0008, 0x0009, 0x018d, 
	0x014c, 0x0048, 0x0026, 0x0025, 0x0004, 0x0005, 0x0006, 0x0007, 0x0028, 0x0049, 0x006a, 0x008b, 0x008c, 0x00cd, 0x010e, 0x012e, 
	0x012f, 0x014f, 0x014f, 0x012f, 0x00ee, 0x00cd, 0x00cd, 0x00ac, 0x006b, 0x004a, 0x0029, 0x0008, 0x0006, 0x0005, 0x0004, 0x0004, 
	0x0003, 0x0002, 0x0002, 0x0001, 0x0000, 0x0000, 0x0000, 0x0000, 0x0000, 0x0000, 0x0000, 0x0000, 0x0001, 0x0003, 0x0003, 0x365b, 
	0x37bf, 0x0089, 0x0004, 0x0024, 0x0002, 0x0000, 0x0000, 0x0000, 0x0000, 0x0000, 0x0002, 0x0003, 0x0025, 0x1457, 0x13f5, 0x0004, 
	0x0002, 0x0001, 0x0000, 0x0000, 0x0000, 0x0000, 0x0000, 0x0000, 0x0000, 0x0000, 0x0001, 0x0002, 0x00c8, 0x1396, 0x096a, 0x0001, 
	0x0001, 0x0000, 0x0000, 0x0000, 0x0000, 0x0000, 0x0000, 0x0000, 0x0000, 0x0000, 0x0000, 0x0000, 0x0000, 0x0000, 0x0000, 0x00a7, 
	0x090a, 0x0001, 0x0000, 0x0000, 0x0000, 0x0000, 0x0000, 0x0000, 0x0000, 0x0000, 0x0000, 0x0000, 0x0000, 0x0000, 0x0000, 0x0000, 
	0x0842, 0x0863, 0x0000, 0x0000, 0x0000, 0x0000, 0x0000, 0x0000, 0x0000, 0x0000, 0x0000, 0x0000, 0x0000, 0x0000, 0x0000, 0x0000, 
	0x0000, 0x0000, 0x0000, 0x0000, 0x0000, 0x0000, 0x0000, 0x0000, 0x0000, 0x0000, 0x0000, 0x0000, 0x0000, 0x0000, 0x2124, 0xb596, 
	0xffff, 0xffff, 0xffff, 0xffff, 0xef5d, 0x52aa, 0x0000, 0x0000, 0x0000, 0x0000, 0xd6ba, 0xffff, 0xd6ba, 0x0000, 0x0000, 0x0000, 
	0x632c, 0xffff, 0xffff, 0x632c, 0x0000, 0x0000, 0x0000, 0x0000, 0xffff, 0xffff, 0xa514, 0x0000, 0x0000, 0x0000, 0x0000, 0xffff, 
	0xffff, 0xa535, 0x0042, 0x0000, 0x0000, 0x0000, 0x2124, 0xffff, 0xffff, 0xa534, 0x0000, 0x0000, 0x0000, 0x0000, 0x39e7, 0x0000, 
	0x0000, 0x0000, 0x0000, 0x632c, 0xffff, 0xffff, 0x632c, 0x0000, 0x0000, 0x0000, 0x0000, 0xd6ba, 0xffff, 0xd6ba, 0x0000, 0x0000, 
	0x0000, 0x0000, 0x0000, 0x0000, 0x0001, 0x0000, 0x0000, 0x0000, 0x0000, 0x632c, 0xffff, 0x632c, 0x0000, 0x39e8, 0xffff, 0xffff, 
	0xf7be, 0x0000, 0x0000, 0x0000, 0xd6ba, 0xffff, 0x2145, 0x0020, 0xa534, 0xffff, 0xffff, 0x6b4d, 0x0021, 0x0020, 0x0020, 0x0000, 
	0x0000, 0xd6ba, 0xffff, 0xd6ba, 0x0000, 0x0000, 0x0042, 0x0021, 0x0000, 0xffff, 0xffff, 0xa534, 0x0000, 0x0000, 0x0000, 0x0000, 
	0x632c, 0xffff, 0xffff, 0x632c, 0x0000, 0x0000, 0x0000, 0x0000, 0xd6bb, 0xffff, 0xd6ba, 0x0000, 0x0000, 0x0000, 0x0000, 0x0000, 
	0x0000, 0x0000, 0x0000, 0x0000, 0x0000, 0x0000, 0x0000, 0x0000, 0x0001, 0x0000, 0x094b, 0x249a, 0x00c8, 0x0001, 0x0002, 0x0000, 
	0x0000, 0x0000, 0x0000, 0x0000, 0x0000, 0x0001, 0x0022, 0x0004, 0x0006, 0x1e1b, 0x1dda, 0x0004, 0x0005, 0x0003, 0x0002, 0x0002, 
	0x0003, 0x0025, 0x0007, 0x09ee, 0x2fff, 0x26bc, 0x004a, 0x0006, 0x0026, 0x0024, 0x0025, 0x0047, 0x0008, 0x002a, 0x3d17, 0x77ff, 
	0x2d58, 0x0007, 0x0027, 0x0026, 0x0006, 0x0007, 0x0028, 0x0049, 0x008b, 0x00cd, 0x00cd, 0x0190, 0x0292, 0x0314, 0x0395, 0x1d38, 
	0x2dfa, 0x25da, 0x1dba, 0x1d9a, 0x1d9a, 0x03d6, 0x0232, 0x01b0, 0x012e, 0x00ed, 0x00ac, 0x006a, 0x0029, 0x0027, 0x0006, 0x0025, 
	0x0004, 0x0003, 0x0002, 0x0002, 0x0001, 0x0000, 0x0000, 0x0000, 0x0000, 0x0000, 0x0000, 0x0000, 0x0001, 0x0003, 0x0005, 0x09ad, 
	0x2fff, 0x25b9, 0x0006, 0x0025, 0x0023, 0x0001, 0x0000, 0x0000, 0x0000, 0x0000, 0x0001, 0x0023, 0x0001, 0x0b74, 0x25fe, 0x0026, 
	0x0003, 0x0001, 0x0000, 0x0000, 0x0000, 0x0000, 0x0000, 0x0000, 0x0000, 0x0000, 0x0001, 0x0002, 0x0003, 0x1376, 0x0a4f, 0x0000, 
	0x0001, 0x0000, 0x0000, 0x0000, 0x0000, 0x0000, 0x0000, 0x0000, 0x0000, 0x0000, 0x0000, 0x0000, 0x0000, 0x0000, 0x0000, 0x0044, 
	0x08e9, 0x0001, 0x0000, 0x0000, 0x0000, 0x0000, 0x0000, 0x0000, 0x0000, 0x0000, 0x0000, 0x0000, 0x0000, 0x0000, 0x0000, 0x0000, 
	0x0000, 0x0000, 0x0000, 0x0000, 0x0000, 0x0000, 0x0000, 0x0000, 0x0000, 0x0000, 0x0000, 0x0000, 0x0000, 0x0000, 0x0000, 0x0000, 
	0x0000, 0x0000, 0x0000, 0x0000, 0x0000, 0x0000, 0x0000, 0x0000, 0x0000, 0x0000, 0x0000, 0x0000, 0x0000, 0x0000, 0x0000, 0x0000, 
	0x52aa, 0xe71c, 0xffff, 0xffff, 0xffff, 0xef5d, 0x2124, 0x0000, 0x0000, 0x0000, 0xd6ba, 0xffff, 0xd6ba, 0x0000, 0x0000, 0x0000, 
	0x632c, 0xffff, 0xffff, 0x8430, 0x0000, 0x0000, 0x0000, 0x2124, 0xffff, 0xffff, 0x94b2, 0x0000, 0x0000, 0x0000, 0x0000, 0xffff, 
	0xffff, 0xa514, 0x0000, 0x0000, 0x0000, 0x0000, 0x0000, 0xffff, 0xffff, 0xa534, 0x0000, 0x0000, 0x0000, 0x0000, 0x0000, 0x0000, 
	0x0000, 0x7bcf, 0xbdf7, 0xf7be, 0xffff, 0xffff, 0x632c, 0x0000, 0x0000, 0x0000, 0x0000, 0xd6ba, 0xffff, 0xd6ba, 0x0000, 0x0000, 
	0x0000, 0x0000, 0x0000, 0x0000, 0x0001, 0x0000, 0x0000, 0x0000, 0x0000, 0x632c, 0xffff, 0x632c, 0x0000, 0x0000, 0xce59, 0xffff, 
	0xffff, 0x8430, 0x0000, 0x4208, 0xffff, 0xbdf8, 0x0020, 0x0021, 0xa534, 0xffff, 0xffff, 0x6b4d, 0x0883, 0x0883, 0x0021, 0x0020, 
	0x0020, 0xd6ba, 0xffff, 0xd6ba, 0x0000, 0x0000, 0x0042, 0x0021, 0x0000, 0xffff, 0xffff, 0xa534, 0x0000, 0x0000, 0x0000, 0x0000, 
	0x632c, 0xffff, 0xffff, 0x632c, 0x0000, 0x0000, 0x0000, 0x0001, 0xd6dc, 0xffff, 0xd6ba, 0x0000, 0x0000, 0x0000, 0x0000, 0x0000, 
	0x0000, 0x0000, 0x0000, 0x0000, 0x0000, 0x0000, 0x0000, 0x0001, 0x0001, 0x0001, 0x1333, 0x1355, 0x0003, 0x0003, 0x0001, 0x0000, 
	0x0000, 0x0000, 0x0000, 0x0000, 0x0001, 0x0001, 0x0023, 0x0004, 0x0a6f, 0x27ff, 0x12d0, 0x0004, 0x0025, 0x0003, 0x0002, 0x0003, 
	0x0025, 0x0006, 0x0008, 0x2fbe, 0x37ff, 0x00ab, 0x0008, 0x0047, 0x0005, 0x0025, 0x0046, 0x0008, 0x0009, 0x3558, 0x7fff, 0x577e, 
	0x09af, 0x0029, 0x0048, 0x0027, 0x0027, 0x0028, 0x004a, 0x00ac, 0x010e, 0x01d1, 0x0354, 0x15ba, 0x579f, 0x579f, 0x4fbf, 0x77ff, 
	0x97ff, 0x8fff, 0x87ff, 0x7fff, 0x87ff, 0x6fff, 0x46dd, 0x0dba, 0x0375, 0x01d0, 0x010e, 0x00cd, 0x008b, 0x0049, 0x0027, 0x0026, 
	0x0025, 0x0004, 0x0003, 0x0002, 0x0002, 0x0001, 0x0001, 0x0001, 0x0001, 0x0001, 0x0001, 0x0001, 0x0001, 0x0023, 0x0025, 0x0005, 
	0x13f4, 0x3fff, 0x11ee, 0x0006, 0x0024, 0x0002, 0x0000, 0x0000, 0x0000, 0x0000, 0x0001, 0x0002, 0x0003, 0x012b, 0x1ddd, 0x0b11, 
	0x0002, 0x0002, 0x0000, 0x0000, 0x0000, 0x0000, 0x0000, 0x0000, 0x0000, 0x0000, 0x0001, 0x0002, 0x0002, 0x12b1, 0x0a70, 0x0001, 
	0x0001, 0x0000, 0x0000, 0x0000, 0x0000, 0x0000, 0x0000, 0x0000, 0x0000, 0x0000, 0x0000, 0x0000, 0x0000, 0x0000, 0x0000, 0x0044, 
	0x09af, 0x0086, 0x0000, 0x0000, 0x0000, 0x0000, 0x0000, 0x0000, 0x0000, 0x0000, 0x0000, 0x0000, 0x0000, 0x0000, 0x0000, 0x0000, 
	0x0000, 0x0000, 0x0000, 0x0000, 0x0000, 0x0000, 0x0000, 0x0000, 0x0000, 0x0000, 0x0000, 0x0000, 0x0000, 0x0000, 0x0000, 0x0000, 
	0x0000, 0x0000, 0x0000, 0x0000, 0x0000, 0x0000, 0x0000, 0x0000, 0x0000, 0x0000, 0x0000, 0x0000, 0x0000, 0x0000, 0x0000, 0x0000, 
	0x0000, 0x0000, 0xbdf7, 0xffff, 0xffff, 0xffff, 0xb596, 0x0000, 0x0000, 0x0000, 0xd6ba, 0xffff, 0xd6ba, 0x0000, 0x0000, 0x0000, 
	0x0000, 0xe71c, 0xffff, 0xd6ba, 0x0000, 0x0000, 0x0000, 0x8430, 0xffff, 0xffff, 0x52aa, 0x0000, 0x0000, 0x0000, 0x0000, 0xffff, 
	0xffff, 0xa514, 0x0000, 0x0000, 0x0000, 0x0000, 0x0000, 0xffff, 0xffff, 0xa514, 0x0000, 0x0000, 0x0000, 0x0000, 0x2124, 0xa514, 
	0xf7be, 0xffff, 0xce59, 0xb596, 0xffff, 0xffff, 0x632c, 0x0000, 0x0000, 0x0000, 0x0000, 0xd6ba, 0xffff, 0xd6ba, 0x0000, 0x0000, 
	0x0000, 0x0000, 0x0000, 0x0000, 0x0001, 0x0000, 0x0000, 0x0000, 0x0000, 0x632c, 0xffff, 0x632c, 0x0000, 0x0000, 0x7bcf, 0xffff, 
	0xffff, 0xd6ba, 0x0000, 0xa534, 0xffff, 0x6b4d, 0x0021, 0x0041, 0xa534, 0xffff, 0xffff, 0x6b4d, 0x0883, 0x0883, 0x0042, 0x0021, 
	0x0000, 0xd6ba, 0xffff, 0xd6ba, 0x0000, 0x0000, 0x0042, 0x0021, 0x0000, 0xffff, 0xffff, 0xa534, 0x0000, 0x0000, 0x0000, 0x0000, 
	0x632c, 0xffff, 0xffff, 0x632c, 0x0000, 0x0000, 0x0000, 0x0044, 0xd6dc, 0xffff, 0xd6ba, 0x0000, 0x0000, 0x0000, 0x0000, 0x0000, 
	0x0000, 0x0000, 0x0000, 0x1105, 0x0882, 0x0000, 0x0000, 0x0001, 0x0002, 0x0002, 0x1375, 0x0a91, 0x0002, 0x0002, 0x0001, 0x0000, 
	0x0000, 0x0000, 0x0000, 0x0000, 0x0001, 0x0002, 0x0004, 0x0004, 0x1579, 0x26fe, 0x0007, 0x0005, 0x0023, 0x0002, 0x0002, 0x0004, 
	0x0027, 0x0007, 0x13d2, 0x3fff, 0x1331, 0x0007, 0x0047, 0x0005, 0x0025, 0x0026, 0x0007, 0x0029, 0x2d78, 0x77ff, 0x471d, 0x01cf, 
	0x0009, 0x006a, 0x0048, 0x0028, 0x0049, 0x006b, 0x008c, 0x010e, 0x0334, 0x15ba, 0x5f9e, 0x87ff, 0x7fff, 0x77ff, 0x67ff, 0x27ff, 
	0x0fde, 0x17de, 0x17df, 0x0fbf, 0x1fbe, 0x5fff, 0x7fff, 0x8fff, 0x5f5e, 0x15ba, 0x0313, 0x012f, 0x00cd, 0x008b, 0x0049, 0x0027, 
	0x0006, 0x0004, 0x0003, 0x0002, 0x0002, 0x0002, 0x0002, 0x0003, 0x0003, 0x0003, 0x0002, 0x0001, 0x0002, 0x0003, 0x0024, 0x0006, 
	0x006a, 0x2fbe, 0x1dd9, 0x0005, 0x0026, 0x0002, 0x0001, 0x0000, 0x0000, 0x0000, 0x0001, 0x0002, 0x0003, 0x0006, 0x267f, 0x0bf4, 
	0x0001, 0x0003, 0x0001, 0x0000, 0x0000, 0x0000, 0x0000, 0x0000, 0x0000, 0x0000, 0x0001, 0x0001, 0x0001, 0x09cd, 0x0a2e, 0x0001, 
	0x0002, 0x0001, 0x0000, 0x0000, 0x0000, 0x0000, 0x0000, 0x0000, 0x0000, 0x0000, 0x0000, 0x0000, 0x0000, 0x0000, 0x0000, 0x0022, 
	0x096d, 0x00c9, 0x0000, 0x0000, 0x0000, 0x0000, 0x0000, 0x0000, 0x0000, 0x0000, 0x0000, 0x0000, 0x0000, 0x0000, 0x0000, 0x0000, 
	0x0000, 0x0000, 0x0000, 0x0000, 0x0000, 0x0000, 0x0000, 0x0000, 0x0000, 0x0000, 0x0000, 0x0000, 0x0000, 0x0000, 0x0000, 0x0000, 
	0x0000, 0x0000, 0x0000, 0x0000, 0x0000, 0x0000, 0x0000, 0x0000, 0x0000, 0x0000, 0x0000, 0xa514, 0x39e7, 0x0000, 0x0000, 0x0000, 
	0x0000, 0x0000, 0x0000, 0xbdf7, 0xffff, 0xffff, 0xd6ba, 0x0000, 0x0000, 0x0000, 0xd6ba, 0xffff, 0xd6ba, 0x0000, 0x0000, 0x0042, 
	0x0863, 0x52aa, 0xf7be, 0xffff, 0xef5d, 0x8430, 0xb596, 0xf7be, 0xffff, 0xa514, 0x0000, 0x0000, 0x0000, 0x0000, 0x0000, 0xffff, 
	0xffff, 0xa514, 0x0000, 0x0000, 0x0000, 0x0000, 0x0000, 0xffff, 0xffff, 0xa514, 0x0000, 0x0000, 0x0000, 0x2124, 0xe71c, 0xffff, 
	0xd6ba, 0x39e7, 0x0000, 0x632c, 0xffff, 0xffff, 0x632c, 0x0000, 0x0000, 0x0000, 0x0000, 0xd6ba, 0xffff, 0xd6ba, 0x0000, 0x0000, 
	0x0000, 0x0000, 0x0000, 0x0000, 0x0001, 0x0000, 0x0000, 0x0000, 0x0000, 0x632c, 0xffff, 0x632c, 0x0000, 0x0000, 0x0000, 0xef5d, 
	0xffff, 0xffff, 0x4208, 0xef5d, 0xef5d, 0x0863, 0x0021, 0x0041, 0xa534, 0xffff, 0xffff, 0x6b6d, 0x0862, 0x0042, 0x10e5, 0x0842, 
	0x0000, 0xd6ba, 0xffff, 0xd6ba, 0x0000, 0x0000, 0x0042, 0x0021, 0x0000, 0xffff, 0xffff, 0xa514, 0x0000, 0x0000, 0x0000, 0x0000, 
	0x632c, 0xffff, 0xffff, 0x632c, 0x0000, 0x0000, 0x0000, 0x08c8, 0xd6bb, 0xffff, 0xd6ba, 0x0000, 0x0000, 0x0000, 0x0021, 0x0021, 
	0x0000, 0x0000, 0x0000, 0x1105, 0x0883, 0x0000, 0x0000, 0x0001, 0x0002, 0x00c8, 0x1396, 0x00e9, 0x0003, 0x0002, 0x0000, 0x0000, 
	0x0000, 0x0000, 0x0000, 0x0000, 0x0001, 0x0003, 0x0003, 0x014b, 0x2fbf, 0x1393, 0x0005, 0x0004, 0x0003, 0x0002, 0x0003, 0x0026, 
	0x0007, 0x090b, 0x3fff, 0x2e5a, 0x0007, 0x0028, 0x0025, 0x0005, 0x0026, 0x0028, 0x0008, 0x1c35, 0x67ff, 0x46dc, 0x010d, 0x000a, 
	0x0049, 0x0048, 0x0028, 0x0049, 0x008b, 0x00cd, 0x0190, 0x04b7, 0x579e, 0x8fff, 0x77ff, 0x3fff, 0x07de, 0x07de, 0x07de, 0x17ff, 
	0x27ff, 0x1fff, 0x1fff, 0x27ff, 0x17df, 0x07bf, 0x07be, 0x3fff, 0x77ff, 0x8fff, 0x577e, 0x0476, 0x01b0, 0x00cd, 0x008b, 0x0049, 
	0x0027, 0x0025, 0x0004, 0x0003, 0x0003, 0x0003, 0x0024, 0x0005, 0x0003, 0x0005, 0x0025, 0x0003, 0x0002, 0x0002, 0x0003, 0x0026, 
	0x0006, 0x1d98, 0x37ff, 0x118d, 0x0004, 0x0024, 0x0002, 0x0001, 0x0000, 0x0000, 0x0000, 0x0001, 0x0002, 0x0004, 0x1373, 0x257b, 
	0x0909, 0x0002, 0x0001, 0x0001, 0x0000, 0x0000, 0x0000, 0x0000, 0x0000, 0x0000, 0x0000, 0x0001, 0x0001, 0x00e9, 0x1ad2, 0x00a5, 
	0x0001, 0x0001, 0x0000, 0x0000, 0x0000, 0x0000, 0x0863, 0x0021, 0x0000, 0x0000, 0x0000, 0x0000, 0x0000, 0x0000, 0x0000, 0x0000, 
	0x08a7, 0x08e9, 0x0000, 0x0000, 0x0000, 0x0000, 0x0000, 0x0000, 0x0000, 0x0000, 0x0000, 0x0000, 0x0000, 0x0000, 0x0000, 0x0000, 
	0x0000, 0x0000, 0x0000, 0x0000, 0x0000, 0x0000, 0x0000, 0x0000, 0x0000, 0x0000, 0x0000, 0x0000, 0x0000, 0x0000, 0x0000, 0x0000, 
	0x0000, 0x0000, 0x0000, 0x0000, 0x0000, 0x0000, 0x0000, 0x0000, 0x0000, 0x0000, 0x0000, 0xffff, 0x8430, 0x0000, 0x0000, 0x0000, 
	0x0000, 0x0000, 0x0000, 0x52aa, 0xffff, 0xffff, 0xffff, 0x0000, 0x0000, 0x0000, 0xd6ba, 0xffff, 0xd6ba, 0x0000, 0x0000, 0x0863, 
	0x0884, 0x2124, 0xe71c, 0xef5d, 0xffff, 0xffff, 0xf7be, 0xd6ba, 0x7bcf, 0x0000, 0x0000, 0x0000, 0x0000, 0x0000, 0x0000, 0xffff, 
	0xffff, 0xa514, 0x0000, 0x0000, 0x0000, 0x0000, 0x0000, 0xffff, 0xffff, 0xa514, 0x0000, 0x0000, 0x0000, 0xd6ba, 0xffff, 0xef5d, 
	0x0000, 0x0000, 0x0000, 0x632c, 0xffff, 0xffff, 0x632c, 0x0000, 0x0000, 0x0000, 0x0000, 0xd6ba, 0xffff, 0xd6ba, 0x0000, 0x0000, 
	0x0000, 0x0000, 0x0000, 0x0000, 0x0001, 0x0000, 0x0000, 0x0000, 0x0000, 0x632c, 0xffff, 0x6b4d, 0x0042, 0x0000, 0x0000, 0xa534, 
	0xffff, 0xffff, 0xe71c, 0xffff, 0x94d3, 0x0862, 0x0020, 0x0041, 0xa535, 0xffff, 0xffff, 0x6b6e, 0x08c5, 0x0885, 0x0041, 0x0020, 
	0x0000, 0xd6ba, 0xffff, 0xd6ba, 0x0000, 0x0000, 0x0042, 0x0000, 0x0000, 0xffff, 0xffff, 0xa534, 0x0000, 0x0000, 0x0000, 0x0000, 
	0x632c, 0xffff, 0xffff, 0x632c, 0x0000, 0x0001, 0x0000, 0x090b, 0xd6bb, 0xffff, 0xd6ba, 0x0000, 0x0000, 0x0000, 0x0863, 0x0863, 
	0x0000, 0x0000, 0x0000, 0x0000, 0x0000, 0x0000, 0x0001, 0x0002, 0x0001, 0x12b1, 0x1375, 0x0003, 0x0003, 0x0001, 0x0000, 0x0000, 
	0x0000, 0x0000, 0x0000, 0x0001, 0x0002, 0x0003, 0x0045, 0x1d38, 0x25da, 0x0006, 0x0005, 0x0003, 0x0002, 0x0003, 0x0024, 0x0047, 
	0x0008, 0x1d37, 0x47ff, 0x1ad1, 0x0007, 0x0027, 0x0025, 0x0025, 0x0048, 0x0009, 0x094e, 0x5fdf, 0x473d, 0x00ee, 0x000a, 0x0069, 
	0x0028, 0x0048, 0x0049, 0x000a, 0x008d, 0x02b3, 0x165b, 0x77ff, 0x87ff, 0x2fff, 0x07be, 0x07be, 0x5fff, 0x5fff, 0x67ff, 0x5fff, 
	0x5fff, 0x5fff, 0x5fff, 0x5fff, 0x67ff, 0x67ff, 0x5fff, 0x0fbe, 0x07de, 0x2ffe, 0x7fff, 0x87ff, 0x1dfa, 0x0252, 0x00ce, 0x008b, 
	0x0049, 0x0026, 0x0005, 0x0004, 0x0004, 0x0004, 0x0005, 0x090a, 0x3454, 0x094d, 0x0007, 0x0046, 0x0004, 0x0003, 0x0003, 0x0024, 
	0x0005, 0x11ed, 0x3fff, 0x25fa, 0x0068, 0x0025, 0x0003, 0x0001, 0x0001, 0x0000, 0x0000, 0x0001, 0x0002, 0x0003, 0x0088, 0x2e7f, 
	0x1270, 0x0001, 0x0002, 0x0001, 0x0000, 0x0000, 0x0000, 0x0000, 0x0000, 0x0000, 0x0000, 0x0001, 0x0001, 0x0025, 0x1b95, 0x0949, 
	0x0001, 0x0001, 0x0000, 0x0000, 0x0000, 0x0000, 0x0021, 0x0001, 0x0000, 0x0000, 0x0000, 0x0000, 0x0000, 0x0000, 0x0000, 0x0000, 
	0x08e8, 0x08e8, 0x0000, 0x0000, 0x0000, 0x0000, 0x0000, 0x0000, 0x0000, 0x0000, 0x0000, 0x0000, 0x0000, 0x0000, 0x0000, 0x0000, 
	0x0000, 0x0000, 0x0000, 0x0000, 0x0000, 0x0000, 0x0000, 0x0000, 0x0000, 0x0000, 0x0000, 0x0000, 0x0000, 0x0000, 0x0000, 0x0000, 
	0x0000, 0x0000, 0x0000, 0x0000, 0x0000, 0x0000, 0x0000, 0x0000, 0x0000, 0x0000, 0x0000, 0xffff, 0xce59, 0x0000, 0x0000, 0x0000, 
	0x0000, 0x0000, 0x0000, 0x0000, 0xffff, 0xffff, 0xffff, 0x0000, 0x0000, 0x0000, 0xd6ba, 0xffff, 0xd6ba, 0x0000, 0x0000, 0x0000, 
	0x0000, 0xce59, 0xffff, 0x39e7, 0x0000, 0x0000, 0x0000, 0x0000, 0x0000, 0x0000, 0x0000, 0x0000, 0x0000, 0x0000, 0x0000, 0xffff, 
	0xffff, 0xa514, 0x0000, 0x0000, 0x0000, 0x0000, 0x0000, 0xffff, 0xffff, 0xa514, 0x0000, 0x0000, 0x2124, 0xffff, 0xffff, 0xa514, 
	0x0000, 0x0000, 0x0000, 0x632c, 0xffff, 0xffff, 0x632c, 0x0000, 0x0000, 0x0000, 0x0000, 0xd6ba, 0xffff, 0xd6ba, 0x38c5, 0x1862, 
	0x0000, 0x0000, 0x0000, 0x0000, 0x0001, 0x0000, 0x0000, 0x0000, 0x0000, 0x632c, 0xffff, 0x94b2, 0x0021, 0x0000, 0x0000, 0x39e7, 
	0xffff, 0xffff, 0xffff, 0xffff, 0x2945, 0x0041, 0x0000, 0x0021, 0xa535, 0xffff, 0xffff, 0x6baf, 0x08c4, 0x0042, 0x0000, 0x0000, 
	0x0000, 0xd6ba, 0xffff, 0xd6ba, 0x0000, 0x0000, 0x0042, 0x0000, 0x0000, 0xffff, 0xffff, 0xa534, 0x0000, 0x0000, 0x0000, 0x0000, 
	0x632c, 0xffff, 0xffff, 0x632c, 0x0000, 0x0001, 0x0002, 0x090b, 0xd6bb, 0xffff, 0xd6ba, 0x0000, 0x0000, 0x0000, 0x0000, 0x0000, 
	0x0000, 0x0000, 0x0000, 0x0000, 0x0000, 0x0000, 0x0001, 0x0002, 0x0004, 0x1bd7, 0x1290, 0x0001, 0x0002, 0x0001, 0x0000, 0x0000, 
	0x0000, 0x0000, 0x0000, 0x0001, 0x0003, 0x0003, 0x00a9, 0x273f, 0x0b11, 0x0003, 0x0024, 0x0002, 0x0002, 0x0023, 0x0025, 0x0008, 
	0x012e, 0x2fff, 0x2f1c, 0x004a, 0x0007, 0x0026, 0x0025, 0x0027, 0x004a, 0x004b, 0x363a, 0x77ff, 0x0a91, 0x0009, 0x008b, 0x0049, 
	0x0049, 0x006a, 0x002a, 0x016e, 0x0190, 0x0458, 0x5fff, 0x9fff, 0x07de, 0x07de, 0x7fff, 0x9fff, 0x7fff, 0x5f7e, 0x46dc, 0x161b, 
	0x0478, 0x0458, 0x0499, 0x04d9, 0x0e1b, 0x577e, 0x87ff, 0xa7ff, 0x6fff, 0x07de, 0x07fe, 0x5fff, 0x87ff, 0x163b, 0x0252, 0x00ad, 
	0x008b, 0x0028, 0x0006, 0x0005, 0x0004, 0x0004, 0x0006, 0x118d, 0x5fff, 0x2e3a, 0x000a, 0x0028, 0x0025, 0x0003, 0x0003, 0x0024, 
	0x0026, 0x0008, 0x1d37, 0x37ff, 0x012e, 0x0005, 0x0024, 0x0002, 0x0000, 0x0000, 0x0000, 0x0001, 0x0001, 0x0002, 0x00ea, 0x263e, 
	0x12f2, 0x0004, 0x0003, 0x0001, 0x0000, 0x0000, 0x0000, 0x0000, 0x0000, 0x0000, 0x0000, 0x0001, 0x0000, 0x0046, 0x1396, 0x098b, 
	0x0002, 0x0001, 0x0000, 0x0000, 0x0000, 0x0000, 0x0000, 0x0000, 0x0000, 0x0000, 0x0000, 0x0000, 0x0000, 0x0000, 0x0000, 0x0000, 
	0x08e8, 0x08e9, 0x0000, 0x0000, 0x0000, 0x0000, 0x0000, 0x0000, 0x0000, 0x0000, 0x0000, 0x0000, 0x0000, 0x0000, 0x0000, 0x0000, 
	0x0000, 0x0000, 0x0000, 0x0000, 0x0000, 0x0000, 0x0000, 0x0000, 0x0000, 0x0000, 0x0000, 0x0000, 0x0000, 0x0000, 0x0000, 0x0000, 
	0x0000, 0x0000, 0x0000, 0x0000, 0x0000, 0x0000, 0x0000, 0x0000, 0x0000, 0x0000, 0x0000, 0xe71c, 0xffff, 0x52aa, 0x0000, 0x0000, 
	0x0000, 0x0000, 0x0000, 0x2124, 0xffff, 0xffff, 0xce59, 0x0000, 0x0000, 0x0000, 0xd6ba, 0xffff, 0xd6ba, 0x0000, 0x0000, 0x0000, 
	0x7bcf, 0xffff, 0xffff, 0x0000, 0x0000, 0x0000, 0x0000, 0x0000, 0x0000, 0x0000, 0x0000, 0x0000, 0x0000, 0x0000, 0x0000, 0xffff, 
	0xffff, 0xa514, 0x0000, 0x0000, 0x0000, 0x0000, 0x0000, 0xffff, 0xffff, 0xa534, 0x0000, 0x0000, 0x632c, 0xffff, 0xffff, 0xbdf7, 
	0x0000, 0x0000, 0x0000, 0x7bcf, 0xffff, 0xffff, 0x632c, 0x0000, 0x0000, 0x0000, 0x0000, 0xd6ba, 0xffff, 0xd6ba, 0x0000, 0x0000, 
	0x0000, 0x0000, 0x0000, 0x0000, 0x0000, 0x0000, 0x0000, 0x0000, 0x0000, 0x632c, 0xffff, 0xa514, 0x0000, 0x0000, 0x0000, 0x0000, 
	0xce59, 0xffff, 0xffff, 0xbdf7, 0x0000, 0x0000, 0x0000, 0x0000, 0xa514, 0xffff, 0xffff, 0x6bb0, 0x0000, 0x0000, 0x0000, 0x0000, 
	0x0000, 0xd6ba, 0xffff, 0xd6ba, 0x0000, 0x0000, 0x0000, 0x0000, 0x2124, 0xffff, 0xffff, 0xa534, 0x0000, 0x0000, 0x0000, 0x0000, 
	0x632c, 0xffff, 0xffff, 0x632c, 0x0000, 0x0000, 0x08c8, 0x116f, 0xd6ba, 0xffff, 0xe71c, 0x0000, 0x0000, 0x0000, 0x0000, 0x0000, 
	0x0000, 0x0000, 0x0000, 0x0000, 0x0000, 0x0000, 0x0001, 0x0001, 0x0088, 0x1c7a, 0x0a2e, 0x0001, 0x0002, 0x0001, 0x0000, 0x0000, 
	0x0000, 0x0000, 0x0000, 0x0001, 0x0024, 0x0004, 0x096c, 0x263c, 0x0a2d, 0x0004, 0x0003, 0x0002, 0x0022, 0x0023, 0x0026, 0x0007, 
	0x14d6, 0x2fff, 0x13b3, 0x0008, 0x0027, 0x0025, 0x0026, 0x0069, 0x0009, 0x13b3, 0x67ff, 0x3e3a, 0x000a, 0x0049, 0x0048, 0x0049, 
	0x008b, 0x0009, 0x022f, 0x3fbe, 0x25ba, 0x0252, 0x26bd, 0x77ff, 0x57de, 0x8fff, 0x97ff, 0x3f1e, 0x04d9, 0x03b6, 0x02d5, 0x0254, 
	0x01d3, 0x01d3, 0x01f3, 0x01f3, 0x0294, 0x0376, 0x0519, 0x371d, 0x77ff, 0x97ff, 0x27ff, 0x07ff, 0x57ff, 0x87ff, 0x0dfa, 0x018f, 
	0x00ac, 0x006a, 0x0027, 0x0005, 0x0005, 0x0005, 0x0027, 0x0009, 0x2495, 0x67ff, 0x1333, 0x0008, 0x0047, 0x0024, 0x0003, 0x0003, 
	0x0025, 0x0006, 0x1353, 0x3fff, 0x1b33, 0x0008, 0x0024, 0x0002, 0x0001, 0x0000, 0x0000, 0x0001, 0x0001, 0x0003, 0x0025, 0x1477, 
	0x1e9f, 0x00c9, 0x0003, 0x0002, 0x0001, 0x0000, 0x0000, 0x0000, 0x0000, 0x0000, 0x0000, 0x0000, 0x0000, 0x0003, 0x13b6, 0x1354, 
	0x0002, 0x0001, 0x0000, 0x0000, 0x0000, 0x0000, 0x0000, 0x0000, 0x0000, 0x0000, 0x0000, 0x0000, 0x0000, 0x0000, 0x0000, 0x0000, 
	0x08e9, 0x08e8, 0x0000, 0x0000, 0x0000, 0x0000, 0x0000, 0x0000, 0x0000, 0x0000, 0x0000, 0x0000, 0x0000, 0x0000, 0x0000, 0x0000, 
	0x0000, 0x0000, 0x0000, 0x0000, 0x0000, 0x0000, 0x0000, 0x0000, 0x0000, 0x0000, 0x0000, 0x0000, 0x0000, 0x0000, 0x0000, 0x0000, 
	0x0000, 0x0000, 0x0000, 0x0000, 0x0000, 0x0000, 0x0000, 0x0000, 0x0000, 0x0000, 0x0863, 0xd6bb, 0xffff, 0xf7be, 0x8430, 0x0000, 
	0x0000, 0x0000, 0x0000, 0xbdf7, 0xffff, 0xffff, 0x7bcf, 0x0000, 0x0000, 0x0000, 0xe71c, 0xffff, 0xffff, 0x0000, 0x0000, 0x0000, 
	0xa534, 0xffff, 0xffff, 0xef5d, 0xb596, 0xa534, 0xa514, 0xa514, 0xa514, 0x52aa, 0x0000, 0x0000, 0x0000, 0x0000, 0x2124, 0xffff, 
	0xffff, 0xb596, 0x0000, 0x0000, 0x0000, 0x0000, 0x52aa, 0xffff, 0xffff, 0xb596, 0x0000, 0x0000, 0x0000, 0xf7be, 0xffff, 0xf7be, 
	0x8430, 0x632c, 0xa514, 0xffff, 0xffff, 0xffff, 0xce59, 0xa514, 0xbdf7, 0x0000, 0x0000, 0xe71c, 0xffff, 0xe71c, 0x0000, 0x0000, 
	0x0000, 0x0000, 0x0000, 0x0000, 0x0000, 0x0000, 0x0000, 0x0000, 0x0000, 0xb596, 0xffff, 0xce59, 0x0000, 0x0000, 0x0000, 0x0000, 
	0x632c, 0xffff, 0xffff, 0x632c, 0x0000, 0x0000, 0x0000, 0x0000, 0xce59, 0xffff, 0xffff, 0x94b3, 0x0000, 0x0000, 0x0000, 0x0000, 
	0x0000, 0xe71c, 0xffff, 0xe71c, 0x0000, 0x0000, 0x0000, 0x0000, 0x632c, 0xffff, 0xffff, 0xb596, 0x0000, 0x0000, 0x0000, 0x0000, 
	0x7bcf, 0xffff, 0xffff, 0xa514, 0x0000, 0x0000, 0x00c9, 0x0970, 0xe71c, 0xffff, 0xffff, 0x0000, 0x0000, 0x0000, 0x0000, 0x0000, 
	0x0000, 0x0000, 0x0000, 0x0000, 0x0000, 0x0000, 0x0002, 0x0002, 0x00c9, 0x12d3, 0x0086, 0x0002, 0x0001, 0x0000, 0x0000, 0x0000, 
	0x0000, 0x0000, 0x0001, 0x0002, 0x0024, 0x0003, 0x1c96, 0x1dfa, 0x0004, 0x0005, 0x0003, 0x0002, 0x0002, 0x0024, 0x0005, 0x092c, 
	0x27be, 0x275c, 0x006a, 0x0008, 0x0026, 0x0025, 0x0046, 0x0009, 0x012d, 0x575d, 0x77ff, 0x01ef, 0x0008, 0x0069, 0x0048, 0x006a, 
	0x0009, 0x01ce, 0x579e, 0x67ff, 0x1333, 0x008e, 0x0334, 0x3fbf, 0xafff, 0x677e, 0x04f9, 0x0336, 0x01b2, 0x0193, 0x01f3, 0x02b4, 
	0x0375, 0x0396, 0x03b6, 0x0335, 0x0233, 0x0192, 0x01d3, 0x02f5, 0x0579, 0x5fff, 0x9fff, 0x2fdf, 0x07de, 0x57ff, 0x5fff, 0x0539, 
	0x016f, 0x008b, 0x0048, 0x0007, 0x0026, 0x0026, 0x0048, 0x0009, 0x11cf, 0x5fff, 0x371d, 0x006c, 0x0028, 0x0025, 0x0003, 0x0003, 
	0x0024, 0x0026, 0x092d, 0x373d, 0x3f9f, 0x0009, 0x0005, 0x0023, 0x0001, 0x0000, 0x0000, 0x0000, 0x0001, 0x0024, 0x0002, 0x0b32, 
	0x1f1f, 0x00ea, 0x0003, 0x0002, 0x0000, 0x0000, 0x0000, 0x1946, 0x1945, 0x0000, 0x0000, 0x0001, 0x0001, 0x0000, 0x0b33, 0x1396, 
	0x0002, 0x0001, 0x0001, 0x0000, 0x0000, 0x0000, 0x0000, 0x0000, 0x0000, 0x0000, 0x0000, 0x0000, 0x0000, 0x0000, 0x0000, 0x0000, 
	0x08c9, 0x096d, 0x0002, 0x0000, 0x0000, 0x0000, 0x0000, 0x0000, 0x0000, 0x0000, 0x0000, 0x0000, 0x0000, 0x0000, 0x0000, 0x0000, 
	0x0000, 0x0000, 0x0000, 0x0000, 0x0000, 0x0000, 0x0000, 0x0000, 0x0000, 0x0000, 0x0000, 0x0000, 0x0000, 0x0000, 0x0000, 0x0000, 
	0x0000, 0x0000, 0x0000, 0x0000, 0x0000, 0x0000, 0x0000, 0x0000, 0x0000, 0x0000, 0x0021, 0xd6ba, 0xffff, 0xffff, 0xffff, 0xef5d, 
	0xd6ba, 0xd6ba, 0xef5d, 0xffff, 0xf7be, 0x7bcf, 0x0000, 0x0000, 0x632c, 0xbdf7, 0xffff, 0xffff, 0xffff, 0xd6ba, 0x8430, 0x0000, 
	0x4208, 0xffff, 0xffff, 0xffff, 0xffff, 0xffff, 0xffff, 0xffff, 0xffff, 0xffff, 0xd6ba, 0x52aa, 0x0000, 0xa514, 0xef5d, 0xffff, 
	0xffff, 0xffff, 0xbdf7, 0x632c, 0x0000, 0xa534, 0xef5d, 0xffff, 0xffff, 0xffff, 0xbdf7, 0x632c, 0x0000, 0xb596, 0xffff, 0xffff, 
	0xffff, 0xffff, 0xf7be, 0x8430, 0xe71c, 0xffff, 0xffff, 0xf7be, 0x52aa, 0x632c, 0xd6ba, 0xffff, 0xffff, 0xffff, 0xe71c, 0x8430, 
	0x0000, 0x0000, 0x0000, 0x0000, 0x0000, 0x0000, 0x0000, 0x94b2, 0xd6ba, 0xffff, 0xffff, 0xffff, 0xe71c, 0x94b2, 0x0000, 0x0000, 
	0x0000, 0xef5d, 0xef5d, 0x0000, 0x0000, 0x0000, 0x94b2, 0xe71c, 0xffff, 0xffff, 0xffff, 0xffff, 0xd6ba, 0x632c, 0x0000, 0x632c, 
	0xd6ba, 0xffff, 0xffff, 0xffff, 0xd6ba, 0x8430, 0x0000, 0xa534, 0xef5d, 0xffff, 0xffff, 0xf7be, 0xbdf7, 0x632c, 0x39e7, 0xb596, 
	0xef5d, 0xffff, 0xffff, 0xf7be, 0xb596, 0x39e8, 0x6b70, 0xbe19, 0xffff, 0xffff, 0xffff, 0xd6ba, 0x8430, 0x0000, 0x0000, 0x0000, 
	0x0000, 0x0000, 0x0000, 0x0000, 0x0000, 0x0001, 0x0002, 0x0003, 0x0a2f, 0x0a71, 0x0003, 0x0002, 0x0001, 0x0000, 0x0000, 0x0000, 
	0x0000, 0x0000, 0x0001, 0x0002, 0x0004, 0x00e9, 0x1e7c, 0x1414, 0x0005, 0x0004, 0x0002, 0x0002, 0x0003, 0x0025, 0x0005, 0x0b11, 
	0x2fff, 0x1393, 0x0008, 0x0027, 0x0026, 0x0026, 0x0028, 0x006b, 0x2dd9, 0x87ff, 0x3d17, 0x002b, 0x004a, 0x0048, 0x0048, 0x000a, 
	0x010d, 0x571c, 0x87ff, 0x2374, 0x000b, 0x00ad, 0x010e, 0x03b5, 0x0d38, 0x0334, 0x0171, 0x0192, 0x0336, 0x04f9, 0x1e3b, 0x46fc, 
	0x77be, 0x6f9e, 0x77df, 0x4f3d, 0x161b, 0x04b9, 0x02b4, 0x0171, 0x01d2, 0x0456, 0x375d, 0x8fff, 0x27ff, 0x07be, 0x77ff, 0x77ff, 
	0x03f6, 0x008c, 0x002a, 0x0028, 0x0027, 0x0027, 0x0027, 0x0029, 0x002b, 0x2db8, 0x5fff, 0x0af5, 0x0009, 0x0046, 0x0003, 0x0023, 
	0x0024, 0x0027, 0x0007, 0x1dda, 0x37ff, 0x092c, 0x0005, 0x0024, 0x0002, 0x0000, 0x0000, 0x0000, 0x0001, 0x0003, 0x0002, 0x0bb4, 
	0x16ff, 0x00a9, 0x0003, 0x0022, 0x0000, 0x0000, 0x0000, 0x10a3, 0x10a3, 0x0000, 0x0000, 0x0000, 0x0001, 0x0001, 0x1354, 0x1355, 
	0x0002, 0x0002, 0x0001, 0x0000, 0x0000, 0x0000, 0x0000, 0x0000, 0x0000, 0x0000, 0x0000, 0x0000, 0x0000, 0x0000, 0x0000, 0x0000, 
	0x0045, 0x096e, 0x0065, 0x0000, 0x0000, 0x0000, 0x0000, 0x0000, 0x0000, 0x0000, 0x0000, 0x0000, 0x0000, 0x0000, 0x0000, 0x0000, 
	0x0000, 0x0000, 0x0000, 0x0000, 0x0000, 0x0000, 0x0000, 0x0000, 0x0000, 0x0000, 0x0000, 0x0000, 0x0000, 0x0000, 0x0000, 0x0000, 
	0x0000, 0x0000, 0x0000, 0x0000, 0x0000, 0x0000, 0x0000, 0x0000, 0x0000, 0x0000, 0x0000, 0xd6ba, 0xbdf7, 0x632c, 0xb596, 0xd6ba, 
	0xd6ba, 0xffff, 0xe71c, 0xbdf7, 0x52aa, 0x0000, 0x0000, 0x0000, 0x632c, 0xa514, 0xa534, 0xa534, 0xa534, 0xa514, 0x8430, 0x0000, 
	0x0000, 0x7bcf, 0xffff, 0xe71c, 0xffff, 0xffff, 0xffff, 0xffff, 0xffff, 0xffff, 0xffff, 0xe71c, 0x0000, 0xa534, 0xa534, 0xa514, 
	0xa514, 0xa514, 0xa534, 0x632c, 0x0000, 0xa534, 0xa534, 0xa514, 0xa534, 0xa514, 0xa534, 0x632c, 0x0000, 0x2124, 0xa514, 0xd6ba, 
	0xd6ba, 0xa514, 0x39e7, 0x0000, 0x52aa, 0xbdf7, 0xa514, 0x4208, 0x0000, 0x632c, 0xa534, 0xa534, 0xa534, 0xa514, 0xa534, 0x8430, 
	0x0000, 0x0000, 0x0000, 0x0000, 0x0000, 0x0000, 0x0000, 0x8430, 0xa534, 0xa514, 0xa534, 0xa534, 0xa514, 0x8430, 0x0000, 0x0000, 
	0x0000, 0x632c, 0x632c, 0x0000, 0x0000, 0x0000, 0x8430, 0xa514, 0xa514, 0xa514, 0xa514, 0xa514, 0xa514, 0x632c, 0x0000, 0x632c, 
	0xa534, 0xa514, 0xa514, 0xa514, 0xa534, 0x8430, 0x0000, 0xa534, 0xa514, 0xa534, 0xa534, 0xa514, 0xa514, 0x632c, 0x39e7, 0xa514, 
	0xa514, 0xa514, 0xa514, 0xa514, 0xa514, 0x4209, 0x6b92, 0xa535, 0xa514, 0xa534, 0xa514, 0xa514, 0x8430, 0x0000, 0x0000, 0x0000, 
	0x0000, 0x0000, 0x0000, 0x0000, 0x0000, 0x0001, 0x0002, 0x0003, 0x13b6, 0x0af3, 0x0003, 0x0001, 0x0000, 0x0000, 0x0000, 0x0000, 
	0x0000, 0x0000, 0x0001, 0x0023, 0x0004, 0x018e, 0x1ede, 0x012b, 0x0005, 0x0003, 0x0002, 0x0002, 0x0004, 0x0005, 0x0007, 0x1577, 
	0x2fff, 0x098e, 0x0006, 0x0026, 0x0026, 0x0026, 0x0009, 0x0291, 0x57ff, 0x57ff, 0x016f, 0x000b, 0x0049, 0x0049, 0x002a, 0x008c, 
	0x36bc, 0x77ff, 0x2c76, 0x000a, 0x008c, 0x008c, 0x00ac, 0x00ad, 0x00ad, 0x010f, 0x0191, 0x0477, 0x4f9e, 0x9fff, 0xafff, 0x87ff, 
	0x5fff, 0x5fff, 0x5fff, 0x7fff, 0x9fff, 0x67ff, 0x16dd, 0x03f6, 0x0191, 0x0150, 0x0354, 0x2f3d, 0x77ff, 0x57be, 0x97ff, 0x57ff, 
	0x0417, 0x00cf, 0x004c, 0x004b, 0x0069, 0x0027, 0x0027, 0x0047, 0x0009, 0x1250, 0x6fff, 0x365d, 0x008c, 0x0026, 0x0024, 0x0024, 
	0x0024, 0x0027, 0x0009, 0x1c56, 0x37ff, 0x1311, 0x0005, 0x0025, 0x0002, 0x0001, 0x0000, 0x0000, 0x0001, 0x0003, 0x0002, 0x12d0, 
	0x1f3f, 0x0b32, 0x0002, 0x0002, 0x0001, 0x0000, 0x0000, 0x0000, 0x0000, 0x0000, 0x0000, 0x0000, 0x0001, 0x0001, 0x1354, 0x1355, 
	0x0002, 0x0002, 0x0001, 0x0000, 0x0000, 0x0000, 0x0000, 0x0000, 0x0000, 0x0000, 0x0000, 0x0000, 0x0000, 0x0000, 0x0000, 0x0001, 
	0x0000, 0x08e8, 0x00a6, 0x0000, 0x0000, 0x0000, 0x0000, 0x0000, 0x0000, 0x0000, 0x0000, 0x0000, 0x0000, 0x0000, 0x0000, 0x0000, 
	0x0000, 0x0000, 0x0000, 0x0000, 0x0000, 0x0000, 0x0000, 0x0000, 0x0000, 0x0000, 0x0000, 0x0000, 0x0000, 0x0000, 0x0000, 0x0000, 
	0x0000, 0x0000, 0x0000, 0x0000, 0x0000, 0x0000, 0x0000, 0x0000, 0x0000, 0x0000, 0x0000, 0x0000, 0x0000, 0x0000, 0x0000, 0x0000, 
	0x0000, 0x0000, 0x0001, 0x0024, 0x0000, 0x0000, 0x0000, 0x0000, 0x0000, 0x0000, 0x0000, 0x0000, 0x0000, 0x0000, 0x0000, 0x0000, 
	0x2124, 0xe71c, 0xbdf7, 0x0000, 0x0000, 0x0000, 0x0000, 0x0000, 0x39e7, 0xa514, 0xffff, 0xffff, 0x0000, 0x0000, 0x0000, 0x0000, 
	0x0000, 0x0000, 0x0000, 0x0000, 0x0000, 0x0000, 0x0000, 0x0000, 0x0000, 0x0000, 0x0000, 0x0000, 0x0000, 0x0000, 0x0000, 0x0000, 
	0x0000, 0x0000, 0x0000, 0x0000, 0x0000, 0x0000, 0x0000, 0x0000, 0x0000, 0x0000, 0x0000, 0x0000, 0x0000, 0x0000, 0x0000, 0x0000, 
	0x0000, 0x0000, 0x0000, 0x0000, 0x0000, 0x0000, 0x0000, 0x0000, 0x0000, 0x0000, 0x0000, 0x0000, 0x0000, 0x0000, 0x0000, 0x0000, 
	0x0000, 0x0000, 0x0000, 0x0000, 0x0000, 0x0000, 0x0000, 0x0000, 0x0000, 0x0000, 0x0000, 0x0000, 0x0000, 0x0000, 0x0000, 0x0000, 
	0x0000, 0x0000, 0x0000, 0x0000, 0x0000, 0x0000, 0x0000, 0x0000, 0x0000, 0x0000, 0x0000, 0x0000, 0x0000, 0x0000, 0x0000, 0x0000, 
	0x0000, 0x0000, 0x0000, 0x0000, 0x0000, 0x0023, 0x1190, 0x08e9, 0x0000, 0x0000, 0x0000, 0x0000, 0x0000, 0x0000, 0x0000, 0x0000, 
	0x0000, 0x0000, 0x0000, 0x0000, 0x0000, 0x0001, 0x0003, 0x0003, 0x1290, 0x094b, 0x0003, 0x0001, 0x0000, 0x0000, 0x0000, 0x0000, 
	0x0000, 0x0000, 0x0002, 0x0004, 0x0006, 0x13f5, 0x1e3b, 0x00ca, 0x0005, 0x0003, 0x0002, 0x0003, 0x0024, 0x0006, 0x0089, 0x2ffe, 
	0x2578, 0x0029, 0x0027, 0x0026, 0x0026, 0x0027, 0x0009, 0x24f6, 0x5fff, 0x1c97, 0x002c, 0x006b, 0x0049, 0x006a, 0x000b, 0x1313, 
	0x7fff, 0x3e7b, 0x00ac, 0x004b, 0x006a, 0x004a, 0x004b, 0x008c, 0x00ce, 0x0191, 0x04d8, 0x4fff, 0xa7ff, 0x5fde, 0x2fde, 0x07de, 
	0x07de, 0x07de, 0x07be, 0x07be, 0x2fde, 0x77ff, 0x97ff, 0x4fdf, 0x0436, 0x0170, 0x014f, 0x03f5, 0x57ff, 0xbfff, 0x57ff, 0x0538, 
	0x0170, 0x12b3, 0x361a, 0x0292, 0x002a, 0x0028, 0x0027, 0x0027, 0x0008, 0x014d, 0x675d, 0x67ff, 0x012d, 0x0007, 0x0025, 0x0004, 
	0x0024, 0x0026, 0x0009, 0x092d, 0x379e, 0x0b31, 0x0007, 0x0046, 0x0003, 0x0001, 0x0000, 0x0000, 0x0001, 0x0002, 0x0004, 0x0026, 
	0x1d7a, 0x14d8, 0x0003, 0x0003, 0x0001, 0x0000, 0x0000, 0x0000, 0x0000, 0x0000, 0x0000, 0x0000, 0x0001, 0x0001, 0x12f3, 0x12f3, 
	0x0002, 0x0003, 0x0001, 0x0000, 0x0000, 0x0000, 0x0000, 0x0000, 0x0000, 0x0000, 0x0000, 0x0000, 0x0000, 0x0000, 0x0000, 0x0000, 
	0x0000, 0x08e9, 0x0086, 0x0000, 0x0000, 0x0000, 0x0000, 0x0000, 0x0000, 0x0000, 0x0000, 0x0000, 0x0000, 0x0000, 0x0000, 0x0000, 
	0x0000, 0x0000, 0x0000, 0x0000, 0x0000, 0x0000, 0x0000, 0x0000, 0x0000, 0x0000, 0x0000, 0x0000, 0x0000, 0x0000, 0x0000, 0x0000, 
	0x0000, 0x0000, 0x0000, 0x0000, 0x0000, 0x0000, 0x0000, 0x0000, 0x0000, 0x0000, 0x0000, 0x0000, 0x0000, 0x0000, 0x0000, 0x0000, 
	0x0000, 0x0000, 0x218a, 0x6416, 0x08e7, 0x0001, 0x0000, 0x0000, 0x0000, 0x0000, 0x0000, 0x0000, 0x0000, 0x0000, 0x0000, 0x0000, 
	0xbdf7, 0xffff, 0x632c, 0x0000, 0x0000, 0x0000, 0x0000, 0x0000, 0x0000, 0x0000, 0xe71c, 0xef5d, 0x0000, 0x0000, 0x0000, 0x0000, 
	0x0000, 0x0000, 0x0000, 0x0000, 0x0000, 0x0000, 0x0000, 0x0000, 0x0000, 0x0000, 0x0000, 0x0000, 0x0000, 0x0000, 0x0000, 0x0000, 
	0x0000, 0x0000, 0x0000, 0x0000, 0x0000, 0x0000, 0x0000, 0x0000, 0x0000, 0x0000, 0x0000, 0x0000, 0x0000, 0x0000, 0x0000, 0x0000, 
	0x0000, 0x0000, 0x0000, 0x0000, 0x0000, 0x0000, 0x0000, 0x0000, 0x0000, 0x0000, 0x0000, 0x0000, 0x0000, 0x0000, 0x0000, 0x0000, 
	0x0000, 0x0000, 0x0000, 0x0000, 0x0000, 0x0000, 0x0000, 0x0000, 0x0000, 0x0000, 0x0000, 0x0000, 0x0000, 0x0000, 0x0000, 0x0000, 
	0x0000, 0x0000, 0x0000, 0x0000, 0x0000, 0x0000, 0x0001, 0x0000, 0x0000, 0x0000, 0x0000, 0x0000, 0x0000, 0x0000, 0x0000, 0x0000, 
	0x0000, 0x0000, 0x0000, 0x0000, 0x0000, 0x0003, 0x0990, 0x08e9, 0x0000, 0x0000, 0x0000, 0x0000, 0x0000, 0x0000, 0x0000, 0x0000, 
	0x0000, 0x0000, 0x0000, 0x0000, 0x0000, 0x0001, 0x0002, 0x096a, 0x1b33, 0x0086, 0x0003, 0x0001, 0x0000, 0x0000, 0x0000, 0x0000, 
	0x0000, 0x0000, 0x0002, 0x0004, 0x0006, 0x26fe, 0x14b6, 0x0005, 0x0025, 0x0003, 0x0002, 0x0003, 0x0025, 0x0006, 0x00aa, 0x37ff, 
	0x3538, 0x0006, 0x0027, 0x0025, 0x0026, 0x0049, 0x002a, 0x3e5a, 0x6fbe, 0x09cf, 0x000a, 0x006a, 0x0049, 0x008b, 0x000b, 0x35da, 
	0x87ff, 0x018f, 0x004c, 0x008b, 0x0028, 0x0028, 0x002a, 0x006c, 0x00ae, 0x0272, 0x275e, 0x97ff, 0x0fbe, 0x07ff, 0x07ff, 0x3ffe, 
	0x87ff, 0x7fff, 0x7fff, 0x47df, 0x07df, 0x07de, 0x37df, 0x8fff, 0x3fbf, 0x03b5, 0x0170, 0x01b0, 0x0cb8, 0x269c, 0x0476, 0x0190, 
	0x000d, 0x2bd5, 0x87ff, 0x25fa, 0x002b, 0x0049, 0x0027, 0x0026, 0x0048, 0x0008, 0x54d6, 0x77ff, 0x0bb5, 0x0009, 0x0026, 0x0004, 
	0x0024, 0x0025, 0x0007, 0x008a, 0x3fbe, 0x2476, 0x0008, 0x0026, 0x0003, 0x0001, 0x0000, 0x0000, 0x0001, 0x0002, 0x0004, 0x0004, 
	0x1d39, 0x14d8, 0x0003, 0x0023, 0x0001, 0x0000, 0x0000, 0x0000, 0x0000, 0x0000, 0x0000, 0x0000, 0x0001, 0x0001, 0x092a, 0x1b97, 
	0x00e9, 0x0001, 0x0001, 0x0000, 0x0000, 0x0000, 0x0000, 0x0000, 0x0000, 0x0000, 0x0000, 0x0000, 0x0000, 0x0000, 0x0000, 0x0000, 
	0x0000, 0x08e9, 0x00a6, 0x0000, 0x0000, 0x0000, 0x0000, 0x0000, 0x0000, 0x0000, 0x0000, 0x0000, 0x0000, 0x0000, 0x0000, 0x0000, 
	0x0000, 0x0000, 0x0000, 0x0000, 0x0000, 0x0000, 0x0000, 0x0000, 0x0000, 0x0000, 0x0000, 0x0000, 0x0000, 0x0000, 0x0000, 0x0000, 
	0x0000, 0x0000, 0x0000, 0x0000, 0x0000, 0x0000, 0x0000, 0x0000, 0x0000, 0x0000, 0x0000, 0x0000, 0x0000, 0x0000, 0x0000, 0x0000, 
	0x0000, 0x0000, 0x1106, 0x3a8f, 0x0884, 0x0000, 0x0000, 0x0000, 0x0000, 0x0000, 0x0000, 0x0000, 0x0000, 0x0000, 0x0000, 0x2124, 
	0xffff, 0xffff, 0xa534, 0x0000, 0x0000, 0x0000, 0x0000, 0x0000, 0x0000, 0x0000, 0xef5d, 0xbdf7, 0x0000, 0x0000, 0x0000, 0x0000, 
	0x0000, 0x0000, 0x0000, 0x0000, 0x0000, 0x0000, 0x0000, 0x0000, 0x0000, 0x0000, 0x0000, 0x0000, 0x0000, 0x0000, 0x0000, 0x0000, 
	0x0000, 0x0000, 0x0000, 0x0000, 0x0000, 0x0000, 0x0000, 0x0000, 0x0000, 0x0000, 0x0000, 0x0000, 0x0000, 0x0000, 0x0000, 0x0000, 
	0x0000, 0x0000, 0x0000, 0x0000, 0x0000, 0x0000, 0x0000, 0x0000, 0x0000, 0x0000, 0x0863, 0x0883, 0x0000, 0x0000, 0x0000, 0x0000, 
	0x0000, 0x0000, 0x0000, 0x0000, 0x0000, 0x0000, 0x0000, 0x0000, 0x0000, 0x0000, 0x0000, 0x0000, 0x0000, 0x0000, 0x0000, 0x0000, 
	0x0000, 0x0000, 0x0000, 0x0000, 0x0000, 0x0000, 0x0001, 0x0000, 0x0000, 0x0000, 0x0000, 0x0000, 0x0000, 0x0000, 0x0000, 0x0000, 
	0x0000, 0x0000, 0x0000, 0x0000, 0x0000, 0x0086, 0x094c, 0x0024, 0x0001, 0x0000, 0x0000, 0x0000, 0x0000, 0x0000, 0x0000, 0x0000, 
	0x0000, 0x0000, 0x0000, 0x0000, 0x0000, 0x0002, 0x0002, 0x12f2, 0x1cbb, 0x0087, 0x0002, 0x0001, 0x0000, 0x0000, 0x0000, 0x0000, 
	0x0000, 0x0000, 0x0002, 0x0004, 0x010a, 0x1f7f, 0x14d7, 0x0004, 0x0024, 0x0003, 0x0002, 0x0004, 0x0026, 0x0007, 0x13f3, 0x37de, 
	0x1b11, 0x0007, 0x0026, 0x0025, 0x0047, 0x0009, 0x0290, 0x6fff, 0x5619, 0x0009, 0x008a, 0x0048, 0x0069, 0x002b, 0x0a31, 0x6f9e, 
	0x3d79, 0x002c, 0x00ac, 0x0049, 0x0007, 0x0028, 0x0029, 0x006b, 0x00cd, 0x01f1, 0x15fb, 0x5fff, 0x57ff, 0x47ff, 0x67ff, 0x7fff, 
	0x5f7e, 0x4f5e, 0x4f9e, 0x6fff, 0x8fff, 0x3fde, 0x07df, 0x0fff, 0x77ff, 0x479e, 0x0416, 0x014f, 0x014f, 0x01b0, 0x00ed, 0x008c, 
	0x004c, 0x012e, 0x5edc, 0x77ff, 0x0292, 0x002a, 0x0048, 0x0027, 0x0047, 0x0009, 0x33b4, 0x5fff, 0x2edd, 0x000b, 0x0027, 0x0025, 
	0x0004, 0x0005, 0x0006, 0x08ca, 0x37ff, 0x2fdf, 0x010b, 0x0005, 0x0024, 0x0002, 0x0000, 0x0000, 0x0001, 0x0002, 0x0004, 0x0005, 
	0x1d7a, 0x14d8, 0x0004, 0x0023, 0x0001, 0x0000, 0x0000, 0x0000, 0x0000, 0x0000, 0x0000, 0x0000, 0x0001, 0x0001, 0x0066, 0x147a, 
	0x01ee, 0x0000, 0x0001, 0x0000, 0x0000, 0x0000, 0x0000, 0x0000, 0x0000, 0x0000, 0x0000, 0x0000, 0x0000, 0x0000, 0x0000, 0x0000, 
	0x0000, 0x08e9, 0x00a6, 0x0000, 0x0000, 0x0000, 0x0000, 0x0000, 0x0000, 0x0000, 0x0000, 0x0000, 0x0000, 0x0000, 0x0000, 0x0000, 
	0x0000, 0x0000, 0x0000, 0x0000, 0x0843, 0x0001, 0x0000, 0x0000, 0x0000, 0x0000, 0x0000, 0x0000, 0x0000, 0x0000, 0x0000, 0x0000, 
	0x0000, 0x0000, 0x0000, 0x0000, 0x0000, 0x0000, 0x0000, 0x0000, 0x0000, 0x0000, 0x0000, 0x0000, 0x0000, 0x0000, 0x0000, 0x0000, 
	0x0000, 0x0000, 0x0000, 0x0000, 0x0000, 0x0000, 0x0000, 0x0000, 0x0000, 0x0000, 0x0000, 0x0000, 0x0000, 0x0000, 0x0000, 0x2124, 
	0xffff, 0xffff, 0xf7be, 0x2124, 0x0000, 0x0000, 0x0000, 0x0000, 0x2124, 0xd6ba, 0xffff, 0x7bcf, 0x0000, 0x0000, 0x0000, 0x0000, 
	0x0000, 0x0000, 0x0000, 0x0000, 0x0000, 0x0000, 0x0000, 0x0000, 0x0000, 0x0000, 0x0000, 0x0000, 0x0000, 0x0000, 0x0000, 0x0000, 
	0x0000, 0x0000, 0x0000, 0x0000, 0x0000, 0x0000, 0x0000, 0x0000, 0x0000, 0x0000, 0x0000, 0x0000, 0x0000, 0x0000, 0x0000, 0x0000, 
	0x0000, 0x0000, 0x0000, 0x0000, 0x0000, 0x0000, 0x0000, 0x0000, 0x0000, 0x0000, 0x0883, 0x0883, 0x0000, 0x0000, 0x0000, 0x0000, 
	0x0000, 0x0000, 0x0000, 0x0000, 0x0001, 0x0001, 0x0000, 0x0000, 0x0000, 0x0000, 0x0000, 0x0000, 0x0000, 0x0000, 0x0000, 0x0000, 
	0x0000, 0x0000, 0x0000, 0x0000, 0x0000, 0x0000, 0x0001, 0x0000, 0x0000, 0x0000, 0x0000, 0x0000, 0x0000, 0x0000, 0x0000, 0x0000, 
	0x0000, 0x0000, 0x0000, 0x0000, 0x0000, 0x08c7, 0x114c, 0x0001, 0x0001, 0x0000, 0x0000, 0x0000, 0x0000, 0x0000, 0x0000, 0x0000, 
	0x0000, 0x0000, 0x0000, 0x0000, 0x0001, 0x0002, 0x0003, 0x12d2, 0x1313, 0x0025, 0x0023, 0x0000, 0x0000, 0x0000, 0x0000, 0x0000, 
	0x0000, 0x0001, 0x0003, 0x0004, 0x1392, 0x269d, 0x0a0d, 0x0004, 0x0024, 0x0002, 0x0002, 0x0024, 0x0027, 0x0008, 0x263a, 0x273d, 
	0x0009, 0x0049, 0x0026, 0x0026, 0x0068, 0x0008, 0x0b92, 0x6fff, 0x23b4, 0x0009, 0x0049, 0x0048, 0x006a, 0x000a, 0x34d6, 0x87ff, 
	0x01f0, 0x004b, 0x006a, 0x0048, 0x0027, 0x0027, 0x0028, 0x004a, 0x00ac, 0x012f, 0x02d3, 0x0ebc, 0x8fff, 0x87df, 0x26dc, 0x0559, 
	0x03f6, 0x03d6, 0x0457, 0x061a, 0x57de, 0xb7ff, 0x57de, 0x07de, 0x67de, 0xa7ff, 0x065b, 0x016f, 0x008d, 0x004b, 0x004a, 0x004a, 
	0x006b, 0x000a, 0x2bb4, 0x97ff, 0x2d59, 0x000a, 0x006a, 0x0047, 0x0048, 0x004a, 0x014e, 0x2fde, 0x36fd, 0x000b, 0x0028, 0x0025, 
	0x0004, 0x0005, 0x0007, 0x0028, 0x1495, 0x1fff, 0x09ee, 0x0005, 0x0024, 0x0002, 0x0001, 0x0001, 0x0001, 0x0002, 0x0004, 0x0005, 
	0x1d7a, 0x14d8, 0x0004, 0x0004, 0x0001, 0x0000, 0x0000, 0x0000, 0x0000, 0x0000, 0x0000, 0x0000, 0x0001, 0x0001, 0x00c7, 0x1439, 
	0x018c, 0x0001, 0x0001, 0x0000, 0x0000, 0x0000, 0x0000, 0x0000, 0x0000, 0x0000, 0x0000, 0x0000, 0x0000, 0x0000, 0x0000, 0x0000, 
	0x0000, 0x0909, 0x00a6, 0x0000, 0x0000, 0x0000, 0x0000, 0x0000, 0x0000, 0x0000, 0x0000, 0x0000, 0x0000, 0x0000, 0x0000, 0x0000, 
	0x0000, 0x0000, 0x0000, 0x0000, 0x0000, 0x0000, 0x0000, 0x0000, 0x0000, 0x0000, 0x0000, 0x0000, 0x0000, 0x0000, 0x0000, 0x0000, 
	0x0000, 0x0000, 0x0000, 0x0000, 0x0000, 0x0000, 0x0000, 0x0000, 0x0000, 0x0000, 0x0000, 0x0000, 0x0000, 0x0000, 0x0000, 0x0000, 
	0x0000, 0x0000, 0x0000, 0x0020, 0x0000, 0x0000, 0x0000, 0x0000, 0x0000, 0x0000, 0x0000, 0x0000, 0x0000, 0x0000, 0x0000, 0x0000, 
	0xd6ba, 0xffff, 0xffff, 0xffff, 0xd6ba, 0xb596, 0xa514, 0xd6ba, 0xf7be, 0xffff, 0x8430, 0x0000, 0x0000, 0x0000, 0x0000, 0x0000, 
	0x0000, 0x0000, 0x0000, 0x0000, 0x0000, 0x0000, 0x0000, 0x0000, 0x0000, 0x0000, 0x0000, 0x0000, 0x0000, 0x0000, 0x0000, 0x0000, 
	0x0000, 0x0000, 0x0000, 0x0000, 0x0000, 0x0000, 0x0000, 0x0000, 0x0000, 0x0000, 0x0000, 0x0000, 0x0021, 0x10a4, 0x0000, 0x0000, 
	0x0000, 0x0000, 0x0000, 0x0000, 0x0000, 0x0000, 0x0000, 0x0000, 0x0000, 0x0000, 0x0000, 0x0000, 0x0000, 0x0000, 0x0000, 0x0000, 
	0x0000, 0x0000, 0x0000, 0x0000, 0x0000, 0x0001, 0x0000, 0x0000, 0x0000, 0x0000, 0x0000, 0x0000, 0x0000, 0x0000, 0x0000, 0x0000, 
	0x0000, 0x0000, 0x0000, 0x0000, 0x0000, 0x0000, 0x0001, 0x0000, 0x0000, 0x0000, 0x0000, 0x0000, 0x0000, 0x0000, 0x0000, 0x0000, 
	0x0000, 0x0000, 0x0000, 0x0000, 0x0000, 0x0885, 0x090a, 0x0002, 0x0001, 0x0000, 0x0000, 0x0000, 0x0000, 0x0000, 0x0000, 0x0000, 
	0x0000, 0x0000, 0x0000, 0x0000, 0x0001, 0x0003, 0x0002, 0x1290, 0x09cd, 0x0003, 0x0023, 0x0000, 0x0000, 0x0000, 0x0000, 0x0000, 
	0x0000, 0x0001, 0x0003, 0x0005, 0x1455, 0x1d19, 0x0006, 0x0005, 0x0003, 0x0002, 0x0003, 0x0025, 0x0048, 0x0008, 0x1d58, 0x2fff, 
	0x008c, 0x0008, 0x0026, 0x0026, 0x0028, 0x006a, 0x2597, 0x579e, 0x010d, 0x004a, 0x0048, 0x0049, 0x002a, 0x016e, 0x4fbe, 0x67ff, 
	0x016e, 0x0009, 0x0049, 0x0048, 0x0007, 0x0027, 0x0028, 0x004a, 0x00ac, 0x012e, 0x016f, 0x0394, 0x0dfa, 0x0518, 0x0394, 0x02f3, 
	0x02b3, 0x02d3, 0x02b3, 0x0313, 0x04d8, 0x275d, 0x9fff, 0x97be, 0x7fff, 0x37ff, 0x04d8, 0x012e, 0x008b, 0x004a, 0x0029, 0x0008, 
	0x0029, 0x004b, 0x012d, 0x5fbe, 0x461b, 0x000d, 0x008b, 0x0048, 0x0048, 0x006a, 0x00ac, 0x36db, 0x5fbe, 0x092e, 0x0007, 0x0026, 
	0x0004, 0x0004, 0x0026, 0x0007, 0x026f, 0x1fff, 0x01ee, 0x0006, 0x0024, 0x0002, 0x0001, 0x0000, 0x0001, 0x0002, 0x0004, 0x0005, 
	0x1d7a, 0x14f8, 0x0005, 0x0004, 0x0002, 0x0000, 0x0000, 0x0000, 0x0000, 0x0000, 0x0000, 0x0000, 0x0001, 0x0001, 0x00c7, 0x1459, 
	0x018c, 0x0001, 0x0001, 0x0000, 0x0000, 0x0000, 0x0000, 0x0000, 0x0000, 0x0000, 0x0000, 0x0000, 0x0000, 0x0000, 0x0000, 0x0000, 
	0x0000, 0x0909, 0x00a6, 0x0000, 0x0000, 0x0000, 0x0000, 0x0000, 0x0000, 0x0000, 0x0000, 0x0000, 0x0000, 0x0000, 0x0000, 0x0000, 
	0x0000, 0x0000, 0x0000, 0x0000, 0x0000, 0x0000, 0x0000, 0x0000, 0x0000, 0x0000, 0x0000, 0x0000, 0x0000, 0x0000, 0x0000, 0x0000, 
	0x0000, 0x0000, 0x0000, 0x0000, 0x0000, 0x0021, 0x10e5, 0x0000, 0x0000, 0x0000, 0x0000, 0x0000, 0x0000, 0x0000, 0x0000, 0x0000, 
	0x0000, 0x0000, 0x0000, 0x0000, 0x0000, 0x0000, 0x0000, 0x0000, 0x0000, 0x0000, 0x0000, 0x0000, 0x0000, 0x0000, 0x0000, 0x0000, 
	0x2124, 0xd6ba, 0xffff, 0xffff, 0xffff, 0xffff, 0xffff, 0xf7be, 0xb596, 0x52aa, 0x0000, 0x0000, 0x0000, 0x0000, 0x0000, 0x0000, 
	0x0000, 0x0000, 0x0000, 0x0000, 0x0000, 0x0000, 0x0000, 0x0000, 0x0000, 0x0000, 0x0000, 0x0000, 0x0000, 0x0000, 0x0000, 0x0000, 
	0x0000, 0x0000, 0x0000, 0x0000, 0x0000, 0x0000, 0x0000, 0x0000, 0x0000, 0x0000, 0x0000, 0x0000, 0x0042, 0x10e6, 0x0000, 0x0000, 
	0x0000, 0x0000, 0x0000, 0x0000, 0x0000, 0x0000, 0x0000, 0x0000, 0x0000, 0x0000, 0x0000, 0x0000, 0x0000, 0x0000, 0x0000, 0x0000, 
	0x0000, 0x0000, 0x0000, 0x0000, 0x0000, 0x0000, 0x0000, 0x0000, 0x0000, 0x0000, 0x0000, 0x0000, 0x0000, 0x0000, 0x0000, 0x0000, 
	0x0000, 0x0000, 0x0000, 0x0000, 0x0000, 0x0000, 0x0001, 0x0000, 0x0000, 0x0000, 0x0000, 0x0000, 0x0000, 0x0000, 0x0000, 0x0000, 
	0x0000, 0x0000, 0x0000, 0x0000, 0x0000, 0x08c8, 0x00ca, 0x0002, 0x0001, 0x0000, 0x0000, 0x0000, 0x0000, 0x0000, 0x0000, 0x0000, 
	0x0000, 0x0000, 0x0000, 0x0000, 0x0001, 0x0001, 0x0086, 0x13d7, 0x09cd, 0x0003, 0x0023, 0x0000, 0x0000, 0x0000, 0x0000, 0x0000, 
	0x0001, 0x0001, 0x0004, 0x0005, 0x1475, 0x1dda, 0x0027, 0x0004, 0x0003, 0x0002, 0x0003, 0x0025, 0x0048, 0x004a, 0x25d9, 0x259a, 
	0x002b, 0x0048, 0x0026, 0x0026, 0x0007, 0x01ee, 0x4fff, 0x4efc, 0x00ec, 0x0049, 0x0048, 0x0048, 0x002a, 0x01cf, 0x57ff, 0x4e1a, 
	0x004b, 0x0049, 0x0048, 0x0027, 0x0006, 0x0027, 0x0028, 0x004a, 0x00cc, 0x012d, 0x018f, 0x01d0, 0x0291, 0x02d2, 0x02f3, 0x03f6, 
	0x0539, 0x0579, 0x04d8, 0x0334, 0x0293, 0x0437, 0x37bf, 0xafff, 0x37de, 0x0476, 0x01d0, 0x00ee, 0x008b, 0x0029, 0x0008, 0x0007, 
	0x0028, 0x006b, 0x008c, 0x4edb, 0x7f7e, 0x0190, 0x004a, 0x0048, 0x0048, 0x004a, 0x00ac, 0x4639, 0x9fff, 0x12f2, 0x0007, 0x0026, 
	0x0005, 0x0004, 0x0026, 0x0007, 0x0b31, 0x1fff, 0x01ee, 0x0006, 0x0024, 0x0002, 0x0001, 0x0000, 0x0001, 0x0002, 0x0004, 0x0005, 
	0x1d7a, 0x14f9, 0x0005, 0x0024, 0x0002, 0x0001, 0x0000, 0x0000, 0x0000, 0x0000, 0x0000, 0x0000, 0x0001, 0x0001, 0x00c8, 0x1459, 
	0x018c, 0x0001, 0x0001, 0x0000, 0x0000, 0x0000, 0x0000, 0x0000, 0x0000, 0x0000, 0x0000, 0x0000, 0x0000, 0x0000, 0x0000, 0x0000, 
	0x0000, 0x08e9, 0x08a6, 0x0000, 0x0000, 0x0000, 0x0000, 0x0000, 0x0000, 0x0000, 0x0000, 0x0000, 0x0000, 0x0000, 0x0000, 0x0000, 
	0x0000, 0x0000, 0x0000, 0x0000, 0x0000, 0x0000, 0x0000, 0x0000, 0x0000, 0x0000, 0x0000, 0x0000, 0x0000, 0x0000, 0x0000, 0x0000, 
	0x0000, 0x0000, 0x0000, 0x0000, 0x0000, 0x0000, 0x0883, 0x0000, 0x0000, 0x0000, 0x0000, 0x0000, 0x0000, 0x0000, 0x0000, 0x0000, 
	0x0000, 0x0000, 0x0000, 0x0000, 0x0000, 0x0000, 0x0000, 0x0000, 0x0000, 0x0000, 0x0000, 0x0000, 0x0000, 0x0000, 0x0000, 0x0000, 
	0x0000, 0x0000, 0x4208, 0x632c, 0x632c, 0x632c, 0x2124, 0x0000, 0x0000, 0x0000, 0x0000, 0x0000, 0x0000, 0x0000, 0x0042, 0x0000, 
	0x0000, 0x0000, 0x0000, 0x0000, 0x0000, 0x0000, 0x0000, 0x0000, 0x0000, 0x0000, 0x0000, 0x0000, 0x0000, 0x0000, 0x0000, 0x0000, 
	0x0000, 0x0000, 0x0000, 0x0000, 0x0000, 0x0000, 0x0000, 0x0000, 0x0000, 0x0000, 0x0000, 0x0000, 0x0000, 0x0000, 0x0000, 0x0000, 
	0x0000, 0x0000, 0x0000, 0x0000, 0x0000, 0x0000, 0x0000, 0x0000, 0x0000, 0x0000, 0x0000, 0x0000, 0x0000, 0x0000, 0x0000, 0x0000, 
	0x0000, 0x0000, 0x0000, 0x0000, 0x0000, 0x0001, 0x0000, 0x0000, 0x0000, 0x0000, 0x0000, 0x0000, 0x0000, 0x0000, 0x0000, 0x0000, 
	0x0000, 0x0000, 0x0000, 0x10c4, 0x10c4, 0x0000, 0x0001, 0x0000, 0x0000, 0x0000, 0x0000, 0x0000, 0x0000, 0x0000, 0x0000, 0x0000, 
	0x0000, 0x0000, 0x0000, 0x0000, 0x0001, 0x090b, 0x00c9, 0x0002, 0x0001, 0x0000, 0x0000, 0x0000, 0x0000, 0x0000, 0x0000, 0x0000, 
	0x0000, 0x0000, 0x0000, 0x0000, 0x0001, 0x0000, 0x014a, 0x14dd, 0x018c, 0x0002, 0x0023, 0x0000, 0x0000, 0x0000, 0x0000, 0x0000, 
	0x0001, 0x0002, 0x0004, 0x0006, 0x14b6, 0x1dba, 0x0027, 0x0004, 0x0003, 0x0002, 0x0003, 0x0025, 0x0006, 0x12f1, 0x37ff, 0x0251, 
	0x0009, 0x0048, 0x0026, 0x0026, 0x0008, 0x01ef, 0x7fff, 0x5efd, 0x00ec, 0x0049, 0x0027, 0x0048, 0x002a, 0x01af, 0x5fff, 0x4518, 
	0x000a, 0x0049, 0x0027, 0x0027, 0x0006, 0x0026, 0x0027, 0x006a, 0x00cc, 0x012d, 0x018e, 0x01ef, 0x0250, 0x0313, 0x04f8, 0x171d, 
	0x87ff, 0x8fff, 0x37df, 0x0559, 0x02f3, 0x0292, 0x0416, 0x0538, 0x0395, 0x016f, 0x00ee, 0x00cc, 0x006a, 0x0028, 0x0007, 0x0006, 
	0x0027, 0x006a, 0x00ac, 0x565a, 0x9fff, 0x0292, 0x0009, 0x0048, 0x0027, 0x004a, 0x008b, 0x3e18, 0x97ff, 0x12f2, 0x0008, 0x0026, 
	0x0005, 0x0004, 0x0026, 0x0007, 0x0b52, 0x1fff, 0x01ce, 0x0006, 0x0025, 0x0002, 0x0001, 0x0001, 0x0001, 0x0002, 0x0004, 0x0005, 
	0x1d9a, 0x1519, 0x0005, 0x0004, 0x0002, 0x0001, 0x0000, 0x0000, 0x0000, 0x0000, 0x0000, 0x0000, 0x0001, 0x0001, 0x00c8, 0x1459, 
	0x01ac, 0x0001, 0x0002, 0x0000, 0x0000, 0x0000, 0x0000, 0x0000, 0x0000, 0x0000, 0x0000, 0x0000, 0x0000, 0x0000, 0x0000, 0x0001, 
	0x0000, 0x0909, 0x0886, 0x0000, 0x0000, 0x0000, 0x0000, 0x0000, 0x0000, 0x0000, 0x0000, 0x0000, 0x0000, 0x0000, 0x0000, 0x0000, 
	0x0000, 0x0000, 0x0000, 0x0000, 0x0000, 0x0000, 0x0000, 0x0000, 0x0000, 0x0000, 0x0000, 0x0000, 0x0000, 0x0000, 0x0000, 0x0000, 
	0x0000, 0x0000, 0x0000, 0x0000, 0x0000, 0x0000, 0x0000, 0x0000, 0x0000, 0x0000, 0x0000, 0x0000, 0x0000, 0x0000, 0x0000, 0x0000, 
	0x0000, 0x0000, 0x0000, 0x0000, 0x0000, 0x0000, 0x0000, 0x0000, 0x0000, 0x0000, 0x0000, 0x0000, 0x0000, 0x0000, 0x0000, 0x0000, 
	0x0000, 0x0000, 0x0000, 0x0000, 0x0000, 0x0000, 0x0000, 0x0000, 0x0000, 0x0000, 0x0000, 0x0000, 0x0000, 0x0000, 0x0042, 0x0000, 
	0x0000, 0x0000, 0x0000, 0x0000, 0x0000, 0x0000, 0x0000, 0x0000, 0x0000, 0x0000, 0x0000, 0x0000, 0x0000, 0x0000, 0x0000, 0x0000, 
	0x0000, 0x0000, 0x0000, 0x0000, 0x0000, 0x0000, 0x0000, 0x0000, 0x0000, 0x0000, 0x0000, 0x0000, 0x0000, 0x0000, 0x0000, 0x0000, 
	0x0000, 0x0000, 0x0000, 0x0000, 0x0000, 0x0000, 0x0000, 0x0000, 0x0000, 0x0000, 0x0000, 0x0000, 0x0000, 0x0000, 0x0000, 0x0000, 
	0x0000, 0x0000, 0x0000, 0x0000, 0x0001, 0x0001, 0x0000, 0x0000, 0x0000, 0x0000, 0x0000, 0x0000, 0x0000, 0x0000, 0x0000, 0x0000, 
	0x0000, 0x0000, 0x0000, 0x10e5, 0x1905, 0x0000, 0x0000, 0x0000, 0x0000, 0x0000, 0x0000, 0x0000, 0x0021, 0x0000, 0x0000, 0x0000, 
	0x0000, 0x0000, 0x0000, 0x0000, 0x0001, 0x00a8, 0x0045, 0x0022, 0x0001, 0x0000, 0x0000, 0x0000, 0x0000, 0x0000, 0x0000, 0x0000, 
	0x0000, 0x0000, 0x0000, 0x0000, 0x0001, 0x0000, 0x0109, 0x145b, 0x016b, 0x0002, 0x0023, 0x0000, 0x0000, 0x0000, 0x0000, 0x0000, 
	0x0001, 0x0002, 0x0005, 0x0028, 0x1d59, 0x25da, 0x0006, 0x0003, 0x0002, 0x0002, 0x0003, 0x0026, 0x0006, 0x1311, 0x27ff, 0x0a91, 
	0x0008, 0x0047, 0x0026, 0x0027, 0x0009, 0x01ef, 0x7fff, 0x56fc, 0x00ec, 0x0049, 0x0027, 0x0048, 0x002a, 0x01af, 0x57ff, 0x4d39, 
	0x000a, 0x0049, 0x0048, 0x0047, 0x0006, 0x0026, 0x0027, 0x008a, 0x00eb, 0x014c, 0x01ae, 0x020e, 0x02f1, 0x04d7, 0x179e, 0xafff, 
	0xffff, 0xffff, 0xd7ff, 0x3fdf, 0x04b6, 0x02d1, 0x0230, 0x0190, 0x012f, 0x010e, 0x00ed, 0x008b, 0x0049, 0x0028, 0x0027, 0x0027, 
	0x0028, 0x006a, 0x00ab, 0x4e5a, 0x87ff, 0x0231, 0x000a, 0x0048, 0x0047, 0x0049, 0x008a, 0x35f8, 0x8fff, 0x12f3, 0x0008, 0x0027, 
	0x0025, 0x0004, 0x0026, 0x0007, 0x0b72, 0x1fff, 0x01ce, 0x0006, 0x0045, 0x0002, 0x0001, 0x0001, 0x0001, 0x0002, 0x0004, 0x0005, 
	0x1d9a, 0x1519, 0x0005, 0x0004, 0x0002, 0x0001, 0x0000, 0x0000, 0x0000, 0x0000, 0x0000, 0x0000, 0x0001, 0x0001, 0x00c8, 0x147a, 
	0x01cd, 0x0001, 0x0001, 0x0000, 0x0000, 0x0000, 0x0000, 0x0000, 0x0000, 0x0000, 0x0000, 0x0000, 0x0000, 0x0000, 0x0000, 0x0000, 
	0x0000, 0x0909, 0x0886, 0x0000, 0x0000, 0x0000, 0x0000, 0x0000, 0x0000, 0x0000, 0x0000, 0x0000, 0x0000, 0x0000, 0x0000, 0x0000, 
	0x0000, 0x0000, 0x0000, 0x0000, 0x0000, 0x0000, 0x0000, 0x0000, 0x0000, 0x0000, 0x0000, 0x0000, 0x0000, 0x0000, 0x0000, 0x0000, 
	0x0000, 0x0000, 0x0000, 0x0000, 0x0000, 0x0000, 0x0000, 0x0000, 0x0000, 0x0000, 0x0000, 0x0000, 0x0000, 0x0000, 0x0000, 0x0000, 
	0x0000, 0x0000, 0x0000, 0x0000, 0x0000, 0x0000, 0x0000, 0x0000, 0x0000, 0x0000, 0x0000, 0x0000, 0x0000, 0x0000, 0x0000, 0x0000, 
	0x0000, 0x0000, 0x0000, 0x0000, 0x0000, 0x0000, 0x0000, 0x0000, 0x0000, 0x0000, 0x0000, 0x0000, 0x0000, 0x0000, 0x0000, 0x0000, 
	0x0000, 0x0000, 0x0000, 0x0000, 0x0000, 0x0000, 0x0000, 0x0000, 0x0000, 0x0000, 0x0000, 0x0000, 0x0000, 0x0000, 0x0000, 0x0000, 
	0x0000, 0x0000, 0x0000, 0x0000, 0x0000, 0x0000, 0x0000, 0x0000, 0x0000, 0x0000, 0x0000, 0x0000, 0x0000, 0x0000, 0x0000, 0x0000, 
	0x0000, 0x0000, 0x0000, 0x0000, 0x0000, 0x0000, 0x0000, 0x0000, 0x0000, 0x0000, 0x0000, 0x0000, 0x0000, 0x0000, 0x0000, 0x0000, 
	0x0000, 0x0000, 0x0000, 0x0000, 0x0000, 0x0000, 0x0000, 0x0000, 0x0000, 0x0000, 0x0000, 0x0000, 0x0000, 0x0000, 0x0000, 0x0000, 
	0x0000, 0x0000, 0x0000, 0x0000, 0x0000, 0x0000, 0x0001, 0x0000, 0x0000, 0x0000, 0x0000, 0x0863, 0x10a4, 0x0000, 0x0000, 0x0000, 
	0x0000, 0x0000, 0x0000, 0x0000, 0x0001, 0x00a8, 0x0044, 0x0001, 0x0001, 0x0000, 0x0000, 0x0000, 0x0000, 0x0000, 0x0000, 0x0000, 
	0x0000, 0x0000, 0x0000, 0x0000, 0x0001, 0x0000, 0x0109, 0x143a, 0x014a, 0x0002, 0x0022, 0x0000, 0x0000, 0x0000, 0x0000, 0x0000, 
	0x0001, 0x0002, 0x0005, 0x0089, 0x1dba, 0x14d9, 0x0006, 0x0003, 0x0002, 0x0002, 0x0003, 0x0026, 0x0006, 0x12f0, 0x27ff, 0x0a91, 
	0x0008, 0x0027, 0x0006, 0x0027, 0x0009, 0x01ef, 0x77ff, 0x56dc, 0x00cc, 0x0049, 0x0048, 0x0048, 0x002a, 0x018f, 0x57ff, 0x4d19, 
	0x000a, 0x0049, 0x0047, 0x0026, 0x0026, 0x0026, 0x0027, 0x0089, 0x00eb, 0x014c, 0x01ad, 0x020e, 0x0373, 0x063b, 0x4fff, 0xffff, 
	0xf7ff, 0xe7ff, 0xffff, 0xa7ff, 0x063a, 0x0372, 0x0270, 0x01ce, 0x014e, 0x010d, 0x00ab, 0x006a, 0x0029, 0x0027, 0x0027, 0x0006, 
	0x0048, 0x006a, 0x00ab, 0x4e39, 0x87ff, 0x0231, 0x000a, 0x0048, 0x0027, 0x0049, 0x008a, 0x3618, 0x8fff, 0x1312, 0x0009, 0x0027, 
	0x0025, 0x0004, 0x0026, 0x0007, 0x0b72, 0x1fff, 0x01ce, 0x0006, 0x0045, 0x0002, 0x0001, 0x0001, 0x0001, 0x0002, 0x0004, 0x0005, 
	0x1dba, 0x1519, 0x0005, 0x0024, 0x0002, 0x0001, 0x0000, 0x0000, 0x0000, 0x0000, 0x0000, 0x0000, 0x0001, 0x0001, 0x00e8, 0x1bf7, 
	0x012a, 0x0001, 0x0001, 0x0000, 0x0000, 0x0000, 0x0000, 0x0000, 0x0000, 0x0000, 0x0000, 0x0000, 0x0000, 0x0000, 0x0000, 0x0001, 
	0x0000, 0x08e9, 0x00a6, 0x0000, 0x0000, 0x0000, 0x0000, 0x0000, 0x0000, 0x0000, 0x0000, 0x0000, 0x0000, 0x0000, 0x0000, 0x0000, 
	0x0000, 0x0000, 0x0000, 0x0000, 0x0000, 0x0000, 0x0000, 0x0000, 0x0000, 0x0000, 0x0000, 0x0000, 0x0000, 0x0000, 0x0000, 0x0000, 
	0x0000, 0x0000, 0x0000, 0x0000, 0x0000, 0x0000, 0x0000, 0x0000, 0x0000, 0x0000, 0x0000, 0x0000, 0x0000, 0x0000, 0x0000, 0x0000, 
	0x0000, 0x0000, 0x0000, 0x0000, 0x0000, 0x0000, 0x0000, 0x0000, 0x0000, 0x0000, 0x0000, 0x0000, 0x0000, 0x0000, 0x0000, 0x0000, 
	0x0000, 0x0000, 0x0000, 0x0000, 0x0000, 0x0000, 0x0000, 0x0000, 0x0000, 0x0000, 0x0000, 0x0000, 0x0000, 0x0000, 0x0000, 0x0000, 
	0x0000, 0x0000, 0x0000, 0x0000, 0x0000, 0x0000, 0x0000, 0x0000, 0x0000, 0x0000, 0x0000, 0x0000, 0x0000, 0x0000, 0x0000, 0x0000, 
	0x0000, 0x0000, 0x0000, 0x0000, 0x0000, 0x0000, 0x0000, 0x0000, 0x0000, 0x0000, 0x0000, 0x0000, 0x0000, 0x0000, 0x0000, 0x0000, 
	0x0000, 0x0000, 0x0000, 0x0000, 0x0000, 0x0000, 0x0000, 0x0000, 0x0000, 0x0000, 0x0000, 0x0000, 0x0000, 0x0000, 0x0000, 0x0000, 
	0x0000, 0x0000, 0x0000, 0x0000, 0x0001, 0x0001, 0x0000, 0x0000, 0x0000, 0x0000, 0x0000, 0x0000, 0x0000, 0x0000, 0x0000, 0x0000, 
	0x0000, 0x0000, 0x0000, 0x0000, 0x0000, 0x0000, 0x0001, 0x0000, 0x0000, 0x0000, 0x0000, 0x0000, 0x0000, 0x0000, 0x0000, 0x0000, 
	0x0000, 0x0000, 0x0000, 0x0000, 0x0001, 0x00a8, 0x0044, 0x0885, 0x0022, 0x0000, 0x0000, 0x0000, 0x0000, 0x0000, 0x0000, 0x0000, 
	0x0000, 0x0000, 0x0000, 0x0000, 0x0001, 0x0000, 0x014a, 0x145b, 0x014a, 0x0000, 0x0001, 0x0000, 0x0000, 0x0000, 0x0000, 0x0000, 
	0x0001, 0x0002, 0x0005, 0x0069, 0x1d9a, 0x0c57, 0x0007, 0x0003, 0x0002, 0x0002, 0x0003, 0x0026, 0x0006, 0x12f0, 0x27ff, 0x0a70, 
	0x0008, 0x0027, 0x0006, 0x0027, 0x0009, 0x01ef, 0x7fff, 0x56fc, 0x00cc, 0x0049, 0x0048, 0x0048, 0x002a, 0x01d0, 0x57ff, 0x4d39, 
	0x000a, 0x0049, 0x0047, 0x0026, 0x0005, 0x0026, 0x0047, 0x00a9, 0x00eb, 0x014c, 0x01ad, 0x020e, 0x0393, 0x067c, 0x47ff, 0xffff, 
	0xffff, 0xe7ff, 0xffff, 0xafff, 0x069b, 0x03b3, 0x026f, 0x01ce, 0x014d, 0x00eb, 0x00ab, 0x006a, 0x0028, 0x0007, 0x0006, 0x0026, 
	0x0048, 0x006b, 0x00ac, 0x4e59, 0x8fff, 0x0251, 0x000a, 0x0048, 0x0027, 0x0049, 0x008a, 0x35f8, 0x8fff, 0x1312, 0x0009, 0x0027, 
	0x0025, 0x0025, 0x0026, 0x0008, 0x0b92, 0x27ff, 0x01ce, 0x0006, 0x0025, 0x0002, 0x0001, 0x0001, 0x0001, 0x0002, 0x0004, 0x0005, 
	0x1dbb, 0x1519, 0x0005, 0x0004, 0x0002, 0x0000, 0x0000, 0x0000, 0x0000, 0x0000, 0x0000, 0x0000, 0x0001, 0x0002, 0x094a, 0x1b12, 
	0x0024, 0x0003, 0x0001, 0x0000, 0x0000, 0x0000, 0x0000, 0x0000, 0x0000, 0x0000, 0x0000, 0x0000, 0x0000, 0x0000, 0x0000, 0x0001, 
	0x0000, 0x0909, 0x00a6, 0x0000, 0x0000, 0x0000, 0x0000, 0x0000, 0x0000, 0x0000, 0x0000, 0x0000, 0x0000, 0x0000, 0x0000, 0x0000, 
	0x0000, 0x0000, 0x0000, 0x0000, 0x0000, 0x0000, 0x0000, 0x0000, 0x0000, 0x0000, 0x0000, 0x0000, 0x0000, 0x0000, 0x0000, 0x0000, 
	0x0000, 0x0000, 0x0000, 0x0000, 0x0000, 0x0000, 0x0000, 0x0000, 0x0000, 0x0000, 0x0000, 0x0000, 0x0000, 0x0000, 0x0000, 0x0000, 
	0x0000, 0x0000, 0x0000, 0x0000, 0x0000, 0x0000, 0x0000, 0x0000, 0x0000, 0x0000, 0x0000, 0x0000, 0x0000, 0x0000, 0x0000, 0x0000, 
	0x0000, 0x0000, 0x0000, 0x0000, 0x0000, 0x0000, 0x0000, 0x0000, 0x0000, 0x0000, 0x0000, 0x0000, 0x0000, 0x0000, 0x0000, 0x0000, 
	0x0000, 0x0000, 0x0000, 0x0000, 0x0000, 0x0000, 0x0000, 0x0000, 0x0000, 0x0000, 0x0000, 0x0000, 0x0000, 0x0000, 0x0000, 0x0000, 
	0x0000, 0x0000, 0x0863, 0x0021, 0x0000, 0x0000, 0x0000, 0x0000, 0x0000, 0x0000, 0x0000, 0x0000, 0x0000, 0x0000, 0x0000, 0x0000, 
	0x0000, 0x0000, 0x0000, 0x0000, 0x0001, 0x0001, 0x0000, 0x0000, 0x0000, 0x0000, 0x0000, 0x0000, 0x0000, 0x0000, 0x0000, 0x0000, 
	0x0000, 0x0000, 0x0000, 0x0000, 0x0000, 0x0001, 0x0000, 0x0000, 0x0000, 0x0000, 0x0000, 0x0000, 0x0000, 0x0000, 0x0000, 0x0000, 
	0x0000, 0x0000, 0x0000, 0x0000, 0x0000, 0x0000, 0x0022, 0x0001, 0x0000, 0x0000, 0x0000, 0x0000, 0x0000, 0x0000, 0x0000, 0x0000, 
	0x0000, 0x0000, 0x0000, 0x0000, 0x0001, 0x00a8, 0x0044, 0x0884, 0x0022, 0x0000, 0x0000, 0x0000, 0x0000, 0x0000, 0x0000, 0x0000, 
	0x0000, 0x0000, 0x0000, 0x0000, 0x0001, 0x0000, 0x014a, 0x149b, 0x0129, 0x0001, 0x0022, 0x0000, 0x0000, 0x0000, 0x0000, 0x0000, 
	0x0001, 0x0003, 0x0005, 0x012c, 0x1e5c, 0x1457, 0x0007, 0x0004, 0x0002, 0x0002, 0x0003, 0x0026, 0x0007, 0x12f1, 0x27ff, 0x0a91, 
	0x0008, 0x0026, 0x0005, 0x0027, 0x0009, 0x020f, 0x7fff, 0x5efc, 0x00cc, 0x0049, 0x0047, 0x0048, 0x002a, 0x0211, 0x5fff, 0x55db, 
	0x002b, 0x0028, 0x0047, 0x0026, 0x0005, 0x0025, 0x0027, 0x0089, 0x00eb, 0x014c, 0x01ad, 0x020e, 0x0311, 0x0538, 0x0fbe, 0x9fff, 
	0xffff, 0xffff, 0xd7ff, 0x4fff, 0x05d9, 0x0352, 0x024f, 0x01ce, 0x014c, 0x00eb, 0x00ab, 0x0069, 0x0007, 0x08aa, 0x08a9, 0x0006, 
	0x0048, 0x008b, 0x00ed, 0x467a, 0x8fff, 0x0251, 0x0009, 0x0048, 0x0047, 0x0069, 0x008a, 0x3e18, 0x97ff, 0x1332, 0x0008, 0x0027, 
	0x0025, 0x0005, 0x0027, 0x0008, 0x0b72, 0x27ff, 0x01ce, 0x0006, 0x0045, 0x0002, 0x0001, 0x0001, 0x0001, 0x0003, 0x0005, 0x0006, 
	0x1ddb, 0x1539, 0x0005, 0x0004, 0x0002, 0x0000, 0x0000, 0x0000, 0x0000, 0x0000, 0x0000, 0x0001, 0x0001, 0x0002, 0x094a, 0x1b33, 
	0x0025, 0x0003, 0x0001, 0x0000, 0x0000, 0x0000, 0x0000, 0x0000, 0x0000, 0x0042, 0x0863, 0x0000, 0x0000, 0x0000, 0x0000, 0x0001, 
	0x0000, 0x0909, 0x00a6, 0x0000, 0x0000, 0x0000, 0x0000, 0x0000, 0x0000, 0x0000, 0x0000, 0x0000, 0x0000, 0x0000, 0x0000, 0x0000, 
	0x0000, 0x0000, 0x0000, 0x0000, 0x0000, 0x0000, 0x0000, 0x0000, 0x0000, 0x0000, 0x0000, 0x0000, 0x0000, 0x0000, 0x0000, 0x0000, 
	0x0000, 0x0000, 0x0000, 0x0000, 0x0000, 0x0021, 0x0000, 0x0000, 0x0000, 0x0000, 0x0000, 0x0000, 0x0000, 0x0000, 0x0000, 0x0000, 
	0x0000, 0x0000, 0x0000, 0x0000, 0x0000, 0x0000, 0x0000, 0x0000, 0x0000, 0x0000, 0x0000, 0x0000, 0x0000, 0x0000, 0x0000, 0x0000, 
	0x0000, 0x0000, 0x0000, 0x0000, 0x0000, 0x0000, 0x0000, 0x0000, 0x0000, 0x0000, 0x0000, 0x0000, 0x0000, 0x0000, 0x0000, 0x0000, 
	0x0000, 0x0000, 0x0000, 0x0000, 0x0000, 0x0000, 0x0000, 0x0000, 0x0000, 0x0000, 0x0000, 0x0000, 0x0000, 0x0000, 0x0000, 0x0000, 
	0x0000, 0x0000, 0x0000, 0x0000, 0x0000, 0x0000, 0x0000, 0x0000, 0x0000, 0x0000, 0x0000, 0x0000, 0x0000, 0x0000, 0x0000, 0x0000, 
	0x0000, 0x0000, 0x0000, 0x0000, 0x0000, 0x0000, 0x0000, 0x0000, 0x0000, 0x0000, 0x0000, 0x0000, 0x0000, 0x0000, 0x0000, 0x0000, 
	0x0000, 0x0000, 0x0000, 0x0000, 0x0021, 0x0021, 0x0000, 0x0000, 0x0000, 0x0000, 0x0000, 0x0000, 0x0000, 0x0000, 0x0000, 0x0000, 
	0x0000, 0x0000, 0x0000, 0x0000, 0x0000, 0x0000, 0x0022, 0x0001, 0x0000, 0x0000, 0x0000, 0x0000, 0x0000, 0x0000, 0x0000, 0x0000, 
	0x0000, 0x0000, 0x0000, 0x0001, 0x0002, 0x00a8, 0x0044, 0x0001, 0x0000, 0x0000, 0x0000, 0x0000, 0x0000, 0x0000, 0x0000, 0x0000, 
	0x0000, 0x0000, 0x0000, 0x0000, 0x0001, 0x0000, 0x014a, 0x147b, 0x0129, 0x0001, 0x0022, 0x0000, 0x0000, 0x0000, 0x0000, 0x0000, 
	0x0001, 0x0003, 0x0003, 0x0a8f, 0x1f9f, 0x0bd6, 0x0007, 0x0004, 0x0003, 0x0002, 0x0003, 0x0026, 0x0007, 0x12f0, 0x27ff, 0x0a91, 
	0x0008, 0x0026, 0x0005, 0x0027, 0x0008, 0x020f, 0x5fff, 0x56fc, 0x00ac, 0x004a, 0x0048, 0x0048, 0x002a, 0x01f0, 0x5fff, 0x4dda, 
	0x002b, 0x0048, 0x0047, 0x0047, 0x0004, 0x0025, 0x0026, 0x0068, 0x00ca, 0x014c, 0x018d, 0x020e, 0x028f, 0x0351, 0x05fa, 0x07fe, 
	0x77ff, 0x87ff, 0x1fff, 0x067b, 0x03d4, 0x02d0, 0x022e, 0x01ad, 0x012b, 0x00eb, 0x00aa, 0x0069, 0x0006, 0x08e9, 0x10ca, 0x0006, 
	0x0069, 0x00cc, 0x00cd, 0x56fb, 0x8fff, 0x0251, 0x0009, 0x0048, 0x0048, 0x008a, 0x008a, 0x3e59, 0x67ff, 0x0ab1, 0x0007, 0x0026, 
	0x0025, 0x0025, 0x0027, 0x0009, 0x0bb3, 0x27ff, 0x01ce, 0x0006, 0x0045, 0x0002, 0x0001, 0x0001, 0x0001, 0x0003, 0x0006, 0x0004, 
	0x1d99, 0x1579, 0x0004, 0x0003, 0x0002, 0x0000, 0x0000, 0x0000, 0x0000, 0x0000, 0x0000, 0x0001, 0x0001, 0x0002, 0x094b, 0x1b33, 
	0x0025, 0x0002, 0x0001, 0x0000, 0x0000, 0x0000, 0x0000, 0x0000, 0x0000, 0x0000, 0x0000, 0x0000, 0x0000, 0x0000, 0x0000, 0x0001, 
	0x0000, 0x08e9, 0x00a6, 0x0000, 0x0000, 0x0021, 0x0884, 0x0000, 0x0000, 0x0000, 0x0000, 0x0000, 0x0000, 0x0000, 0x0000, 0x0000, 
	0x0000, 0x0000, 0x0000, 0x0000, 0x0000, 0x0000, 0x0000, 0x0000, 0x0000, 0x0000, 0x0000, 0x0000, 0x0000, 0x0000, 0x0000, 0x0000, 
	0x0000, 0x0000, 0x0000, 0x0000, 0x0863, 0x1907, 0x0000, 0x0000, 0x0000, 0x0000, 0x0000, 0x0000, 0x0000, 0x0000, 0x0000, 0x0000, 
	0x0000, 0x0000, 0x0000, 0x0000, 0x0000, 0x0000, 0x0000, 0x0000, 0x0000, 0x0000, 0x0000, 0x0000, 0x0000, 0x0000, 0x0000, 0x0000, 
	0x0000, 0x0000, 0x0000, 0x0000, 0x0000, 0x0000, 0x0000, 0x0000, 0x0000, 0x0000, 0x0000, 0x0000, 0x0000, 0x0000, 0x0000, 0x0000, 
	0x0000, 0x0000, 0x0000, 0x0000, 0x0000, 0x0000, 0x0000, 0x0000, 0x0000, 0x0000, 0x0000, 0x0000, 0x0000, 0x0000, 0x0000, 0x0000, 
	0x0000, 0x0000, 0x0000, 0x0000, 0x0000, 0x0000, 0x0000, 0x0000, 0x0000, 0x0000, 0x0000, 0x0000, 0x0000, 0x0000, 0x0000, 0x0000, 
	0x0000, 0x0000, 0x0000, 0x0000, 0x0000, 0x0000, 0x0000, 0x0000, 0x0000, 0x0000, 0x0000, 0x0000, 0x0000, 0x0000, 0x0000, 0x0000, 
	0x0000, 0x0000, 0x0000, 0x0000, 0x0001, 0x0021, 0x0000, 0x0000, 0x0000, 0x0000, 0x0000, 0x0000, 0x0000, 0x0000, 0x0000, 0x0883, 
	0x0883, 0x0000, 0x0000, 0x0000, 0x0000, 0x0000, 0x0022, 0x0001, 0x0000, 0x0000, 0x0000, 0x0000, 0x0000, 0x0000, 0x0000, 0x0000, 
	0x0000, 0x0000, 0x0000, 0x0000, 0x0001, 0x00a7, 0x0044, 0x0022, 0x0001, 0x0000, 0x0000, 0x0000, 0x0000, 0x0000, 0x0000, 0x0000, 
	0x0000, 0x0000, 0x0000, 0x0000, 0x0002, 0x0001, 0x014b, 0x147b, 0x0129, 0x0001, 0x0022, 0x0000, 0x0000, 0x0000, 0x0000, 0x0000, 
	0x0001, 0x0003, 0x0003, 0x020e, 0x173f, 0x1497, 0x0006, 0x0004, 0x0003, 0x0002, 0x0003, 0x0026, 0x0007, 0x12b0, 0x27ff, 0x0a71, 
	0x0008, 0x0027, 0x0005, 0x0026, 0x0048, 0x006a, 0x35f9, 0x67be, 0x016e, 0x0049, 0x0048, 0x0048, 0x0069, 0x006b, 0x3538, 0x779e, 
	0x014d, 0x0009, 0x0068, 0x0046, 0x0004, 0x0025, 0x0026, 0x0068, 0x00ca, 0x010b, 0x016c, 0x01cd, 0x024e, 0x026e, 0x0372, 0x07df, 
	0x07ff, 0x077e, 0x0599, 0x0414, 0x02f0, 0x026f, 0x01ed, 0x016c, 0x010b, 0x00ca, 0x008a, 0x0048, 0x0026, 0x0005, 0x0005, 0x0027, 
	0x0069, 0x008c, 0x02b1, 0xafdf, 0x6e7c, 0x008d, 0x006b, 0x0068, 0x0048, 0x006a, 0x00eb, 0x3f3c, 0x475e, 0x00ac, 0x0027, 0x0005, 
	0x0005, 0x0025, 0x0008, 0x008b, 0x2e9b, 0x2fff, 0x09ef, 0x0006, 0x0045, 0x0002, 0x0001, 0x0001, 0x0001, 0x0003, 0x0003, 0x096b, 
	0x1f1d, 0x1476, 0x0004, 0x0003, 0x0001, 0x0000, 0x0000, 0x0000, 0x0000, 0x0000, 0x0000, 0x0000, 0x0001, 0x0002, 0x094b, 0x1b33, 
	0x0025, 0x0002, 0x0001, 0x0000, 0x0000, 0x0000, 0x0000, 0x0000, 0x0000, 0x0000, 0x0000, 0x0000, 0x0000, 0x0000, 0x0000, 0x0000, 
	0x0001, 0x090a, 0x0086, 0x0000, 0x0000, 0x0021, 0x10c6, 0x0000, 0x0000, 0x0000, 0x0000, 0x0000, 0x0000, 0x0000, 0x0000, 0x0000, 
	0x0000, 0x0000, 0x0000, 0x0021, 0x0000, 0x0000, 0x0000, 0x0000, 0x0000, 0x0000, 0x0000, 0x0000, 0x0000, 0x0000, 0x0000, 0x0000, 
	0x0000, 0x0000, 0x0000, 0x0000, 0x0020, 0x0021, 0x0000, 0x0000, 0x0000, 0x0000, 0x0000, 0x0000, 0x0000, 0x0000, 0x0000, 0x0000, 
	0x0000, 0x0000, 0x0000, 0x0000, 0x0000, 0x0000, 0x0000, 0x0000, 0x0000, 0x0000, 0x0000, 0x0000, 0x0000, 0x0000, 0x0000, 0x0000, 
	0x0001, 0x42ae, 0x42ad, 0x0001, 0x0000, 0x0000, 0x0000, 0x0000, 0x0000, 0x0000, 0x0000, 0x0000, 0x0000, 0x0000, 0x0000, 0x0000, 
	0x0000, 0x0000, 0x0000, 0x0000, 0x0000, 0x0000, 0x0000, 0x0000, 0x0000, 0x0000, 0x0000, 0x0000, 0x0000, 0x0000, 0x0000, 0x0000, 
	0x0000, 0x0000, 0x0000, 0x0000, 0x0000, 0x0000, 0x0000, 0x0000, 0x0000, 0x0000, 0x0000, 0x0000, 0x0000, 0x0000, 0x0000, 0x0000, 
	0x0000, 0x0000, 0x0000, 0x0000, 0x0000, 0x0000, 0x0000, 0x0000, 0x0000, 0x0000, 0x0000, 0x0000, 0x0000, 0x0000, 0x0000, 0x0000, 
	0x0000, 0x0000, 0x0000, 0x0000, 0x0001, 0x0021, 0x0000, 0x0000, 0x0000, 0x0000, 0x0000, 0x0000, 0x0000, 0x0000, 0x0000, 0x1906, 
	0x1906, 0x0000, 0x0000, 0x0000, 0x0000, 0x0000, 0x0022, 0x0021, 0x0000, 0x0000, 0x0000, 0x0000, 0x0000, 0x0000, 0x0000, 0x0000, 
	0x0000, 0x0000, 0x0000, 0x0000, 0x0001, 0x00a8, 0x0045, 0x0023, 0x0001, 0x0000, 0x0000, 0x0000, 0x0000, 0x0000, 0x0000, 0x0000, 
	0x0000, 0x0000, 0x0000, 0x0000, 0x0002, 0x0001, 0x016b, 0x147b, 0x012a, 0x0001, 0x0022, 0x0000, 0x0000, 0x0000, 0x0000, 0x0000, 
	0x0001, 0x0003, 0x0003, 0x01cd, 0x0e7d, 0x1d18, 0x0005, 0x0003, 0x0003, 0x0002, 0x0003, 0x0026, 0x0006, 0x12f0, 0x27ff, 0x0230, 
	0x0008, 0x0027, 0x0004, 0x0026, 0x0047, 0x0008, 0x1c76, 0x6fff, 0x0b12, 0x0008, 0x0048, 0x0047, 0x0068, 0x0008, 0x1333, 0x6fff, 
	0x1b52, 0x0009, 0x0089, 0x0047, 0x0005, 0x0005, 0x0006, 0x0047, 0x0089, 0x00ea, 0x012b, 0x018c, 0x01ed, 0x01cc, 0x1495, 0x0fff, 
	0x07ff, 0x0d99, 0x02b0, 0x02d0, 0x026f, 0x020e, 0x01ad, 0x014c, 0x00eb, 0x00aa, 0x0069, 0x0026, 0x0026, 0x0026, 0x0006, 0x0027, 
	0x0069, 0x000a, 0x24f7, 0xb7ff, 0x459a, 0x000b, 0x008b, 0x0068, 0x0068, 0x0009, 0x0af0, 0x67ff, 0x367b, 0x0009, 0x0007, 0x0025, 
	0x0024, 0x0025, 0x0007, 0x00cb, 0x3fff, 0x1e1a, 0x008a, 0x0026, 0x0024, 0x0002, 0x0001, 0x0001, 0x0002, 0x0003, 0x0001, 0x13d2, 
	0x1fff, 0x01ad, 0x0003, 0x0003, 0x0001, 0x0000, 0x0000, 0x0000, 0x0000, 0x0000, 0x0000, 0x0001, 0x0002, 0x0003, 0x12f3, 0x1bd6, 
	0x0004, 0x0002, 0x0001, 0x0000, 0x0000, 0x0000, 0x0000, 0x0000, 0x0000, 0x0000, 0x0000, 0x0000, 0x0000, 0x0000, 0x0000, 0x0000, 
	0x0002, 0x092c, 0x0086, 0x0000, 0x0000, 0x0000, 0x0000, 0x0000, 0x0000, 0x0000, 0x0000, 0x0000, 0x0000, 0x0000, 0x0000, 0x0000, 
	0x0000, 0x0000, 0x0021, 0x0042, 0x0000, 0x0000, 0x0000, 0x0000, 0x0000, 0x0000, 0x0000, 0x0000, 0x0000, 0x0000, 0x0000, 0x0000, 
	0x0000, 0x0000, 0x0000, 0x0000, 0x0000, 0x0000, 0x0000, 0x0000, 0x0000, 0x0000, 0x0000, 0x0000, 0x0000, 0x0000, 0x0000, 0x0000, 
	0x0000, 0x0000, 0x0000, 0x0000, 0x0000, 0x0000, 0x0000, 0x0000, 0x0000, 0x0000, 0x0000, 0x0000, 0x0000, 0x0000, 0x0000, 0x0000, 
	0x0001, 0x3aae, 0x3aae, 0x0000, 0x0000, 0x0000, 0x0000, 0x0000, 0x0000, 0x0000, 0x0000, 0x0000, 0x0000, 0x0000, 0x0000, 0x0000, 
	0x0000, 0x0000, 0x0000, 0x0000, 0x0000, 0x0000, 0x0000, 0x0000, 0x0000, 0x0000, 0x0000, 0x0000, 0x0000, 0x0000, 0x0000, 0x0000, 
	0x0000, 0x0000, 0x0000, 0x0000, 0x0000, 0x0000, 0x0000, 0x0000, 0x0000, 0x0000, 0x0021, 0x0000, 0x0001, 0x0021, 0x0000, 0x0000, 
	0x0001, 0x0001, 0x0000, 0x0000, 0x0001, 0x0021, 0x0000, 0x0021, 0x0021, 0x0021, 0x0021, 0x0021, 0x0021, 0x0022, 0x0022, 0x0021, 
	0x0021, 0x0022, 0x0022, 0x0021, 0x0022, 0x0023, 0x0021, 0x0001, 0x0001, 0x0022, 0x0022, 0x0042, 0x0042, 0x0042, 0x0042, 0x0002, 
	0x0022, 0x0863, 0x0042, 0x0022, 0x0042, 0x0042, 0x0063, 0x0043, 0x0021, 0x0042, 0x0042, 0x0042, 0x0042, 0x0042, 0x0042, 0x0042, 
	0x0042, 0x0042, 0x0042, 0x0043, 0x0043, 0x08e9, 0x0086, 0x0064, 0x0043, 0x0022, 0x0042, 0x0042, 0x0042, 0x0042, 0x0042, 0x0042, 
	0x0042, 0x0042, 0x0042, 0x0043, 0x0044, 0x0003, 0x018d, 0x14bc, 0x018b, 0x0002, 0x0043, 0x0022, 0x0042, 0x0022, 0x0022, 0x0022, 
	0x0043, 0x0045, 0x0025, 0x014c, 0x0dbb, 0x1d58, 0x0047, 0x0025, 0x0044, 0x0044, 0x0044, 0x0066, 0x0007, 0x1290, 0x37ff, 0x1cf7, 
	0x0008, 0x0067, 0x0046, 0x0046, 0x0068, 0x002a, 0x1c36, 0x67ff, 0x2435, 0x0029, 0x0089, 0x0068, 0x0068, 0x0029, 0x01ae, 0x4f7e, 
	0x6f1c, 0x090d, 0x008a, 0x00a9, 0x0046, 0x0046, 0x0046, 0x0067, 0x0089, 0x00ca, 0x010b, 0x016c, 0x018c, 0x016b, 0x1ebb, 0x0fff, 
	0x169c, 0x02f1, 0x022f, 0x026f, 0x022f, 0x01ce, 0x018d, 0x014c, 0x00eb, 0x00aa, 0x0069, 0x0047, 0x0047, 0x0047, 0x0048, 0x0069, 
	0x006a, 0x012d, 0x6f1d, 0x5fff, 0x03b5, 0x002b, 0x008a, 0x0069, 0x008a, 0x0009, 0x3c55, 0x97ff, 0x1d57, 0x0029, 0x0027, 0x0046, 
	0x0046, 0x0047, 0x0028, 0x0a4f, 0x57ff, 0x0b72, 0x0006, 0x0067, 0x0044, 0x0023, 0x0022, 0x0023, 0x0044, 0x0045, 0x0004, 0x0bd3, 
	0x1f5f, 0x00ea, 0x0004, 0x0043, 0x0022, 0x0022, 0x0021, 0x0000, 0x0000, 0x0001, 0x0001, 0x0002, 0x0023, 0x0004, 0x13d7, 0x1418, 
	0x0005, 0x0023, 0x0022, 0x0001, 0x0001, 0x0001, 0x0001, 0x0001, 0x0001, 0x0001, 0x0000, 0x0000, 0x0000, 0x0000, 0x0000, 0x0000, 
	0x0087, 0x11af, 0x0065, 0x0000, 0x0000, 0x0000, 0x0000, 0x0000, 0x0000, 0x0000, 0x0000, 0x0000, 0x0000, 0x0000, 0x0000, 0x0000, 
	0x0000, 0x0000, 0x0000, 0x0000, 0x0000, 0x0000, 0x0000, 0x0000, 0x0000, 0x0000, 0x0000, 0x0000, 0x0000, 0x0000, 0x0000, 0x0000, 
	0x0000, 0x0000, 0x0000, 0x0000, 0x0000, 0x0000, 0x0000, 0x0000, 0x0000, 0x0000, 0x0000, 0x0000, 0x0000, 0x0000, 0x0000, 0x0000, 
	0x0000, 0x0000, 0x0000, 0x0000, 0x0000, 0x0000, 0x0000, 0x0000, 0x0000, 0x0000, 0x0000, 0x0000, 0x0000, 0x0000, 0x0000, 0x0000, 
	0x0000, 0x0000, 0x0000, 0x0000, 0x0000, 0x0000, 0x0000, 0x0000, 0x0000, 0x0000, 0x0000, 0x0000, 0x0000, 0x0000, 0x0000, 0x0000, 
	0x0000, 0x0000, 0x0000, 0x0000, 0x0000, 0x0000, 0x0000, 0x0000, 0x0000, 0x0000, 0x0000, 0x0000, 0x0000, 0x0000, 0x0000, 0x0000, 
	0x0000, 0x0000, 0x0000, 0x0000, 0x0000, 0x0000, 0x0000, 0x0000, 0x0000, 0x0000, 0x0000, 0x0000, 0x0000, 0x0000, 0x0000, 0x0000, 
	0x0000, 0x0000, 0x0000, 0x0000, 0x0001, 0x0001, 0x0000, 0x0000, 0x0000, 0x0000, 0x0000, 0x0000, 0x0000, 0x0000, 0x0000, 0x0000, 
	0x0000, 0x0000, 0x0000, 0x0000, 0x0021, 0x0022, 0x0000, 0x0000, 0x0000, 0x0000, 0x0000, 0x0000, 0x0000, 0x0000, 0x0001, 0x0000, 
	0x0000, 0x0021, 0x0021, 0x0000, 0x0000, 0x0000, 0x0042, 0x0021, 0x0000, 0x0000, 0x0000, 0x0000, 0x0000, 0x0000, 0x0000, 0x0000, 
	0x0000, 0x0000, 0x0001, 0x0002, 0x0023, 0x08c8, 0x0044, 0x0022, 0x0021, 0x0000, 0x0000, 0x0020, 0x0020, 0x0000, 0x0000, 0x0000, 
	0x0000, 0x0000, 0x0001, 0x0001, 0x0023, 0x0001, 0x014a, 0x149b, 0x016a, 0x0002, 0x0043, 0x0000, 0x0000, 0x0000, 0x0000, 0x0001, 
	0x0001, 0x0023, 0x0004, 0x0006, 0x1497, 0x1dba, 0x0027, 0x0003, 0x0003, 0x0002, 0x0003, 0x0025, 0x0028, 0x0029, 0x263a, 0x2f1d, 
	0x0029, 0x0027, 0x0025, 0x0025, 0x0027, 0x006a, 0x00ac, 0x573d, 0x4edd, 0x000a, 0x0069, 0x0047, 0x0027, 0x0068, 0x0008, 0x2c96, 
	0x8fff, 0x2c96, 0x0009, 0x0088, 0x0025, 0x0024, 0x0024, 0x0004, 0x0046, 0x0089, 0x00a9, 0x00ca, 0x0048, 0x13b2, 0x1fde, 0x0efe, 
	0x1d59, 0x01ed, 0x01ac, 0x01cd, 0x018d, 0x014c, 0x010c, 0x00cb, 0x008a, 0x0048, 0x0026, 0x0026, 0x0026, 0x0026, 0x0047, 0x006a, 
	0x000a, 0x24b6, 0x97ff, 0x25b9, 0x006c, 0x004b, 0x006a, 0x0049, 0x002a, 0x014e, 0x7f1d, 0x8fff, 0x022f, 0x0007, 0x0025, 0x0024, 
	0x0025, 0x0027, 0x0008, 0x1352, 0x57ff, 0x13d3, 0x0005, 0x0025, 0x0044, 0x0002, 0x0001, 0x0002, 0x0023, 0x0025, 0x0005, 0x0c35, 
	0x1f5f, 0x00e9, 0x0003, 0x0023, 0x0001, 0x0000, 0x0000, 0x0000, 0x0000, 0x0000, 0x0000, 0x0001, 0x0002, 0x0002, 0x0b75, 0x1459, 
	0x0004, 0x0002, 0x0001, 0x0000, 0x0000, 0x0000, 0x0000, 0x0000, 0x0000, 0x0000, 0x0000, 0x0000, 0x0000, 0x0000, 0x0001, 0x0000, 
	0x0909, 0x092a, 0x0000, 0x0000, 0x0000, 0x0000, 0x0000, 0x0000, 0x0000, 0x0000, 0x0000, 0x0000, 0x0000, 0x0000, 0x0000, 0x0000, 
	0x0000, 0x0000, 0x0000, 0x0000, 0x0000, 0x0000, 0x0000, 0x0000, 0x0000, 0x0000, 0x0000, 0x0000, 0x0000, 0x0000, 0x0000, 0x0000, 
	0x0000, 0x0000, 0x0000, 0x0000, 0x0000, 0x0000, 0x0000, 0x0000, 0x0000, 0x0000, 0x0000, 0x0000, 0x0000, 0x0000, 0x0000, 0x0000, 
	0x0000, 0x0000, 0x0000, 0x0000, 0x0000, 0x0000, 0x0000, 0x0000, 0x0000, 0x0000, 0x0000, 0x0000, 0x0000, 0x0000, 0x0000, 0x0000, 
	0x0000, 0x0000, 0x0000, 0x0000, 0x0000, 0x0000, 0x0000, 0x0000, 0x0000, 0x0000, 0x0000, 0x0000, 0x0000, 0x0000, 0x0000, 0x0000, 
	0x0000, 0x0000, 0x0000, 0x0000, 0x0000, 0x0000, 0x0000, 0x0000, 0x0000, 0x0000, 0x0000, 0x0000, 0x0000, 0x0000, 0x0000, 0x0000, 
	0x0000, 0x0000, 0x0000, 0x0000, 0x0000, 0x0000, 0x0000, 0x0000, 0x0000, 0x0000, 0x0000, 0x0000, 0x0000, 0x0000, 0x0000, 0x0000, 
	0x0000, 0x0000, 0x0000, 0x0000, 0x0000, 0x0000, 0x0000, 0x0000, 0x0000, 0x0000, 0x0000, 0x0000, 0x0000, 0x0000, 0x0000, 0x0000, 
	0x0000, 0x0000, 0x0000, 0x0000, 0x0021, 0x0021, 0x0000, 0x0000, 0x0000, 0x0000, 0x0000, 0x0000, 0x0000, 0x0000, 0x0000, 0x0000, 
	0x0000, 0x0000, 0x0000, 0x0000, 0x0000, 0x0000, 0x0022, 0x0000, 0x0000, 0x0000, 0x0000, 0x0000, 0x0000, 0x0000, 0x0000, 0x0000, 
	0x0000, 0x0000, 0x0000, 0x0000, 0x0001, 0x08c8, 0x0043, 0x0022, 0x0001, 0x0000, 0x0000, 0x0000, 0x0000, 0x0000, 0x0000, 0x0000, 
	0x0000, 0x0000, 0x0000, 0x0000, 0x0001, 0x0000, 0x0109, 0x149b, 0x018b, 0x0002, 0x0022, 0x0000, 0x0000, 0x0000, 0x0000, 0x0000, 
	0x0001, 0x0002, 0x0886, 0x0006, 0x1456, 0x1d9a, 0x0006, 0x0003, 0x0002, 0x0002, 0x0002, 0x0004, 0x0047, 0x0006, 0x1d17, 0x26dd, 
	0x000a, 0x0049, 0x0005, 0x0005, 0x0026, 0x0048, 0x0009, 0x3ebb, 0x4f7e, 0x00ed, 0x0049, 0x0047, 0x0026, 0x0027, 0x0008, 0x09af, 
	0x573e, 0x2435, 0x0008, 0x0067, 0x0004, 0x0003, 0x0003, 0x0003, 0x0024, 0x0047, 0x0068, 0x00aa, 0x0005, 0x0c74, 0x17ff, 0x0dbb, 
	0x1351, 0x00aa, 0x014b, 0x012b, 0x010b, 0x00eb, 0x00aa, 0x008a, 0x0048, 0x0026, 0x0026, 0x0025, 0x0025, 0x0026, 0x0048, 0x002a, 
	0x00cd, 0x6f7e, 0x77ff, 0x0250, 0x000a, 0x0049, 0x0049, 0x006a, 0x000a, 0x1b13, 0xa7ff, 0x4f5d, 0x014e, 0x0007, 0x0005, 0x0004, 
	0x0004, 0x0027, 0x0007, 0x1495, 0x3fff, 0x09ce, 0x0006, 0x0024, 0x0023, 0x0001, 0x0000, 0x0001, 0x0002, 0x0025, 0x0005, 0x0bb4, 
	0x27ff, 0x010a, 0x0003, 0x0002, 0x0001, 0x0000, 0x0000, 0x0000, 0x0000, 0x0000, 0x0000, 0x0001, 0x0000, 0x00e8, 0x1459, 0x0a0f, 
	0x0003, 0x0002, 0x0000, 0x0000, 0x0000, 0x0000, 0x0000, 0x0000, 0x0000, 0x0000, 0x0000, 0x0000, 0x0000, 0x0000, 0x0000, 0x0000, 
	0x08c8, 0x08e9, 0x0000, 0x0000, 0x0000, 0x0000, 0x0000, 0x0000, 0x0000, 0x0000, 0x0000, 0x0000, 0x0000, 0x0000, 0x0000, 0x0000, 
	0x0000, 0x0000, 0x0000, 0x0000, 0x0000, 0x0000, 0x0000, 0x0000, 0x0000, 0x0000, 0x0000, 0x0000, 0x0000, 0x0000, 0x0000, 0x0000, 
	0x0000, 0x0000, 0x0000, 0x0000, 0x0000, 0x0000, 0x0000, 0x0000, 0x0000, 0x0000, 0x0000, 0x0000, 0x0000, 0x0000, 0x0000, 0x0000, 
	0x0000, 0x0000, 0x0000, 0x0000, 0x0000, 0x0000, 0x0000, 0x0000, 0x0000, 0x0000, 0x0000, 0x0000, 0x0000, 0x0000, 0x0000, 0x0000, 
	0x0000, 0x0000, 0x0000, 0x0000, 0x0000, 0x0000, 0x0000, 0x0000, 0x0000, 0x0000, 0x0000, 0x0000, 0x0000, 0x0000, 0x0000, 0x0000, 
	0x0884, 0x10c5, 0x0000, 0x0000, 0x0000, 0x0000, 0x0000, 0x0000, 0x0000, 0x0000, 0x0000, 0x0000, 0x0000, 0x0000, 0x0000, 0x0000, 
	0x0000, 0x0000, 0x0000, 0x0000, 0x0000, 0x0000, 0x0000, 0x0000, 0x0000, 0x0000, 0x0000, 0x0000, 0x0000, 0x0000, 0x0000, 0x0000, 
	0x0000, 0x0000, 0x0000, 0x0000, 0x0000, 0x0000, 0x0000, 0x0000, 0x0000, 0x0000, 0x0000, 0x0000, 0x0000, 0x0000, 0x0000, 0x0000, 
	0x0000, 0x0000, 0x0000, 0x0000, 0x0021, 0x0021, 0x0000, 0x0000, 0x0000, 0x0000, 0x0000, 0x0000, 0x0000, 0x0000, 0x0000, 0x0000, 
	0x0000, 0x0000, 0x0000, 0x0000, 0x0000, 0x0000, 0x0022, 0x0001, 0x0000, 0x0000, 0x0000, 0x0000, 0x0000, 0x0000, 0x0000, 0x0883, 
	0x1106, 0x0000, 0x0000, 0x0000, 0x0001, 0x08c8, 0x0044, 0x0043, 0x0001, 0x0000, 0x0000, 0x0000, 0x0000, 0x0000, 0x0000, 0x0000, 
	0x0000, 0x0000, 0x0000, 0x0000, 0x0001, 0x0000, 0x012a, 0x14dc, 0x09ab, 0x0002, 0x0022, 0x0000, 0x0000, 0x0000, 0x0000, 0x0000, 
	0x0001, 0x0002, 0x10e8, 0x0007, 0x1456, 0x1d79, 0x0006, 0x0003, 0x0003, 0x0002, 0x0003, 0x0024, 0x0026, 0x0006, 0x1cd6, 0x379e, 
	0x11cf, 0x0028, 0x0026, 0x0005, 0x0025, 0x0027, 0x0008, 0x13f4, 0x67ff, 0x2373, 0x0008, 0x0068, 0x0026, 0x0026, 0x0048, 0x002a, 
	0x00ec, 0x00ca, 0x0088, 0x0066, 0x0003, 0x0002, 0x0002, 0x0003, 0x0024, 0x0025, 0x0047, 0x0028, 0x00a9, 0x2e3a, 0x1ddb, 0x1539, 
	0x0acf, 0x0007, 0x00ea, 0x00ca, 0x00ea, 0x00aa, 0x0089, 0x0068, 0x0026, 0x0025, 0x0025, 0x0025, 0x0026, 0x0069, 0x006b, 0x000a, 
	0x2436, 0x9fff, 0x2d38, 0x006b, 0x004a, 0x0027, 0x0069, 0x004b, 0x00ad, 0x569c, 0x77ff, 0x03d4, 0x000a, 0x0027, 0x0005, 0x0024, 
	0x0005, 0x0007, 0x094c, 0x2f9e, 0x2f7e, 0x0029, 0x0006, 0x0023, 0x0023, 0x0001, 0x0000, 0x0001, 0x0003, 0x0005, 0x0089, 0x1d7a, 
	0x1ddb, 0x0068, 0x0003, 0x0001, 0x0000, 0x0000, 0x0000, 0x0000, 0x0000, 0x0000, 0x0000, 0x0001, 0x0000, 0x018b, 0x14db, 0x00c8, 
	0x0002, 0x0002, 0x0000, 0x0000, 0x0000, 0x0000, 0x0000, 0x0000, 0x0000, 0x0000, 0x0000, 0x0000, 0x0000, 0x0000, 0x0001, 0x0000, 
	0x00c9, 0x090a, 0x0000, 0x0000, 0x0000, 0x0000, 0x0000, 0x0000, 0x0000, 0x0000, 0x0000, 0x0000, 0x0000, 0x0000, 0x0000, 0x0000, 
	0x0000, 0x0000, 0x0000, 0x0000, 0x0000, 0x0000, 0x0000, 0x0000, 0x0000, 0x0000, 0x0000, 0x0000, 0x0000, 0x0000, 0x0000, 0x0000, 
	0x0000, 0x0000, 0x0000, 0x0000, 0x0000, 0x0000, 0x0000, 0x0000, 0x0000, 0x0000, 0x0000, 0x0000, 0x0000, 0x0000, 0x0000, 0x0000, 
	0x0000, 0x0000, 0x0000, 0x0000, 0x0000, 0x0000, 0x0000, 0x0000, 0x0000, 0x0000, 0x0000, 0x0000, 0x0000, 0x0000, 0x0000, 0x0000, 
	0x0000, 0x0000, 0x0000, 0x0000, 0x0000, 0x0000, 0x0000, 0x0000, 0x0000, 0x0000, 0x0000, 0x0000, 0x0000, 0x0000, 0x0000, 0x0000, 
	0x1968, 0x29ed, 0x0000, 0x0000, 0x0000, 0x0000, 0x0000, 0x0000, 0x0000, 0x0000, 0x0000, 0x0000, 0x0000, 0x0000, 0x0000, 0x0000, 
	0x0000, 0x0000, 0x0000, 0x0000, 0x0000, 0x0000, 0x0000, 0x0000, 0x0000, 0x0000, 0x0000, 0x0000, 0x0000, 0x0000, 0x0000, 0x0000, 
	0x0000, 0x0000, 0x0000, 0x0000, 0x0001, 0x0000, 0x0000, 0x0000, 0x0000, 0x2a2a, 0x0882, 0x0000, 0x0000, 0x0000, 0x0000, 0x0000, 
	0x0000, 0x0000, 0x0000, 0x0000, 0x0021, 0x0022, 0x0000, 0x0000, 0x0000, 0x0000, 0x0000, 0x0000, 0x0000, 0x0000, 0x0000, 0x0000, 
	0x0000, 0x0000, 0x0000, 0x0000, 0x0000, 0x0000, 0x0022, 0x0000, 0x0000, 0x0000, 0x0000, 0x0000, 0x0000, 0x0000, 0x0000, 0x0883, 
	0x1926, 0x0000, 0x0000, 0x0000, 0x0001, 0x08c8, 0x0044, 0x0043, 0x0001, 0x0000, 0x0000, 0x0000, 0x0000, 0x0000, 0x0000, 0x0000, 
	0x0000, 0x0000, 0x0000, 0x0000, 0x0001, 0x0000, 0x0109, 0x149b, 0x01ab, 0x0001, 0x0022, 0x0000, 0x0000, 0x0000, 0x0000, 0x0000, 
	0x0001, 0x0002, 0x0004, 0x0006, 0x1415, 0x1cf8, 0x0006, 0x0004, 0x0003, 0x0003, 0x0003, 0x0025, 0x0027, 0x0006, 0x1456, 0x3fff, 
	0x2435, 0x0007, 0x0026, 0x0025, 0x0025, 0x0026, 0x0007, 0x09ef, 0x4fff, 0x467b, 0x006c, 0x0029, 0x0047, 0x0026, 0x0026, 0x0047, 
	0x0006, 0x0005, 0x0046, 0x0045, 0x0002, 0x0002, 0x0002, 0x0022, 0x0023, 0x0024, 0x0025, 0x0004, 0x0b10, 0x47ff, 0x2c57, 0x1cb6, 
	0x012a, 0x0048, 0x00a9, 0x00a9, 0x00a9, 0x0068, 0x0047, 0x0025, 0x0025, 0x0025, 0x0025, 0x0026, 0x0048, 0x002a, 0x000a, 0x1b54, 
	0x8fff, 0x5f5d, 0x014e, 0x000a, 0x0069, 0x0027, 0x0089, 0x0009, 0x01cf, 0x6fff, 0x371d, 0x010e, 0x002a, 0x0026, 0x0004, 0x0005, 
	0x0027, 0x0006, 0x0b11, 0x47ff, 0x363a, 0x0048, 0x0004, 0x0023, 0x0023, 0x0000, 0x0000, 0x0002, 0x0003, 0x0004, 0x09ee, 0x27ff, 
	0x0ad1, 0x0004, 0x0003, 0x0001, 0x0000, 0x0000, 0x0000, 0x0000, 0x0000, 0x0000, 0x0000, 0x0001, 0x0001, 0x012a, 0x14bb, 0x014a, 
	0x0001, 0x0001, 0x0000, 0x0000, 0x0000, 0x0000, 0x0000, 0x0000, 0x0000, 0x0000, 0x0000, 0x0000, 0x0000, 0x0000, 0x0000, 0x0043, 
	0x11d0, 0x00c8, 0x0000, 0x0000, 0x0000, 0x0000, 0x0000, 0x0000, 0x0000, 0x0000, 0x0000, 0x0000, 0x0000, 0x0000, 0x0000, 0x0000, 
	0x0000, 0x0000, 0x0000, 0x0000, 0x0000, 0x0000, 0x0000, 0x0000, 0x0000, 0x0000, 0x0000, 0x0000, 0x0000, 0x0000, 0x0000, 0x0000, 
	0x0000, 0x0000, 0x0000, 0x0000, 0x0000, 0x0000, 0x0000, 0x0000, 0x0000, 0x0000, 0x0000, 0x0000, 0x0000, 0x0000, 0x0000, 0x0000, 
	0x0000, 0x0001, 0x0001, 0x0000, 0x0000, 0x0000, 0x0000, 0x0000, 0x0000, 0x0000, 0x0000, 0x0000, 0x0000, 0x0000, 0x0000, 0x0000, 
	0x0000, 0x0000, 0x0000, 0x0000, 0x0000, 0x0000, 0x0000, 0x0000, 0x0000, 0x0000, 0x0000, 0x0000, 0x0000, 0x0000, 0x0000, 0x0000, 
	0x0000, 0x0021, 0x0000, 0x0000, 0x0000, 0x0000, 0x0000, 0x0000, 0x0000, 0x0000, 0x0000, 0x0000, 0x0000, 0x0000, 0x0000, 0x0000, 
	0x0000, 0x0000, 0x0000, 0x0000, 0x0000, 0x0000, 0x0000, 0x0000, 0x0000, 0x0000, 0x0000, 0x0000, 0x0000, 0x0000, 0x0000, 0x0000, 
	0x0000, 0x0000, 0x0000, 0x0000, 0x0001, 0x0000, 0x0000, 0x0000, 0x0000, 0x10c3, 0x0021, 0x0000, 0x0000, 0x0000, 0x0000, 0x0000, 
	0x0000, 0x0000, 0x0000, 0x0000, 0x0021, 0x0021, 0x0000, 0x0000, 0x0000, 0x0000, 0x0000, 0x0000, 0x0000, 0x0000, 0x0000, 0x0000, 
	0x0000, 0x0000, 0x0000, 0x0000, 0x0000, 0x0000, 0x0042, 0x0021, 0x0000, 0x0000, 0x0000, 0x0000, 0x0000, 0x0000, 0x0000, 0x0000, 
	0x0000, 0x0000, 0x0000, 0x0000, 0x0001, 0x08c8, 0x0044, 0x0022, 0x0001, 0x0000, 0x0000, 0x0000, 0x0000, 0x0000, 0x0000, 0x0000, 
	0x0000, 0x0000, 0x0000, 0x0000, 0x0001, 0x0002, 0x0003, 0x1b13, 0x09ed, 0x0002, 0x0023, 0x0000, 0x0000, 0x0000, 0x0000, 0x0000, 
	0x0001, 0x0002, 0x0004, 0x0006, 0x09ee, 0x259a, 0x09ac, 0x0003, 0x0004, 0x0003, 0x0004, 0x0026, 0x0047, 0x0008, 0x0a70, 0x2fff, 
	0x1c15, 0x0007, 0x0048, 0x0026, 0x0026, 0x0026, 0x0027, 0x0009, 0x2518, 0x77ff, 0x44d8, 0x0009, 0x0028, 0x0025, 0x0024, 0x0004, 
	0x0004, 0x0003, 0x0023, 0x0023, 0x0001, 0x0002, 0x0002, 0x0022, 0x0023, 0x0023, 0x0003, 0x0004, 0x2639, 0x2dfb, 0x2cd8, 0x24f6, 
	0x0005, 0x0088, 0x0068, 0x0067, 0x0067, 0x0025, 0x0004, 0x0024, 0x0024, 0x0004, 0x0026, 0x0047, 0x0009, 0x002b, 0x2c56, 0xa7ff, 
	0x7fdf, 0x016f, 0x000a, 0x0049, 0x0047, 0x0047, 0x0089, 0x000a, 0x4517, 0x87ff, 0x0374, 0x000a, 0x0048, 0x0025, 0x0004, 0x0005, 
	0x0007, 0x006a, 0x2d98, 0x47ff, 0x0a90, 0x0005, 0x0004, 0x0023, 0x0022, 0x0001, 0x0001, 0x0002, 0x0023, 0x0005, 0x016c, 0x27ff, 
	0x1352, 0x0002, 0x0002, 0x0001, 0x0000, 0x0000, 0x0000, 0x0000, 0x0000, 0x0000, 0x0001, 0x0002, 0x0002, 0x014b, 0x1334, 0x0066, 
	0x0001, 0x0001, 0x0000, 0x0000, 0x0000, 0x0000, 0x0000, 0x0000, 0x0000, 0x0000, 0x0000, 0x0000, 0x0000, 0x0000, 0x0000, 0x0086, 
	0x116d, 0x0003, 0x0001, 0x0000, 0x0000, 0x0000, 0x0000, 0x0000, 0x0000, 0x0000, 0x0000, 0x0000, 0x0000, 0x0000, 0x0000, 0x0000, 
	0x0000, 0x0000, 0x0000, 0x0000, 0x0000, 0x0000, 0x0000, 0x0000, 0x0000, 0x0000, 0x0000, 0x0000, 0x0000, 0x0000, 0x0000, 0x0000, 
	0x0000, 0x0000, 0x0000, 0x0000, 0x0000, 0x0000, 0x0000, 0x0000, 0x0000, 0x0000, 0x0000, 0x0000, 0x0000, 0x0000, 0x0000, 0x0000, 
	0x0000, 0x0000, 0x0000, 0x0000, 0x0000, 0x0000, 0x0000, 0x0000, 0x0000, 0x0000, 0x0000, 0x0000, 0x0000, 0x0000, 0x0000, 0x0000, 
	0x0000, 0x0000, 0x0000, 0x0000, 0x0000, 0x0000, 0x0000, 0x0000, 0x0000, 0x0000, 0x0000, 0x0000, 0x0000, 0x0000, 0x0000, 0x0000, 
	0x0000, 0x0000, 0x0000, 0x0000, 0x0000, 0x0000, 0x0000, 0x0000, 0x0000, 0x0000, 0x0000, 0x0000, 0x0000, 0x0000, 0x0000, 0x0000, 
	0x0000, 0x0000, 0x0884, 0x0021, 0x0000, 0x0000, 0x0000, 0x0000, 0x0000, 0x0000, 0x0000, 0x0000, 0x0000, 0x0000, 0x0000, 0x0000, 
	0x0000, 0x0000, 0x0000, 0x0000, 0x0000, 0x0000, 0x0000, 0x0000, 0x0000, 0x0000, 0x0000, 0x0000, 0x0000, 0x0000, 0x0000, 0x0000, 
	0x0000, 0x0000, 0x0000, 0x0000, 0x0021, 0x0021, 0x0000, 0x0000, 0x0000, 0x0842, 0x0021, 0x0000, 0x0000, 0x0000, 0x0000, 0x0000, 
	0x0000, 0x0000, 0x0000, 0x0000, 0x0000, 0x0000, 0x0043, 0x0021, 0x0000, 0x0000, 0x0000, 0x0000, 0x0000, 0x0000, 0x0000, 0x0000, 
	0x0000, 0x0000, 0x0000, 0x0000, 0x0002, 0x08c8, 0x0044, 0x0023, 0x0001, 0x0000, 0x0000, 0x0000, 0x0000, 0x0000, 0x0000, 0x0000, 
	0x0000, 0x0000, 0x0000, 0x0000, 0x0001, 0x0002, 0x0002, 0x1af2, 0x09cd, 0x0003, 0x0043, 0x0000, 0x0000, 0x0000, 0x0000, 0x0000, 
	0x0001, 0x0002, 0x0003, 0x0005, 0x016c, 0x1ebe, 0x0a8f, 0x0003, 0x0026, 0x0005, 0x0005, 0x0027, 0x0027, 0x0029, 0x0029, 0x1efd, 
	0x1ebc, 0x00ab, 0x0008, 0x0028, 0x0027, 0x0027, 0x0028, 0x0009, 0x014f, 0x47df, 0x5fff, 0x11cf, 0x0006, 0x0025, 0x0003, 0x0003, 
	0x0002, 0x0002, 0x0022, 0x0023, 0x0001, 0x0001, 0x0001, 0x0002, 0x0002, 0x0023, 0x0002, 0x00a6, 0x3edd, 0x2c15, 0x1d37, 0x12ae, 
	0x0005, 0x0046, 0x0025, 0x0025, 0x0025, 0x0024, 0x0024, 0x0024, 0x0003, 0x0004, 0x0025, 0x0027, 0x006a, 0x3d18, 0xafff, 0x77ff, 
	0x0211, 0x0009, 0x0049, 0x0047, 0x0047, 0x0047, 0x0009, 0x11ef, 0x97ff, 0x3e1a, 0x004b, 0x0028, 0x0026, 0x0004, 0x0024, 0x0026, 
	0x0007, 0x012c, 0x7fff, 0x57ff, 0x018d, 0x0005, 0x0004, 0x0002, 0x0023, 0x0001, 0x0001, 0x0002, 0x0003, 0x0027, 0x1d38, 0x1d9a, 
	0x00c9, 0x0003, 0x0001, 0x0001, 0x0000, 0x0000, 0x0000, 0x0000, 0x0000, 0x0000, 0x0001, 0x0002, 0x0004, 0x1354, 0x09ee, 0x0001, 
	0x0022, 0x0001, 0x0000, 0x0000, 0x0000, 0x0000, 0x0000, 0x0000, 0x0000, 0x0000, 0x0000, 0x0000, 0x0000, 0x0000, 0x0000, 0x0003, 
	0x0088, 0x0002, 0x0001, 0x0000, 0x0000, 0x0000, 0x0000, 0x0000, 0x0000, 0x0000, 0x0000, 0x0000, 0x0000, 0x0000, 0x0000, 0x0000, 
	0x0000, 0x0000, 0x0000, 0x0000, 0x0000, 0x0000, 0x0000, 0x0000, 0x0000, 0x0000, 0x0000, 0x0000, 0x0000, 0x0000, 0x0000, 0x0000, 
	0x0000, 0x0000, 0x0000, 0x0000, 0x0000, 0x0000, 0x0000, 0x0000, 0x0000, 0x0000, 0x0000, 0x0000, 0x0000, 0x0000, 0x0000, 0x0000, 
	0x0000, 0x0000, 0x0000, 0x0000, 0x0000, 0x0000, 0x0000, 0x0000, 0x0000, 0x0000, 0x0000, 0x0000, 0x0000, 0x0000, 0x0000, 0x0000, 
	0x0000, 0x0000, 0x0000, 0x0000, 0x0000, 0x0000, 0x0000, 0x0000, 0x0000, 0x0000, 0x0000, 0x0000, 0x0000, 0x0000, 0x0000, 0x0000, 
	0x0000, 0x0000, 0x0000, 0x0000, 0x0000, 0x0000, 0x0000, 0x0000, 0x0000, 0x0000, 0x0000, 0x0000, 0x0000, 0x0000, 0x0000, 0x0000, 
	0x0000, 0x0000, 0x0021, 0x0000, 0x0000, 0x0000, 0x0000, 0x0000, 0x0000, 0x0000, 0x0000, 0x0000, 0x0000, 0x0000, 0x0000, 0x0000, 
	0x0000, 0x0000, 0x0000, 0x0000, 0x0000, 0x0000, 0x0000, 0x0000, 0x0000, 0x0000, 0x0000, 0x0000, 0x0000, 0x0000, 0x0000, 0x0000, 
	0x0000, 0x0000, 0x0000, 0x0000, 0x0021, 0x0022, 0x0000, 0x0000, 0x0000, 0x10e6, 0x0883, 0x0000, 0x0000, 0x0000, 0x0000, 0x0000, 
	0x0000, 0x0000, 0x0000, 0x0000, 0x0000, 0x0000, 0x0042, 0x0021, 0x0000, 0x0000, 0x0000, 0x0000, 0x0000, 0x0000, 0x0000, 0x0000, 
	0x0000, 0x0000, 0x0000, 0x0000, 0x0001, 0x090b, 0x00a9, 0x0023, 0x0001, 0x0000, 0x0000, 0x0000, 0x0000, 0x0000, 0x0000, 0x0000, 
	0x0001, 0x0000, 0x0000, 0x0000, 0x0000, 0x0001, 0x0002, 0x1313, 0x1333, 0x0026, 0x0023, 0x0000, 0x0000, 0x0000, 0x0000, 0x0000, 
	0x0000, 0x0001, 0x0003, 0x0005, 0x010b, 0x1e5d, 0x0bb4, 0x0005, 0x0006, 0x0026, 0x0026, 0x0027, 0x0048, 0x0029, 0x0009, 0x14d8, 
	0x27ff, 0x09d0, 0x0009, 0x004a, 0x0049, 0x0049, 0x0049, 0x006a, 0x0009, 0x1333, 0x4fff, 0x1c15, 0x0004, 0x0005, 0x0003, 0x0002, 
	0x0001, 0x0001, 0x0022, 0x0043, 0x0000, 0x0000, 0x0000, 0x0001, 0x0001, 0x0002, 0x0000, 0x0a8c, 0x4ebe, 0x3311, 0x1db8, 0x00e8, 
	0x0003, 0x0024, 0x0024, 0x0024, 0x0045, 0x0024, 0x0003, 0x0003, 0x0003, 0x0004, 0x0005, 0x0006, 0x3517, 0xa7ff, 0x679f, 0x0231, 
	0x000b, 0x0049, 0x0047, 0x0046, 0x0068, 0x002a, 0x006b, 0x56fc, 0x87ff, 0x01cf, 0x0008, 0x0047, 0x0005, 0x0004, 0x0025, 0x0026, 
	0x0008, 0x1bf4, 0x9fff, 0x3c96, 0x0008, 0x0026, 0x0003, 0x0002, 0x0043, 0x0001, 0x0001, 0x0023, 0x0004, 0x0006, 0x273f, 0x14d7, 
	0x0002, 0x0004, 0x0001, 0x0000, 0x0000, 0x0000, 0x0000, 0x08a4, 0x10a4, 0x0000, 0x0001, 0x0003, 0x0005, 0x147a, 0x0ab1, 0x0001, 
	0x0002, 0x0001, 0x0000, 0x0000, 0x0000, 0x0000, 0x0000, 0x0000, 0x0000, 0x0000, 0x0000, 0x0000, 0x0000, 0x0000, 0x0000, 0x08e9, 
	0x08eb, 0x0002, 0x0000, 0x0000, 0x0000, 0x0000, 0x0000, 0x0000, 0x0000, 0x0000, 0x0000, 0x0000, 0x0000, 0x0000, 0x0000, 0x0000, 
	0x0000, 0x0000, 0x0000, 0x0000, 0x0000, 0x0000, 0x0000, 0x0000, 0x0000, 0x0000, 0x0000, 0x0000, 0x0000, 0x0000, 0x0000, 0x0000, 
	0x0000, 0x0000, 0x0000, 0x0000, 0x0000, 0x0000, 0x0000, 0x0000, 0x0000, 0x0000, 0x0000, 0x0000, 0x0000, 0x0000, 0x0000, 0x0000, 
	0x0000, 0x0000, 0x0000, 0x0000, 0x0000, 0x0000, 0x0000, 0x0000, 0x0000, 0x0000, 0x0000, 0x0000, 0x0000, 0x0000, 0x0000, 0x0000, 
	0x0000, 0x0000, 0x0000, 0x0000, 0x0000, 0x0000, 0x0000, 0x0000, 0x0000, 0x0000, 0x0000, 0x0000, 0x0000, 0x0000, 0x0000, 0x0000, 
	0x0000, 0x0000, 0x0000, 0x0000, 0x0000, 0x0000, 0x0000, 0x0000, 0x0000, 0x0000, 0x0000, 0x0000, 0x0000, 0x0000, 0x0000, 0x0000, 
	0x0000, 0x0000, 0x0000, 0x0000, 0x0000, 0x0000, 0x0000, 0x0000, 0x0000, 0x0000, 0x0000, 0x0000, 0x0000, 0x0000, 0x0000, 0x0000, 
	0x0000, 0x0000, 0x0000, 0x0000, 0x0000, 0x0000, 0x0000, 0x0000, 0x0000, 0x0000, 0x0000, 0x0000, 0x0000, 0x0000, 0x0000, 0x0000, 
	0x0000, 0x0000, 0x0000, 0x0000, 0x0021, 0x0021, 0x0000, 0x0000, 0x0000, 0x0000, 0x0000, 0x0000, 0x0000, 0x0000, 0x0000, 0x0000, 
	0x0000, 0x0000, 0x0000, 0x0000, 0x0000, 0x0000, 0x0042, 0x0021, 0x0000, 0x0000, 0x0000, 0x0000, 0x0000, 0x0000, 0x0000, 0x0000, 
	0x0000, 0x0000, 0x0000, 0x0000, 0x0000, 0x096e, 0x094e, 0x0002, 0x0001, 0x0000, 0x0000, 0x0000, 0x0000, 0x0000, 0x0000, 0x0000, 
	0x218b, 0x29ca, 0x0000, 0x0000, 0x0001, 0x0002, 0x0002, 0x0ad2, 0x1cba, 0x00a8, 0x0003, 0x0000, 0x0000, 0x0000, 0x0000, 0x0000, 
	0x0000, 0x0001, 0x0003, 0x0006, 0x0049, 0x0d9b, 0x15dc, 0x0049, 0x0007, 0x0047, 0x0048, 0x0029, 0x006a, 0x002b, 0x0009, 0x01f0, 
	0x1fff, 0x0396, 0x000b, 0x000c, 0x000c, 0x000b, 0x008c, 0x006b, 0x006b, 0x000a, 0x1312, 0x09cd, 0x0026, 0x0025, 0x0004, 0x0002, 
	0x0002, 0x0001, 0x0022, 0x0042, 0x0000, 0x0000, 0x0000, 0x0000, 0x0001, 0x0001, 0x0000, 0x13f1, 0x44d8, 0x2bf3, 0x1c52, 0x0062, 
	0x0002, 0x0023, 0x0023, 0x0023, 0x0045, 0x0023, 0x0002, 0x0002, 0x0003, 0x0004, 0x0005, 0x0007, 0x2cf7, 0x56dc, 0x01ef, 0x0008, 
	0x0049, 0x0048, 0x0047, 0x0047, 0x004a, 0x000b, 0x2456, 0x9fff, 0x35ba, 0x000a, 0x0048, 0x0025, 0x0024, 0x0004, 0x0025, 0x0007, 
	0x000a, 0x4f9e, 0x57ff, 0x010d, 0x0008, 0x0025, 0x0002, 0x0002, 0x0043, 0x0001, 0x0001, 0x0003, 0x0004, 0x0a4e, 0x26bd, 0x0a8f, 
	0x0004, 0x0002, 0x0001, 0x0000, 0x0000, 0x0000, 0x0000, 0x0883, 0x0883, 0x0000, 0x0002, 0x0004, 0x0087, 0x1395, 0x098c, 0x0002, 
	0x0002, 0x0001, 0x0000, 0x0000, 0x0000, 0x0000, 0x0000, 0x0000, 0x0000, 0x0000, 0x0000, 0x0000, 0x0000, 0x0000, 0x0001, 0x118e, 
	0x096e, 0x0001, 0x0000, 0x0000, 0x0000, 0x0000, 0x0000, 0x21c8, 0x08c3, 0x0000, 0x0000, 0x0000, 0x0000, 0x0000, 0x0000, 0x0000, 
	0x0000, 0x0000, 0x0000, 0x0000, 0x0000, 0x0000, 0x0000, 0x0000, 0x0000, 0x0000, 0x0000, 0x0000, 0x0000, 0x0000, 0x0000, 0x0000, 
	0x0000, 0x0000, 0x0000, 0x0000, 0x0000, 0x0000, 0x0000, 0x0000, 0x0000, 0x0000, 0x0000, 0x0000, 0x0000, 0x0000, 0x0000, 0x0000, 
	0x0000, 0x0000, 0x0000, 0x0000, 0x0000, 0x0000, 0x0000, 0x0000, 0x0000, 0x0000, 0x0000, 0x0000, 0x0000, 0x0000, 0x0000, 0x0000, 
	0x0000, 0x0000, 0x0000, 0x0000, 0x0000, 0x0000, 0x0000, 0x0000, 0x0000, 0x0000, 0x0000, 0x0000, 0x0000, 0x0000, 0x0000, 0x0000, 
	0x0000, 0x0000, 0x0000, 0x0000, 0x0000, 0x0000, 0x0000, 0x0000, 0x0000, 0x0000, 0x0000, 0x0000, 0x0000, 0x0000, 0x0000, 0x0000, 
	0x0000, 0x0000, 0x0000, 0x0000, 0x0000, 0x0000, 0x0000, 0x0000, 0x0000, 0x0000, 0x0000, 0x0000, 0x0000, 0x0000, 0x0000, 0x0000, 
	0x0000, 0x0000, 0x0000, 0x0000, 0x0021, 0x0001, 0x0000, 0x0000, 0x0000, 0x0000, 0x0000, 0x0000, 0x0000, 0x0000, 0x0000, 0x0000, 
	0x0000, 0x0000, 0x0000, 0x0000, 0x0021, 0x0021, 0x0000, 0x0000, 0x0000, 0x0000, 0x0000, 0x0000, 0x0000, 0x0000, 0x0000, 0x0000, 
	0x0000, 0x0000, 0x0000, 0x0000, 0x0000, 0x0000, 0x0842, 0x0021, 0x0000, 0x0000, 0x0000, 0x0000, 0x0000, 0x0000, 0x0000, 0x0862, 
	0x10c4, 0x0000, 0x0000, 0x0001, 0x0000, 0x08c7, 0x092c, 0x0002, 0x0001, 0x0000, 0x0000, 0x0000, 0x0000, 0x0000, 0x0000, 0x0000, 
	0x10c5, 0x10e5, 0x0000, 0x0000, 0x0001, 0x0002, 0x0002, 0x12f3, 0x1c7a, 0x0067, 0x0003, 0x0000, 0x0000, 0x0000, 0x0000, 0x0000, 
	0x0001, 0x0001, 0x0003, 0x0005, 0x0048, 0x159b, 0x0ddc, 0x004a, 0x004a, 0x006a, 0x004b, 0x008d, 0x00ce, 0x1af4, 0x4456, 0x3d19, 
	0x3fff, 0x473e, 0x2c78, 0x3c78, 0x44b8, 0x2396, 0x0110, 0x00ae, 0x006c, 0x008c, 0x0008, 0x0007, 0x0048, 0x0026, 0x0025, 0x0003, 
	0x0002, 0x0001, 0x0021, 0x0021, 0x0000, 0x0000, 0x0000, 0x0000, 0x0000, 0x0000, 0x00c4, 0x46dd, 0x320d, 0x2453, 0x1aac, 0x0000, 
	0x0002, 0x0002, 0x0002, 0x0022, 0x0044, 0x0002, 0x0001, 0x0001, 0x0002, 0x0003, 0x0004, 0x0026, 0x0089, 0x0089, 0x0007, 0x0047, 
	0x0026, 0x0046, 0x0047, 0x0029, 0x000b, 0x2bd5, 0x8fff, 0x567b, 0x00ee, 0x0009, 0x0026, 0x0024, 0x0004, 0x0024, 0x0047, 0x0006, 
	0x0a6f, 0x47ff, 0x1353, 0x0008, 0x0048, 0x0004, 0x0002, 0x0001, 0x0043, 0x0002, 0x0003, 0x0025, 0x0004, 0x1497, 0x1ebe, 0x0005, 
	0x0004, 0x0001, 0x0000, 0x0000, 0x0000, 0x0000, 0x0000, 0x0000, 0x0000, 0x0001, 0x0002, 0x0002, 0x12b1, 0x1c59, 0x0025, 0x0002, 
	0x0001, 0x0000, 0x0000, 0x0000, 0x0000, 0x0000, 0x0000, 0x0000, 0x0000, 0x0000, 0x0000, 0x0000, 0x0000, 0x0000, 0x0001, 0x00ca, 
	0x08c9, 0x0001, 0x0000, 0x0000, 0x0000, 0x0000, 0x0000, 0x10c4, 0x0061, 0x0000, 0x0000, 0x0000, 0x0000, 0x0000, 0x0000, 0x0000, 
	0x0000, 0x0000, 0x0000, 0x0000, 0x0000, 0x0000, 0x0000, 0x0000, 0x0000, 0x0000, 0x0000, 0x0000, 0x0000, 0x0000, 0x0000, 0x0000, 
	0x0000, 0x0000, 0x0000, 0x0000, 0x0000, 0x0000, 0x0000, 0x0000, 0x0000, 0x0000, 0x0000, 0x0000, 0x0000, 0x0000, 0x0000, 0x0000, 
	0x0000, 0x0000, 0x0000, 0x0000, 0x0000, 0x0000, 0x0000, 0x0000, 0x0000, 0x0000, 0x0000, 0x0000, 0x0000, 0x0000, 0x0000, 0x0000, 
	0x0000, 0x0000, 0x0000, 0x0000, 0x0000, 0x0000, 0x0000, 0x0000, 0x0000, 0x0000, 0x0000, 0x0000, 0x0000, 0x0000, 0x0000, 0x0000, 
	0x0000, 0x0000, 0x0000, 0x0000, 0x0000, 0x0000, 0x0000, 0x0000, 0x0000, 0x0000, 0x0000, 0x0000, 0x0000, 0x0000, 0x0000, 0x0000, 
	0x0000, 0x0000, 0x0000, 0x0000, 0x0000, 0x0000, 0x0000, 0x0000, 0x0000, 0x0000, 0x0000, 0x0000, 0x0000, 0x0000, 0x0000, 0x0000, 
	0x0000, 0x0000, 0x0000, 0x0000, 0x0021, 0x0001, 0x0000, 0x0000, 0x0000, 0x0000, 0x0000, 0x0000, 0x0000, 0x0021, 0x0001, 0x0000, 
	0x0000, 0x0000, 0x0000, 0x0000, 0x0021, 0x0022, 0x0000, 0x0000, 0x0000, 0x0000, 0x0000, 0x0000, 0x0000, 0x0000, 0x0000, 0x0000, 
	0x0000, 0x0000, 0x0000, 0x0000, 0x0000, 0x0000, 0x0842, 0x0021, 0x0000, 0x0000, 0x0000, 0x0000, 0x0000, 0x0000, 0x0000, 0x0862, 
	0x10a4, 0x0000, 0x0000, 0x0001, 0x0000, 0x0085, 0x08e9, 0x0002, 0x0001, 0x0000, 0x0000, 0x0000, 0x0000, 0x0000, 0x0000, 0x0000, 
	0x0000, 0x0000, 0x0000, 0x0000, 0x0000, 0x0001, 0x0003, 0x012a, 0x1b75, 0x092b, 0x0003, 0x0001, 0x0000, 0x0000, 0x0000, 0x0000, 
	0x0001, 0x0002, 0x0003, 0x0005, 0x0006, 0x0b33, 0x167e, 0x018e, 0x000b, 0x006e, 0x12b4, 0x4e3c, 0x565b, 0x3f7f, 0x3fff, 0x3fff, 
	0x2f5f, 0x37bf, 0x37ff, 0x47ff, 0x4fff, 0x47ff, 0x4e5b, 0x3d9a, 0x1272, 0x00ce, 0x004c, 0x008b, 0x0048, 0x0047, 0x0026, 0x0024, 
	0x0002, 0x0001, 0x0042, 0x0042, 0x0000, 0x0000, 0x0000, 0x0000, 0x0000, 0x0000, 0x1c52, 0x4dbb, 0x2af0, 0x1b6f, 0x08c3, 0x0000, 
	0x0001, 0x0001, 0x0001, 0x0002, 0x0044, 0x0002, 0x0001, 0x0001, 0x0000, 0x08a6, 0x08c7, 0x0003, 0x0005, 0x0005, 0x0026, 0x0025, 
	0x0025, 0x0046, 0x0028, 0x000a, 0x1b13, 0xa7ff, 0x67ff, 0x0231, 0x0009, 0x0027, 0x0024, 0x0004, 0x0004, 0x0026, 0x0007, 0x0049, 
	0x2ebb, 0x271d, 0x006b, 0x0008, 0x0025, 0x0002, 0x0001, 0x0001, 0x0043, 0x0002, 0x0024, 0x0005, 0x0048, 0x26bd, 0x13d3, 0x0004, 
	0x0003, 0x0001, 0x0000, 0x0000, 0x0000, 0x0000, 0x0000, 0x0000, 0x0000, 0x0001, 0x0003, 0x0003, 0x1354, 0x1c18, 0x0024, 0x0002, 
	0x0001, 0x0000, 0x0000, 0x0000, 0x0000, 0x0000, 0x0000, 0x0000, 0x0000, 0x0000, 0x0000, 0x0000, 0x0000, 0x0000, 0x0086, 0x09af, 
	0x0023, 0x0000, 0x0000, 0x0000, 0x0000, 0x0000, 0x0000, 0x0000, 0x0000, 0x0000, 0x0000, 0x0000, 0x0000, 0x0000, 0x0000, 0x0000, 
	0x0000, 0x0000, 0x0000, 0x0000, 0x0000, 0x0000, 0x0000, 0x0000, 0x0000, 0x1967, 0x21a8, 0x0000, 0x0000, 0x0000, 0x0000, 0x0000, 
	0x0000, 0x0000, 0x0000, 0x0000, 0x0000, 0x0000, 0x0000, 0x0000, 0x0000, 0x0000, 0x0000, 0x0000, 0x0000, 0x0000, 0x0000, 0x0000, 
	0x0000, 0x0000, 0x0000, 0x0000, 0x0000, 0x0000, 0x0000, 0x0000, 0x0000, 0x0000, 0x0000, 0x0000, 0x0000, 0x0000, 0x0000, 0x0000, 
	0x0000, 0x0000, 0x0000, 0x0000, 0x0000, 0x0000, 0x0000, 0x0000, 0x0000, 0x0000, 0x0000, 0x0000, 0x0000, 0x0000, 0x0000, 0x0000, 
	0x0000, 0x0862, 0x0041, 0x0000, 0x0000, 0x0000, 0x0000, 0x0000, 0x0000, 0x0000, 0x0000, 0x0000, 0x0000, 0x0000, 0x0000, 0x0000, 
	0x0000, 0x0000, 0x0000, 0x0000, 0x0000, 0x0000, 0x0000, 0x0000, 0x0000, 0x0000, 0x0000, 0x0000, 0x0000, 0x0000, 0x0000, 0x0000, 
	0x0000, 0x0000, 0x0000, 0x0000, 0x0001, 0x0001, 0x0000, 0x0000, 0x0000, 0x0000, 0x0000, 0x0000, 0x0000, 0x0884, 0x0022, 0x0000, 
	0x0000, 0x0000, 0x0000, 0x0000, 0x0021, 0x0022, 0x0000, 0x0000, 0x0000, 0x0000, 0x0000, 0x0000, 0x0000, 0x0000, 0x0000, 0x0000, 
	0x0000, 0x0000, 0x0000, 0x0000, 0x0000, 0x0000, 0x0042, 0x0021, 0x0000, 0x0000, 0x0000, 0x0000, 0x0000, 0x0000, 0x0000, 0x0000, 
	0x0000, 0x0000, 0x0000, 0x0000, 0x0000, 0x0086, 0x08c8, 0x0001, 0x0021, 0x0000, 0x0000, 0x0000, 0x0000, 0x0000, 0x0000, 0x0000, 
	0x0000, 0x0000, 0x0000, 0x0000, 0x0000, 0x0001, 0x0003, 0x0003, 0x1396, 0x1333, 0x0002, 0x0001, 0x0001, 0x0000, 0x0000, 0x0000, 
	0x0001, 0x0002, 0x0003, 0x0025, 0x0006, 0x012c, 0x1e5e, 0x0252, 0x00cf, 0x4519, 0x67df, 0x4fff, 0x1fbf, 0x071f, 0x06bf, 0x06df, 
	0x06df, 0x06ff, 0x06ff, 0x06ff, 0x06bf, 0x06ff, 0x179f, 0x27ff, 0x4fbf, 0x4559, 0x09f2, 0x002e, 0x006b, 0x0048, 0x0026, 0x0025, 
	0x0003, 0x0001, 0x0043, 0x0043, 0x0000, 0x0000, 0x0000, 0x0000, 0x0000, 0x0000, 0x3e9a, 0x5c77, 0x2330, 0x134e, 0x0000, 0x0001, 
	0x0001, 0x0001, 0x0001, 0x0001, 0x0022, 0x0001, 0x0000, 0x0001, 0x0000, 0x0043, 0x0044, 0x0003, 0x0003, 0x0004, 0x0024, 0x0024, 
	0x0025, 0x0028, 0x0009, 0x0a91, 0x87ff, 0x7fff, 0x02b2, 0x000b, 0x0049, 0x0025, 0x0024, 0x0024, 0x0025, 0x0028, 0x0029, 0x35b9, 
	0x5fff, 0x02b0, 0x0006, 0x0026, 0x0004, 0x0002, 0x0001, 0x0001, 0x0043, 0x0003, 0x0005, 0x0005, 0x0af1, 0x26fe, 0x092a, 0x0003, 
	0x0003, 0x0001, 0x0000, 0x0000, 0x0000, 0x0000, 0x0000, 0x0000, 0x0001, 0x0001, 0x0002, 0x00a9, 0x1cbb, 0x0a0e, 0x0002, 0x0002, 
	0x0001, 0x0000, 0x0000, 0x0000, 0x0000, 0x0000, 0x0001, 0x0000, 0x0000, 0x0000, 0x0000, 0x0000, 0x0000, 0x0000, 0x00e9, 0x098f, 
	0x0003, 0x0000, 0x0000, 0x0000, 0x0000, 0x0000, 0x0000, 0x0000, 0x0000, 0x0000, 0x0000, 0x0000, 0x0000, 0x0000, 0x0000, 0x0000, 
	0x0000, 0x0000, 0x0000, 0x0000, 0x0000, 0x0000, 0x0000, 0x0000, 0x0000, 0x08a3, 0x08a3, 0x0000, 0x0000, 0x0000, 0x0000, 0x0000, 
	0x0000, 0x0000, 0x0000, 0x0000, 0x0000, 0x0000, 0x0000, 0x0000, 0x0000, 0x0000, 0x0000, 0x0000, 0x0000, 0x0000, 0x0000, 0x0000, 
	0x0000, 0x0000, 0x0000, 0x0000, 0x0000, 0x0000, 0x0000, 0x0000, 0x0000, 0x0000, 0x0000, 0x0000, 0x0000, 0x0000, 0x0000, 0x0000, 
	0x0000, 0x0000, 0x0000, 0x0000, 0x0000, 0x0000, 0x0000, 0x0000, 0x0000, 0x0000, 0x0000, 0x0000, 0x0000, 0x0000, 0x0000, 0x0000, 
	0x0000, 0x0883, 0x0042, 0x0000, 0x0000, 0x0000, 0x0000, 0x0000, 0x0000, 0x0000, 0x0000, 0x0000, 0x0000, 0x0000, 0x0000, 0x0000, 
	0x0000, 0x0000, 0x0000, 0x0000, 0x0000, 0x0000, 0x0000, 0x0000, 0x0000, 0x0000, 0x0000, 0x0000, 0x0000, 0x0000, 0x0000, 0x0000, 
	0x0000, 0x0000, 0x0000, 0x0000, 0x0001, 0x0001, 0x0000, 0x0000, 0x0000, 0x0000, 0x0000, 0x0000, 0x0000, 0x0000, 0x0000, 0x0000, 
	0x0000, 0x0000, 0x0000, 0x0000, 0x0021, 0x0022, 0x0000, 0x0000, 0x0000, 0x0000, 0x0000, 0x0000, 0x0000, 0x0000, 0x0000, 0x0000, 
	0x0000, 0x0000, 0x0000, 0x0000, 0x0000, 0x0000, 0x0042, 0x0021, 0x0000, 0x0000, 0x0000, 0x0000, 0x0000, 0x0000, 0x0000, 0x0000, 
	0x0000, 0x0000, 0x0000, 0x0000, 0x0000, 0x0065, 0x096e, 0x0066, 0x0000, 0x0000, 0x0000, 0x0000, 0x0000, 0x0000, 0x0000, 0x0000, 
	0x0000, 0x0000, 0x0000, 0x0000, 0x0000, 0x0001, 0x0002, 0x0004, 0x13f7, 0x1334, 0x0002, 0x0002, 0x0001, 0x0000, 0x0000, 0x0001, 
	0x0002, 0x0002, 0x0003, 0x0026, 0x0048, 0x002a, 0x0334, 0x2519, 0x4edc, 0x57ff, 0x1f3f, 0x06df, 0x17df, 0x37ff, 0x3fff, 0x37ff, 
	0x37df, 0x3fff, 0x3fff, 0x37df, 0x2fff, 0x2fff, 0x17ff, 0x06ff, 0x06ff, 0x4fff, 0x779e, 0x1af5, 0x000d, 0x004a, 0x0047, 0x0025, 
	0x0003, 0x0001, 0x0042, 0x0042, 0x0000, 0x0000, 0x0000, 0x0000, 0x0000, 0x0a08, 0x4edd, 0x4b73, 0x23b2, 0x1b0d, 0x0000, 0x0000, 
	0x0000, 0x0000, 0x0000, 0x0000, 0x0042, 0x0000, 0x0000, 0x0000, 0x0000, 0x0000, 0x0001, 0x0002, 0x0002, 0x0003, 0x0024, 0x0025, 
	0x0006, 0x0008, 0x1ab1, 0x87ff, 0x6fff, 0x0af2, 0x000a, 0x0049, 0x0026, 0x0025, 0x0024, 0x0004, 0x0047, 0x0007, 0x020f, 0x67ff, 
	0x575d, 0x008a, 0x0006, 0x0025, 0x0003, 0x0001, 0x0000, 0x0001, 0x0044, 0x0024, 0x0006, 0x0006, 0x1efe, 0x0cd7, 0x0004, 0x0025, 
	0x0002, 0x0001, 0x0000, 0x0000, 0x0000, 0x0000, 0x0000, 0x0000, 0x0001, 0x0002, 0x0002, 0x010b, 0x1d1d, 0x09ac, 0x0001, 0x0001, 
	0x0000, 0x0000, 0x0000, 0x0000, 0x0000, 0x0000, 0x0063, 0x0022, 0x0000, 0x0000, 0x0000, 0x0000, 0x0000, 0x0000, 0x08e9, 0x08a8, 
	0x0000, 0x0001, 0x0000, 0x0000, 0x0000, 0x0000, 0x0000, 0x0000, 0x0000, 0x0000, 0x0000, 0x0000, 0x0000, 0x0000, 0x0000, 0x0000, 
	0x0000, 0x0000, 0x0000, 0x0000, 0x0000, 0x0000, 0x0000, 0x0000, 0x0000, 0x0000, 0x0000, 0x0000, 0x0000, 0x0000, 0x0000, 0x0000, 
	0x0000, 0x0000, 0x0000, 0x0000, 0x0000, 0x0000, 0x0000, 0x0000, 0x0000, 0x0000, 0x0000, 0x0000, 0x0000, 0x0000, 0x0000, 0x0000, 
	0x0000, 0x0000, 0x0000, 0x0000, 0x0000, 0x0000, 0x0000, 0x0000, 0x0000, 0x0000, 0x0000, 0x0000, 0x0000, 0x0000, 0x0000, 0x0000, 
	0x0000, 0x0000, 0x0000, 0x0000, 0x0000, 0x0000, 0x0000, 0x0000, 0x0000, 0x0000, 0x0000, 0x0000, 0x0000, 0x0000, 0x0000, 0x0000, 
	0x0000, 0x0000, 0x0000, 0x0000, 0x0000, 0x0000, 0x0000, 0x0000, 0x0000, 0x0000, 0x0000, 0x0000, 0x0000, 0x0000, 0x0000, 0x0000, 
	0x0000, 0x0000, 0x0000, 0x0000, 0x0000, 0x0000, 0x0000, 0x0000, 0x0000, 0x0000, 0x0000, 0x0000, 0x0000, 0x0000, 0x0000, 0x0000, 
	0x0000, 0x0000, 0x0000, 0x0000, 0x0021, 0x0001, 0x0000, 0x0000, 0x0000, 0x0000, 0x0000, 0x0000, 0x0000, 0x0000, 0x0000, 0x0000, 
	0x0000, 0x0000, 0x0000, 0x0000, 0x0041, 0x0042, 0x0000, 0x0000, 0x0000, 0x0000, 0x0000, 0x0000, 0x0042, 0x0842, 0x0000, 0x0000, 
	0x0000, 0x0000, 0x0000, 0x0000, 0x0000, 0x0000, 0x0042, 0x0021, 0x0000, 0x0000, 0x0000, 0x0000, 0x0000, 0x0000, 0x0000, 0x0000, 
	0x0000, 0x0000, 0x0000, 0x0000, 0x0000, 0x0001, 0x096e, 0x090b, 0x0000, 0x0000, 0x0000, 0x0000, 0x0000, 0x0000, 0x0000, 0x0000, 
	0x0000, 0x0000, 0x0000, 0x0000, 0x0000, 0x0001, 0x0002, 0x0002, 0x09ad, 0x1c7a, 0x010a, 0x0002, 0x0002, 0x0001, 0x0000, 0x0001, 
	0x0001, 0x0023, 0x0025, 0x0027, 0x006a, 0x000b, 0x1bf5, 0x57ff, 0x1f7f, 0x069e, 0x2fff, 0x47ff, 0x35db, 0x3d9a, 0x23b7, 0x1b57, 
	0x1b57, 0x1b77, 0x1b77, 0x1b77, 0x1b76, 0x357a, 0x35ba, 0x3f9f, 0x1fff, 0x06de, 0x2fbf, 0x5fff, 0x2bd7, 0x000d, 0x004a, 0x0047, 
	0x0024, 0x0002, 0x0043, 0x0042, 0x0000, 0x0000, 0x0000, 0x0000, 0x0000, 0x24d2, 0x6eff, 0x3a0e, 0x2452, 0x00a3, 0x0000, 0x0000, 
	0x0000, 0x0000, 0x0000, 0x0000, 0x0043, 0x0000, 0x0000, 0x0000, 0x0000, 0x0000, 0x0000, 0x0001, 0x0002, 0x0003, 0x0024, 0x0006, 
	0x092c, 0x4517, 0x77ff, 0x5fbf, 0x0ad1, 0x0007, 0x0048, 0x0046, 0x0004, 0x0024, 0x0004, 0x0026, 0x0008, 0x00cc, 0x46bc, 0x57ff, 
	0x0a70, 0x0006, 0x0005, 0x0003, 0x0002, 0x0001, 0x0000, 0x0001, 0x0044, 0x0025, 0x0003, 0x1352, 0x2fff, 0x09cd, 0x0004, 0x0023, 
	0x0001, 0x0000, 0x0000, 0x0000, 0x0000, 0x08a4, 0x0021, 0x0000, 0x0001, 0x0002, 0x0004, 0x13d7, 0x1355, 0x0025, 0x0023, 0x0001, 
	0x0000, 0x0000, 0x0000, 0x0000, 0x0000, 0x0000, 0x0000, 0x0000, 0x0000, 0x0000, 0x0000, 0x0000, 0x0000, 0x0001, 0x094d, 0x00a7, 
	0x0000, 0x0000, 0x0000, 0x0000, 0x0000, 0x0000, 0x0000, 0x0000, 0x0000, 0x0000, 0x0000, 0x0000, 0x0000, 0x0000, 0x0000, 0x0000, 
	0x0000, 0x0000, 0x0000, 0x0000, 0x0000, 0x0000, 0x0000, 0x0000, 0x0000, 0x0000, 0x0000, 0x0000, 0x0000, 0x0000, 0x0000, 0x0000, 
	0x0000, 0x0000, 0x0000, 0x0000, 0x0000, 0x0000, 0x0000, 0x0000, 0x0000, 0x0000, 0x0000, 0x0000, 0x0000, 0x0000, 0x0000, 0x0000, 
	0x0000, 0x0000, 0x0000, 0x0000, 0x0000, 0x0000, 0x0000, 0x0000, 0x0000, 0x0000, 0x0000, 0x0000, 0x0000, 0x0000, 0x0000, 0x0000, 
	0x0000, 0x0000, 0x0000, 0x0000, 0x0000, 0x0000, 0x0000, 0x0000, 0x0000, 0x0000, 0x0000, 0x0000, 0x0000, 0x0000, 0x0000, 0x0000, 
	0x0000, 0x0000, 0x0000, 0x0000, 0x0000, 0x0000, 0x0000, 0x0000, 0x0000, 0x0000, 0x0000, 0x0000, 0x0000, 0x0000, 0x0000, 0x0000, 
	0x0000, 0x0000, 0x0000, 0x0000, 0x0000, 0x0000, 0x0000, 0x0000, 0x0000, 0x0000, 0x0000, 0x0000, 0x0000, 0x0000, 0x0000, 0x0000, 
	0x0000, 0x0000, 0x0000, 0x0000, 0x0021, 0x0001, 0x0000, 0x0000, 0x0000, 0x0000, 0x0000, 0x0000, 0x0000, 0x0000, 0x0000, 0x0000, 
	0x0000, 0x0000, 0x0000, 0x0000, 0x0042, 0x0042, 0x0000, 0x0000, 0x0000, 0x0000, 0x0000, 0x0000, 0x0021, 0x0042, 0x0021, 0x0000, 
	0x0000, 0x0000, 0x0000, 0x0000, 0x0000, 0x0000, 0x0042, 0x0021, 0x0000, 0x0000, 0x0000, 0x0000, 0x0000, 0x0000, 0x0000, 0x0000, 
	0x0000, 0x0000, 0x0000, 0x0000, 0x0001, 0x0000, 0x08e9, 0x090a, 0x0000, 0x0000, 0x0000, 0x0000, 0x0000, 0x0000, 0x0000, 0x0000, 
	0x0000, 0x0000, 0x0000, 0x0000, 0x0000, 0x0000, 0x0001, 0x0002, 0x0068, 0x149b, 0x01ef, 0x0002, 0x0002, 0x0001, 0x0000, 0x0001, 
	0x0001, 0x0023, 0x0025, 0x0027, 0x002a, 0x1313, 0x4fdf, 0x0f1f, 0x06df, 0x47ff, 0x4e7b, 0x2335, 0x00d1, 0x00b2, 0x0133, 0x0193, 
	0x0993, 0x0192, 0x0192, 0x0992, 0x0131, 0x0090, 0x006f, 0x1b14, 0x463b, 0x57ff, 0x0f5f, 0x0f9f, 0x57ff, 0x1bb6, 0x004c, 0x0027, 
	0x0025, 0x0003, 0x0023, 0x0042, 0x0000, 0x0000, 0x0000, 0x0000, 0x0944, 0x367a, 0x5c15, 0x21ec, 0x2432, 0x0020, 0x0000, 0x0000, 
	0x0000, 0x0000, 0x0000, 0x0000, 0x0043, 0x0000, 0x0000, 0x0000, 0x0000, 0x0000, 0x0000, 0x0000, 0x0001, 0x0002, 0x0004, 0x0004, 
	0x2434, 0x87ff, 0x46dd, 0x012d, 0x0007, 0x0007, 0x0046, 0x0044, 0x0003, 0x0024, 0x0026, 0x0028, 0x0008, 0x3599, 0x87ff, 0x2d78, 
	0x0009, 0x0006, 0x0004, 0x0002, 0x0001, 0x0001, 0x0001, 0x0001, 0x0064, 0x0004, 0x0088, 0x27df, 0x1d38, 0x0005, 0x0004, 0x0002, 
	0x0001, 0x0000, 0x0000, 0x0000, 0x0000, 0x08a5, 0x0021, 0x0000, 0x0001, 0x0001, 0x092b, 0x1d3d, 0x09ed, 0x0002, 0x0023, 0x0000, 
	0x0000, 0x0000, 0x0000, 0x0000, 0x0000, 0x0000, 0x0000, 0x0000, 0x0000, 0x0000, 0x0000, 0x0000, 0x0000, 0x0044, 0x08eb, 0x0024, 
	0x0000, 0x0000, 0x0000, 0x0000, 0x0000, 0x0000, 0x0000, 0x0000, 0x0000, 0x0000, 0x0000, 0x0000, 0x0000, 0x0000, 0x0000, 0x0000, 
	0x0000, 0x0000, 0x0000, 0x0000, 0x0000, 0x0000, 0x0000, 0x0000, 0x0000, 0x0000, 0x0000, 0x0000, 0x0000, 0x0000, 0x0000, 0x0000, 
	0x0000, 0x0000, 0x0000, 0x0000, 0x0000, 0x0000, 0x0000, 0x0000, 0x0000, 0x0000, 0x0000, 0x0000, 0x0000, 0x0000, 0x0000, 0x0000, 
	0x0000, 0x0000, 0x0000, 0x0000, 0x0000, 0x0000, 0x0000, 0x0000, 0x0000, 0x0000, 0x0000, 0x0000, 0x0000, 0x0000, 0x0000, 0x0042, 
	0x0863, 0x0000, 0x0000, 0x0000, 0x0000, 0x0000, 0x0000, 0x0000, 0x0000, 0x0000, 0x0000, 0x0000, 0x0000, 0x0000, 0x0000, 0x0000, 
	0x0000, 0x0000, 0x0000, 0x0000, 0x0000, 0x0000, 0x0000, 0x0000, 0x0000, 0x0000, 0x0000, 0x0000, 0x0000, 0x0000, 0x0000, 0x0000, 
	0x0000, 0x0000, 0x0000, 0x0000, 0x0000, 0x0000, 0x0000, 0x0000, 0x0000, 0x0000, 0x0000, 0x0000, 0x0000, 0x0000, 0x0000, 0x0000, 
	0x0000, 0x0000, 0x0000, 0x0000, 0x0001, 0x0001, 0x0000, 0x0000, 0x0000, 0x0000, 0x0000, 0x0000, 0x0000, 0x0000, 0x0000, 0x0000, 
	0x0000, 0x0000, 0x0000, 0x0000, 0x0021, 0x0042, 0x0000, 0x0000, 0x0000, 0x0000, 0x0000, 0x0000, 0x0000, 0x0000, 0x08a4, 0x0021, 
	0x0000, 0x0000, 0x0000, 0x0000, 0x0000, 0x0000, 0x0042, 0x0021, 0x0000, 0x0000, 0x0000, 0x0000, 0x0000, 0x0000, 0x0000, 0x0000, 
	0x0000, 0x0000, 0x0000, 0x0000, 0x0001, 0x0000, 0x08ea, 0x094d, 0x0002, 0x0000, 0x0000, 0x0000, 0x0000, 0x0000, 0x0000, 0x0000, 
	0x0000, 0x0000, 0x0000, 0x0000, 0x0000, 0x0000, 0x0001, 0x0003, 0x0004, 0x0ab3, 0x12f3, 0x0003, 0x0003, 0x0001, 0x0000, 0x0001, 
	0x0001, 0x0003, 0x0005, 0x0007, 0x00cd, 0x47bf, 0x1fff, 0x0eff, 0x57ff, 0x3518, 0x00cf, 0x000e, 0x1254, 0x33d7, 0x363c, 0x3f3d, 
	0x473d, 0x3f1d, 0x3f1d, 0x373d, 0x2e5c, 0x2b96, 0x1a53, 0x000f, 0x0111, 0x3c98, 0x6fff, 0x177f, 0x07bf, 0x4fff, 0x11b0, 0x0007, 
	0x0025, 0x0003, 0x0023, 0x0022, 0x0000, 0x0000, 0x0000, 0x0000, 0x0a89, 0x57ff, 0x49cc, 0x0aad, 0x0a8b, 0x0000, 0x0000, 0x0000, 
	0x0000, 0x0000, 0x0000, 0x0000, 0x0043, 0x0000, 0x0000, 0x0000, 0x0000, 0x0000, 0x0000, 0x0000, 0x0001, 0x0002, 0x0003, 0x0026, 
	0x098d, 0x1313, 0x00ed, 0x0008, 0x0048, 0x0004, 0x0045, 0x0044, 0x0003, 0x0026, 0x0049, 0x0006, 0x12d1, 0x4fff, 0x363a, 0x000a, 
	0x0008, 0x0025, 0x0003, 0x0002, 0x0001, 0x0001, 0x0001, 0x0002, 0x0045, 0x0004, 0x1415, 0x27ff, 0x012b, 0x0003, 0x0003, 0x0001, 
	0x0000, 0x0000, 0x0000, 0x0000, 0x0000, 0x0000, 0x0000, 0x0001, 0x0002, 0x0001, 0x0b14, 0x147b, 0x0005, 0x0024, 0x0022, 0x0000, 
	0x0000, 0x0000, 0x0000, 0x0000, 0x0000, 0x0000, 0x0000, 0x0000, 0x0000, 0x0000, 0x0000, 0x0000, 0x0000, 0x08eb, 0x00ea, 0x0000, 
	0x0001, 0x0000, 0x0000, 0x0000, 0x0000, 0x0000, 0x0000, 0x0000, 0x0000, 0x0000, 0x0000, 0x0000, 0x0000, 0x0000, 0x0000, 0x0000, 
	0x0000, 0x0000, 0x0000, 0x0000, 0x0000, 0x0000, 0x0000, 0x0000, 0x0000, 0x0000, 0x0000, 0x0000, 0x0000, 0x0000, 0x0000, 0x0000, 
	0x0000, 0x0000, 0x0000, 0x0000, 0x0000, 0x0000, 0x0000, 0x0000, 0x0000, 0x0000, 0x0000, 0x0000, 0x0000, 0x0000, 0x0000, 0x0000, 
	0x0000, 0x0000, 0x0000, 0x0000, 0x0000, 0x0000, 0x0000, 0x0000, 0x0000, 0x0000, 0x0000, 0x0000, 0x0000, 0x0000, 0x0000, 0x0863, 
	0x0884, 0x0000, 0x0000, 0x0000, 0x0000, 0x0000, 0x0000, 0x0000, 0x0000, 0x0000, 0x0000, 0x0000, 0x0000, 0x0000, 0x0000, 0x0000, 
	0x0000, 0x0000, 0x0000, 0x0000, 0x0000, 0x0000, 0x0000, 0x0000, 0x0000, 0x0000, 0x0000, 0x0000, 0x0000, 0x0000, 0x0000, 0x0000, 
	0x0000, 0x0000, 0x0000, 0x0000, 0x0000, 0x0000, 0x0000, 0x0000, 0x0000, 0x0000, 0x0000, 0x0000, 0x0000, 0x0000, 0x0000, 0x0000, 
	0x0000, 0x0000, 0x0000, 0x0000, 0x0021, 0x0001, 0x0000, 0x0000, 0x0000, 0x0000, 0x0000, 0x0020, 0x0042, 0x0000, 0x0000, 0x0000, 
	0x0000, 0x0000, 0x0000, 0x0000, 0x0041, 0x0042, 0x0000, 0x0000, 0x0000, 0x0000, 0x0000, 0x0000, 0x0022, 0x0023, 0x0000, 0x0000, 
	0x0000, 0x0000, 0x0000, 0x0000, 0x0000, 0x0000, 0x0842, 0x0021, 0x0000, 0x0000, 0x0000, 0x0000, 0x0000, 0x0000, 0x0000, 0x0000, 
	0x0000, 0x0000, 0x0000, 0x0000, 0x0000, 0x0000, 0x00c8, 0x11b0, 0x0044, 0x0000, 0x0000, 0x0000, 0x0000, 0x0000, 0x0000, 0x0000, 
	0x0000, 0x0000, 0x0000, 0x0000, 0x0000, 0x0000, 0x0001, 0x0002, 0x0003, 0x0ad2, 0x1c59, 0x0004, 0x0003, 0x0001, 0x0000, 0x0000, 
	0x0001, 0x0003, 0x0004, 0x0007, 0x006c, 0x2cd9, 0x3fff, 0x4fff, 0x35ba, 0x0070, 0x0111, 0x2c98, 0x36fd, 0x3fff, 0x1fff, 0x17ff, 
	0x1fff, 0x1fff, 0x17ff, 0x0fff, 0x07df, 0x37ff, 0x4fbe, 0x3cf9, 0x0131, 0x002f, 0x22f4, 0x3fbf, 0x3fff, 0x35ba, 0x08cd, 0x0007, 
	0x0004, 0x0003, 0x0023, 0x0022, 0x0000, 0x0000, 0x0000, 0x0881, 0x1bf0, 0x2370, 0x28e6, 0x0ace, 0x0146, 0x0000, 0x0000, 0x0000, 
	0x0000, 0x0000, 0x0000, 0x0000, 0x0043, 0x0000, 0x0000, 0x0000, 0x0000, 0x0000, 0x0000, 0x0000, 0x0000, 0x0001, 0x0002, 0x0025, 
	0x0006, 0x0006, 0x0007, 0x0047, 0x0025, 0x0003, 0x0045, 0x0044, 0x0005, 0x0028, 0x0007, 0x09ee, 0x47ff, 0x375e, 0x00ec, 0x0008, 
	0x0047, 0x0003, 0x0002, 0x0001, 0x0001, 0x0001, 0x0002, 0x0024, 0x0005, 0x0048, 0x2fbf, 0x1c76, 0x0004, 0x0004, 0x0002, 0x0001, 
	0x0000, 0x0000, 0x0000, 0x0000, 0x0000, 0x0000, 0x0000, 0x0002, 0x0002, 0x00a7, 0x1459, 0x0a71, 0x0003, 0x0024, 0x0022, 0x0000, 
	0x0000, 0x0000, 0x0000, 0x0000, 0x0000, 0x0000, 0x0000, 0x0000, 0x0000, 0x0000, 0x0000, 0x0000, 0x0000, 0x00eb, 0x00ea, 0x0000, 
	0x0001, 0x0000, 0x0000, 0x0000, 0x0000, 0x0000, 0x0000, 0x0000, 0x0000, 0x0000, 0x0000, 0x0000, 0x0000, 0x0000, 0x0000, 0x0000, 
	0x0000, 0x0000, 0x0000, 0x0000, 0x0000, 0x0000, 0x0000, 0x0000, 0x0000, 0x0000, 0x0000, 0x0000, 0x0000, 0x0000, 0x0000, 0x0000, 
	0x0000, 0x0000, 0x0000, 0x0000, 0x0000, 0x0000, 0x0000, 0x0000, 0x0000, 0x0000, 0x0000, 0x0000, 0x0000, 0x0000, 0x0000, 0x0000, 
	0x0000, 0x0000, 0x0000, 0x0000, 0x0000, 0x0000, 0x0000, 0x0000, 0x0000, 0x0000, 0x0000, 0x0000, 0x0000, 0x0000, 0x0000, 0x0000, 
	0x0000, 0x0000, 0x0000, 0x0000, 0x0000, 0x0000, 0x0000, 0x0000, 0x0000, 0x0000, 0x0000, 0x0000, 0x0000, 0x0000, 0x0000, 0x0000, 
	0x0000, 0x0000, 0x0000, 0x0000, 0x0000, 0x0000, 0x0000, 0x0000, 0x0000, 0x0000, 0x0000, 0x0000, 0x0000, 0x0000, 0x0000, 0x0000, 
	0x0000, 0x0000, 0x0000, 0x0000, 0x0800, 0x1021, 0x0000, 0x0000, 0x0000, 0x0000, 0x0000, 0x0000, 0x0000, 0x0000, 0x4926, 0x30c4, 
	0x0000, 0x0000, 0x0000, 0x0000, 0x0021, 0x0001, 0x0000, 0x0000, 0x0000, 0x0000, 0x0000, 0x0000, 0x0021, 0x0000, 0x0000, 0x0000, 
	0x0000, 0x0000, 0x0000, 0x0000, 0x0022, 0x0042, 0x0000, 0x0000, 0x0000, 0x0000, 0x0000, 0x0000, 0x0000, 0x0000, 0x0000, 0x0000, 
	0x0000, 0x0000, 0x0000, 0x0000, 0x0000, 0x0000, 0x0842, 0x0021, 0x0000, 0x0000, 0x0000, 0x0000, 0x0000, 0x0000, 0x0000, 0x0000, 
	0x0000, 0x0000, 0x0000, 0x0000, 0x0000, 0x0000, 0x0022, 0x090a, 0x0044, 0x0000, 0x0000, 0x0000, 0x0000, 0x0000, 0x0000, 0x0000, 
	0x0000, 0x0000, 0x0000, 0x0000, 0x0000, 0x0000, 0x0000, 0x0002, 0x0003, 0x0088, 0x13f7, 0x0a0e, 0x0001, 0x0002, 0x0001, 0x0001, 
	0x0001, 0x0002, 0x0004, 0x0026, 0x0008, 0x000b, 0x2334, 0x1bf6, 0x02f6, 0x12d6, 0x3e3b, 0x2fff, 0x07df, 0x0fff, 0x2fff, 0x267d, 
	0x25dc, 0x263d, 0x25fc, 0x1e7d, 0x2fff, 0x27ff, 0x0fff, 0x3fff, 0x46bc, 0x1273, 0x000d, 0x12f4, 0x2bb4, 0x006b, 0x0008, 0x0026, 
	0x0003, 0x0002, 0x0023, 0x0022, 0x0000, 0x0000, 0x0000, 0x0081, 0x46fc, 0x42ee, 0x1168, 0x1b8f, 0x0041, 0x0000, 0x0000, 0x0000, 
	0x0000, 0x0000, 0x0000, 0x0000, 0x0042, 0x0000, 0x0000, 0x0000, 0x0000, 0x0000, 0x0000, 0x0000, 0x0000, 0x0000, 0x0001, 0x0002, 
	0x0003, 0x0004, 0x0024, 0x0023, 0x0003, 0x0003, 0x0065, 0x0067, 0x0007, 0x0007, 0x12b0, 0x57ff, 0x373d, 0x00ec, 0x0007, 0x0027, 
	0x0004, 0x0002, 0x0001, 0x0001, 0x0001, 0x0002, 0x0003, 0x0005, 0x0005, 0x14f7, 0x277f, 0x08ca, 0x0005, 0x0002, 0x0001, 0x0000, 
	0x0000, 0x0000, 0x0000, 0x0000, 0x0000, 0x0000, 0x0001, 0x0003, 0x0002, 0x016b, 0x1d3d, 0x00a8, 0x0002, 0x0023, 0x0001, 0x0000, 
	0x0000, 0x0000, 0x0000, 0x0000, 0x0000, 0x0000, 0x0000, 0x0000, 0x0000, 0x0000, 0x0000, 0x0000, 0x0023, 0x094d, 0x0086, 0x0000, 
	0x0000, 0x0000, 0x0000, 0x0000, 0x0000, 0x0000, 0x0000, 0x0000, 0x0000, 0x0000, 0x0000, 0x0000, 0x0000, 0x0000, 0x0000, 0x0000, 
	0x0000, 0x0000, 0x0000, 0x0000, 0x0000, 0x0000, 0x0000, 0x0000, 0x0000, 0x0000, 0x0000, 0x0000, 0x0000, 0x0000, 0x0000, 0x0000, 
	0x0000, 0x0000, 0x0041, 0x0042, 0x0000, 0x0000, 0x0000, 0x0000, 0x0000, 0x0000, 0x0000, 0x0000, 0x0000, 0x0000, 0x0000, 0x0000, 
	0x0000, 0x0000, 0x0000, 0x0000, 0x0000, 0x0000, 0x0000, 0x0000, 0x0000, 0x0000, 0x0000, 0x0000, 0x0000, 0x0000, 0x0000, 0x0000, 
	0x0000, 0x0000, 0x0000, 0x0000, 0x0000, 0x0000, 0x0000, 0x0000, 0x0000, 0x0000, 0x0000, 0x0000, 0x0000, 0x0000, 0x0000, 0x0000, 
	0x0000, 0x0000, 0x0000, 0x0000, 0x0000, 0x0000, 0x0000, 0x0000, 0x0000, 0x0000, 0x0000, 0x0000, 0x0000, 0x0000, 0x0000, 0x0000, 
	0x0000, 0x0000, 0x0000, 0x0000, 0x0000, 0x0800, 0x0000, 0x0000, 0x0000, 0x0000, 0x0000, 0x0000, 0x0000, 0x0000, 0x4105, 0x30c3, 
	0x0000, 0x0000, 0x0000, 0x0000, 0x0021, 0x0001, 0x0000, 0x0000, 0x0000, 0x0000, 0x0000, 0x0000, 0x0000, 0x0000, 0x0000, 0x0000, 
	0x0000, 0x0000, 0x0000, 0x0000, 0x0022, 0x0042, 0x0000, 0x0000, 0x0000, 0x0000, 0x0000, 0x0000, 0x0000, 0x0000, 0x0000, 0x0000, 
	0x0000, 0x0000, 0x0000, 0x0000, 0x0000, 0x0000, 0x0842, 0x0021, 0x0000, 0x0000, 0x0000, 0x0000, 0x0000, 0x0000, 0x0000, 0x0000, 
	0x0000, 0x0000, 0x0000, 0x0000, 0x0000, 0x0000, 0x0001, 0x090a, 0x0086, 0x0000, 0x0000, 0x0000, 0x0000, 0x0000, 0x0000, 0x0000, 
	0x0000, 0x0000, 0x0000, 0x0000, 0x0000, 0x0000, 0x0000, 0x0001, 0x0002, 0x0002, 0x0bb6, 0x0af2, 0x0001, 0x0023, 0x0002, 0x0001, 
	0x0001, 0x0002, 0x0003, 0x0004, 0x0025, 0x0027, 0x0008, 0x000a, 0x1356, 0x4fff, 0x27ff, 0x0fbf, 0x47ff, 0x3e1b, 0x2c17, 0x0172, 
	0x0091, 0x0112, 0x00f2, 0x0194, 0x2c38, 0x3d7a, 0x47ff, 0x17df, 0x17ff, 0x37df, 0x2416, 0x000b, 0x0007, 0x0007, 0x0026, 0x0004, 
	0x0002, 0x0001, 0x0022, 0x0022, 0x0000, 0x0000, 0x0000, 0x01c7, 0x45ba, 0x6330, 0x2aee, 0x1b8f, 0x0000, 0x0000, 0x0000, 0x0000, 
	0x0000, 0x0000, 0x0000, 0x0000, 0x0043, 0x0000, 0x0000, 0x0000, 0x0000, 0x0000, 0x0000, 0x0000, 0x0000, 0x0000, 0x0000, 0x0001, 
	0x0001, 0x0002, 0x0002, 0x0002, 0x0002, 0x0003, 0x0087, 0x0049, 0x0007, 0x2332, 0x77ff, 0x57ff, 0x014d, 0x0006, 0x0026, 0x0003, 
	0x0002, 0x0001, 0x0000, 0x0001, 0x0001, 0x0003, 0x0005, 0x0005, 0x12d1, 0x27ff, 0x0af0, 0x0003, 0x0004, 0x0001, 0x0000, 0x0000, 
	0x0000, 0x0000, 0x0000, 0x0000, 0x0000, 0x0000, 0x0002, 0x0003, 0x0003, 0x1334, 0x1375, 0x0045, 0x0002, 0x0022, 0x0001, 0x0000, 
	0x0000, 0x0000, 0x0000, 0x0000, 0x0000, 0x0000, 0x0000, 0x0000, 0x0000, 0x0000, 0x0000, 0x0000, 0x00a8, 0x09d1, 0x0024, 0x0000, 
	0x0000, 0x0000, 0x0000, 0x0000, 0x0000, 0x0000, 0x0000, 0x0000, 0x0000, 0x0000, 0x0000, 0x0000, 0x0000, 0x0000, 0x0000, 0x0000, 
	0x0000, 0x0000, 0x0000, 0x0000, 0x0000, 0x0000, 0x0000, 0x0000, 0x0000, 0x0000, 0x0000, 0x0000, 0x0000, 0x0000, 0x0000, 0x0000, 
	0x0000, 0x0000, 0x1106, 0x2168, 0x0000, 0x0000, 0x0000, 0x0000, 0x0000, 0x0000, 0x0000, 0x0000, 0x0000, 0x0000, 0x0000, 0x0000, 
	0x0000, 0x0000, 0x0021, 0x0883, 0x0000, 0x0000, 0x0000, 0x0000, 0x0000, 0x0000, 0x0000, 0x0000, 0x0000, 0x0000, 0x0000, 0x0000, 
	0x0000, 0x0000, 0x0000, 0x0000, 0x0000, 0x0000, 0x0000, 0x0000, 0x0000, 0x0000, 0x0000, 0x0000, 0x0000, 0x0000, 0x0000, 0x0000, 
	0x0000, 0x0000, 0x0000, 0x0000, 0x0000, 0x0000, 0x0000, 0x0000, 0x0000, 0x0000, 0x0000, 0x0000, 0x0000, 0x0000, 0x0000, 0x0000, 
	0x0000, 0x0000, 0x0000, 0x0000, 0x0001, 0x0001, 0x0000, 0x0000, 0x0000, 0x0000, 0x0000, 0x0000, 0x0021, 0x0862, 0x0000, 0x0000, 
	0x0000, 0x0000, 0x0000, 0x0000, 0x0021, 0x0021, 0x0000, 0x0000, 0x0000, 0x0000, 0x0000, 0x0000, 0x0000, 0x0000, 0x0000, 0x0000, 
	0x0000, 0x0000, 0x0000, 0x0000, 0x0042, 0x0042, 0x0000, 0x0000, 0x0000, 0x0000, 0x0000, 0x0000, 0x0000, 0x0000, 0x0000, 0x0000, 
	0x0000, 0x0000, 0x0000, 0x0000, 0x0000, 0x0000, 0x0042, 0x0021, 0x0000, 0x0000, 0x0000, 0x0000, 0x0000, 0x0000, 0x0000, 0x0000, 
	0x0000, 0x0000, 0x0000, 0x0000, 0x0000, 0x0001, 0x0000, 0x08c9, 0x090b, 0x0000, 0x0001, 0x0000, 0x0000, 0x0000, 0x0000, 0x0000, 
	0x0000, 0x0842, 0x0021, 0x0000, 0x0000, 0x0000, 0x0000, 0x0001, 0x0002, 0x0002, 0x0a0f, 0x1c99, 0x00c9, 0x0003, 0x0001, 0x0000, 
	0x0001, 0x0001, 0x0002, 0x0003, 0x0005, 0x0026, 0x0027, 0x0009, 0x1ad4, 0x37ff, 0x1fff, 0x4f7e, 0x2bf7, 0x00d1, 0x0010, 0x1ad5, 
	0x2b76, 0x1b56, 0x1b76, 0x2376, 0x0131, 0x0070, 0x2b56, 0x475e, 0x0fbf, 0x37ff, 0x3dbb, 0x000a, 0x0028, 0x0026, 0x0025, 0x0004, 
	0x0002, 0x0001, 0x0022, 0x0021, 0x0000, 0x0000, 0x0000, 0x2e59, 0x5cd7, 0x20c7, 0x13d1, 0x1186, 0x0000, 0x0000, 0x0000, 0x0000, 
	0x0000, 0x0000, 0x0000, 0x0000, 0x0043, 0x0000, 0x0000, 0x0000, 0x0000, 0x0000, 0x0000, 0x0000, 0x0001, 0x0000, 0x0000, 0x0000, 
	0x0000, 0x0001, 0x0001, 0x0002, 0x0003, 0x0025, 0x0007, 0x0007, 0x2312, 0x77ff, 0x4f9e, 0x09ef, 0x0008, 0x0027, 0x0004, 0x0002, 
	0x0002, 0x0001, 0x0000, 0x0001, 0x0002, 0x0025, 0x0006, 0x0048, 0x275e, 0x1558, 0x0003, 0x0025, 0x0003, 0x0001, 0x0000, 0x0000, 
	0x0000, 0x0000, 0x0000, 0x0000, 0x0000, 0x0000, 0x0002, 0x0003, 0x00c9, 0x1d1d, 0x016c, 0x0002, 0x0003, 0x0002, 0x0001, 0x0000, 
	0x0000, 0x0000, 0x1946, 0x0882, 0x0000, 0x0000, 0x0000, 0x0000, 0x0000, 0x0000, 0x0000, 0x0001, 0x090b, 0x00eb, 0x0001, 0x0000, 
	0x0000, 0x0000, 0x0000, 0x0000, 0x0000, 0x0000, 0x0000, 0x0000, 0x0000, 0x0000, 0x0000, 0x0000, 0x0000, 0x0000, 0x0000, 0x0000, 
	0x0000, 0x0000, 0x0000, 0x0000, 0x0000, 0x0000, 0x0000, 0x0000, 0x0000, 0x0000, 0x0000, 0x0000, 0x0000, 0x0000, 0x0000, 0x0000, 
	0x0000, 0x0000, 0x0000, 0x0020, 0x0000, 0x0000, 0x0000, 0x0000, 0x0000, 0x0000, 0x0000, 0x0000, 0x0000, 0x0000, 0x0000, 0x0000, 
	0x0000, 0x0000, 0x0862, 0x10c5, 0x0000, 0x0000, 0x0000, 0x0000, 0x0000, 0x0000, 0x0000, 0x0000, 0x0000, 0x0000, 0x0000, 0x0000, 
	0x0000, 0x0000, 0x0000, 0x0000, 0x0000, 0x0000, 0x0000, 0x0000, 0x0000, 0x0000, 0x0000, 0x0000, 0x0000, 0x0000, 0x0000, 0x0000, 
	0x0000, 0x0000, 0x0000, 0x0000, 0x0000, 0x0000, 0x0000, 0x0000, 0x0000, 0x0000, 0x0000, 0x0000, 0x0000, 0x0000, 0x0000, 0x0000, 
	0x0000, 0x0000, 0x0000, 0x0000, 0x0043, 0x08c6, 0x0000, 0x0000, 0x0000, 0x0000, 0x0000, 0x0000, 0x0021, 0x08a4, 0x0000, 0x0000, 
	0x0000, 0x0000, 0x0000, 0x0000, 0x0022, 0x0021, 0x0000, 0x0000, 0x0000, 0x0000, 0x0000, 0x0000, 0x0000, 0x0000, 0x0000, 0x0000, 
	0x0000, 0x0000, 0x0000, 0x0000, 0x0022, 0x0042, 0x0000, 0x0000, 0x0000, 0x0000, 0x0000, 0x0000, 0x0000, 0x0000, 0x0000, 0x0000, 
	0x0000, 0x0000, 0x0000, 0x0000, 0x0000, 0x0000, 0x0842, 0x0021, 0x0000, 0x0000, 0x0000, 0x0000, 0x0000, 0x0000, 0x0000, 0x0000, 
	0x0000, 0x0000, 0x0000, 0x0000, 0x0000, 0x0001, 0x0000, 0x00a8, 0x090b, 0x0000, 0x0001, 0x0000, 0x0000, 0x0000, 0x0000, 0x0000, 
	0x0000, 0x1084, 0x0841, 0x0000, 0x0000, 0x0000, 0x0000, 0x0000, 0x0001, 0x0002, 0x08ca, 0x1c9b, 0x098d, 0x0002, 0x10e6, 0x21c8, 
	0x0000, 0x0000, 0x0001, 0x0002, 0x0004, 0x0005, 0x0026, 0x006a, 0x004d, 0x1356, 0x475e, 0x12f4, 0x000f, 0x1275, 0x3d9b, 0x37bf, 
	0x2fff, 0x27bf, 0x2fdf, 0x2fff, 0x3e9c, 0x1a94, 0x000d, 0x12d4, 0x47ff, 0x24fa, 0x00cf, 0x004a, 0x0027, 0x0025, 0x0024, 0x0003, 
	0x0001, 0x0000, 0x0021, 0x0021, 0x0000, 0x0000, 0x0bce, 0x479f, 0x6af0, 0x08c7, 0x1cb4, 0x08c3, 0x0000, 0x0000, 0x0000, 0x0000, 
	0x0000, 0x0000, 0x0000, 0x0000, 0x0042, 0x0000, 0x0000, 0x0000, 0x0000, 0x0000, 0x0000, 0x0000, 0x0000, 0x0000, 0x0000, 0x0000, 
	0x0000, 0x0000, 0x0001, 0x0002, 0x0025, 0x0006, 0x0008, 0x3558, 0x67ff, 0x36bc, 0x018e, 0x0007, 0x0027, 0x0004, 0x0002, 0x0001, 
	0x0001, 0x0000, 0x0001, 0x0002, 0x0004, 0x0005, 0x0003, 0x1455, 0x2fff, 0x018d, 0x0004, 0x0024, 0x0002, 0x0001, 0x0000, 0x0000, 
	0x0000, 0x0000, 0x0000, 0x0000, 0x0000, 0x0001, 0x0003, 0x0000, 0x1334, 0x1cdb, 0x0026, 0x0003, 0x0001, 0x0022, 0x0021, 0x0000, 
	0x0000, 0x0000, 0x322a, 0x10e4, 0x0000, 0x0000, 0x0000, 0x0000, 0x0000, 0x0000, 0x0000, 0x0003, 0x09b0, 0x0067, 0x0000, 0x0000, 
	0x0000, 0x0000, 0x0000, 0x0000, 0x0000, 0x0000, 0x0000, 0x0000, 0x0000, 0x0000, 0x0000, 0x0000, 0x0000, 0x0000, 0x0000, 0x0000, 
	0x0000, 0x0000, 0x0000, 0x0000, 0x0000, 0x0000, 0x0000, 0x0000, 0x0000, 0x0000, 0x0000, 0x0000, 0x0000, 0x0000, 0x0000, 0x0000, 
	0x0000, 0x0000, 0x0000, 0x0000, 0x0000, 0x0000, 0x0000, 0x0000, 0x0000, 0x0000, 0x0000, 0x0000, 0x0000, 0x0000, 0x0000, 0x0000, 
	0x0000, 0x0000, 0x0000, 0x0000, 0x0000, 0x0000, 0x0000, 0x0000, 0x0000, 0x0000, 0x0000, 0x0000, 0x0000, 0x0000, 0x0000, 0x0000, 
	0x0000, 0x0000, 0x0000, 0x0000, 0x0000, 0x0000, 0x0000, 0x0000, 0x0000, 0x0000, 0x0000, 0x0021, 0x0843, 0x0000, 0x0000, 0x0000, 
	0x0000, 0x0000, 0x0000, 0x0000, 0x0000, 0x0000, 0x0000, 0x0000, 0x0000, 0x0000, 0x0000, 0x0000, 0x0000, 0x0000, 0x0000, 0x0000, 
	0x0000, 0x0000, 0x0000, 0x0000, 0x0000, 0x0001, 0x0000, 0x0000, 0x0000, 0x0000, 0x0000, 0x0000, 0x0000, 0x0000, 0x0000, 0x0000, 
	0x0000, 0x0000, 0x0000, 0x0000, 0x0022, 0x0021, 0x0000, 0x0000, 0x0000, 0x0000, 0x0000, 0x0000, 0x0000, 0x0000, 0x0000, 0x0000, 
	0x0000, 0x0000, 0x0000, 0x0000, 0x0042, 0x0042, 0x0000, 0x0000, 0x0000, 0x0000, 0x0000, 0x0000, 0x0000, 0x0000, 0x0000, 0x0000, 
	0x0000, 0x0000, 0x0000, 0x0000, 0x0000, 0x0000, 0x0842, 0x0021, 0x0000, 0x0000, 0x0000, 0x0000, 0x0000, 0x0000, 0x0000, 0x0000, 
	0x0000, 0x0000, 0x0000, 0x0000, 0x0000, 0x0000, 0x0000, 0x0066, 0x090c, 0x0045, 0x0000, 0x0000, 0x0000, 0x0000, 0x0000, 0x0000, 
	0x0000, 0x0000, 0x0000, 0x0000, 0x0000, 0x0000, 0x0000, 0x0000, 0x0000, 0x0024, 0x0004, 0x1335, 0x1419, 0x0002, 0x10a4, 0x2166, 
	0x0000, 0x0000, 0x0001, 0x0002, 0x0003, 0x0004, 0x0026, 0x0047, 0x004a, 0x004c, 0x0170, 0x010f, 0x2437, 0x37bf, 0x2fff, 0x2fff, 
	0x27ff, 0x27ff, 0x2fff, 0x1fff, 0x1fff, 0x2f5e, 0x24b8, 0x09b2, 0x11d1, 0x008d, 0x0009, 0x0048, 0x0026, 0x0004, 0x0003, 0x0002, 
	0x0001, 0x0000, 0x0021, 0x0021, 0x0000, 0x0000, 0x2e39, 0x559a, 0x498b, 0x01a9, 0x2412, 0x08a2, 0x0000, 0x0000, 0x0000, 0x0000, 
	0x0000, 0x0000, 0x0000, 0x0000, 0x0042, 0x0000, 0x0000, 0x0000, 0x0000, 0x0000, 0x0000, 0x0000, 0x0000, 0x0000, 0x0000, 0x0000, 
	0x0000, 0x0000, 0x0001, 0x0002, 0x0004, 0x090a, 0x3f3d, 0x47ff, 0x25b9, 0x006a, 0x0006, 0x0026, 0x0004, 0x0002, 0x0001, 0x0001, 
	0x0001, 0x0001, 0x0002, 0x0003, 0x0005, 0x0004, 0x1331, 0x27ff, 0x1416, 0x0006, 0x0005, 0x0003, 0x0001, 0x0000, 0x0000, 0x0000, 
	0x0000, 0x0000, 0x0000, 0x0000, 0x0000, 0x0002, 0x0003, 0x094b, 0x1cdb, 0x0a0e, 0x0002, 0x0002, 0x0001, 0x0022, 0x0021, 0x0000, 
	0x0000, 0x0000, 0x0000, 0x0000, 0x0000, 0x0000, 0x0000, 0x0000, 0x0000, 0x0001, 0x0000, 0x08e9, 0x096e, 0x0002, 0x0000, 0x0000, 
	0x0000, 0x0000, 0x0000, 0x0000, 0x0000, 0x0000, 0x0000, 0x0000, 0x0000, 0x0000, 0x0000, 0x0000, 0x0842, 0x0863, 0x0000, 0x0000, 
	0x0000, 0x0000, 0x0000, 0x0000, 0x0000, 0x0000, 0x0000, 0x0000, 0x0000, 0x0000, 0x0000, 0x0000, 0x0000, 0x0000, 0x0000, 0x0000, 
	0x0000, 0x0000, 0x0000, 0x0000, 0x0000, 0x0000, 0x0000, 0x0000, 0x0000, 0x0000, 0x0000, 0x0000, 0x0000, 0x0000, 0x0000, 0x0000, 
	0x0000, 0x0000, 0x0000, 0x0000, 0x0000, 0x0000, 0x0000, 0x0000, 0x0000, 0x0000, 0x0000, 0x0000, 0x0000, 0x0000, 0x0000, 0x0000, 
	0x0000, 0x0000, 0x0000, 0x0000, 0x0000, 0x0000, 0x0000, 0x0000, 0x0000, 0x0000, 0x0000, 0x0021, 0x0864, 0x0000, 0x0000, 0x0000, 
	0x0000, 0x0000, 0x0000, 0x0000, 0x0042, 0x0885, 0x0084, 0x0946, 0x08e4, 0x0000, 0x0000, 0x0000, 0x0000, 0x0000, 0x0000, 0x0000, 
	0x0000, 0x0000, 0x0000, 0x0000, 0x0022, 0x0064, 0x0882, 0x2a69, 0x0000, 0x0000, 0x0000, 0x0000, 0x0061, 0x1987, 0x0022, 0x0000, 
	0x0000, 0x0000, 0x0000, 0x0000, 0x0021, 0x0021, 0x0000, 0x0000, 0x0000, 0x0000, 0x0000, 0x0000, 0x0000, 0x0000, 0x0042, 0x0863, 
	0x0000, 0x0000, 0x0000, 0x0000, 0x0042, 0x0042, 0x0000, 0x0000, 0x0000, 0x0000, 0x0000, 0x0000, 0x0000, 0x0000, 0x0000, 0x0000, 
	0x0000, 0x0000, 0x0000, 0x0000, 0x0000, 0x0000, 0x0863, 0x0001, 0x0021, 0x0022, 0x0000, 0x0000, 0x0000, 0x0000, 0x0000, 0x0000, 
	0x0000, 0x0000, 0x0000, 0x0000, 0x0000, 0x0000, 0x0001, 0x0001, 0x090b, 0x090b, 0x0000, 0x0000, 0x0000, 0x0000, 0x0000, 0x0000, 
	0x0000, 0x0000, 0x0000, 0x0000, 0x0000, 0x0000, 0x0000, 0x0000, 0x0000, 0x0023, 0x0004, 0x012c, 0x1c7b, 0x016c, 0x0000, 0x0000, 
	0x0001, 0x0000, 0x0000, 0x0001, 0x0002, 0x0003, 0x0025, 0x0026, 0x0027, 0x0028, 0x0008, 0x23d6, 0x4fff, 0x0fff, 0x2fff, 0x46de, 
	0x3d5b, 0x3d9c, 0x355b, 0x3e1c, 0x37ff, 0x07ff, 0x3fff, 0x3498, 0x0009, 0x0008, 0x0047, 0x0026, 0x0004, 0x0003, 0x0002, 0x0001, 
	0x0000, 0x0000, 0x0021, 0x0021, 0x0000, 0x12eb, 0x2e3b, 0x52f1, 0x1844, 0x1bd1, 0x128b, 0x0000, 0x0000, 0x0000, 0x0000, 0x0000, 
	0x0000, 0x0000, 0x0000, 0x0000, 0x0043, 0x0000, 0x0000, 0x0000, 0x0000, 0x0000, 0x0000, 0x0000, 0x0000, 0x0000, 0x0000, 0x0000, 
	0x0000, 0x0000, 0x0001, 0x0002, 0x0003, 0x098c, 0x2dd9, 0x0ab1, 0x0008, 0x0007, 0x0025, 0x0003, 0x0002, 0x0001, 0x0001, 0x0000, 
	0x0001, 0x0002, 0x0003, 0x0005, 0x0004, 0x1311, 0x2fff, 0x1cd8, 0x0006, 0x0005, 0x0002, 0x0002, 0x0001, 0x0000, 0x0000, 0x0000, 
	0x0000, 0x0000, 0x0000, 0x0000, 0x0002, 0x0002, 0x0025, 0x14bc, 0x0bb6, 0x0002, 0x0002, 0x0001, 0x0000, 0x0021, 0x0021, 0x0000, 
	0x0000, 0x0000, 0x0000, 0x0000, 0x0000, 0x0000, 0x0000, 0x0000, 0x0000, 0x0000, 0x0003, 0x11d0, 0x08e9, 0x0000, 0x0000, 0x0000, 
	0x0000, 0x0000, 0x0000, 0x0000, 0x0000, 0x0000, 0x0000, 0x0000, 0x0000, 0x0000, 0x0000, 0x0000, 0x0863, 0x1084, 0x0000, 0x0000, 
	0x0000, 0x0000, 0x0000, 0x0000, 0x0000, 0x0000, 0x0000, 0x0000, 0x0000, 0x0000, 0x0000, 0x0000, 0x0000, 0x0000, 0x0000, 0x0000, 
	0x0000, 0x0000, 0x0000, 0x0000, 0x0000, 0x0000, 0x0000, 0x0000, 0x0000, 0x0000, 0x0000, 0x0000, 0x0000, 0x0000, 0x0000, 0x0000, 
	0x0000, 0x0000, 0x0000, 0x0000, 0x0000, 0x0000, 0x0000, 0x0000, 0x0000, 0x0000, 0x0000, 0x0000, 0x0000, 0x0000, 0x0000, 0x0000, 
	0x0000, 0x0000, 0x0000, 0x0000, 0x0000, 0x0000, 0x0000, 0x0000, 0x0000, 0x0000, 0x0000, 0x0000, 0x0000, 0x0000, 0x0000, 0x0000, 
	0x0000, 0x0000, 0x0000, 0x0000, 0x1166, 0x22ef, 0x0927, 0x11c8, 0x08a3, 0x0000, 0x0000, 0x0001, 0x0000, 0x0000, 0x0000, 0x0000, 
	0x0000, 0x0000, 0x0000, 0x0000, 0x0043, 0x08a6, 0x0062, 0x21a6, 0x0000, 0x0000, 0x0000, 0x0000, 0x0041, 0x1105, 0x0021, 0x0000, 
	0x0000, 0x0000, 0x0000, 0x0000, 0x0021, 0x0021, 0x0000, 0x0000, 0x0000, 0x0000, 0x0000, 0x0000, 0x0000, 0x0000, 0x0021, 0x2169, 
	0x10c5, 0x0000, 0x0000, 0x0000, 0x0042, 0x0042, 0x0000, 0x0000, 0x0000, 0x0000, 0x0000, 0x0000, 0x0000, 0x0000, 0x0000, 0x0000, 
	0x0000, 0x0000, 0x0000, 0x0000, 0x0000, 0x0000, 0x0863, 0x0021, 0x0043, 0x0043, 0x0000, 0x0000, 0x0000, 0x0000, 0x0000, 0x0000, 
	0x0000, 0x0000, 0x0000, 0x0000, 0x0000, 0x0000, 0x0001, 0x0002, 0x08c9, 0x08ea, 0x0001, 0x0001, 0x0000, 0x0000, 0x0000, 0x0000, 
	0x0000, 0x0000, 0x0000, 0x0000, 0x0000, 0x0000, 0x0000, 0x0000, 0x0000, 0x0043, 0x0045, 0x0002, 0x12d3, 0x12f3, 0x0022, 0x0001, 
	0x0001, 0x0001, 0x0000, 0x0001, 0x0002, 0x0002, 0x0003, 0x0024, 0x0025, 0x0026, 0x0008, 0x1292, 0x377e, 0x477d, 0x3db9, 0x01f3, 
	0x0091, 0x0070, 0x0070, 0x0151, 0x2c57, 0x477d, 0x377d, 0x1b34, 0x0008, 0x0026, 0x0025, 0x0024, 0x0003, 0x0002, 0x0001, 0x0001, 
	0x0000, 0x0000, 0x0021, 0x0021, 0x0000, 0x0c31, 0x461c, 0x524e, 0x0884, 0x1b70, 0x11a7, 0x0000, 0x0000, 0x0000, 0x0000, 0x0000, 
	0x0000, 0x0000, 0x0000, 0x0000, 0x0043, 0x0001, 0x0000, 0x0000, 0x0000, 0x0000, 0x10c3, 0x0862, 0x0000, 0x0000, 0x0000, 0x0000, 
	0x0000, 0x0000, 0x0001, 0x0002, 0x0024, 0x0025, 0x0006, 0x0007, 0x0027, 0x0025, 0x0023, 0x0002, 0x0001, 0x0001, 0x0001, 0x0001, 
	0x0002, 0x0003, 0x0025, 0x0003, 0x00c9, 0x273d, 0x1cf7, 0x0028, 0x0026, 0x0024, 0x0001, 0x0001, 0x0000, 0x0000, 0x0000, 0x0000, 
	0x0000, 0x0000, 0x0000, 0x0001, 0x0002, 0x0002, 0x0a70, 0x14bb, 0x0109, 0x0001, 0x0002, 0x0001, 0x0000, 0x0021, 0x0022, 0x0000, 
	0x0000, 0x0000, 0x0000, 0x0000, 0x0000, 0x0000, 0x0000, 0x0000, 0x0001, 0x0000, 0x08a7, 0x092c, 0x0002, 0x0001, 0x0001, 0x0000, 
	0x0000, 0x0000, 0x0000, 0x0000, 0x0000, 0x0000, 0x0000, 0x0000, 0x0000, 0x0000, 0x0000, 0x0000, 0x0000, 0x0000, 0x0000, 0x0000, 
	0x0000, 0x0000, 0x0000, 0x0000, 0x0000, 0x0000, 0x0000, 0x0000, 0x0000, 0x0000, 0x0000, 0x0000, 0x0000, 0x0000, 0x0000, 0x0000, 
	0x0000, 0x0000, 0x0000, 0x0000, 0x0000, 0x0000, 0x0000, 0x0000, 0x0000, 0x0000, 0x0000, 0x0000, 0x0000, 0x0000, 0x0000, 0x0000, 
	0x0000, 0x0000, 0x0000, 0x0000, 0x0000, 0x0000, 0x0000, 0x0000, 0x0000, 0x0000, 0x0000, 0x0000, 0x0000, 0x0000, 0x0000, 0x0000, 
	0x0000, 0x0000, 0x0000, 0x0000, 0x0000, 0x0000, 0x0000, 0x0000, 0x0000, 0x0000, 0x0000, 0x0000, 0x0000, 0x0000, 0x0000, 0x0000, 
	0x0000, 0x0000, 0x0000, 0x0000, 0x10e5, 0x1126, 0x0905, 0x19a9, 0x0001, 0x0000, 0x0001, 0x0001, 0x0000, 0x0000, 0x0000, 0x0000, 
	0x0000, 0x0000, 0x0000, 0x0000, 0x0000, 0x0001, 0x0000, 0x0000, 0x0000, 0x0000, 0x0000, 0x0000, 0x0000, 0x0001, 0x0001, 0x0000, 
	0x0000, 0x0000, 0x0000, 0x0000, 0x0021, 0x0021, 0x0000, 0x0000, 0x0000, 0x0000, 0x0000, 0x0000, 0x0000, 0x0000, 0x0000, 0x0021, 
	0x0021, 0x0000, 0x0000, 0x0000, 0x0042, 0x0042, 0x0000, 0x0000, 0x0000, 0x0000, 0x0000, 0x0000, 0x0000, 0x0000, 0x0000, 0x0000, 
	0x0000, 0x0000, 0x0000, 0x0000, 0x0000, 0x0000, 0x0042, 0x0021, 0x0000, 0x0000, 0x0000, 0x0000, 0x0000, 0x0000, 0x0000, 0x0000, 
	0x0000, 0x0000, 0x0000, 0x0000, 0x0000, 0x0000, 0x0001, 0x0043, 0x0003, 0x08a8, 0x0044, 0x0001, 0x0000, 0x0000, 0x0000, 0x0000, 
	0x0000, 0x0000, 0x0000, 0x0000, 0x0000, 0x0883, 0x0842, 0x0000, 0x0000, 0x0043, 0x0044, 0x0002, 0x00c9, 0x1bd8, 0x0909, 0x0000, 
	0x0022, 0x0001, 0x0000, 0x0001, 0x0001, 0x0001, 0x0002, 0x0024, 0x0024, 0x0025, 0x0047, 0x002b, 0x0a92, 0x24b7, 0x01b1, 0x004f, 
	0x12d3, 0x33f4, 0x1334, 0x00d0, 0x008f, 0x23b6, 0x1334, 0x006b, 0x0048, 0x0025, 0x0024, 0x0023, 0x0002, 0x0001, 0x0001, 0x0000, 
	0x0000, 0x0000, 0x0021, 0x0001, 0x08c2, 0x1d35, 0x4477, 0x40e8, 0x0a8c, 0x1b6f, 0x0000, 0x0000, 0x0000, 0x0000, 0x0000, 0x0000, 
	0x0000, 0x0000, 0x0000, 0x0000, 0x0043, 0x0021, 0x0000, 0x0000, 0x0000, 0x0000, 0x2187, 0x10c4, 0x0000, 0x0000, 0x0000, 0x0000, 
	0x0000, 0x0000, 0x0001, 0x0001, 0x0022, 0x0003, 0x0045, 0x0045, 0x0003, 0x0003, 0x0002, 0x0002, 0x0001, 0x0000, 0x0001, 0x0001, 
	0x0023, 0x0045, 0x0003, 0x0047, 0x265b, 0x1d59, 0x0007, 0x0005, 0x0066, 0x0002, 0x0001, 0x0001, 0x0000, 0x0000, 0x0000, 0x0000, 
	0x0000, 0x0000, 0x0001, 0x0002, 0x0002, 0x0087, 0x1c79, 0x0a0e, 0x0002, 0x0023, 0x0001, 0x0001, 0x0000, 0x0021, 0x0022, 0x0000, 
	0x0000, 0x0000, 0x0000, 0x0000, 0x0000, 0x0000, 0x0000, 0x0000, 0x0001, 0x0001, 0x090a, 0x0087, 0x0001, 0x0001, 0x0000, 0x0000, 
	0x0000, 0x0000, 0x0000, 0x0000, 0x0000, 0x0000, 0x0000, 0x0000, 0x0000, 0x0000, 0x0000, 0x0000, 0x0000, 0x0000, 0x0000, 0x0000, 
	0x0000, 0x0000, 0x0000, 0x0000, 0x0000, 0x0000, 0x0000, 0x0000, 0x0000, 0x0000, 0x0000, 0x0000, 0x0000, 0x0000, 0x0000, 0x0000, 
	0x0000, 0x0000, 0x0000, 0x0000, 0x0000, 0x0000, 0x0000, 0x0000, 0x0000, 0x0000, 0x0000, 0x0000, 0x0000, 0x0000, 0x0000, 0x0000, 
	0x0000, 0x0000, 0x0000, 0x0000, 0x0000, 0x0000, 0x0000, 0x0000, 0x0000, 0x0000, 0x0000, 0x0000, 0x0000, 0x0000, 0x0000, 0x0000, 
	0x0000, 0x0000, 0x0000, 0x0000, 0x0000, 0x0000, 0x0000, 0x0000, 0x0000, 0x0000, 0x0000, 0x0000, 0x0000, 0x0000, 0x0000, 0x0000, 
	0x0000, 0x0000, 0x0001, 0x0001, 0x0864, 0x0022, 0x0863, 0x1127, 0x0002, 0x0000, 0x0000, 0x0001, 0x0000, 0x0000, 0x0000, 0x0000, 
	0x0000, 0x0000, 0x0000, 0x0000, 0x0000, 0x0000, 0x0000, 0x0000, 0x0001, 0x0001, 0x0001, 0x0000, 0x0000, 0x0021, 0x0001, 0x0000, 
	0x0000, 0x0000, 0x0000, 0x0000, 0x0021, 0x0021, 0x0000, 0x0000, 0x0000, 0x0000, 0x0000, 0x0000, 0x0000, 0x0000, 0x0000, 0x0000, 
	0x0000, 0x0000, 0x0000, 0x0000, 0x0042, 0x0042, 0x0000, 0x0000, 0x0000, 0x0000, 0x0000, 0x0000, 0x0000, 0x0000, 0x0000, 0x0000, 
	0x0000, 0x0000, 0x0000, 0x0000, 0x0000, 0x0000, 0x0863, 0x0021, 0x0000, 0x0000, 0x0000, 0x0000, 0x0000, 0x0000, 0x0000, 0x0000, 
	0x0000, 0x0000, 0x0000, 0x0000, 0x0000, 0x0000, 0x0001, 0x0022, 0x0001, 0x08a8, 0x00a8, 0x0000, 0x0001, 0x0000, 0x0000, 0x0000, 
	0x0000, 0x0000, 0x0000, 0x0000, 0x0000, 0x0883, 0x0842, 0x0000, 0x0000, 0x0042, 0x0023, 0x0001, 0x0003, 0x12d4, 0x0a51, 0x0002, 
	0x0023, 0x0002, 0x0001, 0x0000, 0x0000, 0x0000, 0x0001, 0x0003, 0x0024, 0x0025, 0x0046, 0x0069, 0x002a, 0x002c, 0x00af, 0x23b6, 
	0x573d, 0x3f7d, 0x577d, 0x2c36, 0x00ef, 0x004d, 0x000a, 0x0069, 0x0046, 0x0025, 0x0024, 0x0002, 0x0001, 0x0001, 0x0000, 0x0000, 
	0x0000, 0x0000, 0x0021, 0x0000, 0x1aca, 0x4ebd, 0x52b1, 0x3168, 0x12cd, 0x1a6b, 0x0000, 0x0000, 0x0000, 0x0000, 0x0000, 0x0000, 
	0x0000, 0x0000, 0x0000, 0x0000, 0x0043, 0x0021, 0x0000, 0x0000, 0x0000, 0x0000, 0x0000, 0x0000, 0x0000, 0x0000, 0x0000, 0x0000, 
	0x0000, 0x0000, 0x0000, 0x0001, 0x0001, 0x0001, 0x0064, 0x0044, 0x0002, 0x0001, 0x0001, 0x0001, 0x0001, 0x0001, 0x0002, 0x0023, 
	0x0024, 0x0003, 0x092a, 0x1e1a, 0x1db9, 0x0047, 0x0004, 0x0045, 0x0064, 0x0002, 0x0001, 0x0000, 0x0000, 0x0000, 0x0000, 0x0000, 
	0x0000, 0x0001, 0x0002, 0x0003, 0x0001, 0x0b13, 0x1395, 0x0003, 0x0002, 0x0002, 0x0001, 0x0000, 0x0000, 0x0021, 0x0022, 0x0000, 
	0x0000, 0x0000, 0x0000, 0x0000, 0x0000, 0x0000, 0x0000, 0x0001, 0x0001, 0x0066, 0x090b, 0x0023, 0x0001, 0x0001, 0x0000, 0x0000, 
	0x0000, 0x0000, 0x0000, 0x0000, 0x0000, 0x0000, 0x0000, 0x0000, 0x0000, 0x0000, 0x0000, 0x0000, 0x0000, 0x0000, 0x0000, 0x0000, 
	0x0000, 0x0000, 0x0000, 0x0000, 0x0000, 0x0000, 0x0000, 0x0000, 0x0000, 0x0000, 0x0000, 0x0000, 0x0000, 0x0000, 0x0000, 0x0000, 
	0x0000, 0x0000, 0x0000, 0x0000, 0x0000, 0x0000, 0x0000, 0x0000, 0x0000, 0x0000, 0x0000, 0x0000, 0x0000, 0x0000, 0x0000, 0x0000, 
	0x0000, 0x0000, 0x0000, 0x0000, 0x0000, 0x0000, 0x0000, 0x0000, 0x0000, 0x0000, 0x0000, 0x0000, 0x0000, 0x0000, 0x0000, 0x0000, 
	0x0000, 0x0000, 0x0000, 0x0000, 0x0000, 0x0000, 0x0000, 0x0000, 0x0000, 0x0000, 0x0000, 0x0000, 0x0000, 0x0000, 0x0000, 0x0000, 
	0x0000, 0x0000, 0x0000, 0x0002, 0x0001, 0x0001, 0x0000, 0x0000, 0x0001, 0x0000, 0x0000, 0x0001, 0x0000, 0x0000, 0x0000, 0x0000, 
	0x0000, 0x0000, 0x0000, 0x0000, 0x0000, 0x0001, 0x0000, 0x0000, 0x0000, 0x0001, 0x0001, 0x0000, 0x0000, 0x0000, 0x0001, 0x0000, 
	0x0000, 0x0000, 0x0000, 0x0000, 0x0021, 0x0021, 0x0000, 0x0000, 0x0000, 0x0000, 0x0000, 0x0000, 0x0000, 0x0000, 0x0000, 0x0000, 
	0x0000, 0x0000, 0x0000, 0x0000, 0x0042, 0x0042, 0x0000, 0x0000, 0x0000, 0x0000, 0x0000, 0x0000, 0x0000, 0x0000, 0x0000, 0x0000, 
	0x0000, 0x0000, 0x0000, 0x0000, 0x0000, 0x0000, 0x0042, 0x0021, 0x0000, 0x0000, 0x0000, 0x0000, 0x0000, 0x0000, 0x0000, 0x0000, 
	0x0000, 0x0000, 0x0000, 0x0000, 0x0000, 0x0000, 0x0000, 0x0022, 0x0000, 0x0087, 0x090b, 0x0001, 0x0000, 0x0000, 0x0000, 0x0000, 
	0x0000, 0x0000, 0x0000, 0x0000, 0x0000, 0x0000, 0x0000, 0x0000, 0x0000, 0x0022, 0x0022, 0x0001, 0x0001, 0x0087, 0x13b8, 0x096c, 
	0x0001, 0x0001, 0x0000, 0x0000, 0x0000, 0x0000, 0x0000, 0x0001, 0x0002, 0x0024, 0x0025, 0x0027, 0x0048, 0x000a, 0x1ad3, 0x4f5d, 
	0x275d, 0x073d, 0x275d, 0x575d, 0x1b95, 0x002b, 0x0048, 0x0027, 0x0025, 0x0024, 0x0002, 0x0001, 0x0000, 0x0000, 0x0000, 0x0000, 
	0x0000, 0x0000, 0x0000, 0x08a3, 0x2c93, 0x5455, 0x5a4e, 0x11aa, 0x130e, 0x0000, 0x0000, 0x0000, 0x0000, 0x0000, 0x0000, 0x0000, 
	0x0000, 0x0000, 0x0000, 0x0000, 0x0043, 0x0000, 0x0000, 0x0000, 0x0000, 0x0000, 0x0000, 0x0000, 0x0000, 0x0000, 0x0000, 0x0000, 
	0x0000, 0x0000, 0x0000, 0x0000, 0x0000, 0x0000, 0x0042, 0x0022, 0x0000, 0x0000, 0x0000, 0x0000, 0x0001, 0x0002, 0x0003, 0x0024, 
	0x0003, 0x096b, 0x1f1c, 0x1e5b, 0x0047, 0x0003, 0x0023, 0x0022, 0x0063, 0x0001, 0x0000, 0x0000, 0x0000, 0x0000, 0x0000, 0x0000, 
	0x0000, 0x0001, 0x0003, 0x0002, 0x09cd, 0x1cba, 0x0109, 0x0001, 0x0002, 0x0001, 0x0000, 0x0000, 0x0000, 0x0021, 0x0022, 0x0000, 
	0x0000, 0x0000, 0x0000, 0x0000, 0x0000, 0x0000, 0x0001, 0x0001, 0x0001, 0x094c, 0x090a, 0x0000, 0x0001, 0x0000, 0x0000, 0x0000, 
	0x0000, 0x0000, 0x0000, 0x0000, 0x0000, 0x0000, 0x0000, 0x0000, 0x0000, 0x0000, 0x0000, 0x0000, 0x0000, 0x0000, 0x0000, 0x0000, 
	0x0000, 0x0000, 0x0000, 0x0000, 0x0000, 0x0000, 0x0000, 0x0000, 0x0000, 0x0000, 0x0000, 0x0000, 0x0000, 0x0000, 0x0000, 0x0000, 
	0x0000, 0x0000, 0x0000, 0x0000, 0x0000, 0x0000, 0x0000, 0x0000, 0x0000, 0x0000, 0x0000, 0x0000, 0x0000, 0x0000, 0x0000, 0x0000, 
	0x0000, 0x0000, 0x0000, 0x0000, 0x0000, 0x0000, 0x0000, 0x0000, 0x0000, 0x0000, 0x0000, 0x0000, 0x0000, 0x0000, 0x0000, 0x0000, 
	0x0000, 0x0000, 0x0000, 0x0000, 0x0000, 0x0000, 0x0000, 0x0000, 0x0000, 0x0000, 0x0000, 0x0000, 0x0000, 0x0000, 0x0000, 0x0000, 
	0x0000, 0x0000, 0x0001, 0x0023, 0x0023, 0x0022, 0x0022, 0x0002, 0x0002, 0x0001, 0x0000, 0x0001, 0x0000, 0x0000, 0x0001, 0x0000, 
	0x0000, 0x0001, 0x0001, 0x0000, 0x0001, 0x0022, 0x0000, 0x0021, 0x0022, 0x0001, 0x0000, 0x0000, 0x0001, 0x0001, 0x0021, 0x0001, 
	0x0001, 0x0001, 0x0000, 0x0000, 0x0022, 0x0022, 0x0001, 0x0001, 0x0021, 0x0021, 0x0042, 0x0022, 0x0021, 0x0021, 0x0021, 0x0021, 
	0x0001, 0x0021, 0x0021, 0x0021, 0x0042, 0x0063, 0x0021, 0x0021, 0x0021, 0x0021, 0x0021, 0x0021, 0x0021, 0x0021, 0x0021, 0x0021, 
	0x0021, 0x0021, 0x0021, 0x0021, 0x0021, 0x0021, 0x0043, 0x0022, 0x0021, 0x0021, 0x0021, 0x0001, 0x0021, 0x0063, 0x0022, 0x0021, 
	0x0021, 0x0021, 0x0021, 0x0021, 0x0021, 0x0021, 0x0021, 0x0043, 0x0021, 0x0023, 0x094c, 0x00a7, 0x0001, 0x0022, 0x0021, 0x0021, 
	0x0021, 0x0021, 0x0021, 0x0021, 0x0021, 0x0021, 0x0021, 0x0021, 0x0021, 0x0043, 0x0043, 0x0022, 0x0044, 0x0003, 0x120e, 0x124f, 
	0x0021, 0x0022, 0x0021, 0x0021, 0x0021, 0x0021, 0x0021, 0x0023, 0x0024, 0x0024, 0x0026, 0x0047, 0x0069, 0x0009, 0x3497, 0x475d, 
	0x06fc, 0x0f3d, 0x073d, 0x3f5d, 0x3559, 0x000a, 0x0048, 0x0047, 0x0046, 0x0024, 0x0023, 0x0022, 0x0021, 0x0021, 0x0021, 0x0021, 
	0x0021, 0x0000, 0x0000, 0x09e8, 0x25f9, 0x42f1, 0x5aaf, 0x11aa, 0x1bb1, 0x0001, 0x0021, 0x0021, 0x0021, 0x0021, 0x0021, 0x0021, 
	0x0021, 0x0021, 0x0021, 0x0021, 0x0863, 0x0022, 0x0021, 0x0021, 0x0021, 0x0021, 0x0021, 0x0021, 0x0021, 0x0021, 0x0021, 0x0021, 
	0x0021, 0x0021, 0x0021, 0x0021, 0x0021, 0x0021, 0x0042, 0x0043, 0x0021, 0x0022, 0x0022, 0x0022, 0x0043, 0x0045, 0x0046, 0x0004, 
	0x092a, 0x26dc, 0x15b9, 0x00a9, 0x0005, 0x0045, 0x0023, 0x0022, 0x0063, 0x0021, 0x0021, 0x0021, 0x0021, 0x0021, 0x0021, 0x0021, 
	0x0022, 0x0023, 0x0003, 0x0087, 0x1cfb, 0x1313, 0x0003, 0x0024, 0x0022, 0x0001, 0x0001, 0x0021, 0x0001, 0x0022, 0x0022, 0x0021, 
	0x0021, 0x0021, 0x0001, 0x0001, 0x0001, 0x0001, 0x0001, 0x0001, 0x0065, 0x118d, 0x0065, 0x0001, 0x0001, 0x0001, 0x0001, 0x0001, 
	0x0001, 0x0000, 0x0000, 0x0000, 0x0000, 0x0000, 0x0000, 0x0000, 0x0000, 0x0000, 0x0000, 0x0000, 0x0000, 0x0000, 0x0000, 0x0000, 
	0x0000, 0x0000, 0x0000, 0x0000, 0x0000, 0x0000, 0x0000, 0x0000, 0x0000, 0x0000, 0x0000, 0x0000, 0x0000, 0x0000, 0x0000, 0x0000, 
	0x0000, 0x0000, 0x0000, 0x0000, 0x0000, 0x0000, 0x0000, 0x0000, 0x0000, 0x0000, 0x0000, 0x0000, 0x0000, 0x0000, 0x0000, 0x0000, 
	0x0000, 0x0000, 0x0000, 0x0000, 0x0000, 0x0000, 0x0000, 0x0000, 0x0000, 0x0000, 0x0000, 0x0000, 0x0000, 0x0000, 0x0000, 0x0000, 
	0x0000, 0x0000, 0x0000, 0x0000, 0x0000, 0x0000, 0x0000, 0x0000, 0x0000, 0x0000, 0x0000, 0x0000, 0x0000, 0x0000, 0x0000, 0x0000, 
	0x0000, 0x0000, 0x0001, 0x0044, 0x0044, 0x0044, 0x0044, 0x0003, 0x0003, 0x0021, 0x0000, 0x0021, 0x0000, 0x0001, 0x0001, 0x0001, 
	0x0001, 0x0001, 0x0001, 0x0000, 0x0000, 0x0001, 0x0002, 0x0023, 0x0063, 0x0083, 0x00a4, 0x1146, 0x0022, 0x0001, 0x0002, 0x0021, 
	0x0022, 0x0022, 0x0001, 0x0001, 0x0043, 0x0023, 0x0022, 0x0022, 0x0042, 0x0063, 0x0064, 0x0863, 0x0022, 0x0022, 0x0022, 0x0022, 
	0x0022, 0x0022, 0x0043, 0x0022, 0x0063, 0x0063, 0x0042, 0x0042, 0x0043, 0x0042, 0x0042, 0x0043, 0x0042, 0x0042, 0x0042, 0x0042, 
	0x0043, 0x0042, 0x0042, 0x0043, 0x0042, 0x0042, 0x0063, 0x0043, 0x0042, 0x0042, 0x0022, 0x0022, 0x0043, 0x08c6, 0x0064, 0x0022, 
	0x0043, 0x0042, 0x0042, 0x0042, 0x0042, 0x0042, 0x0042, 0x0043, 0x0043, 0x0021, 0x090a, 0x08e9, 0x0022, 0x0043, 0x0063, 0x0043, 
	0x0043, 0x0043, 0x0043, 0x0042, 0x0042, 0x0042, 0x0042, 0x0042, 0x0042, 0x0063, 0x0064, 0x0043, 0x0044, 0x0044, 0x0024, 0x0065, 
	0x0044, 0x0043, 0x0042, 0x0042, 0x0042, 0x0022, 0x0043, 0x0065, 0x0065, 0x0045, 0x0046, 0x0047, 0x0069, 0x002b, 0x1b14, 0x4f5d, 
	0x1f3c, 0x071c, 0x173d, 0x3f3d, 0x1bb5, 0x002a, 0x0068, 0x0046, 0x0045, 0x0044, 0x0044, 0x0043, 0x0023, 0x0042, 0x0022, 0x0022, 
	0x0022, 0x0021, 0x0000, 0x12ab, 0x24b4, 0x5af0, 0x39aa, 0x0a0b, 0x128c, 0x0021, 0x0043, 0x0042, 0x0042, 0x0042, 0x0042, 0x0042, 
	0x0042, 0x0042, 0x0042, 0x0043, 0x0864, 0x0043, 0x0043, 0x0043, 0x0043, 0x0043, 0x0043, 0x0043, 0x0043, 0x0043, 0x0043, 0x0043, 
	0x0043, 0x0043, 0x0043, 0x0043, 0x0043, 0x0042, 0x0063, 0x0063, 0x0043, 0x0043, 0x0043, 0x0064, 0x0086, 0x0067, 0x0006, 0x010b, 
	0x269c, 0x1d79, 0x0089, 0x0004, 0x0066, 0x0045, 0x0043, 0x0063, 0x0063, 0x0043, 0x0042, 0x0042, 0x0042, 0x0042, 0x0042, 0x0043, 
	0x0044, 0x0023, 0x0002, 0x12f3, 0x1bf7, 0x0046, 0x0024, 0x0044, 0x0023, 0x0022, 0x0022, 0x0022, 0x0022, 0x0043, 0x0043, 0x0022, 
	0x0042, 0x0043, 0x0022, 0x0001, 0x0022, 0x0002, 0x0001, 0x0001, 0x094b, 0x0909, 0x0001, 0x0022, 0x0001, 0x0001, 0x0021, 0x0021, 
	0x0001, 0x0000, 0x0000, 0x0000, 0x0000, 0x0000, 0x0000, 0x0000, 0x0000, 0x0000, 0x0000, 0x0000, 0x0000, 0x0000, 0x0000, 0x0000, 
	0x0000, 0x0000, 0x0000, 0x0000, 0x0000, 0x0000, 0x0000, 0x0000, 0x0000, 0x0000, 0x0000, 0x0000, 0x0000, 0x0000, 0x0000, 0x0000, 
	0x0000, 0x0000, 0x0000, 0x0001, 0x0000, 0x0000, 0x0000, 0x0000, 0x0000, 0x0021, 0x10e5, 0x0041, 0x0000, 0x0000, 0x0000, 0x0000, 
	0x0000, 0x0000, 0x0000, 0x0000, 0x0000, 0x0000, 0x0000, 0x0000, 0x0000, 0x0000, 0x0000, 0x0000, 0x0000, 0x0000, 0x0000, 0x0000, 
	0x0000, 0x0000, 0x0000, 0x0000, 0x0000, 0x0000, 0x0000, 0x0000, 0x0000, 0x0000, 0x0000, 0x0000, 0x0000, 0x0000, 0x0000, 0x0000, 
	0x0021, 0x0001, 0x0000, 0x0001, 0x0001, 0x0001, 0x0002, 0x0002, 0x0001, 0x0000, 0x0000, 0x0000, 0x0000, 0x0000, 0x0000, 0x0000, 
	0x0000, 0x0000, 0x0000, 0x0000, 0x0020, 0x0042, 0x0002, 0x0002, 0x0084, 0x00c4, 0x0105, 0x1187, 0x0063, 0x0001, 0x0002, 0x0001, 
	0x0000, 0x0000, 0x0000, 0x0000, 0x0022, 0x0021, 0x0000, 0x0000, 0x0000, 0x0000, 0x0001, 0x0001, 0x0000, 0x0000, 0x0000, 0x0000, 
	0x0000, 0x0000, 0x0000, 0x0000, 0x0022, 0x0042, 0x0000, 0x0000, 0x0000, 0x0000, 0x0000, 0x0000, 0x0000, 0x0000, 0x0000, 0x0000, 
	0x0000, 0x0000, 0x0000, 0x0000, 0x0000, 0x0000, 0x0042, 0x0021, 0x0000, 0x0000, 0x0000, 0x0000, 0x0000, 0x0000, 0x0000, 0x0000, 
	0x0000, 0x0000, 0x0000, 0x0000, 0x0000, 0x0000, 0x0000, 0x0042, 0x0001, 0x0000, 0x0065, 0x090a, 0x0002, 0x0000, 0x0000, 0x0000, 
	0x0000, 0x0000, 0x0000, 0x0000, 0x0000, 0x0000, 0x0000, 0x0000, 0x0000, 0x0042, 0x0022, 0x0000, 0x0001, 0x0001, 0x0001, 0x0000, 
	0x0001, 0x0001, 0x0000, 0x0000, 0x0000, 0x0000, 0x0000, 0x0000, 0x0001, 0x0002, 0x0003, 0x0025, 0x0026, 0x0069, 0x006c, 0x2416, 
	0x471c, 0x373c, 0x473c, 0x2cb7, 0x008c, 0x0069, 0x0046, 0x0024, 0x0003, 0x0002, 0x0001, 0x0000, 0x0000, 0x0000, 0x0000, 0x0000, 
	0x0000, 0x0000, 0x0021, 0x0b6e, 0x3bb2, 0x5a6e, 0x0823, 0x0a0b, 0x0105, 0x0000, 0x0000, 0x0000, 0x0000, 0x0000, 0x0000, 0x0000, 
	0x0000, 0x0000, 0x0000, 0x0000, 0x0042, 0x0001, 0x0000, 0x0000, 0x0000, 0x0000, 0x0000, 0x0000, 0x0000, 0x0000, 0x0000, 0x0000, 
	0x0000, 0x0000, 0x0000, 0x0000, 0x0000, 0x0000, 0x0042, 0x0022, 0x0000, 0x0000, 0x0001, 0x0003, 0x0002, 0x0003, 0x1310, 0x1ebc, 
	0x1518, 0x0028, 0x0004, 0x0045, 0x0023, 0x0002, 0x0001, 0x0001, 0x0884, 0x0001, 0x0000, 0x0000, 0x0000, 0x0000, 0x0000, 0x0001, 
	0x0001, 0x0002, 0x0a0e, 0x1bd6, 0x00e9, 0x0002, 0x0003, 0x0001, 0x0001, 0x0000, 0x0000, 0x0000, 0x0000, 0x0021, 0x0021, 0x0000, 
	0x0000, 0x0000, 0x0000, 0x0000, 0x0000, 0x0001, 0x0001, 0x08a7, 0x094c, 0x0023, 0x0001, 0x0001, 0x0000, 0x0000, 0x0000, 0x0000, 
	0x0000, 0x0000, 0x0000, 0x0000, 0x0000, 0x0000, 0x0000, 0x0000, 0x0000, 0x0000, 0x0000, 0x0000, 0x0000, 0x0000, 0x0000, 0x0000, 
	0x0000, 0x0000, 0x0000, 0x0000, 0x0000, 0x0000, 0x0000, 0x0000, 0x0000, 0x0000, 0x0000, 0x0000, 0x0000, 0x0000, 0x0001, 0x0001, 
	0x0000, 0x0020, 0x0000, 0x0000, 0x0000, 0x0001, 0x0000, 0x0000, 0x0000, 0x0001, 0x0842, 0x0021, 0x0000, 0x0000, 0x0000, 0x0000, 
	0x0000, 0x0000, 0x0000, 0x0000, 0x0000, 0x0000, 0x0000, 0x0000, 0x0000, 0x0000, 0x0000, 0x0000, 0x0000, 0x0000, 0x0000, 0x0000, 
	0x0000, 0x0000, 0x0000, 0x0000, 0x0000, 0x0000, 0x0000, 0x0000, 0x0000, 0x0000, 0x0000, 0x0000, 0x0000, 0x0000, 0x0000, 0x0000, 
	0x0023, 0x0001, 0x0000, 0x0001, 0x0001, 0x0001, 0x0002, 0x0001, 0x0000, 0x0000, 0x0000, 0x0000, 0x0000, 0x0000, 0x0000, 0x0000, 
	0x0000, 0x0000, 0x0000, 0x0000, 0x0884, 0x116a, 0x0001, 0x0926, 0x236e, 0x2bef, 0x234e, 0x1acd, 0x0064, 0x0002, 0x0022, 0x0001, 
	0x0000, 0x0000, 0x0000, 0x0000, 0x0022, 0x0021, 0x0000, 0x0000, 0x0000, 0x0000, 0x0001, 0x0001, 0x0000, 0x0000, 0x0000, 0x0000, 
	0x0000, 0x0000, 0x0000, 0x0000, 0x0022, 0x0042, 0x0000, 0x0000, 0x0000, 0x0000, 0x0000, 0x0000, 0x0000, 0x0000, 0x0000, 0x0000, 
	0x0000, 0x0000, 0x0000, 0x0000, 0x0000, 0x0000, 0x0042, 0x0021, 0x0000, 0x0000, 0x0000, 0x0000, 0x0000, 0x0000, 0x0000, 0x0000, 
	0x0000, 0x0000, 0x0000, 0x0000, 0x0000, 0x0000, 0x0000, 0x0042, 0x0001, 0x0001, 0x0001, 0x08ea, 0x00a7, 0x0000, 0x0000, 0x0000, 
	0x0000, 0x0000, 0x0000, 0x0000, 0x0000, 0x0000, 0x0000, 0x0000, 0x0000, 0x0022, 0x0021, 0x0000, 0x0000, 0x0000, 0x0000, 0x0000, 
	0x0000, 0x0000, 0x0000, 0x0000, 0x0000, 0x0000, 0x0000, 0x0000, 0x0001, 0x0002, 0x0003, 0x0004, 0x0025, 0x0047, 0x0049, 0x004b, 
	0x0a72, 0x1bb6, 0x0a92, 0x008c, 0x0049, 0x0047, 0x0025, 0x0024, 0x0003, 0x0002, 0x0001, 0x0000, 0x0000, 0x0000, 0x0000, 0x0000, 
	0x0000, 0x0000, 0x0a28, 0x25b9, 0x42d0, 0x39ca, 0x00e5, 0x12ad, 0x0062, 0x0000, 0x0000, 0x0000, 0x0000, 0x0000, 0x0000, 0x0000, 
	0x0000, 0x0000, 0x0000, 0x0000, 0x0042, 0x0001, 0x0000, 0x0000, 0x0000, 0x0000, 0x0000, 0x0000, 0x0000, 0x0000, 0x0000, 0x0000, 
	0x0000, 0x0000, 0x0000, 0x0000, 0x0000, 0x0000, 0x0042, 0x0042, 0x0000, 0x0001, 0x0002, 0x0002, 0x00e7, 0x1cb5, 0x263a, 0x1331, 
	0x0007, 0x0005, 0x0024, 0x0002, 0x0002, 0x0001, 0x0000, 0x0001, 0x0863, 0x0000, 0x0000, 0x0000, 0x0000, 0x0000, 0x0001, 0x0002, 
	0x0000, 0x09ed, 0x1cfb, 0x0109, 0x0002, 0x0003, 0x0001, 0x0001, 0x0000, 0x0000, 0x0000, 0x0000, 0x0000, 0x0021, 0x0021, 0x0000, 
	0x0000, 0x0000, 0x0000, 0x0000, 0x0000, 0x0000, 0x0023, 0x094c, 0x0065, 0x0001, 0x0001, 0x0000, 0x0000, 0x0000, 0x0000, 0x0000, 
	0x0000, 0x0000, 0x0000, 0x0000, 0x0000, 0x0000, 0x0000, 0x0000, 0x0000, 0x0000, 0x0000, 0x0000, 0x0000, 0x0000, 0x0000, 0x0000, 
	0x0000, 0x0000, 0x0000, 0x0000, 0x0000, 0x0000, 0x0000, 0x0000, 0x0000, 0x0000, 0x0001, 0x0001, 0x0000, 0x0001, 0x0001, 0x0000, 
	0x0001, 0x0001, 0x0001, 0x0001, 0x0001, 0x0000, 0x0000, 0x0000, 0x0000, 0x0000, 0x0000, 0x0000, 0x0000, 0x0000, 0x0000, 0x0000, 
	0x0000, 0x0000, 0x0000, 0x0000, 0x0000, 0x0000, 0x0000, 0x0000, 0x0000, 0x0000, 0x0000, 0x0000, 0x0000, 0x0000, 0x0000, 0x0000, 
	0x0000, 0x10a5, 0x0042, 0x0000, 0x0000, 0x0000, 0x0000, 0x0000, 0x0000, 0x0000, 0x0000, 0x0001, 0x0001, 0x0000, 0x0000, 0x0000, 
	0x0000, 0x0000, 0x0000, 0x0001, 0x0001, 0x0001, 0x0001, 0x0000, 0x0000, 0x0000, 0x0000, 0x0000, 0x0000, 0x0000, 0x0000, 0x0000, 
	0x0000, 0x0000, 0x0000, 0x0000, 0x0042, 0x08e8, 0x08a5, 0x11e9, 0x1acc, 0x22ab, 0x09e9, 0x122a, 0x0002, 0x0000, 0x0022, 0x0000, 
	0x0000, 0x0000, 0x0000, 0x0000, 0x0022, 0x0021, 0x0000, 0x0000, 0x0000, 0x0000, 0x0021, 0x0021, 0x0000, 0x0000, 0x0000, 0x0000, 
	0x0000, 0x0000, 0x0000, 0x0000, 0x0022, 0x0042, 0x0000, 0x0000, 0x0000, 0x0000, 0x0000, 0x0000, 0x0000, 0x0000, 0x0000, 0x0000, 
	0x0000, 0x0000, 0x0000, 0x0000, 0x0000, 0x0000, 0x0042, 0x0021, 0x0000, 0x0000, 0x0000, 0x0000, 0x0000, 0x0000, 0x0000, 0x0000, 
	0x0000, 0x0000, 0x0000, 0x0000, 0x0000, 0x0000, 0x0000, 0x0042, 0x0001, 0x0001, 0x0001, 0x0086, 0x092c, 0x0023, 0x0000, 0x0000, 
	0x0000, 0x0000, 0x0000, 0x0000, 0x0000, 0x0000, 0x0000, 0x0000, 0x0000, 0x0022, 0x0021, 0x0000, 0x0000, 0x0000, 0x0000, 0x0000, 
	0x0000, 0x0000, 0x0000, 0x0000, 0x0000, 0x0000, 0x0000, 0x0000, 0x0000, 0x0001, 0x0002, 0x0003, 0x0024, 0x0025, 0x0047, 0x0048, 
	0x004a, 0x0029, 0x0008, 0x0048, 0x0047, 0x0026, 0x0024, 0x0003, 0x0002, 0x0001, 0x0001, 0x0000, 0x0000, 0x0000, 0x0000, 0x0000, 
	0x0000, 0x0000, 0x140f, 0x3dfb, 0x5a4e, 0x1063, 0x01c9, 0x1b0e, 0x0000, 0x0000, 0x0000, 0x0000, 0x0000, 0x0000, 0x0000, 0x0000, 
	0x0000, 0x0000, 0x0000, 0x0000, 0x0042, 0x0021, 0x0000, 0x0000, 0x0000, 0x0000, 0x0000, 0x0000, 0x0000, 0x0000, 0x0000, 0x0000, 
	0x0000, 0x0000, 0x0000, 0x0000, 0x0000, 0x0000, 0x0022, 0x0042, 0x0000, 0x0001, 0x0002, 0x0002, 0x0a8f, 0x1dfb, 0x092a, 0x0003, 
	0x0005, 0x0024, 0x0022, 0x08a5, 0x0863, 0x0000, 0x0000, 0x0001, 0x0043, 0x0001, 0x0000, 0x0000, 0x0001, 0x0001, 0x0002, 0x0001, 
	0x0086, 0x1bf6, 0x09ac, 0x0001, 0x0003, 0x0002, 0x0001, 0x0001, 0x0000, 0x0000, 0x0000, 0x0000, 0x0000, 0x0021, 0x0021, 0x0000, 
	0x0000, 0x0000, 0x0000, 0x0000, 0x0001, 0x0000, 0x00c8, 0x090a, 0x0001, 0x0001, 0x0001, 0x0000, 0x0000, 0x0000, 0x0000, 0x0000, 
	0x0000, 0x0000, 0x0000, 0x0000, 0x0000, 0x0000, 0x0000, 0x0000, 0x0000, 0x0000, 0x0000, 0x0000, 0x0000, 0x0000, 0x0000, 0x0000, 
	0x0000, 0x0000, 0x0000, 0x0001, 0x0862, 0x0021, 0x0000, 0x0000, 0x0001, 0x0000, 0x0021, 0x0000, 0x0001, 0x0021, 0x0021, 0x0021, 
	0x0001, 0x0001, 0x0001, 0x0021, 0x0001, 0x0001, 0x0021, 0x0021, 0x0000, 0x0000, 0x0000, 0x0000, 0x0000, 0x0000, 0x0000, 0x0000, 
	0x0000, 0x0000, 0x0000, 0x0000, 0x0000, 0x0000, 0x0000, 0x0000, 0x0000, 0x0000, 0x0000, 0x0000, 0x0000, 0x0000, 0x0000, 0x0000, 
	0x0000, 0x0042, 0x0021, 0x0000, 0x0000, 0x0000, 0x0000, 0x0000, 0x0000, 0x0000, 0x0000, 0x0001, 0x0001, 0x0000, 0x0000, 0x0000, 
	0x0000, 0x0000, 0x0000, 0x0000, 0x0000, 0x0000, 0x0000, 0x0000, 0x0000, 0x0000, 0x0000, 0x0000, 0x0000, 0x0000, 0x0020, 0x0000, 
	0x0000, 0x0000, 0x0001, 0x0021, 0x0000, 0x0864, 0x11a8, 0x22ab, 0x00c5, 0x00e5, 0x226b, 0x1127, 0x0063, 0x11a7, 0x0022, 0x0001, 
	0x0000, 0x0000, 0x0000, 0x0000, 0x0022, 0x0021, 0x0000, 0x0000, 0x0000, 0x0000, 0x0001, 0x0001, 0x0000, 0x0000, 0x0000, 0x0000, 
	0x0000, 0x0000, 0x0000, 0x0000, 0x0042, 0x0042, 0x0000, 0x0000, 0x0000, 0x0000, 0x0000, 0x0000, 0x0000, 0x0000, 0x0000, 0x0000, 
	0x0000, 0x0000, 0x0000, 0x0000, 0x0000, 0x0000, 0x0042, 0x0021, 0x0000, 0x0000, 0x0000, 0x0000, 0x0000, 0x0000, 0x0000, 0x0000, 
	0x0000, 0x0000, 0x0000, 0x0000, 0x0000, 0x0000, 0x0000, 0x0042, 0x0021, 0x0001, 0x0001, 0x0001, 0x092c, 0x0086, 0x0000, 0x0000, 
	0x0000, 0x0000, 0x0000, 0x0000, 0x0000, 0x0000, 0x0000, 0x0000, 0x0000, 0x0042, 0x0022, 0x0000, 0x0000, 0x0000, 0x0000, 0x0000, 
	0x0000, 0x0000, 0x0000, 0x0000, 0x0000, 0x0000, 0x0000, 0x0000, 0x0000, 0x0001, 0x0002, 0x0002, 0x0003, 0x0024, 0x0025, 0x0026, 
	0x0067, 0x0047, 0x0026, 0x0026, 0x0025, 0x0024, 0x0003, 0x0003, 0x0002, 0x0001, 0x0000, 0x0000, 0x0000, 0x0000, 0x0000, 0x0000, 
	0x0000, 0x0000, 0x1d56, 0x3c14, 0x62af, 0x10c5, 0x0a4b, 0x120a, 0x0000, 0x0000, 0x0000, 0x0000, 0x0000, 0x0000, 0x0000, 0x0000, 
	0x0000, 0x0000, 0x0000, 0x0000, 0x0042, 0x0001, 0x0000, 0x0842, 0x0863, 0x0000, 0x0000, 0x0000, 0x0000, 0x0000, 0x0000, 0x0000, 
	0x0000, 0x0000, 0x0000, 0x0000, 0x0000, 0x0021, 0x0864, 0x0022, 0x0000, 0x0001, 0x0001, 0x0023, 0x0086, 0x0087, 0x0004, 0x0024, 
	0x0023, 0x0002, 0x0000, 0x29a8, 0x10e4, 0x0000, 0x0000, 0x0001, 0x0043, 0x0000, 0x0000, 0x0001, 0x0001, 0x0002, 0x0002, 0x0002, 
	0x1333, 0x12b1, 0x0001, 0x0003, 0x0002, 0x0001, 0x0001, 0x0000, 0x0000, 0x0000, 0x0000, 0x0000, 0x0000, 0x0021, 0x0021, 0x0000, 
	0x0000, 0x0000, 0x0000, 0x0001, 0x0000, 0x0023, 0x094c, 0x0065, 0x0001, 0x0001, 0x0001, 0x0000, 0x0000, 0x0000, 0x0000, 0x0000, 
	0x0000, 0x0000, 0x0000, 0x0000, 0x0000, 0x0000, 0x0000, 0x0000, 0x0000, 0x0000, 0x0000, 0x0000, 0x0000, 0x0000, 0x0000, 0x0000, 
	0x0000, 0x0000, 0x0000, 0x0001, 0x1926, 0x0862, 0x0000, 0x0021, 0x0021, 0x0001, 0x0000, 0x0021, 0x0001, 0x0001, 0x0001, 0x0021, 
	0x0001, 0x0001, 0x0001, 0x0001, 0x0001, 0x0021, 0x0021, 0x0021, 0x0001, 0x0001, 0x0001, 0x0001, 0x0001, 0x0021, 0x0001, 0x0001, 
	0x0021, 0x0021, 0x0000, 0x0001, 0x0000, 0x0001, 0x0001, 0x0000, 0x0000, 0x0000, 0x0000, 0x0000, 0x0000, 0x0000, 0x0000, 0x0000, 
	0x0000, 0x0000, 0x0000, 0x0000, 0x0000, 0x0000, 0x0000, 0x0000, 0x0000, 0x0001, 0x0001, 0x0000, 0x0000, 0x0000, 0x0000, 0x0000, 
	0x0000, 0x0000, 0x0001, 0x0001, 0x0000, 0x0000, 0x0000, 0x0021, 0x0043, 0x0043, 0x0021, 0x0000, 0x0000, 0x0000, 0x0000, 0x0000, 
	0x0000, 0x0000, 0x0001, 0x0022, 0x0000, 0x0000, 0x0002, 0x0002, 0x00a5, 0x11e8, 0x1a4b, 0x1127, 0x00a5, 0x1a29, 0x0021, 0x0002, 
	0x0001, 0x0000, 0x0000, 0x0000, 0x0022, 0x0021, 0x0000, 0x0000, 0x0000, 0x0000, 0x0000, 0x0000, 0x0000, 0x0000, 0x0000, 0x0000, 
	0x0021, 0x0021, 0x0000, 0x0000, 0x0042, 0x0022, 0x0000, 0x0000, 0x0000, 0x0000, 0x0000, 0x0000, 0x0000, 0x0000, 0x0000, 0x0000, 
	0x0000, 0x0000, 0x0000, 0x0000, 0x0000, 0x0000, 0x0042, 0x0021, 0x0000, 0x0000, 0x0000, 0x0000, 0x0000, 0x0000, 0x0000, 0x0000, 
	0x0000, 0x0000, 0x0000, 0x0000, 0x0000, 0x0000, 0x0000, 0x0043, 0x0001, 0x0000, 0x0000, 0x0000, 0x08a8, 0x090a, 0x0021, 0x0000, 
	0x0000, 0x0000, 0x0000, 0x0000, 0x0000, 0x0000, 0x0000, 0x0000, 0x0000, 0x0042, 0x0022, 0x0000, 0x0000, 0x0000, 0x0000, 0x0000, 
	0x0000, 0x0000, 0x0000, 0x0000, 0x0000, 0x0000, 0x0000, 0x0000, 0x0000, 0x0001, 0x0001, 0x0002, 0x0002, 0x0003, 0x0003, 0x0024, 
	0x0045, 0x0025, 0x0024, 0x0024, 0x0023, 0x0003, 0x0002, 0x0002, 0x0001, 0x0000, 0x0000, 0x0000, 0x0000, 0x0000, 0x0000, 0x0000, 
	0x0000, 0x0a69, 0x1cf6, 0x4a6e, 0x49eb, 0x00a5, 0x1b30, 0x0883, 0x0000, 0x0000, 0x0000, 0x0000, 0x0000, 0x0000, 0x0000, 0x0000, 
	0x0000, 0x0000, 0x0000, 0x0000, 0x0042, 0x0001, 0x0000, 0x0863, 0x0863, 0x0000, 0x0000, 0x0000, 0x0000, 0x0000, 0x0000, 0x0000, 
	0x0000, 0x0000, 0x0000, 0x0000, 0x0000, 0x0021, 0x0884, 0x0022, 0x0000, 0x0001, 0x0001, 0x0002, 0x0002, 0x0002, 0x0003, 0x0023, 
	0x0002, 0x0001, 0x0001, 0x0000, 0x0000, 0x0000, 0x0000, 0x0001, 0x0043, 0x0001, 0x0000, 0x0001, 0x0002, 0x0002, 0x0004, 0x12f2, 
	0x13b6, 0x0045, 0x0002, 0x0002, 0x0001, 0x0001, 0x0000, 0x0000, 0x0000, 0x0000, 0x0000, 0x0000, 0x0000, 0x0021, 0x0001, 0x0000, 
	0x0000, 0x0000, 0x0001, 0x0001, 0x0000, 0x00c8, 0x090a, 0x0001, 0x0001, 0x0001, 0x0000, 0x0000, 0x0000, 0x0000, 0x0000, 0x0000, 
	0x0000, 0x0000, 0x0000, 0x0000, 0x0000, 0x0000, 0x0000, 0x0000, 0x0000, 0x0000, 0x0000, 0x0000, 0x0000, 0x0000, 0x0000, 0x0000, 
	0x0000, 0x0000, 0x0000, 0x0021, 0x0000, 0x0000, 0x0001, 0x0001, 0x0001, 0x0021, 0x0021, 0x0001, 0x0001, 0x0001, 0x0001, 0x0021, 
	0x0001, 0x0001, 0x0001, 0x0001, 0x0001, 0x0001, 0x0001, 0x0001, 0x0021, 0x0021, 0x0001, 0x0001, 0x0021, 0x0021, 0x0001, 0x0001, 
	0x0021, 0x0001, 0x0001, 0x0000, 0x0021, 0x0000, 0x0001, 0x0001, 0x0000, 0x0001, 0x0000, 0x0000, 0x0001, 0x0000, 0x0000, 0x0000, 
	0x0000, 0x0000, 0x0000, 0x0000, 0x0000, 0x0000, 0x0000, 0x0000, 0x0000, 0x0001, 0x0001, 0x0000, 0x0000, 0x0000, 0x0000, 0x0000, 
	0x0000, 0x0000, 0x0001, 0x0001, 0x0000, 0x0001, 0x0001, 0x0001, 0x0022, 0x0021, 0x0021, 0x0021, 0x0000, 0x0000, 0x0000, 0x0000, 
	0x0000, 0x0000, 0x0000, 0x0000, 0x0000, 0x0000, 0x08a5, 0x2a6b, 0x0906, 0x00e6, 0x2249, 0x19c8, 0x0022, 0x0001, 0x0001, 0x0002, 
	0x0001, 0x0000, 0x0000, 0x0000, 0x0022, 0x0021, 0x0000, 0x0000, 0x0000, 0x0000, 0x0000, 0x0000, 0x0000, 0x0000, 0x0000, 0x0000, 
	0x0863, 0x0863, 0x0000, 0x0000, 0x0021, 0x0042, 0x0000, 0x0000, 0x0000, 0x0000, 0x0000, 0x0000, 0x0000, 0x0000, 0x0000, 0x0000, 
	0x0000, 0x0000, 0x0000, 0x0000, 0x0000, 0x0000, 0x0843, 0x0021, 0x0000, 0x0000, 0x0000, 0x0000, 0x0000, 0x0000, 0x0000, 0x0000, 
	0x0000, 0x0000, 0x0000, 0x0000, 0x0000, 0x0000, 0x0000, 0x0863, 0x0021, 0x0000, 0x0000, 0x0000, 0x0001, 0x08ea, 0x0065, 0x0000, 
	0x0001, 0x0000, 0x0000, 0x0000, 0x0000, 0x0000, 0x0000, 0x0000, 0x0000, 0x0042, 0x0022, 0x0000, 0x0000, 0x0000, 0x0000, 0x0000, 
	0x0000, 0x0000, 0x0000, 0x0000, 0x0000, 0x0000, 0x0000, 0x0000, 0x0000, 0x0000, 0x0001, 0x0001, 0x0001, 0x0002, 0x0002, 0x0003, 
	0x0044, 0x0003, 0x0001, 0x0002, 0x0001, 0x0000, 0x0000, 0x0000, 0x0000, 0x0000, 0x0000, 0x0000, 0x0000, 0x0000, 0x0000, 0x0000, 
	0x0000, 0x1430, 0x4495, 0x628e, 0x18e6, 0x0127, 0x22ce, 0x0062, 0x0000, 0x0000, 0x0000, 0x0000, 0x0000, 0x0000, 0x0000, 0x0000, 
	0x0000, 0x0000, 0x0000, 0x0000, 0x0043, 0x0021, 0x0000, 0x0000, 0x0000, 0x0000, 0x0000, 0x0000, 0x0000, 0x0000, 0x0000, 0x0000, 
	0x0000, 0x0000, 0x0000, 0x0000, 0x0000, 0x0000, 0x0022, 0x0042, 0x0000, 0x0000, 0x0001, 0x0001, 0x0001, 0x0002, 0x0001, 0x0001, 
	0x0001, 0x0001, 0x0000, 0x0000, 0x0000, 0x0000, 0x0000, 0x0000, 0x0043, 0x0001, 0x0002, 0x0023, 0x0002, 0x0025, 0x1333, 0x1c39, 
	0x00c8, 0x0002, 0x0022, 0x0001, 0x0001, 0x0000, 0x0000, 0x0000, 0x0000, 0x0000, 0x0000, 0x0000, 0x0000, 0x0001, 0x0022, 0x0021, 
	0x0000, 0x0001, 0x0001, 0x0000, 0x0044, 0x118d, 0x0065, 0x0001, 0x0001, 0x0001, 0x0000, 0x0000, 0x0000, 0x0000, 0x0000, 0x0000, 
	0x0000, 0x0000, 0x0000, 0x0000, 0x0022, 0x0022, 0x0000, 0x0000, 0x0000, 0x0000, 0x0000, 0x0000, 0x0000, 0x0000, 0x0021, 0x0000, 
	0x0000, 0x0000, 0x0001, 0x0001, 0x0001, 0x0001, 0x0001, 0x0001, 0x0001, 0x0001, 0x0001, 0x0001, 0x0001, 0x0001, 0x0021, 0x0021, 
	0x0001, 0x0001, 0x0001, 0x0021, 0x0001, 0x0001, 0x0001, 0x0001, 0x0001, 0x0001, 0x0001, 0x0001, 0x0001, 0x0001, 0x0021, 0x0021, 
	0x0001, 0x0001, 0x0001, 0x0021, 0x0001, 0x0000, 0x0000, 0x0001, 0x0001, 0x0001, 0x0001, 0x0000, 0x0000, 0x0021, 0x0000, 0x0020, 
	0x0000, 0x0001, 0x0001, 0x0000, 0x0000, 0x0000, 0x0000, 0x0000, 0x0000, 0x0001, 0x0001, 0x0000, 0x0000, 0x0000, 0x0000, 0x0000, 
	0x0000, 0x0000, 0x0000, 0x0000, 0x0000, 0x0001, 0x0001, 0x0000, 0x0000, 0x0000, 0x0000, 0x0001, 0x0000, 0x0000, 0x0000, 0x0000, 
	0x0000, 0x0000, 0x0000, 0x0000, 0x0000, 0x0001, 0x0883, 0x29e8, 0x0905, 0x0127, 0x3c50, 0x2acb, 0x0000, 0x0000, 0x0043, 0x0023, 
	0x0000, 0x0000, 0x0000, 0x0000, 0x0022, 0x0021, 0x0000, 0x0000, 0x0000, 0x0000, 0x0000, 0x0000, 0x0000, 0x0000, 0x0000, 0x0000, 
	0x0000, 0x0000, 0x0000, 0x0000, 0x0022, 0x0042, 0x0000, 0x0000, 0x1041, 0x0000, 0x0000, 0x0000, 0x0000, 0x0000, 0x0000, 0x0000, 
	0x0000, 0x0000, 0x0000, 0x0000, 0x0000, 0x0000, 0x0842, 0x0021, 0x0000, 0x0000, 0x0000, 0x0000, 0x0000, 0x0000, 0x0000, 0x0841, 
	0x0841, 0x0841, 0x00a3, 0x00e4, 0x0020, 0x0000, 0x0000, 0x0001, 0x0000, 0x0000, 0x0000, 0x0000, 0x0000, 0x0065, 0x08a8, 0x0002, 
	0x0000, 0x0000, 0x0000, 0x0000, 0x0000, 0x0000, 0x0000, 0x0000, 0x0000, 0x0022, 0x0022, 0x0000, 0x0000, 0x0000, 0x0000, 0x0000, 
	0x0000, 0x0000, 0x0000, 0x0000, 0x0000, 0x0000, 0x0000, 0x0000, 0x0000, 0x0000, 0x0000, 0x0001, 0x0001, 0x0001, 0x0001, 0x0000, 
	0x0000, 0x0084, 0x00e5, 0x00a4, 0x00a4, 0x0083, 0x0062, 0x00c3, 0x0000, 0x0000, 0x0000, 0x0000, 0x0000, 0x0000, 0x0000, 0x0000, 
	0x0062, 0x2472, 0x0947, 0x2823, 0x18c5, 0x1aae, 0x1188, 0x0000, 0x0000, 0x0000, 0x0000, 0x0000, 0x0000, 0x0000, 0x0000, 0x0000, 
	0x0000, 0x0000, 0x0000, 0x0000, 0x0042, 0x0001, 0x0000, 0x0000, 0x0000, 0x0000, 0x0000, 0x0000, 0x0000, 0x0000, 0x0000, 0x0021, 
	0x0000, 0x0000, 0x0000, 0x0000, 0x0000, 0x0000, 0x0042, 0x0042, 0x0000, 0x0000, 0x0000, 0x0001, 0x0001, 0x0001, 0x0001, 0x0001, 
	0x0001, 0x0000, 0x0000, 0x0000, 0x0000, 0x0000, 0x0000, 0x0021, 0x0043, 0x0002, 0x0023, 0x0003, 0x0003, 0x1312, 0x1438, 0x00a8, 
	0x0002, 0x0023, 0x0002, 0x0001, 0x0000, 0x0000, 0x0000, 0x0000, 0x0000, 0x0000, 0x0000, 0x0000, 0x0000, 0x0000, 0x0021, 0x0001, 
	0x0000, 0x0001, 0x0001, 0x0001, 0x094b, 0x090a, 0x0001, 0x0001, 0x0001, 0x0001, 0x0000, 0x0000, 0x0000, 0x0000, 0x0000, 0x0000, 
	0x0000, 0x0000, 0x0001, 0x0000, 0x0022, 0x0022, 0x0000, 0x0000, 0x0000, 0x0001, 0x0001, 0x0000, 0x0000, 0x0001, 0x0001, 0x0001, 
	0x0001, 0x0001, 0x0001, 0x0021, 0x0001, 0x0001, 0x0001, 0x0001, 0x0001, 0x0001, 0x0021, 0x0021, 0x0021, 0x0021, 0x0021, 0x0021, 
	0x0021, 0x0021, 0x0021, 0x0021, 0x0001, 0x0001, 0x0001, 0x0021, 0x0001, 0x0001, 0x0021, 0x0001, 0x0001, 0x0001, 0x0001, 0x0001, 
	0x0001, 0x0001, 0x0021, 0x0001, 0x0001, 0x0001, 0x0001, 0x0001, 0x0021, 0x0001, 0x0021, 0x0021, 0x0000, 0x0000, 0x0021, 0x0021, 
	0x0021, 0x0001, 0x0001, 0x0000, 0x0000, 0x0000, 0x0000, 0x0000, 0x0000, 0x0001, 0x0002, 0x0000, 0x0000, 0x0000, 0x0000, 0x0000, 
	0x0000, 0x0000, 0x0000, 0x0000, 0x0000, 0x0000, 0x0000, 0x0000, 0x0001, 0x0000, 0x0000, 0x0000, 0x0000, 0x0000, 0x0000, 0x0000, 
	0x0000, 0x0000, 0x0000, 0x0000, 0x0042, 0x0885, 0x0000, 0x0000, 0x0000, 0x0003, 0x11a7, 0x0924, 0x0000, 0x0000, 0x0065, 0x0045, 
	0x0000, 0x0000, 0x0000, 0x0000, 0x0022, 0x0021, 0x0000, 0x0000, 0x0000, 0x0000, 0x0000, 0x0000, 0x0000, 0x0000, 0x0000, 0x0000, 
	0x0000, 0x0000, 0x0000, 0x0000, 0x0022, 0x0042, 0x0000, 0x0000, 0x40e6, 0x1041, 0x0000, 0x0000, 0x0000, 0x0000, 0x0000, 0x0000, 
	0x0000, 0x0000, 0x0000, 0x0000, 0x0000, 0x0000, 0x0042, 0x0021, 0x0000, 0x0000, 0x0000, 0x0000, 0x0000, 0x0000, 0x2904, 0x49e9, 
	0x51c8, 0x49e9, 0x436f, 0x3bf1, 0x22ac, 0x09a7, 0x0000, 0x0000, 0x1062, 0x1166, 0x1a8a, 0x1229, 0x0001, 0x0000, 0x0004, 0x0003, 
	0x0000, 0x0000, 0x0000, 0x0000, 0x0000, 0x0000, 0x0000, 0x0000, 0x0000, 0x0022, 0x0042, 0x0000, 0x0000, 0x0000, 0x0000, 0x0000, 
	0x0000, 0x0000, 0x0000, 0x0000, 0x0000, 0x0000, 0x0000, 0x0000, 0x0000, 0x0000, 0x0000, 0x0000, 0x0000, 0x0000, 0x0021, 0x1a8a, 
	0x1a6b, 0x23f2, 0x23d2, 0x2370, 0x234f, 0x23b1, 0x2453, 0x2433, 0x1baf, 0x1a69, 0x00a2, 0x0000, 0x0000, 0x0000, 0x0000, 0x0000, 
	0x1b0c, 0x2410, 0x1acb, 0x1aab, 0x0021, 0x1147, 0x08e5, 0x0000, 0x0000, 0x0000, 0x0000, 0x0000, 0x0000, 0x0000, 0x0000, 0x0000, 
	0x0000, 0x0000, 0x0000, 0x0000, 0x0042, 0x0021, 0x0000, 0x0000, 0x0000, 0x0000, 0x0000, 0x0000, 0x0000, 0x0000, 0x0000, 0x0021, 
	0x0000, 0x0000, 0x0000, 0x0000, 0x0000, 0x0000, 0x0042, 0x0042, 0x0000, 0x0000, 0x0000, 0x0000, 0x0001, 0x0001, 0x0000, 0x0000, 
	0x0000, 0x0000, 0x0000, 0x0000, 0x0000, 0x0000, 0x0000, 0x0021, 0x0063, 0x0023, 0x0002, 0x0002, 0x12b0, 0x1c17, 0x00c8, 0x0002, 
	0x0023, 0x0002, 0x0001, 0x0001, 0x0000, 0x0000, 0x0000, 0x0000, 0x0000, 0x0000, 0x0000, 0x2884, 0x2064, 0x0000, 0x0000, 0x0000, 
	0x0001, 0x0001, 0x0001, 0x08a8, 0x096c, 0x0023, 0x0001, 0x0001, 0x0001, 0x0000, 0x0000, 0x0000, 0x0000, 0x0001, 0x0001, 0x0000, 
	0x0000, 0x0001, 0x0000, 0x0000, 0x0000, 0x0000, 0x0001, 0x0021, 0x0001, 0x0021, 0x0001, 0x0001, 0x0001, 0x0001, 0x0021, 0x0001, 
	0x0021, 0x0001, 0x0001, 0x0021, 0x0021, 0x0021, 0x0001, 0x0021, 0x0021, 0x0001, 0x0021, 0x0021, 0x0021, 0x0021, 0x0021, 0x0001, 
	0x0021, 0x0021, 0x0021, 0x0021, 0x0021, 0x0021, 0x0021, 0x0021, 0x0001, 0x0021, 0x0021, 0x0001, 0x0001, 0x0021, 0x0001, 0x0001, 
	0x0021, 0x0001, 0x0001, 0x0001, 0x0001, 0x0001, 0x0001, 0x0001, 0x0021, 0x0021, 0x0021, 0x0021, 0x0021, 0x0021, 0x0021, 0x0021, 
	0x0021, 0x0001, 0x0021, 0x0021, 0x0000, 0x0000, 0x0000, 0x0000, 0x0000, 0x0001, 0x0021, 0x0001, 0x0001, 0x0001, 0x0000, 0x0001, 
	0x0000, 0x0000, 0x0001, 0x0001, 0x0000, 0x0000, 0x0001, 0x0022, 0x0022, 0x0000, 0x0001, 0x0021, 0x0000, 0x0000, 0x0000, 0x0000, 
	0x0000, 0x0000, 0x0001, 0x0021, 0x0022, 0x0064, 0x0000, 0x0001, 0x0021, 0x0022, 0x0000, 0x0000, 0x0000, 0x0000, 0x0886, 0x0885, 
	0x0000, 0x0000, 0x0000, 0x0000, 0x0042, 0x0021, 0x0000, 0x0000, 0x0000, 0x0000, 0x0000, 0x0000, 0x0000, 0x0000, 0x0001, 0x0001, 
	0x0001, 0x0001, 0x0021, 0x0001, 0x0022, 0x0023, 0x0002, 0x0022, 0x0802, 0x0000, 0x0000, 0x0000, 0x0000, 0x0000, 0x0000, 0x0000, 
	0x0000, 0x0000, 0x0000, 0x0000, 0x0000, 0x0000, 0x0043, 0x0021, 0x0000, 0x0000, 0x0000, 0x0000, 0x0821, 0x20e5, 0x31a9, 0x2968, 
	0x20e5, 0x3926, 0x51c8, 0x5188, 0x5a8c, 0x4432, 0x1a6a, 0x1125, 0x10a4, 0x2a6b, 0x3433, 0x3494, 0x1b6f, 0x1aab, 0x1167, 0x0001, 
	0x0000, 0x0000, 0x08e4, 0x1105, 0x1105, 0x1105, 0x1105, 0x0000, 0x0000, 0x0022, 0x0042, 0x0000, 0x0000, 0x0000, 0x0041, 0x222a, 
	0x224b, 0x21c8, 0x222a, 0x2209, 0x0883, 0x0000, 0x0000, 0x0000, 0x0000, 0x0000, 0x0000, 0x0000, 0x0041, 0x19c8, 0x22ed, 0x3433, 
	0x2bf2, 0x120a, 0x0884, 0x08a3, 0x0883, 0x08e5, 0x1188, 0x08c5, 0x2b50, 0x3d78, 0x2c94, 0x1187, 0x0021, 0x0000, 0x0000, 0x0924, 
	0x2d55, 0x3c94, 0x6577, 0x33af, 0x1187, 0x1987, 0x0041, 0x0000, 0x0000, 0x0000, 0x0000, 0x0000, 0x0000, 0x0000, 0x0000, 0x0000, 
	0x0000, 0x0000, 0x0000, 0x0000, 0x0043, 0x0021, 0x0000, 0x0000, 0x0000, 0x0000, 0x0000, 0x0000, 0x0000, 0x0000, 0x0000, 0x0000, 
	0x0000, 0x0000, 0x0000, 0x0000, 0x0000, 0x0000, 0x0042, 0x0042, 0x0000, 0x0000, 0x0000, 0x0000, 0x0000, 0x0000, 0x0000, 0x0000, 
	0x0000, 0x0000, 0x0000, 0x0000, 0x0000, 0x0000, 0x0001, 0x0022, 0x0064, 0x0002, 0x0002, 0x126f, 0x13f6, 0x0109, 0x0001, 0x0023, 
	0x0022, 0x0001, 0x0000, 0x0000, 0x0000, 0x0000, 0x0000, 0x0000, 0x0000, 0x0000, 0x0000, 0x38c6, 0x30a6, 0x0000, 0x0000, 0x0001, 
	0x0001, 0x0001, 0x0086, 0x092b, 0x0044, 0x0001, 0x0001, 0x0001, 0x0000, 0x0020, 0x0020, 0x0001, 0x0021, 0x0021, 0x0021, 0x0000, 
	0x0021, 0x0021, 0x0001, 0x0021, 0x0021, 0x0001, 0x0001, 0x0021, 0x0021, 0x0001, 0x0021, 0x0021, 0x0021, 0x0021, 0x0021, 0x0021, 
	0x0021, 0x0001, 0x0021, 0x0021, 0x0021, 0x0021, 0x0021, 0x0021, 0x0001, 0x0001, 0x0001, 0x0021, 0x0021, 0x0021, 0x0021, 0x0021, 
	0x0021, 0x0021, 0x0021, 0x0021, 0x0021, 0x0021, 0x0021, 0x0021, 0x0021, 0x0021, 0x0021, 0x0021, 0x0021, 0x0001, 0x0001, 0x0001, 
	0x0001, 0x0001, 0x0021, 0x0021, 0x0001, 0x0001, 0x0021, 0x0021, 0x0001, 0x0021, 0x0021, 0x0001, 0x0021, 0x0001, 0x0001, 0x0021, 
	0x0001, 0x0021, 0x0001, 0x0021, 0x0001, 0x0021, 0x0001, 0x0000, 0x0000, 0x0021, 0x0022, 0x0001, 0x0023, 0x0022, 0x0000, 0x0001, 
	0x0001, 0x0000, 0x0001, 0x0001, 0x0000, 0x0000, 0x0001, 0x0021, 0x0001, 0x0000, 0x0000, 0x0001, 0x0000, 0x0000, 0x0000, 0x0000, 
	0x0000, 0x0000, 0x0022, 0x0044, 0x0023, 0x0023, 0x0001, 0x0001, 0x0001, 0x0020, 0x0000, 0x0000, 0x0000, 0x0064, 0x11cc, 0x08e6, 
	0x0000, 0x0000, 0x0000, 0x0000, 0x0042, 0x0022, 0x0000, 0x0000, 0x0000, 0x0021, 0x0021, 0x0001, 0x0021, 0x0022, 0x0022, 0x0022, 
	0x0022, 0x0022, 0x0023, 0x0024, 0x0024, 0x0024, 0x0024, 0x0024, 0x0002, 0x0000, 0x0000, 0x0000, 0x0000, 0x0000, 0x0000, 0x0000, 
	0x0000, 0x0000, 0x0000, 0x0000, 0x0000, 0x0000, 0x0043, 0x0021, 0x0000, 0x0020, 0x0000, 0x0000, 0x0841, 0x20e4, 0x0063, 0x0863, 
	0x0000, 0x0842, 0x1883, 0x1862, 0x40e5, 0x5988, 0x52ac, 0x3411, 0x1b2d, 0x0842, 0x1001, 0x1906, 0x2acd, 0x334f, 0x2c52, 0x23b0, 
	0x1166, 0x0000, 0x224b, 0x22ee, 0x2ace, 0x2aee, 0x33b2, 0x2aee, 0x21e8, 0x0000, 0x0000, 0x0000, 0x0000, 0x10e5, 0x334f, 0x3bb0, 
	0x0926, 0x0883, 0x08a4, 0x19c9, 0x10e4, 0x0000, 0x0000, 0x0000, 0x0000, 0x0000, 0x0000, 0x0000, 0x0862, 0x226b, 0x19a9, 0x0823, 
	0x0000, 0x0000, 0x0000, 0x0000, 0x0000, 0x0000, 0x0000, 0x0000, 0x1043, 0x1086, 0x11ca, 0x226c, 0x0842, 0x0000, 0x0000, 0x12cb, 
	0x1a6c, 0x4b10, 0x5331, 0x2064, 0x0883, 0x23b0, 0x0945, 0x0000, 0x0000, 0x0000, 0x0000, 0x0000, 0x0000, 0x0000, 0x0000, 0x0000, 
	0x0000, 0x0000, 0x0000, 0x0000, 0x0043, 0x0021, 0x0000, 0x0000, 0x0000, 0x0000, 0x0000, 0x0000, 0x0000, 0x0000, 0x0000, 0x0000, 
	0x0000, 0x0000, 0x0000, 0x0000, 0x0000, 0x0000, 0x0042, 0x0042, 0x0000, 0x0000, 0x0000, 0x0000, 0x0000, 0x0000, 0x0000, 0x0000, 
	0x0000, 0x0000, 0x0000, 0x0000, 0x0001, 0x0001, 0x0002, 0x0023, 0x0003, 0x0065, 0x0af1, 0x13d6, 0x00c8, 0x0001, 0x0002, 0x0002, 
	0x0001, 0x0000, 0x0000, 0x0000, 0x0000, 0x0000, 0x0000, 0x0000, 0x0000, 0x0000, 0x0000, 0x0000, 0x0001, 0x0001, 0x0001, 0x0001, 
	0x0001, 0x0002, 0x08e9, 0x0065, 0x0001, 0x0002, 0x0001, 0x0001, 0x0000, 0x0021, 0x0021, 0x0021, 0x0021, 0x0000, 0x0021, 0x0021, 
	0x0001, 0x0001, 0x0021, 0x0001, 0x0001, 0x0021, 0x0001, 0x0001, 0x0001, 0x0001, 0x0021, 0x0021, 0x0001, 0x0001, 0x0021, 0x0021, 
	0x0021, 0x0021, 0x0001, 0x0021, 0x0021, 0x0021, 0x0001, 0x0021, 0x0001, 0x0021, 0x0021, 0x0021, 0x0021, 0x0021, 0x0021, 0x0021, 
	0x0021, 0x0021, 0x0021, 0x0021, 0x0021, 0x0021, 0x0021, 0x0021, 0x0021, 0x0021, 0x0021, 0x0021, 0x0021, 0x0021, 0x0021, 0x0001, 
	0x0001, 0x0001, 0x0021, 0x0001, 0x0001, 0x0001, 0x0021, 0x0021, 0x0001, 0x0001, 0x0001, 0x0001, 0x0021, 0x0001, 0x0001, 0x0001, 
	0x0001, 0x0862, 0x10e6, 0x10e6, 0x0841, 0x0021, 0x0021, 0x0021, 0x0001, 0x0001, 0x0022, 0x0021, 0x0024, 0x0022, 0x0000, 0x0021, 
	0x0001, 0x0000, 0x0000, 0x0000, 0x0000, 0x0000, 0x0020, 0x0000, 0x0000, 0x0001, 0x0000, 0x0000, 0x0000, 0x0000, 0x0000, 0x0000, 
	0x0000, 0x0000, 0x0063, 0x08c6, 0x0066, 0x0087, 0x0001, 0x0000, 0x0020, 0x0000, 0x0000, 0x0000, 0x0000, 0x00a6, 0x1aaf, 0x08e5, 
	0x0000, 0x0000, 0x0000, 0x0000, 0x0042, 0x0022, 0x0000, 0x0000, 0x0001, 0x0002, 0x0001, 0x0023, 0x0001, 0x0002, 0x0023, 0x0001, 
	0x0002, 0x0002, 0x0002, 0x0003, 0x0003, 0x0023, 0x0001, 0x0002, 0x0023, 0x0000, 0x0000, 0x0000, 0x0000, 0x0000, 0x0000, 0x0000, 
	0x0000, 0x0000, 0x0000, 0x0000, 0x0000, 0x0000, 0x0043, 0x0021, 0x0000, 0x0000, 0x2104, 0x39e8, 0x2126, 0x18c5, 0x18e5, 0x0884, 
	0x0883, 0x0883, 0x0883, 0x0000, 0x0000, 0x28c5, 0x6188, 0x5a0a, 0x4c31, 0x238f, 0x0000, 0x0000, 0x0801, 0x20c5, 0x21a9, 0x2bb1, 
	0x3536, 0x1a4a, 0x0000, 0x0863, 0x0042, 0x0002, 0x0023, 0x228d, 0x3b90, 0x22ed, 0x1166, 0x0000, 0x19a7, 0x224b, 0x1126, 0x0022, 
	0x22ad, 0x22ef, 0x1ace, 0x1b2f, 0x2370, 0x2390, 0x23d1, 0x2bf1, 0x23f1, 0x2bf1, 0x2bf1, 0x23d1, 0x13f1, 0x0a8c, 0x0022, 0x0000, 
	0x1a29, 0x2bf0, 0x23af, 0x1baf, 0x1bf0, 0x1bf0, 0x12cc, 0x0967, 0x0062, 0x0042, 0x0864, 0x08e7, 0x0a2a, 0x2430, 0x1208, 0x0a09, 
	0x220a, 0x4a2c, 0x424d, 0x2947, 0x0000, 0x0a8c, 0x1aab, 0x1c51, 0x130c, 0x0820, 0x0000, 0x0000, 0x0000, 0x0000, 0x0000, 0x0000, 
	0x0000, 0x0000, 0x0000, 0x0000, 0x0042, 0x0021, 0x0000, 0x0000, 0x0000, 0x0001, 0x0001, 0x0000, 0x0000, 0x0000, 0x0000, 0x0000, 
	0x0000, 0x0000, 0x0000, 0x0000, 0x0000, 0x0000, 0x0042, 0x0042, 0x0000, 0x0000, 0x0000, 0x0000, 0x0000, 0x0000, 0x0000, 0x0000, 
	0x0000, 0x0000, 0x0000, 0x0001, 0x0001, 0x0022, 0x0002, 0x0001, 0x00c8, 0x1394, 0x1353, 0x00a7, 0x0002, 0x0002, 0x0002, 0x0001, 
	0x0001, 0x0000, 0x0000, 0x0000, 0x0000, 0x0000, 0x0000, 0x0001, 0x0000, 0x0000, 0x0000, 0x0000, 0x0001, 0x0002, 0x0001, 0x0001, 
	0x0001, 0x08a7, 0x0086, 0x0001, 0x0022, 0x0021, 0x0021, 0x0001, 0x0001, 0x0021, 0x0021, 0x0021, 0x0021, 0x0001, 0x0021, 0x0001, 
	0x0001, 0x0001, 0x0021, 0x0001, 0x0001, 0x0001, 0x0001, 0x0001, 0x0001, 0x0021, 0x0001, 0x0021, 0x0021, 0x0001, 0x0021, 0x0021, 
	0x0021, 0x0021, 0x0021, 0x0021, 0x0021, 0x0021, 0x0021, 0x0021, 0x0021, 0x0021, 0x0021, 0x0021, 0x0021, 0x0021, 0x0021, 0x0021, 
	0x0021, 0x0021, 0x0021, 0x0021, 0x0021, 0x0021, 0x0021, 0x0021, 0x0021, 0x0021, 0x0021, 0x0021, 0x0021, 0x0021, 0x0021, 0x0021, 
	0x0021, 0x0021, 0x0021, 0x0021, 0x0021, 0x0021, 0x0021, 0x0021, 0x0821, 0x1843, 0x0821, 0x0001, 0x0021, 0x0021, 0x0001, 0x0001, 
	0x0021, 0x2147, 0x5a02, 0x5a03, 0x1947, 0x0841, 0x0001, 0x0021, 0x0001, 0x0021, 0x0023, 0x0001, 0x0004, 0x0002, 0x0001, 0x0021, 
	0x0001, 0x0021, 0x0021, 0x0001, 0x0000, 0x0000, 0x0001, 0x0001, 0x0023, 0x0021, 0x0000, 0x0000, 0x0000, 0x0001, 0x0000, 0x0000, 
	0x0000, 0x0000, 0x0021, 0x0863, 0x08e9, 0x0909, 0x0000, 0x0000, 0x0000, 0x0000, 0x0000, 0x0000, 0x0000, 0x0022, 0x08a7, 0x0043, 
	0x0000, 0x0000, 0x0000, 0x0000, 0x0042, 0x0022, 0x0000, 0x0000, 0x0001, 0x08c5, 0x1105, 0x0001, 0x11c8, 0x0926, 0x0023, 0x1167, 
	0x0927, 0x1188, 0x08e6, 0x0044, 0x0044, 0x0003, 0x19a9, 0x1127, 0x0002, 0x0000, 0x0000, 0x0000, 0x0000, 0x0000, 0x0000, 0x0000, 
	0x0000, 0x0000, 0x0000, 0x0000, 0x0000, 0x0000, 0x0042, 0x0021, 0x0000, 0x10a3, 0x62ed, 0x7b8e, 0x4a8c, 0x3a0b, 0x39ea, 0x2988, 
	0x2106, 0x18e6, 0x2127, 0x18e5, 0x0842, 0x0001, 0x1883, 0x5147, 0x59a8, 0x4411, 0x1aac, 0x0000, 0x0021, 0x0000, 0x1062, 0x2106, 
	0x2aee, 0x3536, 0x0967, 0x2127, 0x332f, 0x222b, 0x0863, 0x0000, 0x0000, 0x1167, 0x3390, 0x2b0d, 0x19a8, 0x0042, 0x0822, 0x29ca, 
	0x2aae, 0x22ae, 0x228e, 0x22ae, 0x22ce, 0x22ef, 0x22ef, 0x2310, 0x22f0, 0x22ef, 0x22cf, 0x1aef, 0x1414, 0x13f3, 0x1a8d, 0x1063, 
	0x10c4, 0x1187, 0x11c9, 0x1a8d, 0x1acd, 0x12ed, 0x2473, 0x1c33, 0x1d38, 0x0d17, 0x0cd7, 0x0d18, 0x1e19, 0x1b8f, 0x1105, 0x08e5, 
	0x1947, 0x3169, 0x3169, 0x2147, 0x10a4, 0x00c5, 0x1988, 0x2516, 0x1659, 0x1d76, 0x1acb, 0x0821, 0x0000, 0x0000, 0x0000, 0x0000, 
	0x0000, 0x0000, 0x0000, 0x0000, 0x0043, 0x0021, 0x0000, 0x0000, 0x0000, 0x0022, 0x0022, 0x0000, 0x0000, 0x0000, 0x0000, 0x0000, 
	0x0000, 0x0000, 0x0000, 0x0000, 0x0000, 0x0000, 0x0042, 0x0042, 0x0000, 0x0000, 0x0000, 0x0000, 0x0000, 0x0000, 0x0000, 0x0000, 
	0x0000, 0x0000, 0x0001, 0x0001, 0x0022, 0x0002, 0x0002, 0x096b, 0x13b5, 0x1270, 0x0004, 0x0002, 0x0003, 0x0002, 0x0001, 0x0001, 
	0x0000, 0x0000, 0x0000, 0x0001, 0x0001, 0x0000, 0x0000, 0x0020, 0x0000, 0x0021, 0x0020, 0x0000, 0x0022, 0x0023, 0x0002, 0x0000, 
	0x0086, 0x094b, 0x0023, 0x0001, 0x0021, 0x0021, 0x0001, 0x0001, 0x0021, 0x0021, 0x0021, 0x0001, 0x0021, 0x0001, 0x0021, 0x0021, 
	0x0001, 0x0001, 0x0021, 0x0001, 0x0001, 0x0001, 0x0021, 0x0001, 0x0001, 0x0021, 0x0021, 0x0001, 0x0021, 0x0021, 0x0021, 0x0021, 
	0x0021, 0x0021, 0x0021, 0x0021, 0x0021, 0x0021, 0x0021, 0x0021, 0x0021, 0x0021, 0x0021, 0x0021, 0x0021, 0x0021, 0x0021, 0x0021, 
	0x0021, 0x0021, 0x0021, 0x0021, 0x0021, 0x0021, 0x0021, 0x0021, 0x0021, 0x0021, 0x0021, 0x0021, 0x0021, 0x0021, 0x0021, 0x0021, 
	0x0021, 0x0021, 0x0021, 0x0021, 0x0021, 0x0021, 0x0021, 0x0021, 0x0821, 0x2063, 0x0821, 0x0021, 0x0021, 0x0021, 0x0021, 0x0001, 
	0x2126, 0x2124, 0xfea4, 0xfe64, 0x10e4, 0x2126, 0x0021, 0x0021, 0x0001, 0x0001, 0x0002, 0x0002, 0x0025, 0x0023, 0x0001, 0x0021, 
	0x0021, 0x0001, 0x0021, 0x0001, 0x0021, 0x0022, 0x0001, 0x0065, 0x0045, 0x0001, 0x0001, 0x0001, 0x0001, 0x0021, 0x0021, 0x0021, 
	0x0020, 0x0021, 0x0000, 0x0000, 0x0885, 0x08c6, 0x0000, 0x0000, 0x0000, 0x0000, 0x0000, 0x0000, 0x0000, 0x0001, 0x0003, 0x0001, 
	0x0000, 0x0000, 0x0000, 0x0000, 0x0042, 0x0042, 0x0000, 0x0000, 0x0001, 0x1105, 0x222a, 0x08e5, 0x2b6e, 0x11a8, 0x0023, 0x1a0a, 
	0x11a8, 0x1a4a, 0x1a6b, 0x0927, 0x0043, 0x0885, 0x33f1, 0x1a4b, 0x0001, 0x0000, 0x0000, 0x0000, 0x0000, 0x0000, 0x0000, 0x0001, 
	0x0000, 0x0000, 0x0000, 0x0000, 0x0000, 0x0000, 0x0042, 0x0000, 0x0862, 0x526b, 0x72ec, 0x6a6a, 0x62cc, 0x5b0d, 0x428b, 0x31c9, 
	0x3168, 0x2947, 0x2106, 0x2127, 0x2147, 0x18e5, 0x0000, 0x1042, 0x4906, 0x51c9, 0x3493, 0x1229, 0x18a4, 0x18e5, 0x0001, 0x0021, 
	0x2927, 0x2b0f, 0x2493, 0x1a0a, 0x29ea, 0x328d, 0x3aae, 0x21a8, 0x1905, 0x0001, 0x1905, 0x226c, 0x228c, 0x1946, 0x2126, 0x1988, 
	0x11ea, 0x11ca, 0x11ea, 0x11ea, 0x120b, 0x122b, 0x124c, 0x0a4c, 0x124c, 0x0a4c, 0x0a2b, 0x0a6c, 0x12ad, 0x130f, 0x1391, 0x1370, 
	0x0a8c, 0x0a4b, 0x08e5, 0x0822, 0x0001, 0x1927, 0x1189, 0x1168, 0x0a6c, 0x0d18, 0x0639, 0x0659, 0x1c95, 0x0000, 0x1063, 0x2147, 
	0x0842, 0x18c4, 0x10a4, 0x10c5, 0x18e5, 0x10a4, 0x18e6, 0x0823, 0x1517, 0x0619, 0x15f9, 0x1cf4, 0x126a, 0x0820, 0x0000, 0x0000, 
	0x0000, 0x0000, 0x0000, 0x0000, 0x0043, 0x0021, 0x0000, 0x0000, 0x0000, 0x0001, 0x0001, 0x0000, 0x0000, 0x0000, 0x0000, 0x0000, 
	0x0000, 0x0000, 0x0000, 0x0000, 0x0000, 0x0000, 0x0042, 0x0042, 0x0000, 0x0000, 0x0000, 0x0000, 0x0000, 0x0000, 0x0000, 0x0000, 
	0x0000, 0x0001, 0x0001, 0x0002, 0x0001, 0x0003, 0x0a4f, 0x1418, 0x0a50, 0x0003, 0x0002, 0x0023, 0x0002, 0x0001, 0x0001, 0x0001, 
	0x0000, 0x0001, 0x0021, 0x0000, 0x0000, 0x0000, 0x0001, 0x0001, 0x0021, 0x0001, 0x0001, 0x0001, 0x0022, 0x0023, 0x0001, 0x0065, 
	0x116b, 0x0086, 0x0001, 0x0021, 0x0001, 0x0001, 0x0001, 0x0021, 0x0021, 0x0021, 0x0001, 0x0001, 0x0021, 0x0001, 0x0021, 0x0021, 
	0x0001, 0x0001, 0x0021, 0x0021, 0x0021, 0x0021, 0x0021, 0x0021, 0x0021, 0x0021, 0x0021, 0x0021, 0x0021, 0x0021, 0x0021, 0x0021, 
	0x0021, 0x0021, 0x0021, 0x0021, 0x0021, 0x0021, 0x0021, 0x0021, 0x0021, 0x0021, 0x0021, 0x0021, 0x0021, 0x0021, 0x0021, 0x0021, 
	0x0021, 0x0021, 0x0021, 0x0021, 0x0021, 0x0021, 0x0021, 0x0021, 0x0021, 0x0021, 0x0021, 0x0021, 0x0021, 0x0021, 0x0021, 0x0021, 
	0x0021, 0x0021, 0x0021, 0x0021, 0x0021, 0x0021, 0x0021, 0x0021, 0x0021, 0x0021, 0x0021, 0x0021, 0x0021, 0x0021, 0x0021, 0x1082, 
	0x00c8, 0x9343, 0xfe85, 0xfe85, 0x9343, 0x08e8, 0x1082, 0x0001, 0x0001, 0x0043, 0x10e7, 0x0883, 0x2371, 0x11a9, 0x0001, 0x0001, 
	0x0001, 0x0001, 0x0022, 0x0022, 0x0022, 0x0045, 0x08a6, 0x110a, 0x116a, 0x0021, 0x0001, 0x0001, 0x0001, 0x0001, 0x0021, 0x0021, 
	0x0021, 0x0001, 0x0001, 0x0021, 0x0023, 0x0023, 0x0041, 0x1945, 0x0021, 0x0001, 0x0001, 0x0020, 0x0001, 0x0022, 0x0022, 0x0022, 
	0x0000, 0x0000, 0x0000, 0x0000, 0x0042, 0x0022, 0x0001, 0x0001, 0x0001, 0x0000, 0x0948, 0x2bd0, 0x0045, 0x0002, 0x0003, 0x0002, 
	0x0002, 0x0001, 0x22ac, 0x11e9, 0x0001, 0x1188, 0x234e, 0x1189, 0x0001, 0x0000, 0x0000, 0x0000, 0x0000, 0x0000, 0x0000, 0x0000, 
	0x0000, 0x0000, 0x0000, 0x0000, 0x0000, 0x0000, 0x0021, 0x1063, 0x39a8, 0x4a0a, 0x51e8, 0x624a, 0x6a8b, 0x6a8b, 0x62ec, 0x5b6e, 
	0x4acc, 0x31e9, 0x39e9, 0x2968, 0x2106, 0x18e6, 0x18e5, 0x0021, 0x0000, 0x4106, 0x52ed, 0x3d35, 0x00e4, 0x18c5, 0x31a9, 0x0842, 
	0x0821, 0x20e5, 0x2c12, 0x1c31, 0x0000, 0x29a9, 0x21ca, 0x3a8d, 0x3ace, 0x2a2c, 0x2127, 0x0822, 0x10c4, 0x2168, 0x2a2b, 0x2a2b, 
	0x2aef, 0x2b0f, 0x2b10, 0x2b51, 0x2371, 0x2392, 0x2391, 0x2392, 0x2392, 0x23b2, 0x23b2, 0x23d2, 0x23b2, 0x23d2, 0x23f3, 0x2434, 
	0x2455, 0x2475, 0x2b71, 0x224c, 0x10e5, 0x10c4, 0x1106, 0x19eb, 0x1a0a, 0x1a2a, 0x1412, 0x1d78, 0x2393, 0x1969, 0x0863, 0x10a4, 
	0x1083, 0x1062, 0x1063, 0x1063, 0x1083, 0x18e5, 0x18a4, 0x1064, 0x12f0, 0x0cb7, 0x0538, 0x05f8, 0x0e18, 0x1d15, 0x1b0c, 0x08c3, 
	0x0000, 0x0000, 0x0000, 0x0000, 0x0042, 0x0021, 0x0000, 0x0000, 0x0000, 0x0000, 0x0000, 0x0000, 0x0000, 0x0000, 0x0000, 0x0001, 
	0x0001, 0x0000, 0x0000, 0x0000, 0x0000, 0x0000, 0x0042, 0x0042, 0x0000, 0x0001, 0x0000, 0x0000, 0x0000, 0x0001, 0x0001, 0x0000, 
	0x0000, 0x0001, 0x0021, 0x0001, 0x0064, 0x12d1, 0x12f2, 0x094a, 0x0004, 0x0003, 0x0022, 0x0022, 0x0021, 0x0001, 0x0000, 0x0000, 
	0x0001, 0x0001, 0x0001, 0x0001, 0x0001, 0x0001, 0x0021, 0x0001, 0x0001, 0x0001, 0x0001, 0x0001, 0x0022, 0x0002, 0x0044, 0x092a, 
	0x0086, 0x0001, 0x0022, 0x0021, 0x0001, 0x0001, 0x0021, 0x0021, 0x0001, 0x0001, 0x0021, 0x0021, 0x0001, 0x0001, 0x0001, 0x0001, 
	0x0021, 0x0021, 0x0021, 0x0021, 0x0021, 0x0021, 0x0021, 0x0021, 0x0021, 0x0021, 0x0021, 0x0021, 0x0021, 0x0021, 0x0021, 0x0021, 
	0x0021, 0x0021, 0x0021, 0x0021, 0x0021, 0x0021, 0x0021, 0x0021, 0x0022, 0x0021, 0x0021, 0x0021, 0x0021, 0x0021, 0x0021, 0x0021, 
	0x0021, 0x0021, 0x0021, 0x0021, 0x0021, 0x0021, 0x0021, 0x0021, 0x0021, 0x0021, 0x0021, 0x0021, 0x0021, 0x0021, 0x0021, 0x0021, 
	0x0021, 0x0021, 0x0021, 0x0021, 0x0021, 0x0021, 0x0021, 0x0021, 0x0021, 0x0021, 0x0021, 0x0021, 0x0021, 0x0021, 0x0021, 0x2126, 
	0x2965, 0xfdc4, 0xfdc5, 0xfdc5, 0xfda4, 0x2966, 0x2126, 0x0021, 0x0001, 0x0042, 0x10c5, 0x0883, 0x230f, 0x1167, 0x0001, 0x0001, 
	0x0001, 0x0001, 0x0021, 0x0022, 0x0002, 0x0024, 0x08a5, 0x08a5, 0x1a0b, 0x0042, 0x0001, 0x0001, 0x0001, 0x0001, 0x0001, 0x0001, 
	0x0001, 0x0001, 0x0021, 0x0001, 0x0886, 0x08a6, 0x0841, 0x2186, 0x0021, 0x0001, 0x0021, 0x0021, 0x0001, 0x0001, 0x0024, 0x0044, 
	0x0001, 0x0000, 0x0020, 0x0000, 0x0022, 0x0021, 0x0001, 0x0001, 0x0001, 0x0022, 0x00a5, 0x0085, 0x0004, 0x0024, 0x0044, 0x0024, 
	0x0044, 0x0064, 0x0023, 0x0022, 0x0022, 0x0043, 0x0023, 0x0023, 0x0022, 0x0001, 0x0000, 0x0000, 0x0000, 0x0000, 0x0000, 0x0000, 
	0x0000, 0x0000, 0x0000, 0x0000, 0x0000, 0x0000, 0x0000, 0x2926, 0x39c9, 0x3167, 0x3146, 0x49a8, 0x5a29, 0x6a8b, 0x626a, 0x62ec, 
	0x636e, 0x52cc, 0x4a8c, 0x39e9, 0x2967, 0x2188, 0x2147, 0x1906, 0x0001, 0x1042, 0x4188, 0x4b8f, 0x1146, 0x0022, 0x29a9, 0x2167, 
	0x0000, 0x0841, 0x228c, 0x1bb0, 0x00a4, 0x2188, 0x21c9, 0x1968, 0x326c, 0x2a4c, 0x324c, 0x2a2b, 0x320b, 0x1967, 0x10e5, 0x1105, 
	0x10e5, 0x1105, 0x1106, 0x1906, 0x1106, 0x1106, 0x1106, 0x1906, 0x1106, 0x1106, 0x1106, 0x1906, 0x1906, 0x1906, 0x1926, 0x1926, 
	0x1926, 0x1106, 0x1147, 0x1988, 0x21a9, 0x0883, 0x0021, 0x00e5, 0x1a6c, 0x236f, 0x19ea, 0x1acf, 0x1bf5, 0x23b4, 0x22f0, 0x0927, 
	0x00a4, 0x08c5, 0x08c5, 0x00c5, 0x00c5, 0x0083, 0x08e5, 0x126e, 0x12f1, 0x13b3, 0x0d78, 0x05d8, 0x05d8, 0x05f8, 0x0df8, 0x1597, 
	0x11c7, 0x0862, 0x0000, 0x0000, 0x0843, 0x0021, 0x0000, 0x0000, 0x0000, 0x0000, 0x0000, 0x0001, 0x0000, 0x0000, 0x0000, 0x0001, 
	0x0000, 0x0000, 0x0001, 0x0000, 0x0001, 0x0000, 0x0042, 0x0042, 0x0000, 0x0000, 0x0001, 0x2864, 0x38c5, 0x0000, 0x0001, 0x0001, 
	0x0001, 0x0001, 0x0001, 0x0022, 0x11ed, 0x120e, 0x0003, 0x0002, 0x0024, 0x0022, 0x0001, 0x0001, 0x0001, 0x0001, 0x0001, 0x0022, 
	0x0021, 0x0001, 0x0001, 0x0001, 0x0001, 0x0001, 0x0021, 0x0021, 0x0001, 0x0001, 0x0021, 0x0001, 0x0002, 0x0024, 0x092a, 0x08a7, 
	0x0001, 0x0002, 0x0001, 0x0001, 0x0001, 0x0001, 0x0001, 0x0001, 0x0001, 0x0001, 0x0021, 0x0021, 0x0021, 0x0021, 0x0021, 0x0021, 
	0x0021, 0x0021, 0x0021, 0x0021, 0x0021, 0x0021, 0x0021, 0x0021, 0x0021, 0x0021, 0x0021, 0x0021, 0x0021, 0x0021, 0x0021, 0x0021, 
	0x0021, 0x0021, 0x0021, 0x0021, 0x0021, 0x0021, 0x0021, 0x0021, 0x0021, 0x0021, 0x0021, 0x0021, 0x0021, 0x0021, 0x0021, 0x0021, 
	0x0021, 0x0021, 0x0021, 0x0021, 0x0021, 0x0021, 0x0021, 0x0021, 0x0021, 0x0021, 0x0021, 0x0021, 0x0021, 0x0021, 0x0021, 0x0021, 
	0x0021, 0x0021, 0x0021, 0x0021, 0x0021, 0x0021, 0x0021, 0x0021, 0x0021, 0x0021, 0x0021, 0x0021, 0x0021, 0x0021, 0x0862, 0x1108, 
	0x8b23, 0xfe85, 0xfde5, 0xfde5, 0xfe65, 0x82e3, 0x0908, 0x0862, 0x0021, 0x0021, 0x0021, 0x0021, 0x0021, 0x0021, 0x0021, 0x0001, 
	0x0001, 0x0001, 0x0001, 0x0001, 0x0001, 0x0021, 0x0001, 0x0001, 0x0001, 0x0021, 0x0001, 0x0021, 0x0001, 0x0021, 0x0021, 0x0021, 
	0x0001, 0x0001, 0x0001, 0x0001, 0x0021, 0x0021, 0x0001, 0x0001, 0x0021, 0x0862, 0x0001, 0x0021, 0x0021, 0x0905, 0x0043, 0x0002, 
	0x0001, 0x0001, 0x0001, 0x0001, 0x0042, 0x0022, 0x0001, 0x0001, 0x0001, 0x0884, 0x2bd0, 0x0927, 0x10e6, 0x1167, 0x1189, 0x0927, 
	0x1a4b, 0x1a4b, 0x0002, 0x0001, 0x08c5, 0x08e6, 0x0001, 0x0002, 0x0022, 0x0000, 0x0000, 0x0001, 0x0000, 0x0000, 0x0000, 0x0001, 
	0x0000, 0x0000, 0x0001, 0x0000, 0x0000, 0x0000, 0x0000, 0x2926, 0x2148, 0x2947, 0x4187, 0x3146, 0x3946, 0x49e8, 0x6aab, 0x626a, 
	0x5a6a, 0x630c, 0x62cb, 0x530d, 0x4bd0, 0x3b6e, 0x3aed, 0x29ea, 0x10c5, 0x0001, 0x3967, 0x422a, 0x3b2e, 0x0042, 0x224a, 0x2a4b, 
	0x0001, 0x0842, 0x2188, 0x1b0e, 0x12ac, 0x10e4, 0x43f1, 0x332e, 0x3acd, 0x3acd, 0x32ed, 0x43f1, 0x43d1, 0x338f, 0x2b6e, 0x2baf, 
	0x33cf, 0x33cf, 0x2baf, 0x33af, 0x33b0, 0x33b0, 0x33b0, 0x33b0, 0x33b0, 0x33b0, 0x33b0, 0x33b0, 0x33b0, 0x33af, 0x33b0, 0x33b0, 
	0x33b0, 0x338f, 0x338f, 0x2b8f, 0x2b8f, 0x33d0, 0x3432, 0x338f, 0x0000, 0x22ae, 0x224c, 0x0987, 0x2515, 0x1474, 0x1c95, 0x1c53, 
	0x1c33, 0x2433, 0x1c33, 0x1c12, 0x1bf1, 0x1bd1, 0x1bf2, 0x1433, 0x14f5, 0x1cb5, 0x1d15, 0x1d76, 0x1d56, 0x1535, 0x0cf5, 0x0d56, 
	0x2515, 0x2411, 0x11e7, 0x0000, 0x0022, 0x0021, 0x0001, 0x0000, 0x0001, 0x0000, 0x0000, 0x0000, 0x0021, 0x0001, 0x0000, 0x0000, 
	0x0000, 0x0000, 0x0000, 0x0021, 0x0020, 0x0001, 0x0042, 0x0042, 0x0001, 0x0001, 0x0001, 0x598a, 0x69ca, 0x0001, 0x0001, 0x0001, 
	0x0001, 0x0001, 0x0001, 0x0022, 0x0085, 0x0002, 0x0002, 0x0023, 0x0043, 0x0001, 0x0001, 0x0001, 0x0021, 0x0022, 0x0001, 0x0021, 
	0x0021, 0x0001, 0x0001, 0x0001, 0x0001, 0x0001, 0x0001, 0x0001, 0x0001, 0x0001, 0x0021, 0x0001, 0x0002, 0x08e9, 0x08a7, 0x0001, 
	0x0022, 0x0021, 0x0021, 0x0021, 0x0021, 0x0021, 0x0021, 0x0021, 0x0021, 0x0021, 0x0021, 0x0021, 0x0021, 0x0021, 0x0021, 0x0021, 
	0x0021, 0x0021, 0x0021, 0x0021, 0x0021, 0x0021, 0x0021, 0x0021, 0x0021, 0x0021, 0x0021, 0x0021, 0x0021, 0x0021, 0x0021, 0x0021, 
	0x0021, 0x0021, 0x0021, 0x0021, 0x0021, 0x0021, 0x0021, 0x0021, 0x0021, 0x0021, 0x0021, 0x0021, 0x0021, 0x0021, 0x0021, 0x0021, 
	0x0021, 0x0021, 0x0021, 0x0021, 0x0021, 0x0021, 0x0021, 0x0021, 0x0021, 0x0021, 0x0021, 0x0021, 0x0021, 0x0021, 0x0021, 0x0021, 
	0x0021, 0x0021, 0x0021, 0x0021, 0x0021, 0x0021, 0x0021, 0x0021, 0x0021, 0x0021, 0x0021, 0x0021, 0x0021, 0x0021, 0x2126, 0x1926, 
	0xf564, 0xfe85, 0xbc45, 0xbc45, 0xfe85, 0xf544, 0x1106, 0x2125, 0x0021, 0x0021, 0x0021, 0x0021, 0x0021, 0x0021, 0x0021, 0x0021, 
	0x0021, 0x18c3, 0x18c3, 0x0021, 0x0001, 0x0001, 0x0001, 0x0001, 0x0001, 0x0001, 0x0021, 0x0022, 0x0001, 0x0001, 0x0021, 0x0021, 
	0x0021, 0x0001, 0x0001, 0x0001, 0x0001, 0x0001, 0x0001, 0x0001, 0x08a3, 0x1a2a, 0x0001, 0x0001, 0x0041, 0x19ea, 0x094a, 0x0043, 
	0x0001, 0x0001, 0x0001, 0x0001, 0x0042, 0x0022, 0x0001, 0x0001, 0x0001, 0x0063, 0x1127, 0x0064, 0x0044, 0x08c5, 0x1127, 0x0885, 
	0x0884, 0x08c5, 0x0044, 0x0044, 0x0864, 0x0884, 0x0043, 0x0043, 0x0022, 0x0001, 0x0000, 0x0020, 0x0021, 0x0000, 0x0000, 0x0021, 
	0x0001, 0x0020, 0x0021, 0x0021, 0x0021, 0x0000, 0x0000, 0x2926, 0x2127, 0x10c5, 0x2926, 0x3967, 0x3987, 0x3966, 0x41a8, 0x5a4a, 
	0x628b, 0x5a4a, 0x6b8e, 0x7d54, 0x4b2d, 0x1906, 0x2168, 0x2168, 0x10a5, 0x1862, 0x51a8, 0x31e9, 0x534e, 0x1083, 0x10c5, 0x1927, 
	0x0021, 0x0862, 0x2146, 0x126c, 0x236f, 0x1083, 0x1905, 0x2a0a, 0x322a, 0x2188, 0x2167, 0x2167, 0x1968, 0x2188, 0x21c9, 0x21c9, 
	0x21c9, 0x21a9, 0x21a9, 0x21a8, 0x21a9, 0x21a8, 0x21a8, 0x21a9, 0x21a8, 0x21a9, 0x21a8, 0x21a8, 0x21a9, 0x21a9, 0x21a9, 0x21a8, 
	0x21a8, 0x21a9, 0x21a9, 0x21c9, 0x21c9, 0x21e9, 0x21ea, 0x2a0a, 0x18e5, 0x18e6, 0x32ae, 0x08e5, 0x08a3, 0x1147, 0x08e5, 0x0947, 
	0x1168, 0x1168, 0x0947, 0x1147, 0x1127, 0x1147, 0x1147, 0x1146, 0x1126, 0x1127, 0x1127, 0x1106, 0x1106, 0x10e6, 0x10e5, 0x10e6, 
	0x1127, 0x1aad, 0x3536, 0x1a8b, 0x0001, 0x0001, 0x0001, 0x0001, 0x0000, 0x0001, 0x0001, 0x0001, 0x0021, 0x0001, 0x0021, 0x0021, 
	0x0001, 0x0001, 0x0021, 0x0021, 0x0001, 0x0001, 0x0042, 0x0022, 0x0001, 0x0001, 0x0021, 0x0865, 0x0844, 0x0022, 0x0001, 0x0001, 
	0x0001, 0x0001, 0x0001, 0x0021, 0x0001, 0x0002, 0x0022, 0x0021, 0x0022, 0x0022, 0x0022, 0x0001, 0x0021, 0x0022, 0x0021, 0x0001, 
	0x0001, 0x0001, 0x0001, 0x0001, 0x0001, 0x0001, 0x0021, 0x0001, 0x0001, 0x0021, 0x0001, 0x0001, 0x08c8, 0x094b, 0x0022, 0x0022, 
	0x0022, 0x0021, 0x0021, 0x0021, 0x0021, 0x0021, 0x0021, 0x0021, 0x0021, 0x0021, 0x0021, 0x0021, 0x0021, 0x0021, 0x0021, 0x0021, 
	0x0021, 0x0021, 0x0021, 0x0021, 0x0021, 0x0021, 0x0021, 0x0021, 0x0021, 0x0021, 0x0021, 0x0021, 0x0021, 0x0021, 0x0021, 0x0021, 
	0x0021, 0x0022, 0x0022, 0x0021, 0x0021, 0x0021, 0x0021, 0x0021, 0x0021, 0x0021, 0x0021, 0x0021, 0x0021, 0x0021, 0x0021, 0x0021, 
	0x0021, 0x0021, 0x0021, 0x0021, 0x0021, 0x0021, 0x0021, 0x0021, 0x0021, 0x0021, 0x0021, 0x0021, 0x0021, 0x0021, 0x0021, 0x0021, 
	0x0021, 0x0021, 0x0021, 0x0021, 0x0021, 0x0021, 0x0021, 0x0021, 0x0021, 0x0021, 0x0021, 0x0021, 0x0021, 0x0842, 0x0908, 0x6a83, 
	0xfea5, 0xfe45, 0x08e5, 0x2165, 0xfe65, 0xfe85, 0x72a3, 0x1108, 0x0862, 0x0021, 0x0021, 0x0021, 0x0021, 0x0021, 0x0021, 0x0021, 
	0x0021, 0x1105, 0x10e5, 0x0021, 0x0021, 0x0021, 0x0021, 0x0021, 0x0021, 0x0021, 0x0021, 0x0021, 0x0021, 0x0001, 0x0001, 0x0001, 
	0x0021, 0x0001, 0x0021, 0x0021, 0x0023, 0x0003, 0x0001, 0x0021, 0x08c5, 0x12ac, 0x0905, 0x0001, 0x0001, 0x0025, 0x1a50, 0x1148, 
	0x0001, 0x0001, 0x0001, 0x0001, 0x0042, 0x0022, 0x0001, 0x0001, 0x0001, 0x0905, 0x19c9, 0x0002, 0x0002, 0x1a2b, 0x2b8f, 0x1126, 
	0x0001, 0x10e6, 0x1188, 0x1168, 0x1128, 0x1148, 0x08e6, 0x1126, 0x0001, 0x0001, 0x0001, 0x0001, 0x0021, 0x0021, 0x0001, 0x0001, 
	0x0021, 0x0021, 0x0001, 0x0001, 0x0001, 0x0001, 0x0021, 0x2926, 0x18a4, 0x0022, 0x10c6, 0x2105, 0x3147, 0x41a7, 0x4187, 0x3967, 
	0x3946, 0x5b2d, 0x6cb3, 0x2967, 0x1885, 0x1063, 0x0000, 0x0001, 0x0000, 0x0842, 0x3947, 0x2127, 0x4a0b, 0x1883, 0x1063, 0x0863, 
	0x0000, 0x0841, 0x2126, 0x22ad, 0x232f, 0x0883, 0x18a4, 0x0842, 0x0842, 0x0863, 0x0863, 0x0001, 0x0801, 0x0801, 0x0801, 0x0801, 
	0x0801, 0x0801, 0x0801, 0x0801, 0x0801, 0x0801, 0x0801, 0x0801, 0x0801, 0x0801, 0x0801, 0x0801, 0x0801, 0x0801, 0x0801, 0x0801, 
	0x0801, 0x0801, 0x0801, 0x0801, 0x0801, 0x0801, 0x0801, 0x0801, 0x0801, 0x0001, 0x1106, 0x2aad, 0x0822, 0x1905, 0x2a09, 0x21c8, 
	0x21c8, 0x21c8, 0x21c8, 0x21c8, 0x21e8, 0x21e8, 0x2209, 0x21e9, 0x21e9, 0x21e9, 0x19a8, 0x21e9, 0x19a8, 0x19c8, 0x19c8, 0x1a09, 
	0x224b, 0x1085, 0x1969, 0x2c33, 0x1a8b, 0x0021, 0x0001, 0x0001, 0x0001, 0x0001, 0x0001, 0x0001, 0x0001, 0x0001, 0x0021, 0x0021, 
	0x0021, 0x0021, 0x0021, 0x0001, 0x0021, 0x0001, 0x0042, 0x0022, 0x0001, 0x0021, 0x0001, 0x0001, 0x0003, 0x0022, 0x0001, 0x0001, 
	0x0001, 0x0001, 0x0001, 0x0021, 0x0021, 0x0001, 0x0001, 0x0021, 0x0022, 0x0023, 0x0023, 0x0001, 0x0001, 0x0001, 0x0001, 0x0021, 
	0x0001, 0x0001, 0x0001, 0x0822, 0x0821, 0x0021, 0x0001, 0x0001, 0x0021, 0x0021, 0x0021, 0x08a7, 0x090a, 0x0044, 0x0022, 0x0021, 
	0x0021, 0x0021, 0x0021, 0x0021, 0x0021, 0x0021, 0x0021, 0x0021, 0x0021, 0x0021, 0x0021, 0x0021, 0x0021, 0x0021, 0x0021, 0x0021, 
	0x0021, 0x0021, 0x0021, 0x0021, 0x0021, 0x0021, 0x0021, 0x0021, 0x0021, 0x0021, 0x0021, 0x0021, 0x0021, 0x0021, 0x0021, 0x0021, 
	0x0021, 0x0021, 0x0021, 0x0021, 0x0021, 0x0021, 0x0021, 0x0021, 0x0021, 0x0021, 0x0021, 0x0021, 0x0021, 0x0021, 0x0021, 0x0021, 
	0x0021, 0x0021, 0x0021, 0x0021, 0x0021, 0x0021, 0x0021, 0x0021, 0x0021, 0x0021, 0x0021, 0x0021, 0x0021, 0x0021, 0x0021, 0x0021, 
	0x0021, 0x0021, 0x0021, 0x0021, 0x0021, 0x0021, 0x0021, 0x0021, 0x0021, 0x0021, 0x0021, 0x0021, 0x0021, 0x2125, 0x1926, 0xed04, 
	0xfec5, 0xcc65, 0x0006, 0x0026, 0xe4e5, 0xfec5, 0xece3, 0x1127, 0x2105, 0x0021, 0x0021, 0x0021, 0x0021, 0x0021, 0x0021, 0x0021, 
	0x10a3, 0x0043, 0x0023, 0x18c3, 0x0021, 0x0021, 0x0021, 0x0021, 0x0021, 0x0021, 0x0021, 0x0021, 0x0021, 0x0021, 0x0021, 0x0021, 
	0x0021, 0x0021, 0x0021, 0x0021, 0x0023, 0x0023, 0x0021, 0x0022, 0x0043, 0x00e4, 0x11a8, 0x0062, 0x0001, 0x0066, 0x1ab0, 0x1169, 
	0x0001, 0x0001, 0x0001, 0x0001, 0x0042, 0x0022, 0x0001, 0x0001, 0x0021, 0x0043, 0x0043, 0x0022, 0x0023, 0x0044, 0x0064, 0x0022, 
	0x0002, 0x0022, 0x0043, 0x0043, 0x0043, 0x0043, 0x0022, 0x0023, 0x0022, 0x0001, 0x0001, 0x0001, 0x0001, 0x0001, 0x0001, 0x0001, 
	0x0001, 0x0021, 0x0001, 0x0001, 0x1062, 0x2905, 0x0862, 0x18e5, 0x18a4, 0x18a4, 0x10e5, 0x0884, 0x10c5, 0x2926, 0x3987, 0x41a7, 
	0x18a4, 0x430c, 0x4aac, 0x1884, 0x0843, 0x0882, 0x42cb, 0x42ec, 0x29e8, 0x0021, 0x0862, 0x0842, 0x10c4, 0x0842, 0x0842, 0x10a4, 
	0x1926, 0x0042, 0x0842, 0x0906, 0x0946, 0x0842, 0x18e5, 0x18e5, 0x10c4, 0x10c4, 0x1926, 0x2a0a, 0x2a09, 0x2a09, 0x226b, 0x228b, 
	0x1a6a, 0x1a6a, 0x1a6a, 0x1a8a, 0x1a8b, 0x1a8a, 0x1a8b, 0x1a8b, 0x1a8b, 0x1a8b, 0x1a8b, 0x1a8b, 0x1a8b, 0x1a8b, 0x1a8b, 0x228b, 
	0x226b, 0x226b, 0x226b, 0x226a, 0x224a, 0x224a, 0x2a4a, 0x2a2a, 0x2a4a, 0x2a49, 0x2a6b, 0x32ce, 0x29c9, 0x4baf, 0x54b4, 0x4c52, 
	0x4c32, 0x4c52, 0x4c52, 0x4c53, 0x5453, 0x5473, 0x5452, 0x5493, 0x4432, 0x3c93, 0x3cf4, 0x336f, 0x4c93, 0x4c73, 0x4c94, 0x4cd5, 
	0x3cb4, 0x2bb0, 0x1106, 0x1969, 0x3432, 0x08a2, 0x0001, 0x0001, 0x0001, 0x0021, 0x0021, 0x0001, 0x0021, 0x0021, 0x0001, 0x0001, 
	0x0001, 0x0001, 0x0001, 0x0001, 0x0021, 0x0001, 0x0042, 0x0022, 0x0001, 0x0021, 0x0001, 0x0001, 0x0001, 0x0001, 0x0001, 0x0001, 
	0x0001, 0x0001, 0x0001, 0x0001, 0x0001, 0x0001, 0x0001, 0x0021, 0x0043, 0x0021, 0x0021, 0x0021, 0x0021, 0x0021, 0x0021, 0x0022, 
	0x0021, 0x0001, 0x0001, 0x2044, 0x1843, 0x0021, 0x0021, 0x0021, 0x0021, 0x0021, 0x08a7, 0x0909, 0x0044, 0x0021, 0x0021, 0x0021, 
	0x0021, 0x0021, 0x0021, 0x0021, 0x0021, 0x0021, 0x0021, 0x0021, 0x0021, 0x0021, 0x0021, 0x0021, 0x0021, 0x0021, 0x0021, 0x0021, 
	0x0021, 0x0021, 0x0021, 0x0021, 0x0021, 0x0021, 0x0021, 0x0021, 0x0021, 0x0021, 0x0021, 0x0021, 0x0021, 0x0021, 0x0021, 0x0021, 
	0x0021, 0x0021, 0x0021, 0x0021, 0x0021, 0x0021, 0x0021, 0x0021, 0x0021, 0x0021, 0x0021, 0x0021, 0x0021, 0x0021, 0x0021, 0x0021, 
	0x0021, 0x0021, 0x0021, 0x0021, 0x0021, 0x0021, 0x0021, 0x0021, 0x0021, 0x0021, 0x0021, 0x0021, 0x0021, 0x0021, 0x0021, 0x0021, 
	0x0021, 0x0021, 0x0021, 0x0021, 0x0021, 0x0021, 0x0021, 0x0021, 0x0021, 0x0021, 0x0021, 0x0021, 0x0841, 0x1128, 0x6263, 0xfea5, 
	0xfe45, 0x4205, 0x0006, 0x0006, 0x5a65, 0xfe65, 0xfe85, 0x5a23, 0x1108, 0x0841, 0x0021, 0x0021, 0x0021, 0x0021, 0x0021, 0x0021, 
	0x2125, 0x0023, 0x0044, 0x2126, 0x0022, 0x0042, 0x0042, 0x0021, 0x0021, 0x0021, 0x0021, 0x0021, 0x0021, 0x0021, 0x0021, 0x0021, 
	0x0021, 0x0021, 0x0021, 0x0021, 0x0022, 0x0044, 0x0021, 0x0021, 0x0021, 0x0021, 0x08a5, 0x0883, 0x0021, 0x0066, 0x092b, 0x0084, 
	0x0001, 0x0001, 0x0001, 0x0001, 0x0042, 0x0022, 0x0001, 0x0021, 0x0021, 0x0002, 0x0002, 0x0023, 0x0024, 0x0003, 0x0002, 0x0024, 
	0x0846, 0x0024, 0x0002, 0x0001, 0x0002, 0x0002, 0x0002, 0x0023, 0x0022, 0x0001, 0x0001, 0x0001, 0x0001, 0x0001, 0x0021, 0x0021, 
	0x0001, 0x0001, 0x0001, 0x20c3, 0x39a8, 0x28e4, 0x0021, 0x2105, 0x18c5, 0x20c5, 0x2926, 0x2126, 0x0862, 0x0884, 0x18e6, 0x3146, 
	0x2926, 0x324a, 0x2127, 0x18a5, 0x0001, 0x3a29, 0x6bf1, 0x530e, 0x52ed, 0x39e8, 0x1905, 0x18c4, 0x18c4, 0x2105, 0x2126, 0x29a8, 
	0x320a, 0x2146, 0x18e5, 0x18e5, 0x18c5, 0x18e5, 0x1926, 0x31c9, 0x2988, 0x2968, 0x3a0a, 0x3a8c, 0x29ea, 0x29ea, 0x2a4b, 0x224b, 
	0x222a, 0x226b, 0x1a4a, 0x1a6b, 0x1a6b, 0x226b, 0x226b, 0x1a6b, 0x1a4a, 0x226b, 0x228b, 0x228b, 0x226b, 0x1a4a, 0x226b, 0x224b, 
	0x224a, 0x226b, 0x224a, 0x2a4b, 0x2a4b, 0x220a, 0x2a4b, 0x2a2a, 0x2a2a, 0x2a6b, 0x2a6b, 0x21ea, 0x21a9, 0x2147, 0x2147, 0x2147, 
	0x2147, 0x2147, 0x2127, 0x2147, 0x2147, 0x2147, 0x2127, 0x2968, 0x2106, 0x1947, 0x19a9, 0x18c5, 0x2968, 0x2968, 0x2989, 0x2147, 
	0x1988, 0x2bd0, 0x2bb0, 0x10e6, 0x230d, 0x0082, 0x0001, 0x0001, 0x0021, 0x0021, 0x0021, 0x0001, 0x0021, 0x0001, 0x0001, 0x0021, 
	0x0022, 0x0021, 0x0021, 0x0021, 0x0001, 0x0021, 0x0042, 0x0022, 0x0001, 0x0001, 0x0021, 0x0022, 0x0021, 0x0022, 0x0022, 0x0021, 
	0x0021, 0x0021, 0x0021, 0x0021, 0x0021, 0x0021, 0x0021, 0x0021, 0x0021, 0x0021, 0x0021, 0x0021, 0x0021, 0x0021, 0x0021, 0x0021, 
	0x0021, 0x0021, 0x0021, 0x0822, 0x0821, 0x0021, 0x0021, 0x0022, 0x0021, 0x0086, 0x092a, 0x0023, 0x0022, 0x0023, 0x0021, 0x0021, 
	0x0021, 0x0021, 0x0021, 0x0021, 0x0021, 0x0021, 0x0021, 0x0021, 0x0021, 0x0021, 0x0021, 0x0021, 0x0021, 0x0021, 0x0021, 0x0021, 
	0x0021, 0x0021, 0x0021, 0x0021, 0x0021, 0x0021, 0x0021, 0x0021, 0x0021, 0x0021, 0x0021, 0x0021, 0x0021, 0x0021, 0x0021, 0x0021, 
	0x0021, 0x0021, 0x0021, 0x0021, 0x0021, 0x0021, 0x0021, 0x0021, 0x0021, 0x0021, 0x0021, 0x0021, 0x0021, 0x0021, 0x0021, 0x0021, 
	0x0021, 0x0021, 0x0021, 0x0021, 0x0021, 0x0021, 0x0021, 0x0021, 0x0021, 0x0021, 0x0021, 0x0021, 0x0021, 0x0021, 0x0021, 0x0021, 
	0x0021, 0x0021, 0x0021, 0x0021, 0x0021, 0x0021, 0x0021, 0x0021, 0x0021, 0x0021, 0x0021, 0x0021, 0x2105, 0x1107, 0xdca3, 0xff04, 
	0xabc5, 0x0006, 0x00c5, 0x0066, 0x0006, 0xd485, 0xfee5, 0xd483, 0x08e7, 0x20e4, 0x0021, 0x0021, 0x0021, 0x0021, 0x0021, 0x0841, 
	0x08a4, 0x00a5, 0x00a6, 0x0084, 0x0862, 0x0863, 0x0842, 0x0021, 0x0021, 0x0021, 0x0021, 0x0021, 0x0021, 0x0021, 0x0021, 0x0021, 
	0x0021, 0x0021, 0x0021, 0x0021, 0x0023, 0x0044, 0x0021, 0x0021, 0x0042, 0x08a4, 0x0021, 0x0021, 0x0021, 0x0024, 0x0024, 0x0022, 
	0x0021, 0x0021, 0x0021, 0x0021, 0x0042, 0x0022, 0x0021, 0x0021, 0x0021, 0x0022, 0x0002, 0x0023, 0x0024, 0x0024, 0x0023, 0x0023, 
	0x0845, 0x0024, 0x0022, 0x0001, 0x0022, 0x0843, 0x0002, 0x0023, 0x0022, 0x0001, 0x0001, 0x0021, 0x0001, 0x0021, 0x0021, 0x0001, 
	0x0001, 0x0001, 0x20a3, 0x3147, 0x18e6, 0x0021, 0x0001, 0x2926, 0x20c5, 0x1063, 0x1884, 0x20c5, 0x2925, 0x0883, 0x0864, 0x0022, 
	0x29a7, 0x42ac, 0x18c5, 0x0822, 0x39a8, 0x4a6c, 0x0843, 0x0802, 0x18a5, 0x2947, 0x1906, 0x2988, 0x2147, 0x2126, 0x29a8, 0x2167, 
	0x2168, 0x29e9, 0x29a9, 0x1906, 0x1926, 0x2168, 0x29a9, 0x1926, 0x1926, 0x2167, 0x18e5, 0x1064, 0x1906, 0x2168, 0x1906, 0x18e6, 
	0x18e5, 0x1063, 0x18c5, 0x18a5, 0x18c5, 0x18a5, 0x10a4, 0x18c5, 0x2106, 0x18c5, 0x1063, 0x1084, 0x18c5, 0x2126, 0x18e5, 0x2106, 
	0x2147, 0x2126, 0x2968, 0x2106, 0x18c5, 0x2126, 0x18e5, 0x10c5, 0x18e5, 0x1084, 0x1063, 0x2188, 0x1967, 0x0884, 0x18e5, 0x18e6, 
	0x18e6, 0x18e6, 0x18e6, 0x18e6, 0x18e6, 0x18e6, 0x18e6, 0x18c5, 0x18e6, 0x18e5, 0x18c5, 0x2106, 0x18e6, 0x2106, 0x18c5, 0x1905, 
	0x32cc, 0x19a8, 0x230d, 0x11e9, 0x1a8c, 0x0062, 0x0001, 0x0001, 0x0021, 0x0001, 0x0021, 0x0021, 0x0001, 0x0001, 0x0001, 0x0022, 
	0x0023, 0x0023, 0x0021, 0x0021, 0x0022, 0x0022, 0x0023, 0x0022, 0x0021, 0x0022, 0x0023, 0x0022, 0x0022, 0x0022, 0x0022, 0x0022, 
	0x0021, 0x0021, 0x0021, 0x0021, 0x0021, 0x0021, 0x0021, 0x0021, 0x0022, 0x0021, 0x0021, 0x0021, 0x0021, 0x0021, 0x0021, 0x0021, 
	0x0021, 0x0021, 0x0021, 0x0021, 0x0021, 0x0021, 0x0021, 0x0021, 0x0885, 0x092b, 0x0065, 0x0021, 0x0023, 0x0022, 0x0021, 0x0021, 
	0x0021, 0x0021, 0x0021, 0x0021, 0x0021, 0x0021, 0x0021, 0x0021, 0x0021, 0x0021, 0x0021, 0x0021, 0x0021, 0x0021, 0x0021, 0x0021, 
	0x0021, 0x0021, 0x0021, 0x0021, 0x0021, 0x0021, 0x0021, 0x0021, 0x0021, 0x0021, 0x0021, 0x0021, 0x0021, 0x0021, 0x0021, 0x0021, 
	0x0021, 0x0021, 0x0021, 0x0021, 0x0021, 0x0021, 0x0021, 0x0021, 0x0021, 0x0021, 0x0021, 0x0021, 0x0021, 0x0021, 0x0021, 0x0021, 
	0x0021, 0x0021, 0x0021, 0x0021, 0x0021, 0x0021, 0x0021, 0x0021, 0x0021, 0x0021, 0x0021, 0x0021, 0x0021, 0x0021, 0x0021, 0x0021, 
	0x0021, 0x0021, 0x0021, 0x0021, 0x0021, 0x0021, 0x0021, 0x0021, 0x0021, 0x0021, 0x0021, 0x0841, 0x1928, 0x49e3, 0xfe84, 0xfe25, 
	0x6ac5, 0x18a5, 0x0086, 0x0065, 0x3985, 0x9385, 0xfe45, 0xfe85, 0x5224, 0x1928, 0x0842, 0x0021, 0x0042, 0x0042, 0x0021, 0x2987, 
	0x0003, 0x08e6, 0x08c6, 0x0003, 0x2125, 0x0021, 0x0021, 0x0021, 0x0021, 0x0021, 0x0021, 0x0021, 0x0021, 0x0021, 0x0021, 0x0021, 
	0x0021, 0x0021, 0x0021, 0x0021, 0x0023, 0x0043, 0x0021, 0x0021, 0x0021, 0x0021, 0x0021, 0x0021, 0x0021, 0x0022, 0x0022, 0x0022, 
	0x0021, 0x0021, 0x0021, 0x0021, 0x0042, 0x0022, 0x0021, 0x0021, 0x0021, 0x0022, 0x0023, 0x0022, 0x0022, 0x0024, 0x0024, 0x0021, 
	0x0021, 0x0022, 0x0022, 0x0022, 0x0043, 0x0022, 0x0022, 0x0022, 0x0021, 0x0021, 0x0021, 0x0021, 0x0021, 0x0001, 0x0001, 0x0001, 
	0x0001, 0x18a3, 0x39a8, 0x10c5, 0x0001, 0x0001, 0x0021, 0x2926, 0x20e6, 0x0842, 0x0041, 0x0863, 0x1084, 0x20e5, 0x2105, 0x1905, 
	0x2166, 0x31c9, 0x0823, 0x18e4, 0x428b, 0x2167, 0x2187, 0x10c4, 0x10a4, 0x10a4, 0x2188, 0x42cd, 0x29c9, 0x21c9, 0x3a6b, 0x10c5, 
	0x29c9, 0x29e9, 0x29c9, 0x322a, 0x2188, 0x322b, 0x428c, 0x2146, 0x3a8c, 0x3a8c, 0x1926, 0x0863, 0x2188, 0x3a4b, 0x29a8, 0x42ad, 
	0x2a0a, 0x2188, 0x42ad, 0x29c9, 0x29e9, 0x3aad, 0x320a, 0x324b, 0x29e9, 0x2167, 0x322b, 0x29e9, 0x29a9, 0x31ea, 0x29a8, 0x31ea, 
	0x3a6c, 0x1906, 0x3a4b, 0x2988, 0x29c9, 0x428c, 0x1926, 0x320a, 0x428c, 0x1926, 0x10a4, 0x21a8, 0x1988, 0x10c5, 0x1906, 0x0863, 
	0x0822, 0x0822, 0x0822, 0x0822, 0x0822, 0x0822, 0x0822, 0x0822, 0x0822, 0x0822, 0x0842, 0x0843, 0x0843, 0x0843, 0x0822, 0x18c4, 
	0x29c8, 0x1126, 0x2249, 0x1166, 0x19e9, 0x11e8, 0x13af, 0x130c, 0x0021, 0x0021, 0x0021, 0x0021, 0x0021, 0x0021, 0x0021, 0x0021, 
	0x0022, 0x0023, 0x08a5, 0x0947, 0x0064, 0x0021, 0x0022, 0x0024, 0x0906, 0x0044, 0x0864, 0x0926, 0x0906, 0x0947, 0x08c4, 0x0021, 
	0x0021, 0x0021, 0x0043, 0x1947, 0x1946, 0x0022, 0x0021, 0x0021, 0x0021, 0x0022, 0x0042, 0x0021, 0x0022, 0x0022, 0x0022, 0x0022, 
	0x0021, 0x0021, 0x0021, 0x0021, 0x0022, 0x0021, 0x0021, 0x0886, 0x08e8, 0x0064, 0x0021, 0x0021, 0x0022, 0x0022, 0x0021, 0x0021, 
	0x0021, 0x0021, 0x0021, 0x0021, 0x0021, 0x0021, 0x0021, 0x0021, 0x0021, 0x0021, 0x0021, 0x0021, 0x0022, 0x1148, 0x1188, 0x332c, 
	0x2a69, 0x0021, 0x0021, 0x1967, 0x21e9, 0x0863, 0x1147, 0x1987, 0x21c7, 0x0023, 0x1107, 0x10e5, 0x0021, 0x0021, 0x0021, 0x0021, 
	0x0021, 0x0021, 0x0021, 0x0021, 0x0021, 0x0021, 0x0021, 0x0021, 0x0021, 0x0021, 0x0021, 0x0021, 0x0021, 0x0021, 0x0021, 0x0021, 
	0x0021, 0x0021, 0x0021, 0x0021, 0x0021, 0x0021, 0x0021, 0x0021, 0x0021, 0x0021, 0x0021, 0x0021, 0x0021, 0x0021, 0x0021, 0x0021, 
	0x0021, 0x0021, 0x0021, 0x0021, 0x0021, 0x0021, 0x0021, 0x0021, 0x0021, 0x0021, 0x0021, 0x18e4, 0x08e7, 0xcc43, 0xfee5, 0xbc05, 
	0xdd05, 0x9bc5, 0x0006, 0xcce5, 0xfe05, 0x3985, 0xdcc5, 0xfec5, 0xcc43, 0x0907, 0x18e5, 0x0021, 0x0884, 0x0884, 0x0021, 0x10c5, 
	0x0085, 0x08c5, 0x08c5, 0x0085, 0x08c4, 0x1125, 0x10e5, 0x0021, 0x0021, 0x0021, 0x0021, 0x0021, 0x0021, 0x0021, 0x0021, 0x0021, 
	0x0021, 0x0021, 0x0021, 0x0021, 0x0021, 0x0021, 0x0021, 0x0021, 0x0021, 0x0021, 0x0021, 0x0021, 0x0021, 0x0022, 0x0022, 0x0022, 
	0x0021, 0x0021, 0x0021, 0x0021, 0x0042, 0x0022, 0x0021, 0x0021, 0x0021, 0x0022, 0x0022, 0x0022, 0x0022, 0x0022, 0x0022, 0x0022, 
	0x0022, 0x0022, 0x0021, 0x0043, 0x0044, 0x0023, 0x0022, 0x0022, 0x0021, 0x0021, 0x0021, 0x0021, 0x0021, 0x0021, 0x0021, 0x0021, 
	0x0821, 0x3126, 0x1107, 0x0042, 0x0021, 0x0021, 0x0021, 0x2926, 0x18a4, 0x0021, 0x32cc, 0x43d0, 0x1105, 0x0821, 0x3987, 0x31a7, 
	0x2105, 0x2967, 0x0022, 0x1904, 0x3a8b, 0x10e5, 0x2987, 0x18e5, 0x10a4, 0x10a5, 0x322b, 0x42cd, 0x29e9, 0x322b, 0x320a, 0x0863, 
	0x2168, 0x2147, 0x2167, 0x3a6c, 0x21c9, 0x324b, 0x29e9, 0x10c5, 0x3a4b, 0x324b, 0x2147, 0x1084, 0x1926, 0x21a8, 0x2147, 0x3a8c, 
	0x21a8, 0x324b, 0x3a8c, 0x29ea, 0x21a8, 0x324b, 0x324b, 0x1926, 0x29a9, 0x320a, 0x320a, 0x29a9, 0x29a8, 0x21a8, 0x2167, 0x2188, 
	0x29c9, 0x0022, 0x2188, 0x1926, 0x29e9, 0x29ea, 0x10c5, 0x2a0a, 0x3a6b, 0x2167, 0x10a4, 0x21a8, 0x1967, 0x0022, 0x0863, 0x2a09, 
	0x2a8a, 0x2a4a, 0x2a4a, 0x2a4a, 0x2a6a, 0x2a6a, 0x2a6a, 0x2a6a, 0x2a4a, 0x2a4a, 0x324a, 0x324a, 0x326a, 0x328a, 0x2a09, 0x0022, 
	0x1063, 0x18c5, 0x2aab, 0x1125, 0x1187, 0x12cc, 0x1535, 0x1515, 0x1b0d, 0x0021, 0x0021, 0x0021, 0x0021, 0x0021, 0x0021, 0x0022, 
	0x0024, 0x0022, 0x22ed, 0x3d15, 0x1169, 0x222a, 0x2acc, 0x120a, 0x2cb4, 0x00a6, 0x1969, 0x3d14, 0x24f4, 0x34f4, 0x2b8e, 0x0021, 
	0x0022, 0x0021, 0x18a8, 0x6cf4, 0x54d3, 0x0886, 0x0021, 0x29a7, 0x2167, 0x0021, 0x0021, 0x0021, 0x0023, 0x0044, 0x0043, 0x0023, 
	0x0022, 0x0021, 0x0021, 0x0022, 0x0022, 0x0022, 0x08a7, 0x0909, 0x0023, 0x0021, 0x0021, 0x0021, 0x0021, 0x0022, 0x0021, 0x0021, 
	0x0021, 0x0021, 0x0021, 0x0021, 0x0021, 0x0021, 0x0021, 0x0021, 0x0021, 0x0021, 0x0021, 0x0021, 0x0022, 0x08c5, 0x0927, 0x226a, 
	0x19c7, 0x0021, 0x0021, 0x1125, 0x1966, 0x0042, 0x1126, 0x1146, 0x1945, 0x0043, 0x08c6, 0x0884, 0x0021, 0x0021, 0x0021, 0x0021, 
	0x0021, 0x0021, 0x0021, 0x0021, 0x0021, 0x0021, 0x0021, 0x0021, 0x0021, 0x0021, 0x0021, 0x0021, 0x0021, 0x0021, 0x0021, 0x0021, 
	0x0021, 0x0021, 0x0021, 0x0021, 0x0021, 0x0021, 0x0021, 0x0021, 0x0021, 0x0021, 0x0021, 0x0021, 0x0021, 0x0021, 0x0021, 0x0021, 
	0x0021, 0x0021, 0x0021, 0x0021, 0x0021, 0x0021, 0x0021, 0x0021, 0x0021, 0x0021, 0x0841, 0x1947, 0x49e4, 0xfe64, 0xfe45, 0x31a5, 
	0xc465, 0xa3a5, 0x8b45, 0xfe25, 0x2125, 0x0006, 0x72e5, 0xfe84, 0xfe44, 0x39a4, 0x1927, 0x0021, 0x0022, 0x0022, 0x18e4, 0x0023, 
	0x08e6, 0x08c5, 0x08c5, 0x08e6, 0x0003, 0x2987, 0x08c4, 0x0021, 0x0021, 0x0021, 0x0021, 0x0021, 0x0021, 0x0021, 0x0021, 0x0021, 
	0x0021, 0x0021, 0x0021, 0x0022, 0x0021, 0x0021, 0x0021, 0x0021, 0x0021, 0x0021, 0x0021, 0x0021, 0x0021, 0x0022, 0x0023, 0x0021, 
	0x0021, 0x0021, 0x0021, 0x0021, 0x0042, 0x0022, 0x0021, 0x0021, 0x0021, 0x0021, 0x0021, 0x0021, 0x0021, 0x0022, 0x0022, 0x0022, 
	0x0022, 0x0022, 0x0022, 0x0021, 0x0022, 0x0023, 0x0022, 0x0022, 0x0022, 0x0021, 0x0021, 0x0021, 0x0021, 0x0021, 0x0021, 0x0021, 
	0x20a3, 0x3147, 0x0085, 0x0021, 0x0021, 0x0021, 0x0021, 0x18a4, 0x0822, 0x0021, 0x2a09, 0x4bf0, 0x2a2a, 0x10a4, 0x18a4, 0x1042, 
	0x18e5, 0x2968, 0x0022, 0x10c4, 0x428b, 0x0884, 0x0862, 0x10a4, 0x18e5, 0x0863, 0x1926, 0x10c5, 0x10c5, 0x1927, 0x21a8, 0x10a4, 
	0x10c5, 0x10e5, 0x10c5, 0x08a4, 0x0884, 0x1946, 0x2187, 0x1905, 0x0884, 0x10c4, 0x1906, 0x0822, 0x10c5, 0x1926, 0x1906, 0x10c5, 
	0x08a4, 0x2188, 0x10c4, 0x10c4, 0x1926, 0x08a4, 0x1906, 0x10e5, 0x1927, 0x2167, 0x10c5, 0x08a4, 0x1926, 0x2188, 0x1905, 0x10c5, 
	0x1906, 0x0021, 0x10e5, 0x08a4, 0x10e5, 0x2188, 0x1926, 0x0063, 0x1926, 0x29a8, 0x10c5, 0x1947, 0x10c4, 0x0842, 0x2188, 0x328c, 
	0x4b90, 0x4b90, 0x4b8f, 0x4bd0, 0x4b6f, 0x4b6f, 0x5390, 0x5390, 0x5390, 0x536f, 0x5b6f, 0x5b4f, 0x534f, 0x534e, 0x432e, 0x2209, 
	0x1083, 0x18e5, 0x226b, 0x1146, 0x11e9, 0x11e9, 0x1bd1, 0x0cb4, 0x24f4, 0x08a3, 0x0021, 0x0021, 0x0021, 0x0021, 0x0021, 0x0022, 
	0x0023, 0x0023, 0x0906, 0x0968, 0x0024, 0x19a9, 0x22ac, 0x00c6, 0x0927, 0x0064, 0x0023, 0x0948, 0x0148, 0x120a, 0x1168, 0x0022, 
	0x0023, 0x0022, 0x1024, 0x214a, 0x1147, 0x0043, 0x0021, 0x2167, 0x2168, 0x0021, 0x0021, 0x0021, 0x0021, 0x0021, 0x0021, 0x0021, 
	0x0021, 0x0021, 0x0022, 0x0021, 0x0021, 0x08a6, 0x0909, 0x0023, 0x0021, 0x0022, 0x0021, 0x0021, 0x0022, 0x0023, 0x0021, 0x0021, 
	0x0021, 0x0021, 0x0021, 0x0021, 0x0021, 0x0021, 0x0021, 0x0021, 0x0021, 0x0021, 0x0021, 0x0021, 0x0021, 0x0021, 0x0022, 0x0042, 
	0x0021, 0x0021, 0x0021, 0x0021, 0x0021, 0x0022, 0x0021, 0x0021, 0x0021, 0x0021, 0x0021, 0x0021, 0x0021, 0x0021, 0x0021, 0x0021, 
	0x0021, 0x0021, 0x0021, 0x0021, 0x0021, 0x0021, 0x0021, 0x0021, 0x0021, 0x0021, 0x0021, 0x0021, 0x0021, 0x0021, 0x0021, 0x0021, 
	0x0021, 0x0021, 0x0021, 0x0021, 0x0021, 0x0021, 0x0021, 0x0021, 0x0021, 0x0021, 0x0021, 0x0021, 0x0021, 0x0021, 0x0021, 0x0021, 
	0x0021, 0x0021, 0x0021, 0x0021, 0x0021, 0x0021, 0x0021, 0x0021, 0x0021, 0x0021, 0x18c4, 0x08e8, 0xbbe3, 0xff24, 0xcc65, 0x0006, 
	0xbc25, 0xfe65, 0xff44, 0x49c5, 0x0006, 0x0085, 0x08c5, 0xf545, 0xfec5, 0xb3c3, 0x08e8, 0x18c3, 0x0021, 0x0021, 0x1905, 0x0044, 
	0x08c5, 0x08c5, 0x08c5, 0x08c5, 0x0044, 0x1905, 0x0022, 0x0021, 0x0021, 0x0021, 0x0021, 0x0021, 0x0021, 0x0021, 0x0021, 0x0021, 
	0x0021, 0x0021, 0x0021, 0x0021, 0x0021, 0x0021, 0x0021, 0x0021, 0x0021, 0x0021, 0x0021, 0x0021, 0x0021, 0x0022, 0x0023, 0x0021, 
	0x0021, 0x0021, 0x0021, 0x0021, 0x0042, 0x0022, 0x0021, 0x0021, 0x0021, 0x0022, 0x0022, 0x0021, 0x0021, 0x0022, 0x0022, 0x0022, 
	0x0043, 0x0022, 0x0022, 0x0022, 0x0043, 0x0043, 0x0021, 0x0022, 0x0022, 0x0021, 0x0021, 0x0021, 0x0021, 0x0021, 0x0021, 0x0021, 
	0x30e4, 0x2148, 0x0065, 0x0021, 0x0021, 0x0021, 0x0021, 0x10e4, 0x1146, 0x18e6, 0x1083, 0x3229, 0x29a9, 0x10e5, 0x20c4, 0x20a4, 
	0x2105, 0x2968, 0x0022, 0x10c3, 0x3a6b, 0x10c5, 0x10a4, 0x10a5, 0x10c4, 0x2146, 0x2126, 0x2126, 0x2126, 0x2126, 0x2146, 0x2166, 
	0x2126, 0x2126, 0x2146, 0x2146, 0x2126, 0x1905, 0x2126, 0x2126, 0x2105, 0x2126, 0x2146, 0x2967, 0x2167, 0x2146, 0x2146, 0x2146, 
	0x2146, 0x1905, 0x2126, 0x2126, 0x2126, 0x2126, 0x2126, 0x2167, 0x2147, 0x2126, 0x2167, 0x2147, 0x2146, 0x2146, 0x1926, 0x2126, 
	0x1926, 0x2146, 0x2126, 0x2126, 0x2146, 0x2167, 0x2167, 0x2987, 0x10e5, 0x10c5, 0x1926, 0x1906, 0x0842, 0x1a4a, 0x32ee, 0x20e6, 
	0x18a4, 0x18a4, 0x18a4, 0x18c5, 0x1084, 0x1083, 0x1084, 0x1084, 0x10a4, 0x1084, 0x1084, 0x1083, 0x1063, 0x1063, 0x2927, 0x326b, 
	0x1105, 0x10a4, 0x228b, 0x1146, 0x1188, 0x1187, 0x230e, 0x236f, 0x1bb0, 0x11c9, 0x0021, 0x0021, 0x0021, 0x0021, 0x0021, 0x0021, 
	0x10e6, 0x08c7, 0x08c6, 0x11a9, 0x1a4b, 0x0968, 0x0023, 0x1189, 0x1128, 0x0044, 0x19a8, 0x1147, 0x1947, 0x0022, 0x0021, 0x0023, 
	0x0023, 0x0022, 0x08a5, 0x11cb, 0x1189, 0x0043, 0x0021, 0x0021, 0x0021, 0x08c4, 0x11a7, 0x19c7, 0x08c4, 0x0864, 0x0864, 0x0885, 
	0x1106, 0x0022, 0x0021, 0x0022, 0x08c7, 0x0909, 0x0043, 0x0021, 0x0022, 0x0021, 0x0021, 0x0021, 0x0043, 0x0043, 0x0021, 0x0021, 
	0x0021, 0x0021, 0x0021, 0x0021, 0x0021, 0x0021, 0x0021, 0x0021, 0x0021, 0x0021, 0x0021, 0x0021, 0x0021, 0x0021, 0x1126, 0x3b6d, 
	0x21c7, 0x0021, 0x0021, 0x0042, 0x1168, 0x19a9, 0x0863, 0x0021, 0x0021, 0x0021, 0x0021, 0x0021, 0x0021, 0x0021, 0x0021, 0x0021, 
	0x0021, 0x0021, 0x0021, 0x0021, 0x0021, 0x0021, 0x0021, 0x0021, 0x0021, 0x0021, 0x0021, 0x0021, 0x0021, 0x0021, 0x0021, 0x0021, 
	0x0022, 0x0021, 0x0021, 0x0021, 0x0021, 0x0021, 0x0021, 0x0021, 0x0021, 0x0021, 0x0021, 0x0021, 0x0021, 0x0021, 0x0021, 0x0021, 
	0x0021, 0x0021, 0x0021, 0x0021, 0x0021, 0x0021, 0x0021, 0x0021, 0x0021, 0x0021, 0x2147, 0x3184, 0xfe24, 0xfe85, 0x4a25, 0x0006, 
	0xd4c5, 0xe565, 0xd545, 0xdd45, 0x0026, 0x0065, 0x0006, 0x8b45, 0xfea5, 0xfe24, 0x39a5, 0x2147, 0x08a4, 0x1925, 0x0043, 0x00c6, 
	0x08c5, 0x08c5, 0x08c5, 0x08c5, 0x00c6, 0x0043, 0x18c4, 0x0021, 0x0021, 0x0021, 0x0021, 0x0021, 0x0021, 0x0021, 0x0021, 0x0021, 
	0x0021, 0x0021, 0x0021, 0x0021, 0x0021, 0x0021, 0x0021, 0x0021, 0x0022, 0x0042, 0x0021, 0x0021, 0x0021, 0x0022, 0x0023, 0x0022, 
	0x0022, 0x0022, 0x0022, 0x0022, 0x0043, 0x0043, 0x0042, 0x0042, 0x0042, 0x0044, 0x0043, 0x0043, 0x0043, 0x0043, 0x0863, 0x0023, 
	0x0023, 0x0023, 0x0024, 0x0043, 0x0043, 0x0043, 0x0023, 0x0023, 0x0023, 0x0022, 0x0022, 0x0042, 0x0043, 0x0042, 0x0022, 0x0021, 
	0x28c4, 0x2128, 0x0043, 0x0021, 0x0882, 0x1187, 0x21e8, 0x21e9, 0x29ea, 0x10c5, 0x0021, 0x2987, 0x2148, 0x0863, 0x20e5, 0x20c4, 
	0x2125, 0x2988, 0x0843, 0x18c4, 0x3a4a, 0x10e5, 0x10a4, 0x18e5, 0x2987, 0x31ea, 0x29a9, 0x2968, 0x2988, 0x29a9, 0x29a9, 0x29a9, 
	0x29a9, 0x29a9, 0x2989, 0x2189, 0x2189, 0x2189, 0x2189, 0x2189, 0x2189, 0x2189, 0x21a9, 0x21a9, 0x21a9, 0x21a9, 0x21a9, 0x21a9, 
	0x21a9, 0x21a9, 0x21a9, 0x21a9, 0x2189, 0x21a9, 0x21aa, 0x21a9, 0x21a9, 0x21aa, 0x21aa, 0x21aa, 0x21a9, 0x21a9, 0x21a9, 0x21a9, 
	0x21a9, 0x21aa, 0x21aa, 0x21a9, 0x21a9, 0x2189, 0x2189, 0x2a0a, 0x29c9, 0x10a4, 0x10a4, 0x18e5, 0x0842, 0x12ed, 0x2aee, 0x18c5, 
	0x0021, 0x0021, 0x0021, 0x0021, 0x0021, 0x0021, 0x0021, 0x0021, 0x0021, 0x0021, 0x0021, 0x0021, 0x0021, 0x0021, 0x0863, 0x2988, 
	0x10a4, 0x18c4, 0x226a, 0x1126, 0x10e6, 0x10a4, 0x2947, 0x330e, 0x3452, 0x19c9, 0x0021, 0x0021, 0x0021, 0x0021, 0x0022, 0x0023, 
	0x10e7, 0x0886, 0x0907, 0x33af, 0x3c91, 0x336d, 0x0023, 0x336f, 0x2aed, 0x0045, 0x336e, 0x43ee, 0x4b8d, 0x10a4, 0x0021, 0x0023, 
	0x0023, 0x0021, 0x1168, 0x33d1, 0x2b0e, 0x0843, 0x0021, 0x0021, 0x0021, 0x19a7, 0x3bef, 0x3bae, 0x1987, 0x0844, 0x0864, 0x08c6, 
	0x1148, 0x0022, 0x0064, 0x08e8, 0x08c7, 0x0022, 0x0021, 0x0022, 0x0021, 0x0021, 0x0021, 0x0021, 0x0023, 0x0023, 0x0021, 0x0021, 
	0x0021, 0x0021, 0x0021, 0x0021, 0x0021, 0x0021, 0x0021, 0x0021, 0x0021, 0x0021, 0x0021, 0x0021, 0x0021, 0x0021, 0x0883, 0x1105, 
	0x08a3, 0x0021, 0x0021, 0x0022, 0x08a4, 0x10c5, 0x0042, 0x0021, 0x0021, 0x0021, 0x0021, 0x0021, 0x0021, 0x0021, 0x0021, 0x0021, 
	0x0021, 0x0021, 0x0021, 0x0021, 0x0021, 0x0021, 0x0021, 0x0021, 0x0021, 0x0021, 0x0021, 0x0021, 0x0021, 0x0021, 0x0021, 0x0021, 
	0x0021, 0x0021, 0x0022, 0x0021, 0x0021, 0x0022, 0x0021, 0x0021, 0x0021, 0x0021, 0x0021, 0x0021, 0x0021, 0x0021, 0x0021, 0x0021, 
	0x0021, 0x0021, 0x0021, 0x0021, 0x0021, 0x0021, 0x0021, 0x0021, 0x0021, 0x10a3, 0x0908, 0xaba3, 0xff24, 0xe4c5, 0x0046, 0x0026, 
	0xfda5, 0x9b85, 0x0026, 0xfec4, 0xbc85, 0x0006, 0x0026, 0x1905, 0xfda5, 0xfec5, 0xa383, 0x0908, 0x0883, 0x2966, 0x0064, 0x00c6, 
	0x08c5, 0x08c5, 0x08c5, 0x08c5, 0x00c6, 0x0064, 0x2105, 0x0021, 0x0021, 0x0021, 0x0021, 0x0021, 0x0021, 0x0021, 0x0021, 0x0021, 
	0x0021, 0x0021, 0x0021, 0x0021, 0x0021, 0x0021, 0x0021, 0x0021, 0x0021, 0x0021, 0x0021, 0x0021, 0x0021, 0x0022, 0x0023, 0x0022, 
	0x0021, 0x0021, 0x0021, 0x0021, 0x0042, 0x0022, 0x0021, 0x0021, 0x0022, 0x0022, 0x0022, 0x0022, 0x0022, 0x0042, 0x0864, 0x0024, 
	0x0045, 0x0928, 0x08a5, 0x0022, 0x0042, 0x0043, 0x0022, 0x0023, 0x0023, 0x0021, 0x0021, 0x0021, 0x0021, 0x0021, 0x0021, 0x0021, 
	0x28c4, 0x20c5, 0x0021, 0x19a7, 0x2a8b, 0x21c8, 0x1926, 0x0842, 0x0021, 0x0021, 0x0862, 0x2988, 0x1907, 0x0863, 0x20c4, 0x20c4, 
	0x2105, 0x2988, 0x0843, 0x18e4, 0x3a6a, 0x1906, 0x0042, 0x18e5, 0x2988, 0x0885, 0x0189, 0x02ad, 0x028c, 0x028c, 0x028c, 0x028c, 
	0x028c, 0x028c, 0x028c, 0x028d, 0x028d, 0x028d, 0x028d, 0x028d, 0x028d, 0x028d, 0x028c, 0x028d, 0x028d, 0x028d, 0x028d, 0x02ad, 
	0x02ad, 0x02ad, 0x02ad, 0x02ad, 0x02ad, 0x02ad, 0x02ad, 0x02ad, 0x028d, 0x028d, 0x028d, 0x02ad, 0x028d, 0x02ad, 0x02ad, 0x02ad, 
	0x02ad, 0x02ad, 0x02ad, 0x02ad, 0x028c, 0x028c, 0x026c, 0x0128, 0x1948, 0x08c4, 0x10c4, 0x1906, 0x0842, 0x12cd, 0x2a8c, 0x1063, 
	0x0021, 0x0883, 0x1084, 0x10a4, 0x1084, 0x1084, 0x10a4, 0x1084, 0x1084, 0x1084, 0x1084, 0x1084, 0x1084, 0x0863, 0x0021, 0x2126, 
	0x18c4, 0x10c5, 0x224a, 0x1106, 0x10a5, 0x0842, 0x1884, 0x222a, 0x2b4e, 0x1926, 0x0021, 0x0021, 0x0021, 0x0021, 0x0021, 0x0022, 
	0x0023, 0x0024, 0x0023, 0x0023, 0x0043, 0x0043, 0x0844, 0x0044, 0x0044, 0x0844, 0x0024, 0x0024, 0x0023, 0x0023, 0x0023, 0x0022, 
	0x0022, 0x0022, 0x0043, 0x0023, 0x0023, 0x0022, 0x0021, 0x0022, 0x0043, 0x0023, 0x0842, 0x0822, 0x0021, 0x0021, 0x0021, 0x0022, 
	0x0021, 0x0885, 0x094b, 0x0886, 0x0022, 0x0022, 0x0022, 0x0021, 0x0021, 0x0021, 0x0021, 0x0021, 0x0022, 0x0023, 0x0021, 0x0021, 
	0x0021, 0x0021, 0x0021, 0x0021, 0x0021, 0x0021, 0x0021, 0x0021, 0x0021, 0x0021, 0x0021, 0x0021, 0x0021, 0x0021, 0x0021, 0x0021, 
	0x0021, 0x0021, 0x0021, 0x0021, 0x0021, 0x0021, 0x0021, 0x0021, 0x0021, 0x0021, 0x0021, 0x0021, 0x0021, 0x0021, 0x0021, 0x0021, 
	0x0021, 0x0021, 0x0021, 0x0021, 0x0021, 0x0021, 0x0021, 0x0021, 0x0021, 0x0021, 0x0021, 0x0021, 0x0022, 0x0022, 0x0022, 0x0021, 
	0x0022, 0x0022, 0x0022, 0x0022, 0x0022, 0x0022, 0x0022, 0x0021, 0x0021, 0x0021, 0x0021, 0x0021, 0x0021, 0x0021, 0x0021, 0x0021, 
	0x0022, 0x0022, 0x0021, 0x0021, 0x0021, 0x0042, 0x0042, 0x0021, 0x0021, 0x2147, 0x3185, 0xfde4, 0xfea4, 0x6285, 0x0006, 0x0066, 
	0xf565, 0xb425, 0x0006, 0x6265, 0xff44, 0x6ac5, 0x0026, 0x0006, 0x9365, 0xfec4, 0xfdc4, 0x2165, 0x1906, 0x18c4, 0x2146, 0x0044, 
	0x08c6, 0x08c5, 0x08c5, 0x08c5, 0x0044, 0x2166, 0x18a3, 0x0042, 0x10e5, 0x0042, 0x0021, 0x0021, 0x0021, 0x0021, 0x0021, 0x0021, 
	0x0021, 0x0021, 0x0021, 0x0021, 0x0021, 0x0021, 0x0021, 0x0021, 0x0021, 0x0021, 0x0021, 0x0021, 0x0021, 0x0022, 0x0023, 0x0022, 
	0x0021, 0x0021, 0x0021, 0x0021, 0x0042, 0x0022, 0x0021, 0x0021, 0x0021, 0x0021, 0x0021, 0x0021, 0x0021, 0x0042, 0x0885, 0x0024, 
	0x11a9, 0x230e, 0x0927, 0x0021, 0x0022, 0x0043, 0x0021, 0x0022, 0x0021, 0x0021, 0x0021, 0x0021, 0x0021, 0x0021, 0x0021, 0x0021, 
	0x20a4, 0x0822, 0x1945, 0x32ac, 0x1927, 0x0822, 0x0021, 0x1083, 0x0021, 0x0021, 0x1063, 0x1084, 0x08a4, 0x0042, 0x18c5, 0x18c4, 
	0x2105, 0x2988, 0x0843, 0x18c4, 0x3a4a, 0x1926, 0x0863, 0x0883, 0x10c6, 0x0988, 0x1c52, 0x2cb3, 0x24b3, 0x24b3, 0x24b3, 0x24b3, 
	0x24b3, 0x24b3, 0x24d3, 0x2cd4, 0x2cd4, 0x2cd3, 0x24d3, 0x24d3, 0x24b3, 0x24b3, 0x24b3, 0x24b3, 0x24b3, 0x24b3, 0x24b3, 0x24b3, 
	0x24b3, 0x24b3, 0x24b3, 0x24d3, 0x24d4, 0x24d4, 0x24d4, 0x24b3, 0x24b3, 0x24d4, 0x24b3, 0x24b3, 0x24b3, 0x24b3, 0x24b3, 0x24b3, 
	0x24b3, 0x24b3, 0x2cd3, 0x24b3, 0x24b3, 0x24b3, 0x24b3, 0x0aad, 0x08e7, 0x08a4, 0x1126, 0x1926, 0x0822, 0x12cc, 0x2a8c, 0x1063, 
	0x0022, 0x10a4, 0x10a4, 0x10a4, 0x10a4, 0x10a4, 0x10a4, 0x10a4, 0x10a4, 0x10a4, 0x10a4, 0x10a4, 0x10a4, 0x0883, 0x0042, 0x2147, 
	0x10c5, 0x10c4, 0x222a, 0x10e5, 0x18c5, 0x0863, 0x10c5, 0x18e5, 0x20e6, 0x10c4, 0x0021, 0x0021, 0x0021, 0x0021, 0x0021, 0x0021, 
	0x0022, 0x0043, 0x0044, 0x0023, 0x0023, 0x0024, 0x0845, 0x0023, 0x0023, 0x0023, 0x10e8, 0x2a6e, 0x32ae, 0x10e7, 0x0022, 0x0021, 
	0x0021, 0x0022, 0x0022, 0x0021, 0x0023, 0x0023, 0x0022, 0x0022, 0x0044, 0x0023, 0x0022, 0x0022, 0x0064, 0x0065, 0x0022, 0x0022, 
	0x0085, 0x0908, 0x08a6, 0x0022, 0x0022, 0x0022, 0x0021, 0x0021, 0x0021, 0x0021, 0x0021, 0x0021, 0x0021, 0x0022, 0x0043, 0x0884, 
	0x0021, 0x0021, 0x0021, 0x0021, 0x0021, 0x0021, 0x0021, 0x0021, 0x0021, 0x0021, 0x0021, 0x0021, 0x0021, 0x0021, 0x0021, 0x0021, 
	0x0021, 0x0021, 0x0021, 0x0021, 0x0021, 0x0021, 0x0021, 0x0021, 0x0021, 0x0021, 0x0863, 0x0884, 0x0021, 0x0021, 0x0021, 0x0022, 
	0x0842, 0x0022, 0x0021, 0x0021, 0x0021, 0x0021, 0x0021, 0x0022, 0x0021, 0x0021, 0x0021, 0x0021, 0x0021, 0x0022, 0x0022, 0x0022, 
	0x0022, 0x0022, 0x0022, 0x0022, 0x0022, 0x0022, 0x0022, 0x0022, 0x0021, 0x0021, 0x0021, 0x0022, 0x0021, 0x0022, 0x0022, 0x0021, 
	0x0022, 0x0021, 0x0021, 0x0042, 0x0022, 0x0863, 0x0884, 0x0021, 0x1083, 0x08e8, 0x9323, 0xff25, 0xe4e5, 0x0066, 0x0085, 0x08c5, 
	0x2965, 0x2145, 0x08a5, 0x0065, 0x29a5, 0x31a5, 0x08a5, 0x0026, 0x1945, 0xfdc5, 0xfec5, 0x8b03, 0x08e8, 0x0863, 0x39a7, 0x0023, 
	0x08c6, 0x08c5, 0x08c5, 0x08e6, 0x0023, 0x39c7, 0x0021, 0x0042, 0x10e5, 0x0021, 0x0042, 0x0843, 0x0021, 0x0021, 0x0021, 0x0021, 
	0x0021, 0x0021, 0x0021, 0x0021, 0x0021, 0x0021, 0x0021, 0x0021, 0x0021, 0x0021, 0x0021, 0x0021, 0x0021, 0x0023, 0x0023, 0x0022, 
	0x0021, 0x0021, 0x0021, 0x0021, 0x0042, 0x0022, 0x0021, 0x0021, 0x0021, 0x0021, 0x0021, 0x0021, 0x0021, 0x0042, 0x0885, 0x0885, 
	0x0928, 0x1aee, 0x0927, 0x0021, 0x0022, 0x0023, 0x0022, 0x0022, 0x0022, 0x0021, 0x0021, 0x0021, 0x0021, 0x0021, 0x0021, 0x0021, 
	0x0021, 0x2125, 0x3aab, 0x18e6, 0x0021, 0x0021, 0x0021, 0x2106, 0x18c5, 0x0021, 0x0021, 0x0021, 0x0842, 0x1063, 0x20e5, 0x18a4, 
	0x18e5, 0x2988, 0x0843, 0x10c4, 0x3a2a, 0x1906, 0x0863, 0x10a4, 0x08c6, 0x1b2e, 0x2c93, 0x0c93, 0x1493, 0x1493, 0x1493, 0x1493, 
	0x1493, 0x14b3, 0x14b3, 0x14b3, 0x14b3, 0x14b3, 0x1493, 0x1493, 0x1493, 0x1493, 0x1492, 0x0cb3, 0x0c93, 0x0c93, 0x1493, 0x1493, 
	0x1493, 0x14b3, 0x14b3, 0x14b3, 0x0cb3, 0x14b3, 0x14b3, 0x0c93, 0x1493, 0x14b3, 0x0c93, 0x0c93, 0x1493, 0x1493, 0x1493, 0x1493, 
	0x1493, 0x1493, 0x1493, 0x1493, 0x1493, 0x0c93, 0x3493, 0x2bd1, 0x0148, 0x08a5, 0x1106, 0x1926, 0x0022, 0x12cc, 0x2a8c, 0x1063, 
	0x0022, 0x10a4, 0x10a4, 0x10a4, 0x10a4, 0x10a4, 0x10a4, 0x10c4, 0x10a4, 0x10a4, 0x10a4, 0x10a4, 0x10a4, 0x0863, 0x0042, 0x2127, 
	0x10c4, 0x10c4, 0x2209, 0x10e4, 0x1084, 0x0863, 0x2126, 0x29c9, 0x320a, 0x18e5, 0x0021, 0x0021, 0x0021, 0x0021, 0x0021, 0x0022, 
	0x0023, 0x0043, 0x0043, 0x0043, 0x0044, 0x0043, 0x0044, 0x0044, 0x0023, 0x0823, 0x0886, 0x19ec, 0x226d, 0x0885, 0x0021, 0x0021, 
	0x0021, 0x0021, 0x0022, 0x0022, 0x0023, 0x0022, 0x0022, 0x0022, 0x0044, 0x0043, 0x0864, 0x0885, 0x0885, 0x0085, 0x0086, 0x08e9, 
	0x092a, 0x0065, 0x0021, 0x0022, 0x0022, 0x0021, 0x0021, 0x0021, 0x0021, 0x0021, 0x0021, 0x0021, 0x0021, 0x0043, 0x0043, 0x0864, 
	0x0021, 0x0021, 0x0021, 0x0021, 0x0021, 0x0021, 0x0021, 0x0021, 0x0021, 0x0021, 0x0021, 0x0021, 0x0021, 0x0021, 0x0021, 0x0021, 
	0x0021, 0x0021, 0x0021, 0x0021, 0x0021, 0x0021, 0x0021, 0x0021, 0x0021, 0x0021, 0x0042, 0x0842, 0x0021, 0x0021, 0x0021, 0x0042, 
	0x0884, 0x0022, 0x0021, 0x0021, 0x0021, 0x0021, 0x0021, 0x0021, 0x0021, 0x0022, 0x0021, 0x0022, 0x0022, 0x0022, 0x0022, 0x0022, 
	0x0022, 0x0022, 0x0022, 0x0022, 0x0022, 0x0022, 0x0022, 0x0022, 0x0022, 0x0022, 0x0022, 0x0022, 0x0022, 0x0022, 0x0022, 0x0022, 
	0x0022, 0x0022, 0x0022, 0x0042, 0x0042, 0x0022, 0x0022, 0x0021, 0x2146, 0x1925, 0xfd84, 0xfec4, 0x6ac5, 0x0006, 0x0905, 0x0085, 
	0x0006, 0x0006, 0x0026, 0x0006, 0x0006, 0x0006, 0x00a5, 0x08e5, 0x0006, 0xb3e5, 0xfec4, 0xfd84, 0x2166, 0x18e5, 0x2945, 0x10e5, 
	0x0085, 0x08c5, 0x08c5, 0x0085, 0x10e5, 0x18a3, 0x18e4, 0x0000, 0x2125, 0x0021, 0x0022, 0x0042, 0x0021, 0x0021, 0x0021, 0x0021, 
	0x0021, 0x0862, 0x1147, 0x08e6, 0x0021, 0x0021, 0x0021, 0x0021, 0x0021, 0x0021, 0x0021, 0x0021, 0x0021, 0x0023, 0x0023, 0x0021, 
	0x0021, 0x0021, 0x0021, 0x0021, 0x0042, 0x0022, 0x0021, 0x0021, 0x0021, 0x0021, 0x0021, 0x0021, 0x0021, 0x0022, 0x0042, 0x0863, 
	0x0044, 0x1a0a, 0x08e6, 0x0022, 0x0043, 0x0023, 0x0022, 0x0024, 0x0023, 0x0021, 0x0021, 0x0021, 0x0021, 0x0021, 0x0021, 0x0021, 
	0x10a3, 0x31c8, 0x10c5, 0x0021, 0x0021, 0x0021, 0x0021, 0x18c4, 0x18a5, 0x1084, 0x0842, 0x0862, 0x1083, 0x18a4, 0x20e5, 0x18a4, 
	0x18e4, 0x2147, 0x0843, 0x10c4, 0x3a6a, 0x1906, 0x0863, 0x10c4, 0x0107, 0x1b4e, 0x2c93, 0x0411, 0x0b0d, 0x138f, 0x0aed, 0x0acc, 
	0x0b6f, 0x0aed, 0x0bf0, 0x0aec, 0x134e, 0x0b6f, 0x13d0, 0x13af, 0x0b2d, 0x03d0, 0x0472, 0x0411, 0x0493, 0x0c31, 0x12ed, 0x13d0, 
	0x0bd0, 0x130d, 0x0b2d, 0x0b2e, 0x13b0, 0x0acc, 0x0aec, 0x136f, 0x12cc, 0x132d, 0x13d0, 0x0b4e, 0x134e, 0x13f0, 0x12ac, 0x134e, 
	0x134e, 0x130d, 0x0b6e, 0x12cc, 0x0b0d, 0x0411, 0x2c72, 0x2bd1, 0x0189, 0x08a5, 0x1106, 0x1926, 0x0822, 0x12ac, 0x226b, 0x1063, 
	0x0022, 0x10a4, 0x10a4, 0x18c5, 0x1084, 0x10a4, 0x10c4, 0x1084, 0x18c5, 0x10a4, 0x10a4, 0x10a4, 0x10a4, 0x0883, 0x0022, 0x1926, 
	0x10a4, 0x10a4, 0x2209, 0x10e4, 0x10a4, 0x0842, 0x10a4, 0x1906, 0x1906, 0x10c4, 0x0021, 0x0021, 0x0021, 0x0021, 0x0021, 0x0021, 
	0x0021, 0x0021, 0x0021, 0x0021, 0x0021, 0x0021, 0x0043, 0x0043, 0x0022, 0x0022, 0x0022, 0x0023, 0x0023, 0x0021, 0x0021, 0x0021, 
	0x0021, 0x0022, 0x0022, 0x0022, 0x0021, 0x0021, 0x0021, 0x0021, 0x0042, 0x0021, 0x0021, 0x0022, 0x0021, 0x0864, 0x08c8, 0x08a6, 
	0x0865, 0x0022, 0x0022, 0x0022, 0x0021, 0x0021, 0x0021, 0x0021, 0x0021, 0x0021, 0x0021, 0x0021, 0x0021, 0x0043, 0x0022, 0x0021, 
	0x0021, 0x0021, 0x0021, 0x0021, 0x0021, 0x0021, 0x0021, 0x0021, 0x0021, 0x0021, 0x0021, 0x0021, 0x0021, 0x0021, 0x0021, 0x0021, 
	0x0021, 0x0021, 0x0021, 0x0021, 0x0021, 0x0021, 0x0021, 0x0021, 0x0021, 0x0021, 0x0021, 0x0021, 0x0021, 0x0021, 0x0021, 0x0022, 
	0x0022, 0x0022, 0x0021, 0x0021, 0x0021, 0x0022, 0x0022, 0x0022, 0x0022, 0x0022, 0x0022, 0x0022, 0x0022, 0x0022, 0x0022, 0x0022, 
	0x0022, 0x0022, 0x0022, 0x0022, 0x0022, 0x0022, 0x0022, 0x0022, 0x0022, 0x0022, 0x0022, 0x0022, 0x0022, 0x0022, 0x0022, 0x0022, 
	0x0022, 0x0022, 0x0022, 0x0022, 0x0022, 0x0022, 0x0022, 0x0862, 0x1108, 0x8303, 0xff24, 0xf545, 0x00a5, 0x0065, 0x0085, 0x2985, 
	0x5aa5, 0x7b05, 0x6aa5, 0x6aa5, 0x7b05, 0x5aa5, 0x2985, 0x0885, 0x0006, 0x29a5, 0xfe05, 0xfec5, 0x7ae3, 0x1107, 0x1062, 0x39a7, 
	0x0023, 0x08e6, 0x08c6, 0x0003, 0x39e8, 0x0021, 0x10e5, 0x0024, 0x10c4, 0x0021, 0x0021, 0x0021, 0x0021, 0x0021, 0x0021, 0x0021, 
	0x0021, 0x10e5, 0x2aee, 0x0906, 0x0021, 0x0021, 0x0021, 0x0021, 0x0021, 0x0021, 0x0021, 0x0021, 0x0021, 0x0022, 0x0022, 0x0021, 
	0x0021, 0x0021, 0x0021, 0x0021, 0x0022, 0x0042, 0x0022, 0x0021, 0x0021, 0x0021, 0x0021, 0x0021, 0x0021, 0x0021, 0x0021, 0x0021, 
	0x0023, 0x0065, 0x0887, 0x0845, 0x0024, 0x0044, 0x0044, 0x0045, 0x0044, 0x0021, 0x0021, 0x0021, 0x0021, 0x0021, 0x0021, 0x1063, 
	0x39c8, 0x10a4, 0x0021, 0x0021, 0x0021, 0x0021, 0x0022, 0x18c4, 0x10a4, 0x1084, 0x0022, 0x0842, 0x0863, 0x0842, 0x18a4, 0x20c5, 
	0x0863, 0x18e5, 0x0863, 0x0862, 0x21a8, 0x2167, 0x0863, 0x08c5, 0x0107, 0x1b2e, 0x2c72, 0x0baf, 0x0987, 0x138f, 0x0acc, 0x124a, 
	0x22cc, 0x12cc, 0x136e, 0x1167, 0x10e5, 0x11c8, 0x1a09, 0x19c8, 0x1987, 0x0b4e, 0x0c72, 0x134e, 0x1472, 0x1acc, 0x128b, 0x1472, 
	0x124a, 0x1b0d, 0x1167, 0x1126, 0x1146, 0x11a7, 0x1105, 0x19c8, 0x1987, 0x11e9, 0x138f, 0x124a, 0x1452, 0x0c52, 0x124a, 0x132e, 
	0x11e9, 0x1187, 0x0b4e, 0x12ed, 0x128b, 0x0acc, 0x3472, 0x2bb0, 0x0169, 0x08c5, 0x1106, 0x1906, 0x0822, 0x12ac, 0x226b, 0x1063, 
	0x0042, 0x10a4, 0x10a4, 0x10a4, 0x10a4, 0x10a4, 0x10a4, 0x10a4, 0x10a4, 0x10a4, 0x10a4, 0x10a4, 0x10a4, 0x0863, 0x0022, 0x1906, 
	0x10a4, 0x10a4, 0x19c8, 0x10c4, 0x10a4, 0x0863, 0x1906, 0x2147, 0x2947, 0x18c5, 0x0021, 0x0021, 0x0021, 0x0021, 0x0021, 0x0021, 
	0x0021, 0x0021, 0x0021, 0x0021, 0x0021, 0x0021, 0x0042, 0x0022, 0x0021, 0x0021, 0x0021, 0x0021, 0x0021, 0x0021, 0x0021, 0x0021, 
	0x0021, 0x0022, 0x0023, 0x0022, 0x0022, 0x0022, 0x0021, 0x0021, 0x0042, 0x0022, 0x0021, 0x0021, 0x0022, 0x0044, 0x0044, 0x0021, 
	0x0021, 0x0022, 0x0021, 0x0021, 0x0021, 0x0021, 0x0021, 0x0021, 0x0021, 0x0021, 0x0021, 0x0021, 0x0022, 0x0043, 0x0022, 0x0021, 
	0x0021, 0x0021, 0x0021, 0x0021, 0x0021, 0x0021, 0x0021, 0x0021, 0x0021, 0x0021, 0x0021, 0x0021, 0x0021, 0x0021, 0x0021, 0x0021, 
	0x0021, 0x0021, 0x0021, 0x0022, 0x0021, 0x0021, 0x0022, 0x0021, 0x0021, 0x0021, 0x0021, 0x0022, 0x0021, 0x0021, 0x0021, 0x0022, 
	0x0022, 0x0022, 0x0021, 0x0022, 0x0022, 0x0022, 0x0022, 0x0022, 0x0022, 0x0022, 0x0022, 0x0022, 0x0022, 0x0022, 0x0022, 0x0022, 
	0x0022, 0x0022, 0x0022, 0x0022, 0x0022, 0x0022, 0x0022, 0x0022, 0x0022, 0x0022, 0x0022, 0x0022, 0x0022, 0x0022, 0x0022, 0x0022, 
	0x0022, 0x0022, 0x0022, 0x0022, 0x0022, 0x0022, 0x0822, 0x2126, 0x2146, 0xf544, 0xfee4, 0x8305, 0x0006, 0x08e5, 0x0046, 0x39c5, 
	0xfe05, 0x9385, 0xdcc5, 0xdcc5, 0x9385, 0xfde5, 0x39a5, 0x0046, 0x00c5, 0x0006, 0xbc05, 0xfee4, 0xed24, 0x1106, 0x18e4, 0x39c7, 
	0x08a4, 0x00a5, 0x00a5, 0x0084, 0x2945, 0x10a3, 0x0043, 0x00c6, 0x0023, 0x18e4, 0x0021, 0x0021, 0x0021, 0x0021, 0x0021, 0x0021, 
	0x0021, 0x0022, 0x0022, 0x0021, 0x0021, 0x0021, 0x0021, 0x0021, 0x0021, 0x0021, 0x0021, 0x0021, 0x0021, 0x0022, 0x0022, 0x0021, 
	0x0021, 0x0021, 0x0021, 0x0021, 0x0042, 0x0043, 0x0022, 0x0021, 0x0021, 0x0021, 0x0021, 0x0021, 0x0021, 0x0021, 0x0021, 0x0022, 
	0x0023, 0x0023, 0x08a7, 0x0886, 0x0023, 0x0845, 0x0865, 0x0887, 0x0864, 0x0021, 0x0021, 0x0021, 0x0021, 0x0021, 0x0021, 0x2926, 
	0x2146, 0x0021, 0x1083, 0x0042, 0x0021, 0x0021, 0x0822, 0x18c4, 0x1084, 0x0863, 0x20e5, 0x1083, 0x0022, 0x0022, 0x0842, 0x0862, 
	0x10c4, 0x2126, 0x0863, 0x0842, 0x2146, 0x2167, 0x0883, 0x10c5, 0x0927, 0x1b2e, 0x2c52, 0x0c52, 0x132e, 0x1209, 0x0a09, 0x12ab, 
	0x1b0d, 0x11c8, 0x11a7, 0x1aab, 0x124a, 0x1146, 0x1229, 0x11e9, 0x1987, 0x0aed, 0x1411, 0x134e, 0x0c31, 0x12ab, 0x126b, 0x0c52, 
	0x0a2a, 0x12ec, 0x1146, 0x1aac, 0x124a, 0x1146, 0x124a, 0x1a6a, 0x19a8, 0x124a, 0x136e, 0x0a2a, 0x1411, 0x0c52, 0x128b, 0x132e, 
	0x1209, 0x11c8, 0x0b6e, 0x12ed, 0x1a8b, 0x0aec, 0x3472, 0x238f, 0x0169, 0x08a5, 0x1106, 0x1106, 0x0022, 0x128b, 0x226c, 0x1063, 
	0x0042, 0x10a4, 0x10a4, 0x10a4, 0x10a4, 0x10a4, 0x10a4, 0x10a4, 0x10a4, 0x10a4, 0x10a4, 0x10a4, 0x10a4, 0x0863, 0x0022, 0x1906, 
	0x10a4, 0x10a4, 0x1987, 0x08a4, 0x10a4, 0x0863, 0x10a4, 0x1084, 0x18c5, 0x0842, 0x0021, 0x0021, 0x0021, 0x0021, 0x0021, 0x0021, 
	0x0021, 0x0021, 0x0021, 0x0021, 0x0021, 0x0021, 0x0042, 0x0042, 0x0021, 0x0021, 0x0021, 0x0021, 0x0022, 0x0022, 0x0021, 0x0021, 
	0x0021, 0x0021, 0x0021, 0x0021, 0x0021, 0x0021, 0x0021, 0x0022, 0x0043, 0x0022, 0x0021, 0x0022, 0x0022, 0x0022, 0x0022, 0x0022, 
	0x0022, 0x0021, 0x0021, 0x0021, 0x0021, 0x0021, 0x0021, 0x0021, 0x0021, 0x0021, 0x0021, 0x0021, 0x0022, 0x0043, 0x0022, 0x0021, 
	0x0021, 0x0021, 0x0021, 0x0021, 0x0021, 0x0021, 0x0884, 0x10c6, 0x0843, 0x0021, 0x0021, 0x0022, 0x0021, 0x0021, 0x0021, 0x0021, 
	0x0021, 0x0021, 0x0022, 0x0022, 0x0021, 0x0021, 0x0021, 0x0022, 0x0022, 0x0022, 0x0022, 0x0022, 0x0022, 0x0022, 0x0022, 0x0022, 
	0x0022, 0x0022, 0x0022, 0x0022, 0x0022, 0x0022, 0x0022, 0x0022, 0x0022, 0x0022, 0x0022, 0x0022, 0x0022, 0x0022, 0x0022, 0x0022, 
	0x0022, 0x0022, 0x0022, 0x0022, 0x0022, 0x0022, 0x0022, 0x0022, 0x0022, 0x0022, 0x0022, 0x0022, 0x0022, 0x0022, 0x0022, 0x0022, 
	0x0022, 0x0022, 0x0022, 0x0022, 0x0022, 0x0022, 0x0862, 0x1108, 0x6a83, 0xff04, 0xfd65, 0x08c5, 0x0066, 0x08c5, 0x08c5, 0x0006, 
	0xb405, 0x39a5, 0x41c5, 0x41e5, 0x39a5, 0xa3c5, 0x0006, 0x08e5, 0x08c5, 0x0006, 0x41e5, 0xfe45, 0xfea5, 0x6263, 0x1107, 0x18e5, 
	0x2987, 0x0024, 0x0044, 0x2967, 0x0021, 0x1905, 0x0023, 0x08e6, 0x0044, 0x1925, 0x0021, 0x0021, 0x0021, 0x0021, 0x0021, 0x0021, 
	0x0021, 0x0021, 0x0021, 0x0021, 0x0021, 0x0021, 0x0021, 0x0021, 0x0021, 0x0021, 0x0021, 0x0021, 0x0022, 0x0022, 0x0022, 0x0021, 
	0x0021, 0x0021, 0x0021, 0x0021, 0x0042, 0x0022, 0x0021, 0x0021, 0x0021, 0x0021, 0x0021, 0x0021, 0x0021, 0x0021, 0x0021, 0x0021, 
	0x0022, 0x0022, 0x0042, 0x0021, 0x0022, 0x0043, 0x0022, 0x0043, 0x0022, 0x0021, 0x0021, 0x0021, 0x0021, 0x0021, 0x18a4, 0x3167, 
	0x10a5, 0x0021, 0x10a4, 0x10a5, 0x0022, 0x0021, 0x0021, 0x18c4, 0x1083, 0x1084, 0x2947, 0x2967, 0x20e5, 0x0821, 0x0022, 0x0021, 
	0x18c4, 0x2147, 0x0843, 0x1083, 0x31a8, 0x1906, 0x0884, 0x10c5, 0x0127, 0x1b0e, 0x2c31, 0x03f0, 0x12ab, 0x12cc, 0x0a4a, 0x124a, 
	0x134e, 0x1209, 0x128b, 0x0b2d, 0x136f, 0x1209, 0x13f0, 0x138f, 0x128b, 0x11e8, 0x134e, 0x0bd0, 0x0431, 0x0bf0, 0x1209, 0x12cc, 
	0x134e, 0x1209, 0x128b, 0x0b6e, 0x13af, 0x124a, 0x134e, 0x136e, 0x126a, 0x1209, 0x130d, 0x12cc, 0x11c8, 0x0bd0, 0x0b2d, 0x0b6e, 
	0x12cc, 0x1209, 0x12ed, 0x1229, 0x126b, 0x0411, 0x2c52, 0x236f, 0x0168, 0x08a5, 0x1106, 0x1106, 0x0022, 0x1a8b, 0x224b, 0x1063, 
	0x0022, 0x10a4, 0x10a4, 0x10a4, 0x10a4, 0x10a4, 0x10a4, 0x10a4, 0x10a4, 0x10a4, 0x10a4, 0x10a4, 0x10a4, 0x0863, 0x0022, 0x1906, 
	0x10a4, 0x10a4, 0x1987, 0x08a4, 0x1084, 0x0863, 0x10a4, 0x18e6, 0x18c4, 0x0021, 0x0021, 0x0021, 0x0021, 0x0021, 0x0021, 0x0021, 
	0x0021, 0x0021, 0x0021, 0x0021, 0x0021, 0x0021, 0x0042, 0x0042, 0x0021, 0x0021, 0x0021, 0x0021, 0x0022, 0x0022, 0x0021, 0x0021, 
	0x0021, 0x0021, 0x0021, 0x0021, 0x0021, 0x0021, 0x0021, 0x0021, 0x0043, 0x0021, 0x0021, 0x0021, 0x0022, 0x0022, 0x0022, 0x0022, 
	0x0021, 0x0021, 0x0021, 0x0021, 0x0021, 0x0021, 0x0021, 0x0021, 0x0021, 0x0021, 0x0021, 0x0021, 0x0021, 0x0022, 0x0022, 0x0021, 
	0x0021, 0x0021, 0x0021, 0x0021, 0x0021, 0x0021, 0x0843, 0x0864, 0x0042, 0x0021, 0x0021, 0x0021, 0x0022, 0x0022, 0x0022, 0x0022, 
	0x0021, 0x0021, 0x0022, 0x0022, 0x0021, 0x0022, 0x0022, 0x0022, 0x0022, 0x0022, 0x0022, 0x0022, 0x0022, 0x0022, 0x0022, 0x0022, 
	0x0022, 0x0022, 0x0022, 0x0022, 0x0022, 0x0022, 0x0022, 0x0022, 0x0022, 0x0022, 0x0022, 0x0022, 0x0022, 0x0022, 0x0022, 0x0022, 
	0x0022, 0x0022, 0x0022, 0x0022, 0x0022, 0x0022, 0x0022, 0x0022, 0x0022, 0x0022, 0x0022, 0x0022, 0x0022, 0x0022, 0x0022, 0x0022, 
	0x0022, 0x0022, 0x0022, 0x0022, 0x0022, 0x0022, 0x2125, 0x08e6, 0xe4c4, 0xff24, 0x8b45, 0x0006, 0x08e5, 0x08c5, 0x08c5, 0x0065, 
	0x2145, 0xb405, 0x8305, 0x8b45, 0xbc45, 0x2145, 0x0066, 0x08c5, 0x08c5, 0x00a5, 0x0046, 0xd4a5, 0xfec4, 0xe4c3, 0x1127, 0x18c4, 
	0x39c7, 0x0044, 0x0023, 0x39c7, 0x0862, 0x0063, 0x00c6, 0x08c5, 0x00c6, 0x0063, 0x1083, 0x0021, 0x0021, 0x0021, 0x0021, 0x0021, 
	0x0021, 0x0021, 0x0022, 0x0022, 0x0021, 0x0021, 0x0021, 0x0021, 0x0021, 0x0021, 0x0021, 0x0021, 0x0022, 0x0042, 0x0021, 0x0022, 
	0x0022, 0x0022, 0x0022, 0x0022, 0x0043, 0x0042, 0x0022, 0x0022, 0x0022, 0x0022, 0x0022, 0x0022, 0x0022, 0x0022, 0x0022, 0x0022, 
	0x0022, 0x0022, 0x0021, 0x0021, 0x0043, 0x0043, 0x0021, 0x0021, 0x0021, 0x0022, 0x0022, 0x0022, 0x0022, 0x0021, 0x3125, 0x3967, 
	0x0842, 0x0021, 0x0842, 0x10a5, 0x10a4, 0x0022, 0x0021, 0x1083, 0x1084, 0x10a4, 0x0884, 0x0023, 0x2127, 0x1906, 0x0863, 0x0021, 
	0x10a4, 0x2147, 0x0843, 0x1083, 0x31a8, 0x1906, 0x0883, 0x08c5, 0x0107, 0x1aed, 0x2c11, 0x0c10, 0x134e, 0x0bf0, 0x0c31, 0x0baf, 
	0x0411, 0x0c11, 0x0c11, 0x0c11, 0x0bd0, 0x0c31, 0x0c11, 0x0411, 0x0c11, 0x136e, 0x0b8f, 0x0431, 0x0411, 0x0431, 0x0c11, 0x0bf0, 
	0x0c31, 0x0c11, 0x0c31, 0x0c11, 0x0c11, 0x0c31, 0x0c31, 0x0c11, 0x0c11, 0x0bf0, 0x0bf0, 0x0bf1, 0x0bd0, 0x0411, 0x0c11, 0x03f1, 
	0x0c11, 0x0bd0, 0x0bf0, 0x0c11, 0x0c11, 0x0411, 0x2411, 0x234f, 0x0148, 0x08a5, 0x1106, 0x1106, 0x0822, 0x126b, 0x224b, 0x1063, 
	0x0042, 0x10a4, 0x10a4, 0x10a4, 0x10a4, 0x10a4, 0x10a4, 0x10a4, 0x10a4, 0x10a4, 0x10a4, 0x10a4, 0x1084, 0x0863, 0x0022, 0x18e5, 
	0x10a4, 0x10c4, 0x1987, 0x08a4, 0x1084, 0x0863, 0x0884, 0x1084, 0x0042, 0x0022, 0x0022, 0x0022, 0x0022, 0x0022, 0x0022, 0x0022, 
	0x0022, 0x0022, 0x0022, 0x0022, 0x0022, 0x0022, 0x0043, 0x0042, 0x0022, 0x0022, 0x0022, 0x0022, 0x0022, 0x0022, 0x0022, 0x0022, 
	0x0022, 0x0022, 0x0022, 0x0022, 0x0022, 0x0022, 0x0022, 0x0022, 0x0043, 0x0022, 0x0022, 0x0022, 0x0022, 0x0022, 0x0022, 0x0022, 
	0x0022, 0x0022, 0x0022, 0x0022, 0x0022, 0x0021, 0x0022, 0x0022, 0x0022, 0x0022, 0x0022, 0x0022, 0x0022, 0x0022, 0x0021, 0x0022, 
	0x0022, 0x0022, 0x0022, 0x0022, 0x0022, 0x0022, 0x0021, 0x0021, 0x0021, 0x0022, 0x0022, 0x0022, 0x0022, 0x0022, 0x0022, 0x0022, 
	0x0022, 0x0022, 0x0022, 0x0022, 0x0022, 0x0022, 0x0022, 0x0022, 0x0022, 0x0022, 0x0022, 0x0022, 0x0022, 0x0022, 0x0022, 0x0022, 
	0x0022, 0x0022, 0x0022, 0x0022, 0x0022, 0x0022, 0x0022, 0x0022, 0x0022, 0x0022, 0x0022, 0x0022, 0x0022, 0x0022, 0x0022, 0x0022, 
	0x0022, 0x0022, 0x0022, 0x0022, 0x0022, 0x0022, 0x0022, 0x0022, 0x0022, 0x0022, 0x0022, 0x0022, 0x0022, 0x0022, 0x0022, 0x0022, 
	0x0022, 0x0022, 0x0022, 0x0022, 0x0022, 0x0842, 0x1928, 0x5a44, 0xfec4, 0xfdc5, 0x1925, 0x0046, 0x08c5, 0x08c5, 0x08c5, 0x08e5, 
	0x0006, 0x6ac5, 0xfda5, 0xfdc5, 0x62a5, 0x0006, 0x08e5, 0x08c5, 0x08c5, 0x08e5, 0x0006, 0x5a65, 0xfe65, 0xfe85, 0x5a24, 0x1107, 
	0x2125, 0x08a4, 0x0084, 0x1083, 0x2105, 0x0003, 0x08e6, 0x08c5, 0x08e6, 0x0023, 0x2125, 0x0021, 0x0021, 0x0021, 0x0022, 0x0021, 
	0x0021, 0x0021, 0x0022, 0x0022, 0x0021, 0x0021, 0x0021, 0x0021, 0x0021, 0x0021, 0x0021, 0x0021, 0x0022, 0x0042, 0x0022, 0x0043, 
	0x0043, 0x0043, 0x0043, 0x0043, 0x0043, 0x0043, 0x0042, 0x0043, 0x0022, 0x0042, 0x0022, 0x0042, 0x0843, 0x0043, 0x0043, 0x0043, 
	0x0043, 0x0043, 0x0043, 0x0043, 0x0043, 0x0043, 0x0042, 0x0042, 0x0042, 0x0042, 0x0042, 0x0042, 0x0042, 0x0022, 0x2905, 0x2926, 
	0x0022, 0x0022, 0x0021, 0x0842, 0x18a4, 0x1084, 0x0022, 0x0842, 0x1084, 0x1083, 0x08a5, 0x1168, 0x00c7, 0x1107, 0x2188, 0x1084, 
	0x2106, 0x2127, 0x0864, 0x0862, 0x2126, 0x1926, 0x0883, 0x08c4, 0x0106, 0x1acd, 0x23f0, 0x0b4d, 0x0987, 0x13d0, 0x0b2d, 0x0a29, 
	0x0c11, 0x124a, 0x0baf, 0x0acc, 0x0aac, 0x0c11, 0x12cc, 0x0bf1, 0x0a8b, 0x0a6a, 0x122a, 0x0bb0, 0x0411, 0x03f0, 0x0411, 0x0411, 
	0x0411, 0x0411, 0x0411, 0x03f0, 0x03f0, 0x0411, 0x0411, 0x03f0, 0x03f0, 0x03f0, 0x03f0, 0x03f1, 0x0411, 0x0411, 0x03f1, 0x03f0, 
	0x03f0, 0x03f1, 0x0411, 0x03f1, 0x03f0, 0x03f0, 0x23f1, 0x234f, 0x0148, 0x08a5, 0x1106, 0x1126, 0x0842, 0x124b, 0x222b, 0x1063, 
	0x0842, 0x1084, 0x10a4, 0x1084, 0x10a4, 0x10a4, 0x10a4, 0x10a4, 0x1084, 0x1084, 0x10a4, 0x10a4, 0x1084, 0x0863, 0x0022, 0x18e5, 
	0x1084, 0x10c4, 0x1987, 0x08a4, 0x10a4, 0x0022, 0x0021, 0x0021, 0x0022, 0x0043, 0x0043, 0x0843, 0x0043, 0x0043, 0x0043, 0x0043, 
	0x0043, 0x0043, 0x0043, 0x0043, 0x0043, 0x0042, 0x0043, 0x0043, 0x0042, 0x0043, 0x0043, 0x0843, 0x0843, 0x0043, 0x0043, 0x0842, 
	0x0022, 0x0042, 0x0043, 0x0043, 0x0043, 0x0043, 0x0043, 0x0043, 0x0043, 0x0043, 0x0043, 0x0043, 0x0043, 0x0043, 0x0043, 0x0043, 
	0x0043, 0x0043, 0x0043, 0x0043, 0x0022, 0x0022, 0x0042, 0x0043, 0x0043, 0x0042, 0x0022, 0x0022, 0x0022, 0x0022, 0x0022, 0x0022, 
	0x0022, 0x0022, 0x0022, 0x0022, 0x0022, 0x0022, 0x0021, 0x0022, 0x0022, 0x0022, 0x0022, 0x0022, 0x0022, 0x0022, 0x0022, 0x0022, 
	0x0022, 0x0022, 0x0022, 0x0022, 0x0022, 0x0022, 0x0022, 0x0022, 0x0022, 0x0022, 0x0022, 0x0022, 0x0022, 0x0022, 0x0022, 0x0022, 
	0x0022, 0x0022, 0x0022, 0x0022, 0x0022, 0x0022, 0x0022, 0x0022, 0x0022, 0x0022, 0x0022, 0x0022, 0x0022, 0x0022, 0x0022, 0x0022, 
	0x0022, 0x0022, 0x0022, 0x0022, 0x0022, 0x0022, 0x0022, 0x0022, 0x0022, 0x0022, 0x0022, 0x0022, 0x0022, 0x0022, 0x0022, 0x0022, 
	0x0022, 0x0022, 0x0022, 0x0022, 0x0042, 0x2105, 0x1107, 0xdc83, 0xff24, 0xa3a5, 0x0006, 0x00c5, 0x08c5, 0x08c5, 0x08c5, 0x08c5, 
	0x0085, 0x0066, 0xfda5, 0xf565, 0x0046, 0x0085, 0x08c5, 0x08c5, 0x08c5, 0x08c5, 0x0085, 0x0066, 0xe4e5, 0xfee5, 0xcc63, 0x08c7, 
	0x18e4, 0x39c7, 0x39e8, 0x0842, 0x08a4, 0x0085, 0x08c5, 0x08c5, 0x08c5, 0x00a5, 0x08a4, 0x0842, 0x0022, 0x0022, 0x0022, 0x0022, 
	0x0021, 0x0021, 0x0021, 0x0021, 0x0021, 0x0021, 0x0022, 0x0022, 0x0021, 0x0021, 0x0022, 0x0022, 0x0021, 0x0021, 0x0021, 0x0022, 
	0x0021, 0x0021, 0x0021, 0x0021, 0x0022, 0x0022, 0x0021, 0x0021, 0x0021, 0x0022, 0x0021, 0x0021, 0x0021, 0x0021, 0x0021, 0x0021, 
	0x0021, 0x0021, 0x0021, 0x0021, 0x0042, 0x0042, 0x0021, 0x0021, 0x0021, 0x0021, 0x0021, 0x0021, 0x0021, 0x0021, 0x2905, 0x2926, 
	0x0042, 0x0021, 0x0021, 0x0021, 0x0822, 0x10a4, 0x0863, 0x0842, 0x10a4, 0x0884, 0x08a6, 0x116a, 0x092a, 0x1129, 0x19a9, 0x0863, 
	0x2126, 0x2127, 0x1084, 0x0022, 0x08c4, 0x2147, 0x0863, 0x08a4, 0x00e6, 0x12ac, 0x23d0, 0x0aab, 0x1229, 0x0bd0, 0x0a09, 0x0b4e, 
	0x132d, 0x09c8, 0x13f0, 0x09e9, 0x0bb0, 0x0aec, 0x0aed, 0x0b8f, 0x0987, 0x0bd0, 0x126b, 0x0b2e, 0x03d0, 0x03d0, 0x03f0, 0x03f0, 
	0x03f0, 0x03f0, 0x03d0, 0x03af, 0x03af, 0x03d0, 0x03f0, 0x03d0, 0x03d0, 0x03d0, 0x03d0, 0x03f0, 0x03d0, 0x03d0, 0x03d0, 0x03f0, 
	0x03d0, 0x03d0, 0x03d0, 0x03d0, 0x03d0, 0x03d0, 0x23f0, 0x232e, 0x0148, 0x08a5, 0x10e5, 0x1106, 0x0822, 0x124a, 0x222a, 0x1063, 
	0x0022, 0x1084, 0x10a4, 0x10a4, 0x1084, 0x10a4, 0x10a4, 0x1084, 0x10a4, 0x1084, 0x1084, 0x1084, 0x10a4, 0x0863, 0x0022, 0x1906, 
	0x10a4, 0x10a4, 0x1987, 0x08a4, 0x1084, 0x0022, 0x0021, 0x0021, 0x0021, 0x0021, 0x0021, 0x0021, 0x0021, 0x0021, 0x0021, 0x0021, 
	0x0021, 0x0021, 0x0021, 0x0021, 0x0021, 0x0021, 0x0042, 0x0042, 0x0021, 0x0021, 0x0021, 0x0021, 0x0021, 0x0021, 0x0022, 0x0021, 
	0x0021, 0x0022, 0x0021, 0x0021, 0x0021, 0x0022, 0x0021, 0x0022, 0x0043, 0x0022, 0x0021, 0x0021, 0x0021, 0x0021, 0x0022, 0x0021, 
	0x0022, 0x0022, 0x0022, 0x0022, 0x0022, 0x0022, 0x0022, 0x0022, 0x0022, 0x0022, 0x0022, 0x0022, 0x0022, 0x0022, 0x0022, 0x0022, 
	0x0022, 0x0022, 0x0022, 0x0022, 0x0022, 0x0022, 0x0022, 0x0022, 0x0022, 0x0022, 0x0022, 0x0022, 0x0022, 0x0022, 0x0022, 0x0022, 
	0x0022, 0x0022, 0x0022, 0x0022, 0x0022, 0x0022, 0x0022, 0x0022, 0x0022, 0x0022, 0x0022, 0x0022, 0x0022, 0x0022, 0x0022, 0x0022, 
	0x0022, 0x0022, 0x0022, 0x0022, 0x0022, 0x0022, 0x0022, 0x0022, 0x0022, 0x0022, 0x0022, 0x0022, 0x0022, 0x0022, 0x0022, 0x0022, 
	0x0022, 0x0022, 0x0022, 0x0022, 0x0022, 0x0022, 0x0022, 0x0022, 0x0022, 0x0022, 0x0022, 0x0022, 0x0022, 0x0022, 0x0022, 0x0022, 
	0x0022, 0x0022, 0x0022, 0x0022, 0x0842, 0x1928, 0x49e4, 0xfea4, 0xfde5, 0x2145, 0x0026, 0x08c5, 0x08c5, 0x08c5, 0x08c5, 0x08c5, 
	0x08e5, 0x0006, 0x8b45, 0x8b45, 0x0006, 0x08e5, 0x08c5, 0x08c5, 0x08c5, 0x08c5, 0x08e5, 0x0006, 0x6ac5, 0xfe85, 0xfe64, 0x49e4, 
	0x1927, 0x3186, 0x20e4, 0x2105, 0x0023, 0x08e6, 0x08c5, 0x08c5, 0x08c5, 0x08e6, 0x0023, 0x2105, 0x0022, 0x0022, 0x0022, 0x0022, 
	0x0022, 0x0022, 0x0022, 0x0022, 0x0042, 0x0042, 0x0021, 0x0021, 0x0022, 0x0022, 0x0022, 0x0022, 0x0021, 0x0021, 0x0021, 0x0021, 
	0x0021, 0x0021, 0x0021, 0x0021, 0x0042, 0x0022, 0x0021, 0x0021, 0x0021, 0x0021, 0x0021, 0x0021, 0x0021, 0x0021, 0x0021, 0x0021, 
	0x0021, 0x0021, 0x0021, 0x0021, 0x0042, 0x0042, 0x0021, 0x0021, 0x0021, 0x0021, 0x0021, 0x0021, 0x0021, 0x0021, 0x2905, 0x2926, 
	0x0042, 0x0021, 0x0021, 0x0041, 0x0021, 0x0842, 0x0821, 0x0022, 0x1084, 0x10a6, 0x08e9, 0x0069, 0x0029, 0x1129, 0x19a8, 0x0022, 
	0x18e5, 0x2147, 0x1084, 0x0843, 0x1146, 0x1947, 0x0863, 0x08a4, 0x00e6, 0x128c, 0x23d0, 0x0aab, 0x0987, 0x130d, 0x0a6a, 0x13d0, 
	0x09a8, 0x0b4e, 0x0aab, 0x0a8b, 0x138f, 0x11a8, 0x0b8f, 0x09a8, 0x0aab, 0x0bb0, 0x11a8, 0x0b4e, 0x03d0, 0x03af, 0x03af, 0x03af, 
	0x03cf, 0x03b0, 0x03af, 0x038f, 0x038f, 0x03d0, 0x03d0, 0x03d0, 0x03d0, 0x03d0, 0x03d0, 0x03d0, 0x03d0, 0x03d0, 0x03d0, 0x03d0, 
	0x03af, 0x03af, 0x03af, 0x03af, 0x03d0, 0x03d0, 0x23d0, 0x232e, 0x0148, 0x08a5, 0x10e5, 0x1106, 0x0842, 0x124a, 0x220a, 0x1063, 
	0x0842, 0x1084, 0x10a4, 0x10a4, 0x1084, 0x10a4, 0x10a4, 0x1084, 0x1084, 0x1084, 0x1084, 0x10a4, 0x1084, 0x0863, 0x0842, 0x1906, 
	0x1084, 0x10a4, 0x1987, 0x08a4, 0x1084, 0x0022, 0x0021, 0x0021, 0x0021, 0x0021, 0x0021, 0x0021, 0x0021, 0x0021, 0x0021, 0x0021, 
	0x0021, 0x0021, 0x0021, 0x0021, 0x0021, 0x0021, 0x0042, 0x0042, 0x0021, 0x0021, 0x0021, 0x0021, 0x0021, 0x0021, 0x0021, 0x0021, 
	0x0021, 0x0021, 0x0021, 0x0021, 0x0021, 0x0021, 0x0021, 0x0022, 0x0043, 0x0022, 0x0021, 0x0021, 0x0021, 0x0021, 0x0021, 0x0021, 
	0x0021, 0x0022, 0x0022, 0x0021, 0x0021, 0x0022, 0x0022, 0x0022, 0x0022, 0x0022, 0x0022, 0x0022, 0x0022, 0x0022, 0x0022, 0x0022, 
	0x0022, 0x0022, 0x0022, 0x0022, 0x0022, 0x0022, 0x0022, 0x0022, 0x0022, 0x0022, 0x0022, 0x0022, 0x0022, 0x0022, 0x0022, 0x0022, 
	0x0022, 0x0022, 0x0022, 0x0022, 0x0022, 0x0022, 0x0022, 0x0022, 0x0022, 0x0022, 0x0022, 0x0022, 0x0022, 0x0022, 0x0022, 0x0022, 
	0x0022, 0x0022, 0x0022, 0x0022, 0x0022, 0x0022, 0x0022, 0x0022, 0x0022, 0x0022, 0x0022, 0x0022, 0x0022, 0x0022, 0x0022, 0x0022, 
	0x0022, 0x0022, 0x0022, 0x0022, 0x0022, 0x0022, 0x0022, 0x0022, 0x0022, 0x0022, 0x0022, 0x0022, 0x0022, 0x0022, 0x0022, 0x0022, 
	0x0022, 0x0022, 0x0022, 0x0042, 0x18e4, 0x00e7, 0xbc03, 0xff44, 0xb405, 0x0006, 0x00c5, 0x08c5, 0x08c5, 0x08c5, 0x08c5, 0x08c5, 
	0x08c5, 0x0006, 0x7b05, 0x7b05, 0x0006, 0x08c5, 0x08c5, 0x08c5, 0x08c5, 0x08c5, 0x08c5, 0x0066, 0x08c5, 0xf565, 0xfec5, 0xc423, 
	0x0908, 0x18c4, 0x0022, 0x18e5, 0x0044, 0x08c5, 0x08c5, 0x08c5, 0x08c5, 0x08c5, 0x0044, 0x18e5, 0x0022, 0x0022, 0x0022, 0x0022, 
	0x0022, 0x0042, 0x0022, 0x0043, 0x0843, 0x0843, 0x0022, 0x0022, 0x0022, 0x0022, 0x0022, 0x0022, 0x0022, 0x0022, 0x0022, 0x0021, 
	0x0022, 0x0022, 0x0022, 0x0022, 0x0042, 0x0022, 0x0021, 0x0022, 0x0022, 0x0021, 0x0022, 0x0022, 0x0021, 0x0022, 0x0022, 0x0022, 
	0x0022, 0x0021, 0x0021, 0x0021, 0x0042, 0x0042, 0x0021, 0x0022, 0x0021, 0x0022, 0x0021, 0x0021, 0x0021, 0x0021, 0x18c4, 0x2106, 
	0x0042, 0x0021, 0x0022, 0x0022, 0x0021, 0x0021, 0x0042, 0x0022, 0x0844, 0x10a7, 0x090b, 0x128e, 0x11ac, 0x090a, 0x1989, 0x0843, 
	0x18e5, 0x2126, 0x1084, 0x0022, 0x10c5, 0x2147, 0x0884, 0x08c4, 0x0106, 0x128c, 0x23d0, 0x034e, 0x0a8b, 0x12cc, 0x0b6f, 0x0baf, 
	0x0acc, 0x0baf, 0x0acc, 0x0baf, 0x0b6e, 0x0aec, 0x0baf, 0x0a6b, 0x0bd0, 0x0b4e, 0x128b, 0x0b8f, 0x03af, 0x03af, 0x03af, 0x03af, 
	0x03af, 0x03af, 0x03af, 0x03af, 0x03af, 0x03af, 0x03af, 0x03af, 0x03af, 0x03d0, 0x03af, 0x03af, 0x03af, 0x03af, 0x03af, 0x03af, 
	0x038f, 0x038f, 0x038f, 0x038f, 0x038f, 0x03af, 0x23af, 0x230e, 0x0148, 0x08a5, 0x10e5, 0x1106, 0x0843, 0x122a, 0x220a, 0x1063, 
	0x0843, 0x1084, 0x1084, 0x1084, 0x10a4, 0x1084, 0x1084, 0x10a4, 0x0883, 0x1084, 0x10a4, 0x10a4, 0x1084, 0x0863, 0x0042, 0x18e5, 
	0x1084, 0x10a4, 0x1987, 0x08a4, 0x1084, 0x0842, 0x0021, 0x0021, 0x0021, 0x0021, 0x0021, 0x0021, 0x0021, 0x0021, 0x0021, 0x0021, 
	0x0021, 0x0022, 0x0022, 0x0021, 0x0022, 0x0021, 0x0042, 0x0042, 0x0021, 0x0021, 0x0021, 0x0022, 0x0022, 0x0021, 0x0021, 0x0021, 
	0x0022, 0x0021, 0x0022, 0x0022, 0x0021, 0x0021, 0x0021, 0x0022, 0x0043, 0x0022, 0x0022, 0x0022, 0x0022, 0x0022, 0x0022, 0x0022, 
	0x0022, 0x0022, 0x0022, 0x0022, 0x0022, 0x0022, 0x0022, 0x0022, 0x0022, 0x0022, 0x0022, 0x0022, 0x0022, 0x0022, 0x0022, 0x0022, 
	0x0022, 0x0022, 0x0022, 0x0022, 0x0022, 0x0022, 0x0022, 0x0022, 0x0022, 0x0022, 0x0022, 0x0022, 0x0022, 0x0022, 0x0022, 0x0022, 
	0x0022, 0x0022, 0x0022, 0x0022, 0x0022, 0x0022, 0x0022, 0x0022, 0x0022, 0x0022, 0x0022, 0x0022, 0x0022, 0x0022, 0x0022, 0x0022, 
	0x0022, 0x0022, 0x0022, 0x0022, 0x0022, 0x0022, 0x0022, 0x0022, 0x0022, 0x0022, 0x0022, 0x0022, 0x0022, 0x0022, 0x0022, 0x0022, 
	0x0022, 0x0042, 0x0022, 0x0022, 0x0022, 0x0022, 0x0022, 0x0022, 0x0022, 0x0022, 0x0022, 0x0022, 0x0022, 0x0022, 0x0022, 0x0022, 
	0x0022, 0x0022, 0x0022, 0x0842, 0x2147, 0x41c4, 0xfe64, 0xfe45, 0x39e5, 0x0006, 0x08c5, 0x08c5, 0x08c5, 0x08c5, 0x08c5, 0x08c5, 
	0x08c5, 0x0006, 0x8325, 0x8325, 0x0006, 0x08c5, 0x08c5, 0x08c5, 0x08c5, 0x08c5, 0x08c5, 0x08e5, 0x0006, 0x8b45, 0xfea5, 0xfe24, 
	0x39c4, 0x1927, 0x0022, 0x2966, 0x0023, 0x08c6, 0x08c5, 0x08c5, 0x08c5, 0x08c6, 0x0023, 0x2966, 0x0022, 0x0022, 0x0022, 0x0022, 
	0x0022, 0x0022, 0x0022, 0x0022, 0x0022, 0x0022, 0x0022, 0x0022, 0x0022, 0x0022, 0x0022, 0x0022, 0x0022, 0x0022, 0x0022, 0x0022, 
	0x0022, 0x0022, 0x0022, 0x0022, 0x0022, 0x0022, 0x0022, 0x0022, 0x0022, 0x0021, 0x0022, 0x0022, 0x0022, 0x0021, 0x0022, 0x0022, 
	0x0022, 0x0021, 0x0021, 0x0021, 0x0022, 0x0022, 0x0021, 0x0022, 0x0021, 0x0021, 0x0022, 0x0022, 0x0021, 0x0021, 0x0842, 0x18e5, 
	0x0883, 0x0022, 0x0021, 0x0021, 0x0021, 0x10c4, 0x1927, 0x0864, 0x0824, 0x10ca, 0x090e, 0x012d, 0x126e, 0x120e, 0x116a, 0x0823, 
	0x18c5, 0x1906, 0x0863, 0x0063, 0x1187, 0x1947, 0x0884, 0x08c5, 0x0107, 0x128c, 0x23af, 0x0baf, 0x0acc, 0x0aec, 0x0b8f, 0x0a8b, 
	0x0b4e, 0x0b4e, 0x0b6e, 0x0b2e, 0x0a8b, 0x0b0d, 0x0baf, 0x03af, 0x03af, 0x0aed, 0x0acc, 0x0b8f, 0x0b6e, 0x0b2d, 0x0b4e, 0x0b8f, 
	0x0a6b, 0x0a8b, 0x0b6f, 0x0b4e, 0x0b4e, 0x0baf, 0x0baf, 0x038f, 0x038f, 0x03af, 0x038f, 0x03af, 0x038f, 0x038f, 0x038f, 0x038f, 
	0x038f, 0x038f, 0x038f, 0x038f, 0x038f, 0x038f, 0x23af, 0x230e, 0x0148, 0x08a5, 0x10c5, 0x1106, 0x0843, 0x122a, 0x1a0a, 0x0843, 
	0x0822, 0x1084, 0x1084, 0x1084, 0x1084, 0x1084, 0x1084, 0x0883, 0x1084, 0x1084, 0x1084, 0x10a4, 0x1084, 0x0022, 0x0022, 0x1906, 
	0x1084, 0x10a4, 0x1987, 0x08a3, 0x0843, 0x1083, 0x1883, 0x0021, 0x0021, 0x0021, 0x0021, 0x0021, 0x0021, 0x0021, 0x0021, 0x0022, 
	0x0022, 0x0021, 0x0022, 0x0022, 0x0021, 0x0021, 0x0022, 0x0022, 0x0022, 0x0022, 0x0022, 0x0022, 0x0022, 0x0022, 0x0022, 0x0021, 
	0x0022, 0x0022, 0x0022, 0x0022, 0x0022, 0x0022, 0x0022, 0x0022, 0x0022, 0x0022, 0x0022, 0x0022, 0x0022, 0x0022, 0x0022, 0x0022, 
	0x0022, 0x0022, 0x0022, 0x0022, 0x0022, 0x0022, 0x0022, 0x0022, 0x0022, 0x0022, 0x0022, 0x0022, 0x0022, 0x0022, 0x0022, 0x0022, 
	0x0022, 0x0022, 0x0022, 0x0022, 0x0022, 0x0022, 0x0022, 0x0022, 0x0022, 0x0022, 0x0022, 0x0022, 0x0022, 0x0022, 0x0022, 0x0022, 
	0x0022, 0x0022, 0x0022, 0x0022, 0x0022, 0x0022, 0x0022, 0x0022, 0x0022, 0x0022, 0x0022, 0x0022, 0x0022, 0x0022, 0x0022, 0x0022, 
	0x0022, 0x0022, 0x0022, 0x0022, 0x0022, 0x0022, 0x0022, 0x0022, 0x0022, 0x0022, 0x0022, 0x0022, 0x0042, 0x0022, 0x0022, 0x0022, 
	0x0042, 0x0022, 0x0022, 0x0022, 0x0022, 0x0022, 0x0022, 0x0022, 0x0022, 0x0022, 0x0022, 0x0022, 0x0022, 0x0022, 0x0022, 0x0022, 
	0x0022, 0x0022, 0x0022, 0x18c4, 0x08e8, 0xb3c3, 0xff24, 0xd485, 0x0026, 0x00a5, 0x08c5, 0x08c5, 0x08c5, 0x08c5, 0x08c5, 0x08c5, 
	0x08c5, 0x0006, 0x8325, 0x8325, 0x0006, 0x08c5, 0x08c5, 0x08c5, 0x08c5, 0x08c5, 0x08c5, 0x08c5, 0x0046, 0x1105, 0xfda5, 0xfec5, 
	0xaba3, 0x00c8, 0x1083, 0x39a7, 0x0084, 0x00a5, 0x08c5, 0x08c5, 0x08c5, 0x00c6, 0x0064, 0x39a7, 0x0863, 0x0862, 0x0022, 0x0022, 
	0x0022, 0x0022, 0x0022, 0x0022, 0x0022, 0x0022, 0x0022, 0x0022, 0x0022, 0x0022, 0x0022, 0x0022, 0x0022, 0x0022, 0x0022, 0x0022, 
	0x0022, 0x0022, 0x0022, 0x0022, 0x0022, 0x0022, 0x0022, 0x0022, 0x0022, 0x0022, 0x0022, 0x0022, 0x0022, 0x0022, 0x0022, 0x0022, 
	0x0022, 0x0022, 0x0022, 0x0022, 0x0022, 0x0042, 0x0022, 0x0022, 0x0021, 0x0021, 0x0022, 0x0022, 0x0022, 0x0022, 0x0842, 0x20e5, 
	0x10a4, 0x0022, 0x0021, 0x0842, 0x10e5, 0x1106, 0x0885, 0x0044, 0x0045, 0x10eb, 0x118f, 0x096e, 0x00cd, 0x098e, 0x11aa, 0x0023, 
	0x10c5, 0x1906, 0x0863, 0x0883, 0x1967, 0x1906, 0x1084, 0x08a4, 0x0107, 0x128c, 0x238f, 0x0acc, 0x10e5, 0x1209, 0x1209, 0x1146, 
	0x11e9, 0x11a8, 0x1106, 0x1167, 0x1187, 0x11e9, 0x0a4a, 0x0b4e, 0x0b8f, 0x12cc, 0x1146, 0x0acc, 0x0b2e, 0x11a7, 0x1a6b, 0x11a7, 
	0x09a7, 0x12cc, 0x1aab, 0x11e9, 0x0a09, 0x0acc, 0x0a6b, 0x0b4e, 0x036f, 0x036f, 0x036f, 0x036f, 0x036f, 0x036e, 0x036f, 0x036f, 
	0x036e, 0x036f, 0x038f, 0x0b6f, 0x0b6e, 0x036e, 0x236e, 0x1aed, 0x0128, 0x08a5, 0x08c5, 0x1106, 0x0843, 0x11a8, 0x19a9, 0x1084, 
	0x0022, 0x0843, 0x0843, 0x0863, 0x0842, 0x0843, 0x0863, 0x0042, 0x0863, 0x0863, 0x0863, 0x0863, 0x0843, 0x0863, 0x18c5, 0x1906, 
	0x0883, 0x10a4, 0x1967, 0x0883, 0x0863, 0x0842, 0x18a4, 0x1063, 0x0022, 0x0022, 0x0022, 0x0022, 0x0022, 0x0022, 0x0022, 0x0022, 
	0x0022, 0x0022, 0x0022, 0x0022, 0x0022, 0x0022, 0x0042, 0x0022, 0x0022, 0x0022, 0x0022, 0x0022, 0x0022, 0x0022, 0x0022, 0x0022, 
	0x0022, 0x0022, 0x0022, 0x0022, 0x0022, 0x0022, 0x0022, 0x0022, 0x0022, 0x0022, 0x0022, 0x0022, 0x0022, 0x0022, 0x0022, 0x0022, 
	0x0022, 0x0022, 0x0022, 0x0022, 0x0022, 0x0022, 0x0022, 0x0022, 0x0022, 0x0022, 0x0022, 0x0022, 0x0022, 0x0022, 0x0022, 0x0022, 
	0x0022, 0x0022, 0x0022, 0x0022, 0x0022, 0x0022, 0x0022, 0x0022, 0x0022, 0x0022, 0x0022, 0x0022, 0x0022, 0x0022, 0x0022, 0x0022, 
	0x0022, 0x0022, 0x0022, 0x0022, 0x0022, 0x0022, 0x0022, 0x0022, 0x0022, 0x0022, 0x0022, 0x0022, 0x0022, 0x0022, 0x0022, 0x0022, 
	0x0022, 0x0022, 0x0022, 0x0022, 0x0022, 0x0022, 0x0022, 0x0022, 0x0022, 0x0022, 0x0022, 0x0022, 0x0042, 0x0022, 0x0022, 0x0022, 
	0x0042, 0x0022, 0x0022, 0x0042, 0x0042, 0x0022, 0x0022, 0x0022, 0x0022, 0x0022, 0x0022, 0x0022, 0x0022, 0x0022, 0x0022, 0x0022, 
	0x0022, 0x0022, 0x0842, 0x2147, 0x3185, 0xfe04, 0xfe85, 0x4a25, 0x0006, 0x08e5, 0x08c5, 0x08c5, 0x08c5, 0x08c5, 0x08c5, 0x08c5, 
	0x08c5, 0x0006, 0x8325, 0x8325, 0x0006, 0x08c5, 0x08c5, 0x08c5, 0x08c5, 0x08c5, 0x08c5, 0x08c5, 0x00c5, 0x0006, 0xa3c5, 0xfea4, 
	0xfde4, 0x2965, 0x1926, 0x18c4, 0x2966, 0x0024, 0x08c6, 0x08c5, 0x08c6, 0x0044, 0x2967, 0x0842, 0x0883, 0x2105, 0x0022, 0x0022, 
	0x0022, 0x0022, 0x0022, 0x0022, 0x0842, 0x0842, 0x0842, 0x0842, 0x0842, 0x0842, 0x0842, 0x0842, 0x0022, 0x0022, 0x0022, 0x0022, 
	0x0022, 0x0022, 0x0022, 0x0022, 0x0022, 0x0022, 0x0022, 0x0022, 0x0022, 0x0022, 0x0022, 0x0022, 0x0022, 0x0022, 0x0022, 0x0022, 
	0x0022, 0x0022, 0x0022, 0x0022, 0x0022, 0x0042, 0x0022, 0x0022, 0x0022, 0x0021, 0x0022, 0x0022, 0x0022, 0x0022, 0x0022, 0x18a4, 
	0x18e5, 0x0042, 0x0022, 0x0884, 0x10c5, 0x0042, 0x0022, 0x0023, 0x0866, 0x08cb, 0x09ae, 0x1b4e, 0x12ad, 0x098d, 0x116a, 0x0024, 
	0x10c5, 0x1906, 0x0863, 0x0883, 0x2146, 0x10e5, 0x0884, 0x0064, 0x00e6, 0x126c, 0x234e, 0x0aab, 0x1146, 0x1a6b, 0x1146, 0x1126, 
	0x1187, 0x1188, 0x0883, 0x08e5, 0x12cc, 0x126b, 0x0925, 0x0b0d, 0x036e, 0x132d, 0x126a, 0x0b2d, 0x0b6e, 0x0987, 0x1167, 0x1146, 
	0x0a6a, 0x12ec, 0x19e9, 0x10e5, 0x122a, 0x1a09, 0x08e5, 0x0b0d, 0x034e, 0x034e, 0x034e, 0x0b4e, 0x0b4e, 0x034e, 0x0b4e, 0x034e, 
	0x034e, 0x034e, 0x036e, 0x036e, 0x0b6e, 0x034e, 0x1b4e, 0x22cc, 0x0127, 0x08a5, 0x08c5, 0x1106, 0x0884, 0x0023, 0x10c5, 0x1907, 
	0x1947, 0x1926, 0x1926, 0x1926, 0x1946, 0x1946, 0x1926, 0x2126, 0x1926, 0x1926, 0x1926, 0x1926, 0x1906, 0x2147, 0x2127, 0x0863, 
	0x0843, 0x10c5, 0x1967, 0x0883, 0x1063, 0x0022, 0x0043, 0x20c5, 0x1863, 0x0022, 0x0022, 0x0022, 0x0022, 0x0022, 0x0022, 0x0022, 
	0x0022, 0x0022, 0x0022, 0x0022, 0x0022, 0x0022, 0x0042, 0x0022, 0x0022, 0x0022, 0x0022, 0x0022, 0x0022, 0x0022, 0x0022, 0x0022, 
	0x0022, 0x0022, 0x0022, 0x0022, 0x0022, 0x0022, 0x0022, 0x0022, 0x0022, 0x0022, 0x0022, 0x0022, 0x0022, 0x0022, 0x0022, 0x0022, 
	0x0022, 0x0022, 0x0022, 0x0022, 0x0022, 0x0022, 0x0022, 0x0022, 0x0022, 0x0022, 0x0022, 0x0022, 0x0022, 0x0022, 0x0022, 0x0022, 
	0x0022, 0x0022, 0x0022, 0x0022, 0x0022, 0x0022, 0x0022, 0x0022, 0x0022, 0x0022, 0x0022, 0x0022, 0x0022, 0x0022, 0x0022, 0x0022, 
	0x0022, 0x0022, 0x0022, 0x0022, 0x0022, 0x0022, 0x0022, 0x0022, 0x0022, 0x0022, 0x0022, 0x0022, 0x0022, 0x0022, 0x0022, 0x0022, 
	0x0022, 0x0022, 0x0022, 0x0022, 0x0022, 0x0022, 0x0022, 0x0022, 0x0022, 0x0022, 0x0022, 0x0022, 0x0022, 0x0022, 0x0042, 0x0042, 
	0x0042, 0x0022, 0x0042, 0x0042, 0x0042, 0x0022, 0x0022, 0x0022, 0x0022, 0x0022, 0x0042, 0x0022, 0x0022, 0x0042, 0x0022, 0x0022, 
	0x0022, 0x0022, 0x10a4, 0x08e8, 0x9b63, 0xff25, 0xe4e5, 0x0066, 0x00a5, 0x08c5, 0x08c5, 0x08c5, 0x08c5, 0x08c5, 0x08c5, 0x08e5, 
	0x0085, 0x0006, 0x72c5, 0x8b45, 0x0006, 0x08c5, 0x08c5, 0x08c5, 0x08c5, 0x08c5, 0x08c5, 0x08c5, 0x08c5, 0x0006, 0x31a5, 0xfe05, 
	0xfea5, 0x9b63, 0x0908, 0x0842, 0x39c7, 0x0043, 0x00c6, 0x08c5, 0x08c6, 0x0023, 0x39c7, 0x10a4, 0x0002, 0x1906, 0x0022, 0x0022, 
	0x0022, 0x0022, 0x0842, 0x0843, 0x1063, 0x0863, 0x0863, 0x0863, 0x0863, 0x0863, 0x0863, 0x0863, 0x0863, 0x0842, 0x0843, 0x0042, 
	0x0022, 0x0022, 0x0022, 0x0022, 0x0022, 0x0022, 0x0022, 0x0022, 0x0022, 0x0022, 0x0022, 0x0022, 0x0022, 0x0022, 0x0022, 0x0022, 
	0x0022, 0x0022, 0x0022, 0x0022, 0x0022, 0x0022, 0x0022, 0x0022, 0x0022, 0x0022, 0x0022, 0x0022, 0x0022, 0x0022, 0x0022, 0x0842, 
	0x18a4, 0x10a5, 0x0042, 0x0842, 0x0022, 0x0022, 0x0022, 0x1084, 0x0886, 0x08ca, 0x094e, 0x09ed, 0x1aee, 0x11ed, 0x116a, 0x0044, 
	0x10c5, 0x1906, 0x0863, 0x0863, 0x2126, 0x10e5, 0x0884, 0x0064, 0x00e6, 0x126c, 0x234e, 0x0aab, 0x0946, 0x122a, 0x1187, 0x0a09, 
	0x1209, 0x122a, 0x09e9, 0x0987, 0x11c8, 0x11e9, 0x0a09, 0x0aed, 0x0b4e, 0x0967, 0x11a8, 0x0b0d, 0x0aed, 0x0b4e, 0x124a, 0x11e9, 
	0x1187, 0x1167, 0x1a6b, 0x122a, 0x122a, 0x11c8, 0x11a8, 0x0b2e, 0x032e, 0x0b2e, 0x032e, 0x034e, 0x032e, 0x032e, 0x032e, 0x032e, 
	0x034e, 0x034e, 0x034e, 0x034e, 0x034e, 0x034e, 0x234e, 0x22cd, 0x0128, 0x08a5, 0x08c5, 0x10e6, 0x10e5, 0x0843, 0x0022, 0x1084, 
	0x10a4, 0x10a4, 0x10a5, 0x10c5, 0x10c5, 0x10c5, 0x10a4, 0x10a4, 0x10a4, 0x10a4, 0x1084, 0x1084, 0x0884, 0x0883, 0x0863, 0x0042, 
	0x10a4, 0x10c5, 0x1166, 0x08a3, 0x1064, 0x0042, 0x0022, 0x1084, 0x30c5, 0x0822, 0x0022, 0x0022, 0x0022, 0x0022, 0x0022, 0x0022, 
	0x0022, 0x0022, 0x0022, 0x0022, 0x0022, 0x0022, 0x0022, 0x0022, 0x0022, 0x0022, 0x0022, 0x0022, 0x0022, 0x0022, 0x0022, 0x0022, 
	0x0022, 0x0022, 0x0022, 0x0022, 0x0022, 0x0022, 0x0022, 0x0022, 0x0042, 0x0022, 0x0022, 0x0022, 0x0022, 0x0022, 0x0042, 0x0042, 
	0x0022, 0x0022, 0x0022, 0x0022, 0x0022, 0x0022, 0x0022, 0x0022, 0x0022, 0x0022, 0x0022, 0x0022, 0x0022, 0x0022, 0x0022, 0x0022, 
	0x0022, 0x0022, 0x0022, 0x0022, 0x0022, 0x0022, 0x0022, 0x0022, 0x0022, 0x0022, 0x0022, 0x0022, 0x0022, 0x0022, 0x0022, 0x0022, 
	0x0022, 0x0022, 0x0022, 0x0022, 0x0022, 0x0022, 0x0022, 0x0022, 0x0022, 0x0022, 0x0022, 0x0022, 0x0022, 0x0022, 0x0022, 0x0022, 
	0x0022, 0x0022, 0x0022, 0x0022, 0x0022, 0x0042, 0x0022, 0x0022, 0x0022, 0x0022, 0x0042, 0x0042, 0x0042, 0x0022, 0x0042, 0x0042, 
	0x0042, 0x0042, 0x0042, 0x0042, 0x0042, 0x0042, 0x0042, 0x0042, 0x0042, 0x0042, 0x0022, 0x0042, 0x0042, 0x0042, 0x0022, 0x0022, 
	0x0042, 0x0842, 0x2147, 0x2985, 0xfdc4, 0xfec4, 0x72e5, 0x0006, 0x08e5, 0x08c5, 0x08c5, 0x08c5, 0x08c5, 0x08c5, 0x08e5, 0x0046, 
	0x1925, 0x72c5, 0xd525, 0x8325, 0x0006, 0x08c5, 0x08c5, 0x08c5, 0x08c5, 0x08c5, 0x08c5, 0x08c5, 0x08c5, 0x00c5, 0x0026, 0xcc65, 
	0xfe85, 0xfda4, 0x2965, 0x1906, 0x2925, 0x1926, 0x0064, 0x08c5, 0x0065, 0x1905, 0x10a3, 0x2125, 0x0024, 0x0043, 0x18c4, 0x0022, 
	0x0022, 0x1063, 0x1063, 0x0843, 0x0022, 0x0022, 0x0022, 0x0022, 0x0022, 0x0022, 0x0022, 0x0043, 0x0843, 0x0863, 0x0863, 0x0864, 
	0x0843, 0x0842, 0x0042, 0x0022, 0x0022, 0x0022, 0x0022, 0x0022, 0x0022, 0x0022, 0x0022, 0x0022, 0x0022, 0x0022, 0x0022, 0x0022, 
	0x0022, 0x0022, 0x0022, 0x0022, 0x0022, 0x0022, 0x0022, 0x0022, 0x0022, 0x0022, 0x0022, 0x0022, 0x0022, 0x0022, 0x0022, 0x0022, 
	0x1063, 0x2106, 0x08a5, 0x0022, 0x0022, 0x0022, 0x0022, 0x1084, 0x1085, 0x08a9, 0x096d, 0x122d, 0x018c, 0x098d, 0x118b, 0x0844, 
	0x10c5, 0x1906, 0x0863, 0x0863, 0x1926, 0x10e5, 0x0884, 0x0884, 0x00e6, 0x124b, 0x232d, 0x030d, 0x026b, 0x028b, 0x02ed, 0x030d, 
	0x0b0d, 0x02ed, 0x030d, 0x0aed, 0x0a8b, 0x02ac, 0x030d, 0x030d, 0x030d, 0x028b, 0x0a6b, 0x0aac, 0x02ec, 0x032e, 0x032d, 0x0b0d, 
	0x0aac, 0x0acc, 0x02ed, 0x02ed, 0x02ac, 0x028b, 0x0aab, 0x030d, 0x030d, 0x030d, 0x132d, 0x1b2e, 0x132d, 0x132d, 0x132d, 0x132d, 
	0x132e, 0x132e, 0x132d, 0x132e, 0x134e, 0x234e, 0x2b2e, 0x128c, 0x0907, 0x0885, 0x08a5, 0x10e5, 0x10e5, 0x10e5, 0x0884, 0x0022, 
	0x0842, 0x0843, 0x0043, 0x0843, 0x0843, 0x0843, 0x0823, 0x0022, 0x0022, 0x0022, 0x0022, 0x0822, 0x0863, 0x0863, 0x0863, 0x10a4, 
	0x10c5, 0x10c4, 0x1146, 0x0883, 0x1084, 0x0042, 0x0022, 0x0042, 0x28c5, 0x20a4, 0x0022, 0x0022, 0x0022, 0x0022, 0x0022, 0x0022, 
	0x0022, 0x0022, 0x0022, 0x0022, 0x0022, 0x0022, 0x0022, 0x0022, 0x0022, 0x0022, 0x0022, 0x0022, 0x0022, 0x0022, 0x0022, 0x0022, 
	0x0022, 0x0022, 0x0022, 0x0022, 0x0022, 0x0022, 0x0022, 0x0022, 0x0022, 0x0022, 0x0042, 0x0863, 0x0843, 0x0863, 0x0884, 0x0884, 
	0x0863, 0x0863, 0x0863, 0x0842, 0x0022, 0x0022, 0x0022, 0x0022, 0x0022, 0x0022, 0x0022, 0x0022, 0x0022, 0x0022, 0x0022, 0x0022, 
	0x0022, 0x0022, 0x0022, 0x0022, 0x0022, 0x0022, 0x0022, 0x0022, 0x0022, 0x0022, 0x0022, 0x0022, 0x0022, 0x0022, 0x0022, 0x0022, 
	0x0022, 0x0022, 0x0022, 0x0022, 0x0042, 0x0042, 0x0022, 0x0022, 0x0042, 0x0022, 0x0022, 0x0042, 0x0022, 0x0022, 0x0042, 0x0022, 
	0x0022, 0x0022, 0x0022, 0x0022, 0x0042, 0x0042, 0x0042, 0x0022, 0x0042, 0x0022, 0x0042, 0x0042, 0x0022, 0x0042, 0x0042, 0x0042, 
	0x0042, 0x0042, 0x0042, 0x0042, 0x0042, 0x0042, 0x0042, 0x0042, 0x0042, 0x0042, 0x0042, 0x0042, 0x0042, 0x0042, 0x0042, 0x0042, 
	0x0042, 0x1083, 0x0908, 0x8b23, 0xff05, 0xfd65, 0x10e5, 0x0066, 0x08c5, 0x08c5, 0x08c5, 0x08c5, 0x08c5, 0x08c5, 0x0046, 0x41c5, 
	0xbc65, 0x8345, 0x5265, 0x0066, 0x0006, 0x0006, 0x00a5, 0x08e5, 0x08c5, 0x08c5, 0x08c5, 0x08c5, 0x08c5, 0x08e5, 0x0006, 0x4a25, 
	0xfe45, 0xfea5, 0x82e3, 0x08e8, 0x0862, 0x39c7, 0x0023, 0x08e6, 0x0003, 0x39e8, 0x0863, 0x0084, 0x00a6, 0x0023, 0x2125, 0x0022, 
	0x0843, 0x1063, 0x0042, 0x0022, 0x0022, 0x0022, 0x0022, 0x0022, 0x0022, 0x0022, 0x0022, 0x0022, 0x0022, 0x0022, 0x0022, 0x0842, 
	0x0863, 0x0863, 0x0863, 0x0842, 0x0842, 0x0022, 0x0022, 0x0022, 0x0022, 0x0022, 0x0022, 0x0022, 0x0022, 0x0022, 0x0022, 0x0022, 
	0x0022, 0x0022, 0x0022, 0x0022, 0x0022, 0x0022, 0x0022, 0x0022, 0x0022, 0x0022, 0x0022, 0x0022, 0x0843, 0x0843, 0x0843, 0x0843, 
	0x0022, 0x1883, 0x18e5, 0x08a4, 0x0022, 0x0022, 0x0842, 0x1084, 0x1085, 0x0887, 0x090b, 0x1acd, 0x1b0d, 0x098c, 0x116a, 0x0843, 
	0x10a5, 0x18e6, 0x0863, 0x0863, 0x1906, 0x10e5, 0x0884, 0x0864, 0x00c6, 0x0a4b, 0x230d, 0x230d, 0x1b0d, 0x232d, 0x1b2e, 0x1b2d, 
	0x1b0d, 0x1b0d, 0x1b0d, 0x1b0d, 0x1b0d, 0x1b0d, 0x1b0d, 0x1b0d, 0x1aec, 0x1b0d, 0x1b0d, 0x1b2d, 0x1b2d, 0x232d, 0x1b2d, 0x1b2d, 
	0x1b2d, 0x1b0d, 0x1b0d, 0x1b0d, 0x1b0d, 0x1b0d, 0x1b0d, 0x1b0d, 0x230d, 0x1b0d, 0x1b0d, 0x22ed, 0x22ed, 0x22ed, 0x22ed, 0x22ed, 
	0x230d, 0x230d, 0x230d, 0x22ed, 0x22ed, 0x230d, 0x130d, 0x01a9, 0x08e7, 0x08a5, 0x08a5, 0x10e5, 0x10c5, 0x10e5, 0x10c6, 0x08a5, 
	0x10c6, 0x10c5, 0x10c5, 0x10c5, 0x10c5, 0x10c5, 0x1147, 0x11c9, 0x11a9, 0x1188, 0x11a8, 0x1126, 0x1084, 0x10a4, 0x10c5, 0x10c5, 
	0x10c5, 0x10e5, 0x10e6, 0x0863, 0x1084, 0x0042, 0x0022, 0x0022, 0x20c5, 0x20a4, 0x0022, 0x0842, 0x0022, 0x0022, 0x0022, 0x0022, 
	0x0022, 0x0022, 0x0022, 0x0022, 0x0022, 0x0022, 0x0022, 0x0022, 0x0022, 0x0022, 0x0022, 0x0022, 0x0022, 0x0022, 0x0022, 0x0022, 
	0x0022, 0x0022, 0x0022, 0x0022, 0x0022, 0x0022, 0x0022, 0x0022, 0x0022, 0x0042, 0x0843, 0x0863, 0x0843, 0x0043, 0x0043, 0x0043, 
	0x0042, 0x0843, 0x0883, 0x0863, 0x0884, 0x0863, 0x0022, 0x0022, 0x0022, 0x0022, 0x0022, 0x0022, 0x0022, 0x0022, 0x0022, 0x0022, 
	0x0022, 0x0022, 0x0022, 0x0022, 0x0022, 0x0022, 0x0022, 0x0022, 0x0022, 0x0022, 0x0022, 0x0022, 0x0022, 0x0022, 0x0022, 0x0022, 
	0x0022, 0x0022, 0x0022, 0x0022, 0x0022, 0x0022, 0x0022, 0x0022, 0x0022, 0x0022, 0x0022, 0x0022, 0x0022, 0x0022, 0x0022, 0x0022, 
	0x0022, 0x0022, 0x0022, 0x0022, 0x0022, 0x0022, 0x0042, 0x0022, 0x0042, 0x0042, 0x0042, 0x0042, 0x0042, 0x0042, 0x0042, 0x0042, 
	0x0042, 0x0042, 0x0042, 0x0042, 0x0042, 0x0042, 0x0042, 0x0042, 0x0042, 0x0042, 0x0042, 0x0042, 0x0042, 0x0042, 0x0042, 0x0042, 
	0x0042, 0x2146, 0x1926, 0xf564, 0xfee4, 0x8b45, 0x0006, 0x08c5, 0x08c5, 0x00a5, 0x00a5, 0x08c5, 0x08c5, 0x08c5, 0x0026, 0x6aa5, 
	0xc465, 0x0046, 0x08a5, 0x4a45, 0x7325, 0x6285, 0x10e5, 0x00a5, 0x08c5, 0x08c5, 0x08c5, 0x00a5, 0x0085, 0x0085, 0x0066, 0x0066, 
	0xe4e5, 0xfe85, 0xf544, 0x1946, 0x1905, 0x3186, 0x08c4, 0x0085, 0x0064, 0x2925, 0x2125, 0x0023, 0x08e6, 0x00a5, 0x0084, 0x1083, 
	0x1063, 0x0843, 0x0022, 0x0042, 0x0042, 0x0042, 0x0042, 0x0042, 0x0042, 0x0842, 0x0042, 0x0042, 0x0042, 0x0042, 0x0042, 0x0042, 
	0x0842, 0x0042, 0x0842, 0x0843, 0x0863, 0x0863, 0x0042, 0x0042, 0x0042, 0x0842, 0x0042, 0x0042, 0x0042, 0x0042, 0x0042, 0x0842, 
	0x0842, 0x0842, 0x0042, 0x0042, 0x0042, 0x0042, 0x0042, 0x0042, 0x0842, 0x0042, 0x0022, 0x0863, 0x0864, 0x1084, 0x10a5, 0x0864, 
	0x0843, 0x0022, 0x1063, 0x18c5, 0x10a4, 0x0042, 0x0042, 0x1084, 0x10a5, 0x0865, 0x0888, 0x08ea, 0x098b, 0x092a, 0x1148, 0x0043, 
	0x10a4, 0x18e6, 0x0863, 0x0863, 0x1906, 0x10e5, 0x0883, 0x0884, 0x08c5, 0x09c9, 0x130d, 0x230d, 0x1b0d, 0x1b0d, 0x1b0d, 0x1b0d, 
	0x1b0d, 0x1b0d, 0x1b0d, 0x1b0d, 0x1b0d, 0x1aed, 0x1b0d, 0x1b0d, 0x1aed, 0x1aed, 0x12ed, 0x1b0d, 0x1aed, 0x1a8c, 0x1aac, 0x1a8c, 
	0x1a8c, 0x1a8b, 0x1a6b, 0x1a8b, 0x1a8c, 0x128b, 0x128b, 0x1a8c, 0x1a8c, 0x1aac, 0x0a0a, 0x0948, 0x0968, 0x0968, 0x0968, 0x0968, 
	0x0968, 0x0968, 0x0968, 0x0948, 0x0948, 0x0168, 0x0948, 0x0907, 0x10e6, 0x0864, 0x10c5, 0x10e5, 0x10e5, 0x10c7, 0x0888, 0x08a8, 
	0x10c7, 0x10c5, 0x10c4, 0x0884, 0x1147, 0x1a0a, 0x11c9, 0x1188, 0x1167, 0x1167, 0x1167, 0x11a8, 0x1147, 0x1084, 0x10a4, 0x10c5, 
	0x10c4, 0x10c5, 0x10e5, 0x0863, 0x1084, 0x0863, 0x0863, 0x0042, 0x1084, 0x20a4, 0x0863, 0x0843, 0x0022, 0x0842, 0x0842, 0x0842, 
	0x0842, 0x0842, 0x0842, 0x0842, 0x0842, 0x0842, 0x0042, 0x0022, 0x0022, 0x0022, 0x0022, 0x0022, 0x0022, 0x0022, 0x0022, 0x0022, 
	0x0022, 0x0022, 0x0022, 0x0042, 0x0042, 0x0042, 0x0022, 0x0842, 0x0863, 0x0843, 0x0042, 0x0042, 0x0042, 0x0042, 0x0022, 0x0042, 
	0x0042, 0x0022, 0x0022, 0x0042, 0x0863, 0x0884, 0x0863, 0x0842, 0x0022, 0x0022, 0x0042, 0x0042, 0x0042, 0x0042, 0x0042, 0x0042, 
	0x0042, 0x0042, 0x0042, 0x0042, 0x0042, 0x0042, 0x0022, 0x0042, 0x0042, 0x0042, 0x0042, 0x0042, 0x0042, 0x0042, 0x0042, 0x0042, 
	0x0042, 0x0042, 0x0042, 0x0042, 0x0042, 0x0042, 0x0042, 0x0042, 0x0042, 0x0042, 0x0042, 0x0022, 0x0022, 0x0022, 0x0042, 0x0042, 
	0x0022, 0x0042, 0x0042, 0x0022, 0x0022, 0x0042, 0x0042, 0x0042, 0x0042, 0x0042, 0x0042, 0x0042, 0x0042, 0x0042, 0x0042, 0x0042, 
	0x0042, 0x0042, 0x0042, 0x0042, 0x0042, 0x0042, 0x0042, 0x0042, 0x0042, 0x0042, 0x0042, 0x0042, 0x0042, 0x0042, 0x0042, 0x0042, 
	0x1083, 0x1108, 0x7ac3, 0xfec5, 0xfde5, 0x2165, 0x0006, 0x08c5, 0x08c5, 0x00a5, 0x00a5, 0x08c5, 0x08c5, 0x08c5, 0x00c5, 0x0006, 
	0xbc45, 0xf605, 0xfde5, 0xf585, 0xbc65, 0xfde5, 0x5245, 0x0006, 0x08c5, 0x08c5, 0x08c5, 0x00a5, 0x00a5, 0x00c5, 0x00c5, 0x0006, 
	0x6aa5, 0xfe85, 0xfea5, 0x7ac3, 0x1108, 0x18c4, 0x3187, 0x0001, 0x31a8, 0x10a4, 0x08a4, 0x0085, 0x08c5, 0x08c6, 0x0003, 0x2925, 
	0x1063, 0x0022, 0x0842, 0x0843, 0x0843, 0x0843, 0x0843, 0x0863, 0x0863, 0x0843, 0x0863, 0x0884, 0x0863, 0x0863, 0x0863, 0x0864, 
	0x0863, 0x0042, 0x0022, 0x0843, 0x0863, 0x0863, 0x0863, 0x0863, 0x0863, 0x0843, 0x0864, 0x0864, 0x0863, 0x0864, 0x0863, 0x0863, 
	0x0863, 0x0863, 0x0863, 0x0863, 0x0863, 0x0863, 0x0863, 0x0863, 0x0863, 0x0042, 0x0842, 0x1084, 0x0864, 0x0884, 0x10c5, 0x0843, 
	0x08c4, 0x0883, 0x0022, 0x0842, 0x18a4, 0x10a4, 0x0843, 0x0863, 0x10a5, 0x0864, 0x0044, 0x0887, 0x0868, 0x08a7, 0x1106, 0x0043, 
	0x10a4, 0x18e5, 0x0863, 0x0863, 0x1905, 0x10c5, 0x0884, 0x0863, 0x08c5, 0x0907, 0x0a0a, 0x0a6b, 0x0a2a, 0x0a2b, 0x0a2b, 0x0a2b, 
	0x0a2a, 0x0a2a, 0x0a2a, 0x0a2a, 0x0a0a, 0x0a0a, 0x0a0a, 0x0a0a, 0x0a0a, 0x0a0a, 0x0a2a, 0x0a0a, 0x0989, 0x00e6, 0x00e6, 0x00e6, 
	0x00e6, 0x00e6, 0x00e6, 0x00e6, 0x00e6, 0x00e6, 0x00e6, 0x00e6, 0x0107, 0x0107, 0x08e6, 0x08a5, 0x08a5, 0x08a5, 0x08a5, 0x08a5, 
	0x08a5, 0x08a5, 0x08a5, 0x08a5, 0x0884, 0x0884, 0x0884, 0x08a4, 0x0864, 0x0884, 0x10c5, 0x10c5, 0x10c7, 0x08ea, 0x11cb, 0x118b, 
	0x08c8, 0x10c5, 0x0884, 0x1147, 0x11c9, 0x10e5, 0x0863, 0x0822, 0x0822, 0x0822, 0x0822, 0x10a4, 0x1988, 0x1167, 0x10c5, 0x10a4, 
	0x10c4, 0x10a4, 0x10c5, 0x0863, 0x0863, 0x0863, 0x0884, 0x0022, 0x0043, 0x20c5, 0x1863, 0x0043, 0x0842, 0x0843, 0x0864, 0x0863, 
	0x0864, 0x0864, 0x0864, 0x0864, 0x0864, 0x0884, 0x0863, 0x0863, 0x0863, 0x0863, 0x0863, 0x0843, 0x0863, 0x0863, 0x0863, 0x0863, 
	0x0863, 0x0863, 0x0863, 0x0863, 0x0843, 0x0863, 0x0843, 0x0863, 0x0843, 0x0863, 0x0863, 0x0843, 0x0863, 0x0843, 0x0843, 0x0843, 
	0x0863, 0x0863, 0x0843, 0x0022, 0x0022, 0x0022, 0x0843, 0x0864, 0x0884, 0x0843, 0x0042, 0x0842, 0x0842, 0x0842, 0x0842, 0x0842, 
	0x0842, 0x0842, 0x0842, 0x0842, 0x0842, 0x0842, 0x0843, 0x0843, 0x0042, 0x0042, 0x0842, 0x0842, 0x0842, 0x0842, 0x0842, 0x0842, 
	0x0842, 0x0842, 0x0842, 0x0842, 0x0843, 0x0843, 0x0042, 0x0042, 0x0842, 0x0843, 0x0842, 0x0042, 0x0042, 0x0042, 0x0042, 0x0042, 
	0x0042, 0x0042, 0x0042, 0x0042, 0x0042, 0x0042, 0x0042, 0x0042, 0x0042, 0x0042, 0x0042, 0x0042, 0x0042, 0x0042, 0x0042, 0x0042, 
	0x0042, 0x0042, 0x0042, 0x0042, 0x0042, 0x0042, 0x0042, 0x0042, 0x0042, 0x0042, 0x0042, 0x0042, 0x0042, 0x0042, 0x0042, 0x0842, 
	0x2126, 0x2166, 0xf524, 0xfec5, 0xa3a5, 0x39c5, 0xd4e5, 0x1105, 0x0026, 0xa3c5, 0xbc45, 0x0066, 0x00c5, 0x08c5, 0x0026, 0x6285, 
	0xcc85, 0x0026, 0x10e5, 0x72e5, 0x9c25, 0x6aa5, 0x0086, 0x00c5, 0x08c5, 0x00c5, 0x0046, 0x9365, 0xdd85, 0xed45, 0xed85, 0x9365, 
	0x1905, 0xf565, 0xfe45, 0xed04, 0x1946, 0x18e5, 0x39c7, 0x0000, 0x31a7, 0x2105, 0x0003, 0x08e6, 0x08c5, 0x08c5, 0x0085, 0x10c4, 
	0x1084, 0x0842, 0x0022, 0x0022, 0x0022, 0x0043, 0x0043, 0x0043, 0x0022, 0x0043, 0x0863, 0x0863, 0x0043, 0x0043, 0x0043, 0x0043, 
	0x0043, 0x0843, 0x0843, 0x0043, 0x0043, 0x0043, 0x0043, 0x0043, 0x0022, 0x0042, 0x0843, 0x0842, 0x0022, 0x0022, 0x0022, 0x0022, 
	0x0022, 0x0022, 0x0022, 0x0022, 0x0022, 0x0022, 0x0022, 0x0023, 0x0022, 0x0022, 0x0863, 0x0864, 0x0863, 0x1084, 0x0884, 0x0022, 
	0x08a4, 0x08c4, 0x0843, 0x0843, 0x0842, 0x1063, 0x0863, 0x0863, 0x1084, 0x10a4, 0x0843, 0x0042, 0x0863, 0x10a5, 0x10e6, 0x0843, 
	0x10a4, 0x18c5, 0x0863, 0x0863, 0x1905, 0x10c5, 0x10c5, 0x0864, 0x0863, 0x08a5, 0x08a5, 0x08a5, 0x0885, 0x08a5, 0x08a5, 0x08a5, 
	0x08a5, 0x08a5, 0x08a5, 0x08a5, 0x08a5, 0x08a5, 0x08a5, 0x08a5, 0x08a5, 0x08a5, 0x08a5, 0x0885, 0x08a5, 0x0864, 0x0864, 0x0864, 
	0x0884, 0x0884, 0x0884, 0x0884, 0x0884, 0x0884, 0x0884, 0x0884, 0x0884, 0x0884, 0x0884, 0x08a5, 0x08e5, 0x08e5, 0x08c5, 0x08c5, 
	0x08c5, 0x08c5, 0x08c5, 0x08c5, 0x08c5, 0x08c5, 0x08a5, 0x08a4, 0x08a4, 0x10e5, 0x08c5, 0x10c5, 0x08a7, 0x08ea, 0x22cc, 0x1a4c, 
	0x0888, 0x0884, 0x1126, 0x19a8, 0x0883, 0x0822, 0x0823, 0x0906, 0x09c9, 0x0927, 0x0023, 0x0022, 0x1063, 0x1926, 0x1967, 0x10a4, 
	0x10a4, 0x10c4, 0x18e5, 0x0863, 0x0863, 0x0022, 0x0863, 0x0863, 0x0042, 0x1084, 0x1884, 0x0843, 0x0863, 0x0022, 0x0022, 0x0022, 
	0x0042, 0x0042, 0x0022, 0x0042, 0x0042, 0x0022, 0x0042, 0x0843, 0x0863, 0x0843, 0x0863, 0x0863, 0x0843, 0x0843, 0x0843, 0x0843, 
	0x0843, 0x0863, 0x0863, 0x0863, 0x0863, 0x0884, 0x0863, 0x0022, 0x0022, 0x0863, 0x0884, 0x0022, 0x0023, 0x0043, 0x0043, 0x0043, 
	0x0043, 0x0043, 0x0043, 0x0043, 0x0843, 0x0042, 0x0022, 0x0042, 0x0863, 0x0884, 0x0843, 0x0022, 0x0022, 0x0022, 0x0022, 0x0022, 
	0x0022, 0x0022, 0x0022, 0x0022, 0x0022, 0x0022, 0x0042, 0x0042, 0x0042, 0x0022, 0x0022, 0x0022, 0x0022, 0x0022, 0x0022, 0x0042, 
	0x0042, 0x0042, 0x0042, 0x0042, 0x0042, 0x0042, 0x0842, 0x0042, 0x0042, 0x0042, 0x0042, 0x0042, 0x0042, 0x0042, 0x0042, 0x0042, 
	0x0042, 0x0042, 0x0042, 0x0042, 0x0042, 0x0042, 0x0042, 0x0042, 0x0042, 0x0042, 0x0042, 0x0042, 0x0042, 0x0042, 0x0042, 0x0042, 
	0x0042, 0x0042, 0x0042, 0x0042, 0x0042, 0x0042, 0x0042, 0x0042, 0x0042, 0x0042, 0x0042, 0x0042, 0x0042, 0x0042, 0x0042, 0x0863, 
	0x1948, 0x6284, 0xfe64, 0xfe65, 0x2985, 0x5225, 0xfe84, 0x0026, 0x0006, 0xd485, 0xfda5, 0x0026, 0x00a5, 0x08c5, 0x0085, 0x2105, 
	0xb405, 0x9be5, 0xa3e5, 0x9bc5, 0x8325, 0xac05, 0x39a5, 0x0065, 0x08c5, 0x00c5, 0x0026, 0xed25, 0xed45, 0x3945, 0x5225, 0xfee4, 
	0x6285, 0x7ae5, 0xfe65, 0xfe64, 0x5a44, 0x1927, 0x2925, 0x4229, 0x18e4, 0x1905, 0x0044, 0x08c5, 0x08c5, 0x08c5, 0x08e6, 0x0003, 
	0x2925, 0x1063, 0x0022, 0x0043, 0x0043, 0x0043, 0x0843, 0x0043, 0x0043, 0x0884, 0x0863, 0x0022, 0x0843, 0x0843, 0x0043, 0x0042, 
	0x0843, 0x0843, 0x0843, 0x0843, 0x0843, 0x0843, 0x0843, 0x0023, 0x0863, 0x10e4, 0x0863, 0x0863, 0x0842, 0x0842, 0x0863, 0x0883, 
	0x0883, 0x0883, 0x0863, 0x0843, 0x0863, 0x0843, 0x0863, 0x0863, 0x0022, 0x0863, 0x0884, 0x0864, 0x1084, 0x10a4, 0x0843, 0x0022, 
	0x0042, 0x10a4, 0x0863, 0x0863, 0x1084, 0x0863, 0x0842, 0x1083, 0x1063, 0x10a4, 0x18c5, 0x0863, 0x0022, 0x0863, 0x10a4, 0x0042, 
	0x10a4, 0x18c5, 0x0863, 0x0883, 0x2126, 0x10c5, 0x10c5, 0x10c5, 0x0864, 0x0843, 0x0843, 0x0843, 0x0864, 0x0864, 0x0864, 0x0864, 
	0x0884, 0x0884, 0x0864, 0x0864, 0x0864, 0x0864, 0x0884, 0x0884, 0x0864, 0x0864, 0x0864, 0x0843, 0x0864, 0x0884, 0x08c5, 0x08c5, 
	0x08c5, 0x08c5, 0x08c5, 0x08c5, 0x08c5, 0x08c5, 0x08c5, 0x08c5, 0x08c5, 0x08c5, 0x08c5, 0x08e6, 0x08c5, 0x08a4, 0x08a4, 0x08a4, 
	0x08a4, 0x0884, 0x0884, 0x08a4, 0x08a4, 0x0884, 0x0884, 0x0884, 0x0883, 0x0884, 0x10c5, 0x08a5, 0x08a6, 0x08c9, 0x092a, 0x0909, 
	0x08a6, 0x08c5, 0x19c8, 0x10c5, 0x0822, 0x0885, 0x09aa, 0x128c, 0x120a, 0x11a9, 0x1147, 0x0906, 0x0843, 0x0822, 0x1105, 0x1106, 
	0x10a4, 0x10c4, 0x10e5, 0x0863, 0x0863, 0x0022, 0x0863, 0x08a4, 0x0022, 0x1063, 0x20c4, 0x0843, 0x0884, 0x0843, 0x0022, 0x0043, 
	0x0043, 0x0043, 0x0043, 0x0043, 0x0043, 0x0043, 0x0043, 0x0022, 0x0022, 0x0022, 0x0022, 0x0863, 0x0843, 0x0022, 0x0023, 0x0023, 
	0x0023, 0x0023, 0x0043, 0x0843, 0x0843, 0x0843, 0x0043, 0x0042, 0x0043, 0x0043, 0x0863, 0x0884, 0x0863, 0x0022, 0x0043, 0x0043, 
	0x0043, 0x0043, 0x0043, 0x0043, 0x0843, 0x0043, 0x0843, 0x0042, 0x0022, 0x0863, 0x0884, 0x0042, 0x0022, 0x0022, 0x0022, 0x0022, 
	0x0022, 0x0022, 0x0022, 0x0042, 0x0022, 0x0022, 0x0022, 0x0042, 0x0843, 0x0843, 0x0042, 0x0042, 0x0042, 0x0022, 0x0022, 0x0022, 
	0x0042, 0x0042, 0x0042, 0x0042, 0x0042, 0x0042, 0x0042, 0x0843, 0x0843, 0x0042, 0x0042, 0x0042, 0x0042, 0x0042, 0x0042, 0x0042, 
	0x0042, 0x0042, 0x0042, 0x0042, 0x0042, 0x0042, 0x0042, 0x0042, 0x0042, 0x0042, 0x0042, 0x0042, 0x0042, 0x0042, 0x0042, 0x0042, 
	0x0042, 0x0042, 0x0042, 0x0042, 0x0042, 0x0042, 0x0042, 0x0842, 0x0042, 0x0042, 0x0042, 0x0042, 0x0042, 0x0042, 0x0042, 0x10a4, 
	0x1969, 0x8324, 0xfee4, 0xe505, 0x0006, 0x5245, 0xfe05, 0xb425, 0xabc5, 0xeda5, 0xcc85, 0x0046, 0x00a5, 0x08c5, 0x0085, 0x2125, 
	0xac05, 0x9be5, 0xac05, 0x9ba5, 0x7b05, 0xac05, 0x39a5, 0x0046, 0x08c5, 0x00c5, 0x0026, 0xdcc5, 0xcca5, 0x18a5, 0x2985, 0xfda5, 
	0x4a05, 0x1925, 0xfe05, 0xfe85, 0x7ae4, 0x1928, 0x18c4, 0x18e4, 0x2125, 0x0043, 0x00c6, 0x08c5, 0x08c5, 0x08c5, 0x08c5, 0x0064, 
	0x1905, 0x1084, 0x0843, 0x0023, 0x0043, 0x0843, 0x0043, 0x0043, 0x0884, 0x0863, 0x0023, 0x0043, 0x0043, 0x0043, 0x0043, 0x0843, 
	0x0843, 0x0043, 0x0843, 0x0843, 0x0843, 0x0843, 0x0843, 0x0022, 0x10c4, 0x08a4, 0x0883, 0x08a4, 0x0843, 0x0863, 0x0863, 0x0884, 
	0x0883, 0x0863, 0x0863, 0x0884, 0x08a4, 0x08a4, 0x08a4, 0x0863, 0x0022, 0x0884, 0x0884, 0x0884, 0x10a4, 0x0884, 0x0022, 0x0843, 
	0x0843, 0x0884, 0x10c5, 0x0843, 0x0864, 0x10a5, 0x0863, 0x0863, 0x1083, 0x0863, 0x1084, 0x18a4, 0x10a4, 0x0042, 0x0022, 0x0022, 
	0x10c5, 0x18e5, 0x1084, 0x0842, 0x10a4, 0x10c5, 0x08a4, 0x10c5, 0x10c4, 0x10e5, 0x1106, 0x10e5, 0x08e5, 0x10e5, 0x10e5, 0x08e5, 
	0x10c5, 0x10a5, 0x10e5, 0x0906, 0x1126, 0x1147, 0x0906, 0x08e5, 0x1126, 0x1126, 0x1126, 0x1147, 0x1106, 0x10e5, 0x08c5, 0x0864, 
	0x0864, 0x0844, 0x0844, 0x0864, 0x0844, 0x0864, 0x0864, 0x0864, 0x0864, 0x0864, 0x0844, 0x0844, 0x0844, 0x0044, 0x0044, 0x0844, 
	0x0844, 0x0844, 0x0844, 0x0864, 0x0864, 0x0844, 0x0024, 0x0044, 0x0864, 0x0843, 0x08a4, 0x10c4, 0x08c5, 0x08a7, 0x0888, 0x08a7, 
	0x08a4, 0x1147, 0x1988, 0x0842, 0x0864, 0x11ca, 0x0a4b, 0x11e9, 0x1167, 0x1146, 0x1947, 0x1988, 0x1947, 0x0884, 0x0883, 0x1147, 
	0x10a4, 0x10a4, 0x10e5, 0x0863, 0x0863, 0x0022, 0x0883, 0x10c4, 0x0022, 0x1063, 0x20a4, 0x0843, 0x0884, 0x0884, 0x0022, 0x0043, 
	0x0043, 0x0043, 0x0022, 0x0022, 0x0022, 0x0043, 0x0043, 0x0043, 0x0043, 0x0043, 0x0043, 0x0863, 0x0864, 0x0023, 0x0043, 0x0043, 
	0x0043, 0x0043, 0x0043, 0x0043, 0x0043, 0x0043, 0x0043, 0x0043, 0x0043, 0x0023, 0x0023, 0x0863, 0x0884, 0x0863, 0x0843, 0x0023, 
	0x0043, 0x0043, 0x0043, 0x0043, 0x0043, 0x0043, 0x0043, 0x0043, 0x0043, 0x0042, 0x0843, 0x0863, 0x0042, 0x0042, 0x0022, 0x0022, 
	0x0022, 0x0022, 0x0042, 0x0042, 0x0042, 0x0022, 0x0042, 0x0042, 0x0042, 0x0042, 0x0843, 0x0042, 0x0042, 0x0042, 0x0042, 0x0042, 
	0x0042, 0x0042, 0x0042, 0x0042, 0x0042, 0x0042, 0x0042, 0x0042, 0x0843, 0x0843, 0x0042, 0x0042, 0x0042, 0x0042, 0x0042, 0x0042, 
	0x0042, 0x0042, 0x0042, 0x0042, 0x0042, 0x0042, 0x0042, 0x0042, 0x0042, 0x0042, 0x0042, 0x0042, 0x0042, 0x0042, 0x0042, 0x0042, 
	0x0042, 0x0042, 0x0042, 0x0042, 0x0042, 0x0042, 0x0842, 0x0842, 0x0042, 0x0042, 0x0042, 0x0042, 0x0042, 0x0042, 0x0042, 0x18e4, 
	0x2169, 0x8b24, 0xff24, 0xbc05, 0x0006, 0x6285, 0xfe25, 0xd4a5, 0xcc65, 0xf5e5, 0xc465, 0x0046, 0x00a5, 0x08c5, 0x0026, 0x6aa5, 
	0xcc85, 0x0026, 0x18e5, 0x6ae5, 0x9c25, 0x6aa5, 0x0086, 0x00c5, 0x08c5, 0x00c5, 0x0026, 0xb425, 0xfe25, 0xed25, 0xfe45, 0xe545, 
	0x0046, 0x00a6, 0xfd45, 0xfec4, 0x7b04, 0x1949, 0x18c4, 0x0042, 0x2125, 0x0003, 0x08e6, 0x08c5, 0x08c5, 0x08c5, 0x08c5, 0x00a6, 
	0x0084, 0x18a4, 0x1063, 0x0843, 0x0042, 0x0043, 0x0043, 0x0864, 0x0864, 0x0023, 0x0043, 0x0043, 0x0043, 0x0043, 0x0843, 0x0843, 
	0x0843, 0x0043, 0x0843, 0x0043, 0x0843, 0x0843, 0x0022, 0x0883, 0x08a4, 0x0863, 0x08a4, 0x0843, 0x0043, 0x0863, 0x0043, 0x0022, 
	0x0022, 0x0043, 0x0843, 0x0863, 0x0863, 0x0884, 0x0883, 0x0022, 0x0863, 0x10a4, 0x1084, 0x0884, 0x1084, 0x0843, 0x0042, 0x0864, 
	0x0863, 0x0842, 0x08a4, 0x08a4, 0x0043, 0x0863, 0x0843, 0x0863, 0x1063, 0x0863, 0x0863, 0x1063, 0x18a4, 0x10a4, 0x0863, 0x0022, 
	0x1084, 0x18c5, 0x1084, 0x0022, 0x0883, 0x1905, 0x0884, 0x10a4, 0x08a4, 0x0926, 0x1147, 0x0967, 0x0988, 0x0926, 0x1147, 0x1147, 
	0x08a4, 0x10a4, 0x08e5, 0x0967, 0x0947, 0x11a8, 0x0947, 0x0906, 0x1167, 0x1168, 0x1188, 0x11c9, 0x1147, 0x08c5, 0x0884, 0x0066, 
	0x0928, 0x0968, 0x0948, 0x0928, 0x0907, 0x08c7, 0x08e7, 0x08e7, 0x08c7, 0x0907, 0x0907, 0x0948, 0x0948, 0x08c7, 0x0928, 0x0928, 
	0x0907, 0x0989, 0x0907, 0x08a6, 0x08a6, 0x08e6, 0x11e9, 0x0948, 0x0865, 0x0843, 0x0863, 0x10c5, 0x08a5, 0x08a5, 0x10a5, 0x10a4, 
	0x08a4, 0x1168, 0x10c5, 0x0822, 0x0989, 0x126b, 0x0988, 0x1167, 0x1926, 0x10a4, 0x1043, 0x10a4, 0x1947, 0x1967, 0x0883, 0x08a4, 
	0x10c4, 0x10a4, 0x10e5, 0x0863, 0x0863, 0x0842, 0x0863, 0x0863, 0x0022, 0x1063, 0x20a4, 0x0843, 0x0884, 0x10a4, 0x0863, 0x0022, 
	0x0843, 0x0843, 0x0863, 0x0863, 0x0843, 0x0042, 0x0042, 0x0043, 0x0043, 0x0043, 0x0043, 0x0042, 0x0863, 0x0843, 0x0023, 0x0043, 
	0x0043, 0x0043, 0x0043, 0x0043, 0x0043, 0x0043, 0x0043, 0x0043, 0x0043, 0x0843, 0x0043, 0x0022, 0x0843, 0x0884, 0x0863, 0x0843, 
	0x0863, 0x0843, 0x0043, 0x0043, 0x0043, 0x0843, 0x0043, 0x0843, 0x0843, 0x0042, 0x0042, 0x0843, 0x0843, 0x0843, 0x0042, 0x0042, 
	0x0042, 0x0042, 0x0042, 0x0042, 0x0042, 0x0042, 0x0042, 0x0042, 0x0042, 0x0042, 0x0842, 0x0843, 0x0042, 0x0042, 0x0042, 0x0042, 
	0x0042, 0x0042, 0x0042, 0x0042, 0x0042, 0x0042, 0x0042, 0x0042, 0x0042, 0x0842, 0x0843, 0x0842, 0x0042, 0x0042, 0x0042, 0x0042, 
	0x0042, 0x0042, 0x0042, 0x0042, 0x0042, 0x0042, 0x0042, 0x0042, 0x0042, 0x0042, 0x0042, 0x0042, 0x0842, 0x0842, 0x0042, 0x0042, 
	0x0042, 0x0842, 0x0842, 0x0042, 0x0042, 0x0042, 0x0042, 0x0042, 0x0842, 0x0042, 0x0042, 0x0042, 0x0042, 0x0042, 0x0042, 0x18e5, 
	0x1969, 0x7ae4, 0xfee4, 0xed25, 0x0026, 0x6285, 0xfde5, 0x0046, 0x0006, 0xbc25, 0xed25, 0x0046, 0x00a5, 0x08c5, 0x00c5, 0x0006, 
	0xbc45, 0xf605, 0xfdc5, 0xf585, 0xc465, 0xfdc5, 0x5225, 0x0006, 0x08c5, 0x00c5, 0x0026, 0xdce5, 0xcca5, 0x0846, 0x41e5, 0xfe45, 
	0x2165, 0x1925, 0xfe05, 0xfe85, 0x72a4, 0x1969, 0x18c5, 0x0843, 0x3187, 0x0063, 0x00c6, 0x08c5, 0x08c5, 0x08c5, 0x08c5, 0x0044, 
	0x2146, 0x1083, 0x0843, 0x1083, 0x1063, 0x0842, 0x0063, 0x0884, 0x0864, 0x0864, 0x0884, 0x0884, 0x0863, 0x0843, 0x0863, 0x0863, 
	0x0863, 0x0863, 0x0864, 0x0864, 0x0884, 0x0843, 0x0863, 0x10c4, 0x0863, 0x0883, 0x0863, 0x0883, 0x0863, 0x0843, 0x0883, 0x0843, 
	0x0842, 0x0863, 0x0863, 0x0843, 0x0863, 0x0863, 0x0042, 0x0022, 0x0864, 0x0884, 0x0884, 0x10a4, 0x0863, 0x0022, 0x0863, 0x0863, 
	0x0863, 0x0863, 0x0042, 0x0864, 0x10a4, 0x0863, 0x0042, 0x0863, 0x1084, 0x0863, 0x0863, 0x1084, 0x1063, 0x1084, 0x18c5, 0x18c4, 
	0x0883, 0x10c5, 0x1084, 0x0022, 0x08a4, 0x1926, 0x0884, 0x1084, 0x10a4, 0x08c5, 0x08c5, 0x08a4, 0x08a4, 0x08a4, 0x10e5, 0x10e5, 
	0x10c5, 0x10c5, 0x08a4, 0x08c5, 0x08c5, 0x08c5, 0x08a4, 0x08a4, 0x08a4, 0x08c5, 0x08e5, 0x0906, 0x08e5, 0x10c4, 0x08a5, 0x0929, 
	0x0a6b, 0x126b, 0x126b, 0x0a6b, 0x0a6b, 0x098a, 0x09aa, 0x09aa, 0x0969, 0x09ca, 0x122a, 0x122a, 0x0989, 0x0968, 0x11c9, 0x09a9, 
	0x0988, 0x09ea, 0x0928, 0x08a7, 0x08a7, 0x08e7, 0x126b, 0x09a9, 0x0845, 0x0843, 0x0863, 0x08a4, 0x10c5, 0x08a4, 0x0883, 0x0863, 
	0x1106, 0x1147, 0x0843, 0x0043, 0x09ea, 0x09c9, 0x19a8, 0x1967, 0x1063, 0x10a4, 0x10a4, 0x1926, 0x1106, 0x10a4, 0x1083, 0x0884, 
	0x10e5, 0x1083, 0x10c5, 0x0863, 0x0863, 0x0022, 0x0843, 0x0864, 0x0043, 0x1063, 0x20a4, 0x0843, 0x0884, 0x0884, 0x0884, 0x0843, 
	0x0842, 0x0842, 0x0843, 0x0843, 0x0843, 0x0863, 0x0863, 0x0863, 0x0863, 0x0863, 0x0863, 0x0863, 0x0863, 0x0863, 0x0843, 0x0863, 
	0x0864, 0x0863, 0x0843, 0x0863, 0x0863, 0x0864, 0x0864, 0x0863, 0x0863, 0x0863, 0x0863, 0x0863, 0x0863, 0x0884, 0x0863, 0x0863, 
	0x0864, 0x0884, 0x0884, 0x0863, 0x0863, 0x0863, 0x0863, 0x0863, 0x0863, 0x0843, 0x0843, 0x0842, 0x0863, 0x0843, 0x0842, 0x0843, 
	0x0843, 0x0042, 0x0843, 0x0843, 0x0843, 0x0843, 0x0843, 0x0843, 0x0843, 0x0843, 0x0843, 0x0843, 0x0843, 0x0843, 0x0843, 0x0842, 
	0x0843, 0x0843, 0x0843, 0x0843, 0x0843, 0x0843, 0x0843, 0x0843, 0x0843, 0x0843, 0x0843, 0x0843, 0x0843, 0x0843, 0x0842, 0x0842, 
	0x0842, 0x0042, 0x0042, 0x0042, 0x0042, 0x0042, 0x0042, 0x0042, 0x0042, 0x0042, 0x0042, 0x0842, 0x0842, 0x0042, 0x0042, 0x0042, 
	0x0842, 0x0842, 0x0042, 0x0042, 0x0042, 0x0842, 0x0842, 0x0042, 0x0842, 0x0842, 0x0042, 0x0042, 0x0842, 0x0042, 0x0842, 0x18e4, 
	0x31c9, 0x4205, 0xfe04, 0xfe85, 0x39c5, 0x4a05, 0xfea4, 0x1105, 0x0006, 0xdce5, 0xfda5, 0x0026, 0x00a5, 0x08c5, 0x0026, 0x62a5, 
	0xd4a5, 0x0026, 0x10c5, 0x7b25, 0xac85, 0x72c5, 0x0066, 0x00c5, 0x08c5, 0x00c5, 0x0026, 0xfd85, 0xdce5, 0x0006, 0x08c5, 0xfec4, 
	0x5a65, 0x8305, 0xfe85, 0xfde4, 0x39c5, 0x31c9, 0x10a4, 0x18e5, 0x2946, 0x2987, 0x0044, 0x08c6, 0x08c5, 0x08c5, 0x08c6, 0x0023, 
	0x39e8, 0x0042, 0x0042, 0x0843, 0x1083, 0x1883, 0x0843, 0x0043, 0x0043, 0x0843, 0x0843, 0x0843, 0x0843, 0x0843, 0x0843, 0x0843, 
	0x0843, 0x0843, 0x0843, 0x0843, 0x0843, 0x0843, 0x0884, 0x0863, 0x0863, 0x0863, 0x0863, 0x10a4, 0x0843, 0x0863, 0x0842, 0x0863, 
	0x08a4, 0x08a4, 0x0863, 0x0863, 0x0863, 0x0863, 0x0843, 0x0884, 0x0884, 0x0843, 0x0042, 0x0863, 0x0842, 0x0843, 0x0884, 0x0863, 
	0x0863, 0x0863, 0x0863, 0x0842, 0x0843, 0x0863, 0x0842, 0x0863, 0x0863, 0x0863, 0x0863, 0x0863, 0x1083, 0x1063, 0x1084, 0x1905, 
	0x10a4, 0x10c5, 0x0864, 0x0042, 0x08a4, 0x1106, 0x0884, 0x10a4, 0x08a4, 0x1084, 0x0863, 0x1106, 0x1187, 0x1167, 0x08a4, 0x1084, 
	0x10c5, 0x10a4, 0x10a4, 0x10a4, 0x0863, 0x08c5, 0x1167, 0x1167, 0x1147, 0x08a4, 0x08a4, 0x08a4, 0x08a4, 0x10c4, 0x08a5, 0x0149, 
	0x0a4a, 0x1a4a, 0x124a, 0x022a, 0x09eb, 0x0149, 0x0969, 0x0949, 0x08e8, 0x0948, 0x0989, 0x0989, 0x0948, 0x08c6, 0x0907, 0x0907, 
	0x08e7, 0x08e7, 0x0885, 0x0886, 0x0885, 0x0065, 0x0907, 0x08e6, 0x0865, 0x0863, 0x0863, 0x0884, 0x08a4, 0x0906, 0x0926, 0x08a4, 
	0x1127, 0x1167, 0x0822, 0x0863, 0x1128, 0x08c5, 0x1987, 0x10e5, 0x10a4, 0x10a4, 0x10e5, 0x1906, 0x10a4, 0x10a4, 0x1084, 0x08a4, 
	0x10c5, 0x0883, 0x10c4, 0x0863, 0x0863, 0x0842, 0x0864, 0x0884, 0x0043, 0x1884, 0x1863, 0x0042, 0x0884, 0x0864, 0x0884, 0x0863, 
	0x0022, 0x0022, 0x0022, 0x0022, 0x0022, 0x0042, 0x0042, 0x0022, 0x0042, 0x0042, 0x0042, 0x0042, 0x0843, 0x0863, 0x0863, 0x0863, 
	0x0843, 0x0863, 0x0863, 0x0863, 0x0843, 0x0043, 0x0043, 0x0843, 0x0843, 0x0843, 0x0843, 0x0043, 0x0043, 0x0043, 0x0884, 0x0843, 
	0x0042, 0x0043, 0x0863, 0x0843, 0x0863, 0x0863, 0x0863, 0x0863, 0x0863, 0x0863, 0x0843, 0x0042, 0x0863, 0x0864, 0x0843, 0x10c4, 
	0x18e5, 0x1083, 0x0842, 0x0042, 0x0042, 0x0042, 0x0042, 0x0042, 0x0042, 0x0042, 0x0042, 0x0042, 0x0042, 0x0843, 0x0843, 0x0042, 
	0x0042, 0x0042, 0x0042, 0x0042, 0x0042, 0x0042, 0x0842, 0x0042, 0x0042, 0x0042, 0x0842, 0x0042, 0x0042, 0x0843, 0x0843, 0x0842, 
	0x0042, 0x0042, 0x0042, 0x0042, 0x0042, 0x0042, 0x0042, 0x0042, 0x0842, 0x0042, 0x0042, 0x0842, 0x0842, 0x0842, 0x0042, 0x0042, 
	0x0842, 0x0842, 0x0842, 0x0042, 0x0042, 0x0042, 0x0042, 0x0042, 0x0842, 0x0842, 0x0842, 0x0042, 0x0042, 0x0042, 0x0842, 0x10a4, 
	0x4208, 0x1128, 0xbbe3, 0xff25, 0xc445, 0x1105, 0x62a5, 0x08e5, 0x0086, 0x4a25, 0x5a65, 0x00a6, 0x08c5, 0x08c5, 0x0085, 0x20e5, 
	0xabe5, 0xac25, 0xb445, 0x9bc5, 0x72e5, 0xb405, 0x41c5, 0x0046, 0x08c5, 0x08c5, 0x0086, 0x5a45, 0x5225, 0x0085, 0x08e5, 0x5a25, 
	0x5245, 0xf565, 0xfea5, 0xb3c3, 0x1128, 0x3187, 0x2125, 0x0000, 0x2106, 0x39c8, 0x0023, 0x08c6, 0x08c5, 0x08c5, 0x0065, 0x1105, 
	0x2946, 0x0043, 0x0843, 0x0042, 0x0042, 0x1063, 0x1884, 0x1063, 0x0042, 0x0043, 0x0043, 0x0043, 0x0043, 0x0843, 0x0843, 0x0843, 
	0x0843, 0x0843, 0x0843, 0x0843, 0x0042, 0x0863, 0x0883, 0x0863, 0x0883, 0x0863, 0x0883, 0x0843, 0x0843, 0x0884, 0x0843, 0x0043, 
	0x0863, 0x0863, 0x0863, 0x0884, 0x0843, 0x0842, 0x0863, 0x0863, 0x0863, 0x0863, 0x0863, 0x0863, 0x0863, 0x0863, 0x0863, 0x0863, 
	0x0863, 0x0863, 0x0863, 0x0863, 0x0843, 0x0022, 0x0022, 0x0863, 0x0843, 0x0842, 0x0863, 0x0863, 0x1063, 0x1063, 0x1084, 0x18c5, 
	0x1084, 0x10a4, 0x1084, 0x0843, 0x0863, 0x10c5, 0x1084, 0x10a4, 0x0884, 0x0884, 0x1146, 0x1167, 0x0926, 0x0926, 0x1126, 0x10c5, 
	0x10a4, 0x10a5, 0x10a5, 0x0884, 0x08c5, 0x1187, 0x1126, 0x08c5, 0x08a5, 0x08c5, 0x10c5, 0x10a4, 0x08a5, 0x08a4, 0x08a5, 0x0929, 
	0x09aa, 0x11ea, 0x1189, 0x08e8, 0x08c8, 0x08e7, 0x08c7, 0x08a6, 0x0886, 0x08a5, 0x0885, 0x0865, 0x0884, 0x0864, 0x0864, 0x0864, 
	0x0864, 0x0863, 0x0864, 0x0884, 0x0884, 0x0884, 0x0864, 0x0863, 0x0863, 0x10a4, 0x10a4, 0x0884, 0x08a4, 0x0947, 0x1188, 0x1106, 
	0x08a4, 0x08e6, 0x0863, 0x0843, 0x08c6, 0x0884, 0x1147, 0x10c5, 0x10a4, 0x10a4, 0x10a4, 0x1084, 0x10a4, 0x10a4, 0x1083, 0x0863, 
	0x1084, 0x0884, 0x10c5, 0x0863, 0x0843, 0x0863, 0x1084, 0x0043, 0x1063, 0x2084, 0x0842, 0x0043, 0x10a4, 0x0884, 0x0863, 0x0864, 
	0x0842, 0x0042, 0x0843, 0x0863, 0x0863, 0x0042, 0x0842, 0x0883, 0x0883, 0x0842, 0x0843, 0x0843, 0x0843, 0x0042, 0x0042, 0x0042, 
	0x0042, 0x0843, 0x0863, 0x0863, 0x0863, 0x0863, 0x0863, 0x0843, 0x0843, 0x0843, 0x0843, 0x0843, 0x0843, 0x0843, 0x0863, 0x0864, 
	0x0843, 0x0843, 0x0042, 0x0842, 0x0863, 0x0863, 0x0863, 0x0863, 0x0863, 0x0843, 0x0042, 0x0042, 0x0042, 0x0843, 0x0863, 0x10c4, 
	0x18c4, 0x18c4, 0x1083, 0x0843, 0x0042, 0x0042, 0x0042, 0x0042, 0x0042, 0x0042, 0x0042, 0x0042, 0x0042, 0x0042, 0x0042, 0x0843, 
	0x0842, 0x0042, 0x0042, 0x0042, 0x0042, 0x0042, 0x0042, 0x0842, 0x0042, 0x0842, 0x0842, 0x0842, 0x0042, 0x0042, 0x0842, 0x0843, 
	0x0842, 0x0042, 0x0042, 0x0042, 0x0042, 0x0842, 0x0042, 0x0042, 0x0842, 0x0842, 0x0042, 0x0842, 0x0842, 0x0042, 0x0842, 0x0842, 
	0x0842, 0x0842, 0x0842, 0x0842, 0x0842, 0x0842, 0x0842, 0x0842, 0x0842, 0x0842, 0x0842, 0x0842, 0x0842, 0x0842, 0x0842, 0x0863, 
	0x3187, 0x29aa, 0x39a4, 0xfe64, 0xfe45, 0x2965, 0x0006, 0x08c5, 0x08e5, 0x0026, 0x0006, 0x08e5, 0x08c5, 0x08c5, 0x0085, 0x2105, 
	0xa3c5, 0x9c05, 0xb445, 0xac25, 0x9385, 0xc485, 0x41c5, 0x0046, 0x08c5, 0x08c5, 0x08e5, 0x0026, 0x0026, 0x08e5, 0x08c5, 0x0006, 
	0x6aa5, 0xfec4, 0xfe44, 0x41c4, 0x29ca, 0x18c4, 0x2126, 0x0002, 0x2125, 0x18e5, 0x10e5, 0x0085, 0x08c5, 0x08c6, 0x0023, 0x39e8, 
	0x0863, 0x0843, 0x0843, 0x0843, 0x0843, 0x0042, 0x0843, 0x1063, 0x1863, 0x0842, 0x0043, 0x0843, 0x0843, 0x0843, 0x0843, 0x0843, 
	0x0843, 0x0843, 0x0843, 0x0843, 0x0843, 0x0863, 0x0863, 0x0863, 0x0863, 0x0863, 0x08a4, 0x0863, 0x0884, 0x0863, 0x0863, 0x08a4, 
	0x0863, 0x0843, 0x0883, 0x0863, 0x0042, 0x0842, 0x0843, 0x0842, 0x0042, 0x0863, 0x08a4, 0x0884, 0x0883, 0x0884, 0x08a4, 0x0884, 
	0x0884, 0x0884, 0x0883, 0x0883, 0x0884, 0x0863, 0x0042, 0x0863, 0x0863, 0x0863, 0x0863, 0x0863, 0x1063, 0x1063, 0x0863, 0x10c4, 
	0x10a4, 0x10c5, 0x0884, 0x0842, 0x0043, 0x08a4, 0x0884, 0x0884, 0x0884, 0x1147, 0x1106, 0x0022, 0x0822, 0x0863, 0x10e5, 0x1126, 
	0x10c5, 0x10a4, 0x10a4, 0x1106, 0x1167, 0x0884, 0x0042, 0x0843, 0x08c5, 0x08c5, 0x0843, 0x08a4, 0x08a4, 0x08c4, 0x08a4, 0x0065, 
	0x0886, 0x08a6, 0x0885, 0x0864, 0x0884, 0x0885, 0x0885, 0x0884, 0x0884, 0x0864, 0x0864, 0x0863, 0x0863, 0x10c5, 0x1106, 0x10e5, 
	0x10e5, 0x10c5, 0x10c5, 0x10e5, 0x10e5, 0x10e5, 0x10e5, 0x10c5, 0x10c5, 0x10c5, 0x0884, 0x0884, 0x08a4, 0x08e5, 0x08a4, 0x10a4, 
	0x0863, 0x0906, 0x0884, 0x0842, 0x08c5, 0x08a4, 0x1106, 0x10c4, 0x10a4, 0x10a4, 0x10a4, 0x10a4, 0x10a4, 0x10c5, 0x0863, 0x0042, 
	0x1084, 0x1084, 0x10c5, 0x0863, 0x0863, 0x0843, 0x0843, 0x0843, 0x1883, 0x1063, 0x0843, 0x0843, 0x0884, 0x10a4, 0x0863, 0x0864, 
	0x0863, 0x0042, 0x0863, 0x0883, 0x0883, 0x0843, 0x0863, 0x10e4, 0x10e4, 0x0883, 0x0884, 0x08c4, 0x0884, 0x0863, 0x0883, 0x0883, 
	0x0842, 0x0042, 0x0042, 0x0042, 0x0842, 0x0843, 0x0843, 0x0843, 0x0863, 0x0863, 0x0863, 0x0863, 0x0863, 0x0863, 0x0863, 0x0863, 
	0x0884, 0x0863, 0x0863, 0x0042, 0x0042, 0x0042, 0x0042, 0x0042, 0x0042, 0x0043, 0x0843, 0x0843, 0x0042, 0x0843, 0x0884, 0x10a4, 
	0x1083, 0x10a4, 0x0863, 0x0843, 0x0042, 0x0042, 0x0042, 0x0042, 0x0042, 0x0042, 0x0042, 0x0042, 0x0042, 0x0042, 0x0042, 0x0842, 
	0x0843, 0x0842, 0x0042, 0x0042, 0x0042, 0x0042, 0x0842, 0x0842, 0x0842, 0x0842, 0x0842, 0x0842, 0x0842, 0x0042, 0x0842, 0x0842, 
	0x0843, 0x0843, 0x0842, 0x0842, 0x0842, 0x0842, 0x0842, 0x0842, 0x0842, 0x0042, 0x0042, 0x0842, 0x0842, 0x0842, 0x0842, 0x0842, 
	0x0842, 0x0842, 0x0842, 0x0842, 0x0842, 0x0842, 0x0842, 0x0842, 0x0842, 0x0842, 0x0842, 0x0842, 0x0842, 0x0842, 0x0842, 0x0842, 
	0x18e5, 0x4a49, 0x0908, 0xcc43, 0xff44, 0xabc5, 0x0006, 0x00c5, 0x08c5, 0x08c5, 0x08c5, 0x08c5, 0x08c5, 0x08c5, 0x0006, 0x72e5, 
	0xed25, 0x0866, 0x0006, 0x00c5, 0x31c5, 0x08c5, 0x0066, 0x08e5, 0x08c5, 0x08c5, 0x08c5, 0x08c5, 0x08c5, 0x08c5, 0x0085, 0x0086, 
	0xed05, 0xfee5, 0xbc03, 0x00e8, 0x4209, 0x2105, 0x0084, 0x00a6, 0x0043, 0x18e5, 0x41e8, 0x0003, 0x08c6, 0x00a5, 0x0084, 0x39c7, 
	0x0863, 0x0843, 0x0843, 0x0843, 0x0863, 0x0843, 0x0042, 0x0042, 0x1063, 0x1883, 0x0843, 0x0042, 0x0843, 0x0843, 0x0843, 0x0843, 
	0x0843, 0x0843, 0x0843, 0x0842, 0x0863, 0x0863, 0x0863, 0x10c4, 0x08a4, 0x10c4, 0x0884, 0x0863, 0x0884, 0x0864, 0x08a4, 0x10c5, 
	0x08a4, 0x0863, 0x0843, 0x0842, 0x0863, 0x0863, 0x0863, 0x0883, 0x0863, 0x0863, 0x0884, 0x0863, 0x0843, 0x0843, 0x0863, 0x0863, 
	0x0863, 0x0884, 0x0884, 0x0884, 0x0884, 0x0883, 0x0843, 0x0863, 0x0863, 0x0863, 0x0863, 0x0863, 0x0843, 0x0863, 0x1084, 0x18e5, 
	0x1083, 0x10a4, 0x1084, 0x0842, 0x0863, 0x1084, 0x1084, 0x0863, 0x08c4, 0x08e5, 0x0042, 0x1084, 0x10e5, 0x1188, 0x11e9, 0x08e5, 
	0x0863, 0x10a4, 0x0884, 0x08c5, 0x08a5, 0x0842, 0x10a4, 0x1188, 0x11e9, 0x19c8, 0x08e5, 0x0863, 0x08a4, 0x08a4, 0x08a5, 0x08a5, 
	0x08c5, 0x08c5, 0x08c5, 0x08e5, 0x10e5, 0x10e5, 0x10e5, 0x10c5, 0x10e5, 0x10e5, 0x10e5, 0x10c5, 0x10c5, 0x08c5, 0x08c5, 0x08c5, 
	0x08a4, 0x08a4, 0x08a4, 0x0884, 0x0884, 0x0884, 0x0884, 0x0884, 0x0884, 0x08a4, 0x10a4, 0x0884, 0x0884, 0x0884, 0x0885, 0x0885, 
	0x0884, 0x08c5, 0x08e5, 0x0042, 0x0863, 0x08a5, 0x10e6, 0x10e5, 0x1084, 0x10a4, 0x10a4, 0x10a4, 0x10a4, 0x10a4, 0x0843, 0x0863, 
	0x1084, 0x1084, 0x10c5, 0x0863, 0x0863, 0x0863, 0x1083, 0x1083, 0x0842, 0x0043, 0x0863, 0x0843, 0x0863, 0x10a4, 0x0884, 0x0884, 
	0x0884, 0x0843, 0x0042, 0x0042, 0x0042, 0x0042, 0x0863, 0x10c4, 0x10c4, 0x08a4, 0x0883, 0x08a4, 0x10c4, 0x10c4, 0x08e5, 0x1105, 
	0x08a4, 0x0842, 0x0843, 0x0843, 0x0843, 0x0843, 0x0843, 0x0843, 0x0842, 0x0042, 0x0042, 0x0042, 0x0042, 0x0042, 0x0042, 0x0042, 
	0x0042, 0x0042, 0x0863, 0x0884, 0x0843, 0x0843, 0x0843, 0x0843, 0x0843, 0x0843, 0x0843, 0x0843, 0x0843, 0x0843, 0x0043, 0x0863, 
	0x1063, 0x0863, 0x1083, 0x0842, 0x0042, 0x0042, 0x0042, 0x0042, 0x0042, 0x0042, 0x0042, 0x0042, 0x0042, 0x0042, 0x0042, 0x0042, 
	0x0842, 0x0843, 0x0843, 0x0842, 0x0042, 0x0042, 0x0042, 0x0042, 0x0042, 0x0042, 0x0042, 0x0042, 0x0842, 0x0042, 0x0842, 0x0842, 
	0x0842, 0x0842, 0x0842, 0x0042, 0x0842, 0x0842, 0x0842, 0x0842, 0x0042, 0x0042, 0x0042, 0x0842, 0x0842, 0x0842, 0x0842, 0x0842, 
	0x0842, 0x0842, 0x0842, 0x0842, 0x0842, 0x0842, 0x0842, 0x0842, 0x0842, 0x0842, 0x0842, 0x0842, 0x0842, 0x0842, 0x0842, 0x0842, 
	0x1083, 0x39a7, 0x21aa, 0x5224, 0xfec4, 0xfdc5, 0x2145, 0x0026, 0x08c5, 0x08c5, 0x08c5, 0x08c5, 0x08c5, 0x08c5, 0x00a5, 0x0086, 
	0x72e5, 0xac25, 0xbca5, 0x4a25, 0x0006, 0x00a5, 0x08c5, 0x08c5, 0x08c5, 0x08c5, 0x08c5, 0x08c5, 0x08c5, 0x08e5, 0x0006, 0x5245, 
	0xfe65, 0xfe64, 0x4a04, 0x218a, 0x18e5, 0x2946, 0x0003, 0x08e6, 0x0023, 0x2146, 0x2946, 0x0084, 0x00a5, 0x0024, 0x2987, 0x10a4, 
	0x0042, 0x0843, 0x0863, 0x0843, 0x0843, 0x0843, 0x0843, 0x0042, 0x0042, 0x0863, 0x1883, 0x0843, 0x0042, 0x0043, 0x0043, 0x0843, 
	0x0843, 0x0843, 0x0843, 0x0042, 0x0843, 0x0843, 0x0843, 0x0883, 0x0883, 0x0883, 0x0863, 0x0863, 0x0884, 0x0884, 0x0883, 0x0883, 
	0x0884, 0x0883, 0x0042, 0x0843, 0x0863, 0x0842, 0x0842, 0x0042, 0x0842, 0x0842, 0x0042, 0x0843, 0x0863, 0x0863, 0x0843, 0x0842, 
	0x0042, 0x0842, 0x0843, 0x0843, 0x0843, 0x0042, 0x0042, 0x0863, 0x0863, 0x0863, 0x0863, 0x1063, 0x1063, 0x0842, 0x1083, 0x18c5, 
	0x0863, 0x1084, 0x0863, 0x0863, 0x10a4, 0x0884, 0x1084, 0x0863, 0x0863, 0x0863, 0x0863, 0x10c5, 0x1126, 0x1167, 0x1188, 0x1106, 
	0x0863, 0x0863, 0x0884, 0x0843, 0x0042, 0x0863, 0x18e5, 0x1167, 0x0906, 0x1147, 0x19c9, 0x0883, 0x0843, 0x08a4, 0x08a4, 0x08c5, 
	0x08a4, 0x08a4, 0x08a4, 0x08a4, 0x08a4, 0x0884, 0x0884, 0x0863, 0x0863, 0x0863, 0x0863, 0x0863, 0x0863, 0x0863, 0x0863, 0x0863, 
	0x0863, 0x0843, 0x0842, 0x0842, 0x0842, 0x0842, 0x0842, 0x0843, 0x0863, 0x0863, 0x08a4, 0x08a4, 0x0884, 0x0885, 0x0866, 0x0866, 
	0x0885, 0x0884, 0x1106, 0x08a4, 0x0042, 0x0863, 0x0885, 0x10e6, 0x10a4, 0x10a4, 0x10a4, 0x10a4, 0x10a4, 0x0843, 0x0863, 0x10a4, 
	0x0863, 0x1084, 0x10c5, 0x0863, 0x0863, 0x0843, 0x1063, 0x0042, 0x0843, 0x0864, 0x0864, 0x0863, 0x0843, 0x0884, 0x10a4, 0x1084, 
	0x10a5, 0x10a4, 0x0843, 0x0843, 0x0863, 0x0863, 0x0863, 0x0843, 0x0843, 0x0843, 0x0843, 0x0042, 0x0883, 0x08a3, 0x0843, 0x0863, 
	0x0863, 0x0042, 0x0042, 0x0843, 0x0843, 0x0843, 0x0843, 0x0843, 0x0843, 0x0843, 0x0843, 0x0843, 0x0843, 0x0843, 0x0843, 0x0043, 
	0x0843, 0x0843, 0x0042, 0x0863, 0x0884, 0x0843, 0x0043, 0x0843, 0x0843, 0x0843, 0x0843, 0x0843, 0x0843, 0x0042, 0x0843, 0x0842, 
	0x0842, 0x0842, 0x0042, 0x0042, 0x0042, 0x0842, 0x0042, 0x0042, 0x0042, 0x0042, 0x0042, 0x0842, 0x0842, 0x0842, 0x0042, 0x0042, 
	0x0042, 0x0042, 0x0843, 0x0843, 0x0842, 0x0042, 0x0042, 0x0042, 0x0042, 0x0842, 0x0842, 0x0842, 0x0042, 0x0842, 0x0842, 0x0842, 
	0x0842, 0x0842, 0x0842, 0x0842, 0x0842, 0x0842, 0x0842, 0x0842, 0x0842, 0x0842, 0x0842, 0x0842, 0x0842, 0x0842, 0x0842, 0x0842, 
	0x0842, 0x0842, 0x0842, 0x0842, 0x0842, 0x0842, 0x0842, 0x0842, 0x0842, 0x0842, 0x0842, 0x0842, 0x0842, 0x0842, 0x0843, 0x0842, 
	0x0843, 0x2105, 0x4a4a, 0x1107, 0xdca3, 0xff24, 0x9365, 0x0006, 0x08e5, 0x08c5, 0x08c5, 0x08c5, 0x08c5, 0x08c5, 0x08e5, 0x00a5, 
	0x0006, 0x0006, 0xa3c5, 0x9385, 0x0006, 0x08c5, 0x08c5, 0x08c5, 0x08c5, 0x08c5, 0x08c5, 0x08c5, 0x08c5, 0x00a5, 0x0026, 0xd485, 
	0xfee4, 0xdc83, 0x1128, 0x4a4a, 0x18e5, 0x10c5, 0x0085, 0x08c5, 0x0085, 0x08c4, 0x10a4, 0x31c8, 0x0024, 0x0043, 0x41e8, 0x0863, 
	0x0863, 0x0884, 0x0884, 0x0864, 0x0864, 0x0864, 0x0864, 0x0884, 0x0863, 0x0042, 0x0843, 0x1884, 0x1063, 0x1043, 0x0842, 0x0842, 
	0x0042, 0x0843, 0x0863, 0x0863, 0x0843, 0x0843, 0x0843, 0x0843, 0x0843, 0x0843, 0x0843, 0x0843, 0x0843, 0x0843, 0x0843, 0x0843, 
	0x0043, 0x0042, 0x0863, 0x0042, 0x0042, 0x0843, 0x0843, 0x0843, 0x0863, 0x0842, 0x0042, 0x0863, 0x0863, 0x0884, 0x0884, 0x0863, 
	0x0863, 0x0863, 0x0863, 0x0863, 0x0863, 0x0863, 0x0843, 0x0842, 0x0863, 0x0863, 0x0843, 0x0863, 0x1084, 0x0863, 0x0842, 0x0842, 
	0x0883, 0x10a5, 0x0843, 0x0863, 0x18c5, 0x0884, 0x0884, 0x0863, 0x0863, 0x0863, 0x0863, 0x10a4, 0x10e5, 0x10c5, 0x1106, 0x10a4, 
	0x1084, 0x0863, 0x0884, 0x0843, 0x0042, 0x0842, 0x10e5, 0x1126, 0x1084, 0x1105, 0x1906, 0x0843, 0x0843, 0x10a4, 0x0863, 0x0843, 
	0x0863, 0x0863, 0x0863, 0x0863, 0x0843, 0x0843, 0x0842, 0x0842, 0x0843, 0x0843, 0x0843, 0x0843, 0x0842, 0x0843, 0x0843, 0x0843, 
	0x0843, 0x0843, 0x0863, 0x0863, 0x0863, 0x0843, 0x0842, 0x0843, 0x0863, 0x0843, 0x0843, 0x08a5, 0x0885, 0x08a7, 0x1168, 0x1128, 
	0x0886, 0x0864, 0x08a4, 0x1126, 0x0863, 0x0042, 0x0042, 0x0843, 0x08a4, 0x1084, 0x1084, 0x0883, 0x0842, 0x0843, 0x1084, 0x0884, 
	0x0883, 0x0863, 0x10c5, 0x0863, 0x0863, 0x0843, 0x0843, 0x0884, 0x0884, 0x0884, 0x0884, 0x0884, 0x0043, 0x0863, 0x10c5, 0x10a4, 
	0x10a5, 0x10c5, 0x0884, 0x0042, 0x0863, 0x0864, 0x0884, 0x0863, 0x0863, 0x0863, 0x0863, 0x0863, 0x0843, 0x0843, 0x0843, 0x0843, 
	0x0843, 0x0864, 0x0864, 0x0864, 0x0864, 0x0864, 0x0863, 0x0864, 0x0884, 0x0884, 0x0884, 0x0884, 0x0864, 0x0864, 0x0863, 0x0863, 
	0x0863, 0x0884, 0x0864, 0x0843, 0x0863, 0x0884, 0x0863, 0x0864, 0x0863, 0x0863, 0x0863, 0x0863, 0x0863, 0x0842, 0x0863, 0x0842, 
	0x0042, 0x0843, 0x0843, 0x0843, 0x0843, 0x0843, 0x0843, 0x0843, 0x0843, 0x0843, 0x0843, 0x0843, 0x0843, 0x0843, 0x0843, 0x0843, 
	0x0843, 0x0843, 0x0843, 0x0843, 0x0843, 0x0843, 0x0843, 0x0843, 0x0843, 0x0843, 0x0843, 0x0843, 0x0843, 0x0843, 0x0843, 0x0843, 
	0x0843, 0x0843, 0x0842, 0x0842, 0x0842, 0x0843, 0x0842, 0x0842, 0x0842, 0x0842, 0x0842, 0x0842, 0x0842, 0x0842, 0x0842, 0x0842, 
	0x0842, 0x0842, 0x0842, 0x0842, 0x0842, 0x0842, 0x0842, 0x0842, 0x0842, 0x0842, 0x0842, 0x0842, 0x0842, 0x0842, 0x0842, 0x0842, 
	0x0842, 0x10a4, 0x39c7, 0x196a, 0x5a23, 0xff04, 0xf565, 0x08c5, 0x0066, 0x08c5, 0x08c5, 0x08c5, 0x08c5, 0x08c5, 0x08c5, 0x08c5, 
	0x08c5, 0x0006, 0x8305, 0x8345, 0x0006, 0x08c5, 0x08c5, 0x08c5, 0x08c5, 0x08c5, 0x08c5, 0x08c5, 0x08c5, 0x0006, 0x39e5, 0xfe45, 
	0xfe84, 0x5a44, 0x218a, 0x2126, 0x2125, 0x0023, 0x08e6, 0x08c5, 0x08e6, 0x0023, 0x2126, 0x39a7, 0x0002, 0x1926, 0x2946, 0x0863, 
	0x0884, 0x0864, 0x0843, 0x0863, 0x0863, 0x0863, 0x0863, 0x0863, 0x0863, 0x0843, 0x0042, 0x0843, 0x1063, 0x1083, 0x1063, 0x1063, 
	0x1063, 0x0863, 0x1063, 0x0843, 0x0042, 0x0043, 0x0043, 0x0043, 0x0043, 0x0043, 0x0042, 0x0043, 0x0043, 0x0043, 0x0043, 0x0043, 
	0x0043, 0x0843, 0x0863, 0x0843, 0x1084, 0x1084, 0x1084, 0x10a4, 0x10a4, 0x0043, 0x0843, 0x0864, 0x0843, 0x0843, 0x0843, 0x0843, 
	0x0843, 0x0863, 0x0863, 0x0863, 0x0863, 0x0863, 0x0843, 0x0043, 0x0842, 0x0863, 0x0843, 0x0863, 0x1083, 0x1063, 0x1084, 0x0843, 
	0x0863, 0x10a4, 0x0843, 0x0863, 0x10c4, 0x0884, 0x0884, 0x0863, 0x0863, 0x0863, 0x0843, 0x1084, 0x10a4, 0x10a4, 0x10a4, 0x10a4, 
	0x0863, 0x0863, 0x0884, 0x0843, 0x0842, 0x0042, 0x0864, 0x10c5, 0x10c5, 0x10a4, 0x10a4, 0x0863, 0x0863, 0x0884, 0x0042, 0x0843, 
	0x0843, 0x0843, 0x0843, 0x0863, 0x0863, 0x0843, 0x0842, 0x0843, 0x0843, 0x0884, 0x0884, 0x0843, 0x0885, 0x08c6, 0x08a6, 0x08a6, 
	0x0885, 0x0884, 0x0863, 0x0884, 0x0843, 0x0863, 0x10a4, 0x10a4, 0x0863, 0x0843, 0x0043, 0x0864, 0x0865, 0x08a7, 0x19c8, 0x1189, 
	0x0867, 0x0885, 0x0863, 0x0884, 0x0884, 0x0843, 0x0042, 0x0042, 0x0042, 0x0843, 0x0843, 0x0042, 0x0843, 0x0864, 0x0863, 0x0863, 
	0x10c5, 0x08a4, 0x10a4, 0x0883, 0x0863, 0x0843, 0x0864, 0x0864, 0x0864, 0x0864, 0x0864, 0x0884, 0x0864, 0x0043, 0x10a5, 0x10c5, 
	0x10a4, 0x10c5, 0x10a4, 0x0842, 0x0042, 0x0843, 0x0843, 0x0843, 0x0843, 0x0843, 0x0843, 0x0843, 0x0843, 0x0843, 0x0843, 0x0843, 
	0x0843, 0x0863, 0x0843, 0x0843, 0x0843, 0x0843, 0x0843, 0x0843, 0x0843, 0x0843, 0x0843, 0x0843, 0x0843, 0x0843, 0x0843, 0x0843, 
	0x0843, 0x0843, 0x0843, 0x0843, 0x0042, 0x0863, 0x0863, 0x0842, 0x0843, 0x0843, 0x0863, 0x0863, 0x0843, 0x0042, 0x0843, 0x0843, 
	0x0843, 0x0843, 0x0843, 0x0863, 0x0843, 0x0842, 0x0842, 0x0843, 0x0842, 0x0842, 0x0843, 0x0843, 0x0842, 0x0842, 0x0842, 0x0842, 
	0x0842, 0x0842, 0x0842, 0x0842, 0x0842, 0x0843, 0x0843, 0x0842, 0x0842, 0x0842, 0x0843, 0x0842, 0x0842, 0x0842, 0x0842, 0x0842, 
	0x0843, 0x0842, 0x0842, 0x0842, 0x0842, 0x0843, 0x0842, 0x0842, 0x0842, 0x0842, 0x0842, 0x0842, 0x0842, 0x0842, 0x0842, 0x0842, 
	0x0842, 0x0842, 0x0842, 0x0842, 0x0842, 0x0842, 0x0842, 0x0842, 0x0842, 0x0842, 0x0842, 0x0842, 0x0842, 0x0842, 0x0842, 0x0842, 
	0x0842, 0x0843, 0x2105, 0x4a4a, 0x1127, 0xed04, 0xff05, 0x72c5, 0x0006, 0x08e5, 0x08c5, 0x08c5, 0x08c5, 0x08c5, 0x08c5, 0x08c5, 
	0x08c5, 0x0006, 0x8325, 0x8325, 0x0006, 0x08c5, 0x08c5, 0x08c5, 0x08c5, 0x08c5, 0x08c5, 0x08c5, 0x00c5, 0x0006, 0xb3e5, 0xff04, 
	0xe4c4, 0x08e7, 0x4a4a, 0x10a4, 0x1905, 0x0044, 0x08c5, 0x08c5, 0x08c5, 0x0064, 0x10e5, 0x18c4, 0x08a4, 0x31a7, 0x0843, 0x0863, 
	0x0863, 0x0843, 0x0843, 0x0843, 0x0843, 0x0843, 0x0843, 0x0843, 0x0843, 0x0843, 0x0843, 0x0042, 0x0042, 0x0843, 0x0843, 0x0843, 
	0x1063, 0x1063, 0x1063, 0x1063, 0x1063, 0x1063, 0x1063, 0x1063, 0x1063, 0x1063, 0x1063, 0x1063, 0x1063, 0x1063, 0x1063, 0x1063, 
	0x0843, 0x0863, 0x0043, 0x1084, 0x10a5, 0x10a4, 0x1084, 0x10c5, 0x1084, 0x0843, 0x1084, 0x1084, 0x1084, 0x0863, 0x0863, 0x0863, 
	0x0863, 0x0863, 0x0863, 0x0863, 0x0863, 0x0863, 0x0843, 0x0043, 0x0843, 0x0042, 0x0843, 0x1063, 0x1084, 0x0863, 0x1084, 0x0863, 
	0x0883, 0x10a4, 0x0843, 0x0863, 0x10a4, 0x0864, 0x1084, 0x1084, 0x0843, 0x0863, 0x0863, 0x0843, 0x1084, 0x10a4, 0x10a4, 0x1084, 
	0x0843, 0x0863, 0x1084, 0x0863, 0x0843, 0x0842, 0x0842, 0x0884, 0x10a4, 0x10a4, 0x1084, 0x0842, 0x0883, 0x0863, 0x0843, 0x0843, 
	0x0863, 0x0884, 0x0883, 0x0863, 0x0843, 0x10a4, 0x1946, 0x1946, 0x10e5, 0x0864, 0x0843, 0x08a5, 0x09a9, 0x11c9, 0x19c9, 0x11a8, 
	0x09c8, 0x0927, 0x0843, 0x0863, 0x0842, 0x10c5, 0x2167, 0x2126, 0x0883, 0x0843, 0x0843, 0x0884, 0x0885, 0x0866, 0x08a7, 0x08a7, 
	0x0866, 0x0884, 0x0864, 0x0843, 0x0863, 0x0863, 0x0843, 0x0843, 0x0843, 0x0863, 0x0863, 0x0884, 0x10a4, 0x10a4, 0x0884, 0x0884, 
	0x0884, 0x10a4, 0x10a4, 0x0843, 0x0843, 0x0863, 0x0884, 0x0864, 0x0864, 0x0884, 0x0884, 0x0884, 0x10a4, 0x0843, 0x0864, 0x6b8f, 
	0xbe18, 0xd6bb, 0xd6bb, 0xd6ba, 0xd6ba, 0xd6ba, 0xd6ba, 0x8c51, 0x0863, 0x0863, 0x0863, 0x0863, 0x0863, 0x0863, 0x0863, 0x0863, 
	0x0863, 0x0863, 0x0863, 0x0863, 0x0863, 0x0863, 0x0863, 0x0863, 0x0863, 0x0843, 0x0863, 0x0843, 0x0843, 0x0863, 0x0863, 0x0863, 
	0x0863, 0x0863, 0x0863, 0x0863, 0x0863, 0x0863, 0x0863, 0x0863, 0x0863, 0x0843, 0x0863, 0x0863, 0x0863, 0x0863, 0x0843, 0x0843, 
	0x0843, 0x0843, 0x0843, 0x0843, 0x0843, 0x0842, 0x0842, 0x0842, 0x0842, 0x0842, 0x0842, 0x0842, 0x0842, 0x0842, 0x0842, 0x0842, 
	0x0842, 0x0842, 0x0842, 0x0842, 0x0842, 0x0842, 0x0843, 0x0843, 0x0842, 0x0842, 0x0842, 0x0842, 0x0842, 0x0842, 0x0842, 0x0842, 
	0x0842, 0x0842, 0x0842, 0x0842, 0x0842, 0x0842, 0x0842, 0x0842, 0x0842, 0x0842, 0x0842, 0x0842, 0x0842, 0x0842, 0x0842, 0x0842, 
	0x0842, 0x0842, 0x0842, 0x0842, 0x0842, 0x0842, 0x0842, 0x0842, 0x0842, 0x0842, 0x0842, 0x0842, 0x0842, 0x0842, 0x0842, 0x0842, 
	0x0842, 0x0842, 0x10a4, 0x41e8, 0x196a, 0x72a3, 0xff24, 0xed05, 0x0085, 0x0085, 0x08c5, 0x08c5, 0x08c5, 0x08c5, 0x08c5, 0x08c5, 
	0x08c5, 0x0006, 0x8325, 0x8325, 0x0006, 0x08c5, 0x08c5, 0x08c5, 0x08c5, 0x08c5, 0x08c5, 0x08c5, 0x0026, 0x2145, 0xfdc5, 0xfec4, 
	0x6a83, 0x194a, 0x2967, 0x2125, 0x0043, 0x00c6, 0x08c5, 0x08c5, 0x08c5, 0x00c6, 0x0043, 0x2105, 0x4a49, 0x39c8, 0x0863, 0x0884, 
	0x0843, 0x0843, 0x0843, 0x0843, 0x0843, 0x0843, 0x0843, 0x0843, 0x0843, 0x0843, 0x0843, 0x0843, 0x0843, 0x0043, 0x0043, 0x0043, 
	0x0042, 0x0043, 0x0042, 0x0843, 0x0863, 0x0863, 0x1063, 0x1063, 0x1063, 0x1063, 0x1063, 0x1063, 0x1063, 0x1063, 0x1063, 0x1063, 
	0x0843, 0x0043, 0x0863, 0x10a4, 0x10a4, 0x1084, 0x10a4, 0x10a5, 0x0843, 0x0863, 0x1084, 0x0884, 0x1084, 0x1084, 0x1084, 0x1084, 
	0x1084, 0x1084, 0x1084, 0x1084, 0x1084, 0x1084, 0x0884, 0x0843, 0x0043, 0x0043, 0x0042, 0x0863, 0x1084, 0x1063, 0x1063, 0x0843, 
	0x1083, 0x10a4, 0x0843, 0x0863, 0x10a4, 0x0864, 0x0863, 0x0864, 0x0884, 0x08a4, 0x0884, 0x0042, 0x0042, 0x0863, 0x0883, 0x0843, 
	0x0843, 0x1084, 0x1084, 0x0884, 0x0843, 0x0843, 0x0042, 0x0042, 0x0843, 0x0863, 0x0843, 0x0863, 0x0863, 0x0843, 0x0843, 0x08a4, 
	0x1106, 0x1946, 0x10e5, 0x0842, 0x0842, 0x10e5, 0x1987, 0x1967, 0x1946, 0x0863, 0x0843, 0x08e6, 0x09c8, 0x11c9, 0x19c8, 0x11c8, 
	0x09a8, 0x0927, 0x0863, 0x0863, 0x0843, 0x1084, 0x10a4, 0x1084, 0x0843, 0x0863, 0x0863, 0x08a4, 0x08c5, 0x08a5, 0x08a6, 0x08a6, 
	0x08a5, 0x08a5, 0x08a5, 0x08c4, 0x08c5, 0x10a4, 0x10a5, 0x10a4, 0x0884, 0x0863, 0x0863, 0x0884, 0x0884, 0x0883, 0x0884, 0x0883, 
	0x0863, 0x0884, 0x0843, 0x0863, 0x0843, 0x0884, 0x10a4, 0x0884, 0x0884, 0x0884, 0x0884, 0x0884, 0x1084, 0x0884, 0x7bcf, 0xffff, 
	0xffff, 0xffff, 0xffff, 0xffff, 0xffff, 0xffff, 0xffff, 0xa535, 0x0863, 0x0863, 0x0843, 0x0863, 0x0843, 0x0863, 0x0863, 0x0863, 
	0x0863, 0x0863, 0x0863, 0x0843, 0x0843, 0x0863, 0x0863, 0x0863, 0x0863, 0x0843, 0x0863, 0x0863, 0x0843, 0x0863, 0x0843, 0x0863, 
	0x0863, 0x0843, 0x0843, 0x0843, 0x0843, 0x0843, 0x0843, 0x0843, 0x0843, 0x0843, 0x0843, 0x0842, 0x0842, 0x0863, 0x0884, 0x0842, 
	0x0843, 0x0843, 0x0843, 0x0843, 0x0843, 0x0843, 0x0843, 0x0842, 0x0842, 0x0842, 0x0842, 0x0842, 0x0842, 0x0842, 0x0842, 0x0842, 
	0x0842, 0x0842, 0x0842, 0x0842, 0x0842, 0x0842, 0x0842, 0x0843, 0x0843, 0x0843, 0x0842, 0x0842, 0x0842, 0x0842, 0x0842, 0x0842, 
	0x0842, 0x0842, 0x0842, 0x0842, 0x0842, 0x0842, 0x0842, 0x0842, 0x0842, 0x0842, 0x0842, 0x0842, 0x0842, 0x0842, 0x0842, 0x0842, 
	0x0842, 0x0842, 0x0842, 0x0842, 0x0842, 0x0842, 0x0842, 0x0842, 0x0842, 0x0842, 0x0842, 0x0842, 0x0842, 0x0842, 0x0842, 0x0842, 
	0x0842, 0x0842, 0x0863, 0x2126, 0x422a, 0x1926, 0xf544, 0xfee4, 0x6285, 0x0006, 0x08e5, 0x08c5, 0x08c5, 0x08c5, 0x08c5, 0x08c5, 
	0x08c5, 0x0006, 0x8325, 0x8325, 0x0006, 0x08c5, 0x08c5, 0x08c5, 0x08c5, 0x08c5, 0x08c5, 0x08c5, 0x0006, 0xa3a5, 0xfee4, 0xf544, 
	0x1946, 0x424a, 0x10a4, 0x1905, 0x0044, 0x08c6, 0x08c5, 0x08c5, 0x08c5, 0x08c6, 0x0044, 0x1905, 0x0863, 0x10c4, 0x0884, 0x0843, 
	0x0843, 0x0843, 0x0843, 0x0843, 0x0843, 0x0843, 0x0843, 0x0843, 0x0843, 0x0843, 0x0843, 0x0843, 0x0843, 0x0843, 0x0843, 0x0843, 
	0x0843, 0x0863, 0x0042, 0x0842, 0x0842, 0x0842, 0x0842, 0x0042, 0x0042, 0x0042, 0x0043, 0x0042, 0x0042, 0x0042, 0x0042, 0x0042, 
	0x0042, 0x0842, 0x10a4, 0x10a4, 0x10a4, 0x1084, 0x10c5, 0x10a4, 0x0043, 0x0884, 0x0883, 0x0884, 0x0884, 0x0884, 0x0863, 0x0863, 
	0x0863, 0x0884, 0x0884, 0x0884, 0x0884, 0x0884, 0x1084, 0x0884, 0x0843, 0x0043, 0x0843, 0x0042, 0x0863, 0x1084, 0x1063, 0x0843, 
	0x0883, 0x10a4, 0x0843, 0x0863, 0x10a4, 0x0884, 0x0884, 0x0843, 0x10a4, 0x0884, 0x0043, 0x0863, 0x0843, 0x0843, 0x0042, 0x0863, 
	0x1084, 0x0884, 0x0884, 0x1084, 0x0863, 0x0843, 0x0843, 0x0843, 0x0843, 0x0043, 0x0863, 0x10e5, 0x0883, 0x0843, 0x0863, 0x0884, 
	0x4a6a, 0xb5b7, 0x8c52, 0x0843, 0x0843, 0x0884, 0x0884, 0x0864, 0x0884, 0x0863, 0x0843, 0x08a5, 0x0928, 0x0948, 0x0948, 0x0948, 
	0x0907, 0x0885, 0x0843, 0x0863, 0x0843, 0x0843, 0x0042, 0x0843, 0x0042, 0x0863, 0x0863, 0x0884, 0x08a4, 0x0884, 0x0884, 0x0884, 
	0x0884, 0x0884, 0x0884, 0x0884, 0x08a4, 0x0884, 0x0883, 0x0883, 0x0863, 0x0042, 0x0842, 0x0842, 0x0042, 0x0842, 0x0842, 0x0842, 
	0x0842, 0x0843, 0x0863, 0x0863, 0x0843, 0x0864, 0x10a4, 0x0884, 0x0884, 0x0884, 0x0884, 0x0884, 0x0884, 0x10a4, 0xef5d, 0xffff, 
	0xef7d, 0xb596, 0xa535, 0xa555, 0xa535, 0xa534, 0xa535, 0x6b4d, 0x0843, 0x0843, 0x0843, 0x0843, 0x0843, 0x0843, 0x0843, 0x0843, 
	0x0843, 0x0843, 0x0843, 0x0843, 0x0843, 0x0043, 0x0043, 0x0042, 0x0042, 0x0843, 0x0843, 0x0843, 0x0843, 0x0843, 0x0843, 0x0843, 
	0x0843, 0x0843, 0x0843, 0x0843, 0x0843, 0x0843, 0x0843, 0x0842, 0x0842, 0x0842, 0x0843, 0x0843, 0x0842, 0x0842, 0x0863, 0x0863, 
	0x0843, 0x0843, 0x0843, 0x0843, 0x0843, 0x0843, 0x0843, 0x0842, 0x0842, 0x0842, 0x0842, 0x0842, 0x0842, 0x0842, 0x0842, 0x0842, 
	0x0842, 0x0842, 0x0842, 0x0842, 0x0842, 0x0842, 0x0842, 0x0842, 0x0842, 0x0843, 0x0843, 0x0842, 0x0842, 0x0842, 0x0842, 0x0842, 
	0x0842, 0x0842, 0x0842, 0x0842, 0x0842, 0x0842, 0x0842, 0x0842, 0x0842, 0x0842, 0x0842, 0x0842, 0x0842, 0x0842, 0x0842, 0x0842, 
	0x0843, 0x0843, 0x0843, 0x0842, 0x0842, 0x0842, 0x0842, 0x0842, 0x0842, 0x0842, 0x0842, 0x0842, 0x0842, 0x0842, 0x0842, 0x0842, 
	0x0842, 0x0842, 0x0842, 0x10a4, 0x4208, 0x0909, 0x7ac3, 0xff65, 0xdca5, 0x0046, 0x00a5, 0x08c5, 0x08c5, 0x08c5, 0x08e5, 0x00a5, 
	0x0066, 0x0006, 0x8325, 0x8325, 0x0006, 0x0066, 0x00a5, 0x08e5, 0x08c5, 0x08c5, 0x08c5, 0x0046, 0x1105, 0xfda5, 0xfee5, 0x82e3, 
	0x114a, 0x39c8, 0x0883, 0x1925, 0x0044, 0x08c6, 0x08c5, 0x08c5, 0x08c5, 0x08c6, 0x0044, 0x2126, 0x0863, 0x0864, 0x0843, 0x0843, 
	0x0843, 0x0843, 0x0843, 0x0843, 0x0843, 0x0843, 0x0843, 0x0843, 0x0843, 0x0843, 0x0843, 0x0843, 0x0843, 0x0843, 0x0843, 0x0843, 
	0x0863, 0x0863, 0x0863, 0x0863, 0x0863, 0x0863, 0x0863, 0x0863, 0x0863, 0x0843, 0x0843, 0x0843, 0x0843, 0x0843, 0x0843, 0x0843, 
	0x0042, 0x0863, 0x10a4, 0x10a4, 0x1084, 0x10a4, 0x10c5, 0x0843, 0x0863, 0x0884, 0x0884, 0x1084, 0x0884, 0x0863, 0x0884, 0x0884, 
	0x0863, 0x0883, 0x0884, 0x0884, 0x0883, 0x0883, 0x0883, 0x1084, 0x0884, 0x0843, 0x0843, 0x0843, 0x0842, 0x0843, 0x1064, 0x0843, 
	0x0883, 0x10a4, 0x0843, 0x0863, 0x10a4, 0x4229, 0x6b6e, 0x5acc, 0x0863, 0x0863, 0x0843, 0x0843, 0x0843, 0x0843, 0x0863, 0x0884, 
	0x0884, 0x0863, 0x0863, 0x0864, 0x0884, 0x0863, 0x0843, 0x0843, 0x0843, 0x0863, 0x1084, 0x10e5, 0x0884, 0x2966, 0x8c51, 0xe71c, 
	0xffff, 0xffff, 0xbdf8, 0x0843, 0x0843, 0x0843, 0x0843, 0x0843, 0x0042, 0x0843, 0x0843, 0x0043, 0x0844, 0x0844, 0x0864, 0x0844, 
	0x0844, 0x0043, 0x0843, 0x0863, 0x0843, 0x0042, 0x0042, 0x0843, 0x0843, 0x0863, 0x0863, 0x0863, 0x0843, 0x0843, 0x0843, 0x0843, 
	0x0843, 0x0843, 0x0843, 0x0843, 0x0843, 0x0843, 0x0843, 0x0843, 0x0843, 0x0863, 0x0863, 0x0863, 0x0863, 0x0863, 0x0863, 0x0863, 
	0x0863, 0x0863, 0x2966, 0x6b4d, 0x6b4e, 0x0043, 0x0864, 0x1084, 0x0884, 0x0884, 0x0884, 0x0884, 0x0884, 0x0884, 0xa535, 0xef5d, 
	0x6b6e, 0x10a5, 0x6b6e, 0xa535, 0x8c72, 0x0843, 0x0843, 0x0843, 0x0843, 0x0843, 0x0843, 0x0843, 0x0843, 0x0843, 0x0843, 0x0843, 
	0x0843, 0x0843, 0x0843, 0x0864, 0x0863, 0x0843, 0x0843, 0x0843, 0x0843, 0x0843, 0x0843, 0x0843, 0x0843, 0x0843, 0x0843, 0x0843, 
	0x0843, 0x0843, 0x0843, 0x0843, 0x0843, 0x8c51, 0xa535, 0x6b4d, 0x0843, 0x0843, 0x0842, 0x0843, 0x0843, 0x0843, 0x0843, 0x0863, 
	0x0843, 0x0843, 0x0843, 0x0843, 0x0843, 0x0843, 0x0843, 0x0843, 0x0843, 0x0842, 0x0842, 0x0843, 0x0843, 0x0842, 0x0842, 0x0842, 
	0x0842, 0x0842, 0x0842, 0x0842, 0x0842, 0x0842, 0x0842, 0x0842, 0x0842, 0x0842, 0x0843, 0x5acb, 0x6b4d, 0x4229, 0x0842, 0x0842, 
	0x0842, 0x0842, 0x0842, 0x0842, 0x7bcf, 0x2966, 0x0842, 0x0842, 0x0842, 0x0842, 0x0842, 0x0842, 0x0842, 0x0842, 0x0842, 0x0842, 
	0x0843, 0x0843, 0x0843, 0x0843, 0x0842, 0x0842, 0x0842, 0x0842, 0x0842, 0x0842, 0x0842, 0x0843, 0x0842, 0x0842, 0x0842, 0x0842, 
	0x0842, 0x0842, 0x0842, 0x0863, 0x2946, 0x3a2a, 0x2165, 0xfdc4, 0xfe85, 0x4205, 0x0006, 0x08e5, 0x08c5, 0x08c5, 0x0046, 0x4205, 
	0x8ba5, 0x7ac5, 0xb405, 0xac05, 0x7ac5, 0x8ba5, 0x4a05, 0x0046, 0x08c5, 0x08c5, 0x08e5, 0x0006, 0x8305, 0xfee4, 0xfd84, 0x1925, 
	0x422a, 0x18e5, 0x0843, 0x39c8, 0x0043, 0x08c6, 0x08c5, 0x08c5, 0x08c5, 0x08c6, 0x0043, 0x39c8, 0x0863, 0x0843, 0x0843, 0x0843, 
	0x0843, 0x0843, 0x0843, 0x0843, 0x0843, 0x0843, 0x0843, 0x0843, 0x0843, 0x0843, 0x0842, 0x0843, 0x0843, 0x0863, 0x0884, 0x0883, 
	0x0863, 0x0863, 0x0883, 0x0884, 0x0884, 0x0884, 0x0884, 0x0884, 0x0884, 0x0863, 0x0863, 0x0863, 0x0863, 0x0863, 0x0863, 0x0842, 
	0x0843, 0x1084, 0x10a4, 0x1084, 0x1084, 0x10c5, 0x0884, 0x0843, 0x0884, 0x1084, 0x1084, 0x1084, 0x1084, 0x0884, 0x0884, 0x0884, 
	0x0884, 0x0884, 0x1084, 0x0884, 0x0884, 0x0884, 0x0884, 0x0884, 0x1084, 0x0884, 0x0843, 0x0843, 0x0843, 0x0842, 0x0843, 0x0843, 
	0x0863, 0x1084, 0x0863, 0x0843, 0x1084, 0xa535, 0xffff, 0xd6ba, 0x0884, 0x0884, 0x0884, 0x0864, 0x0864, 0x0884, 0x0884, 0x0884, 
	0x08c5, 0x08c5, 0x08e5, 0x08e5, 0x08c5, 0x08a4, 0x0884, 0x0884, 0x0884, 0x0884, 0x08a4, 0x5aec, 0xbdf8, 0xf7be, 0xffff, 0xffff, 
	0xffff, 0xffff, 0xa535, 0x0863, 0x0863, 0x0843, 0x0842, 0x0842, 0x0863, 0x0864, 0x0864, 0x0863, 0x0863, 0x0864, 0x0863, 0x0863, 
	0x0863, 0x0863, 0x0884, 0x0884, 0x0884, 0x0883, 0x0884, 0x0884, 0x0864, 0x0843, 0x0843, 0x0843, 0x0843, 0x0843, 0x0843, 0x0843, 
	0x0843, 0x0863, 0x0843, 0x0843, 0x0843, 0x0843, 0x0843, 0x0843, 0x0843, 0x0843, 0x0843, 0x0843, 0x0842, 0x0843, 0x0843, 0x0843, 
	0x0843, 0x0843, 0x6b4d, 0xffff, 0xffff, 0x0843, 0x0843, 0x0863, 0x1084, 0x0884, 0x0884, 0x0884, 0x0884, 0x0884, 0x0884, 0x0843, 
	0x0864, 0x10c5, 0xa535, 0xffff, 0xd6bb, 0x0884, 0x0842, 0x0843, 0x0843, 0x0843, 0x0843, 0x0843, 0x0843, 0x0843, 0x0843, 0x0843, 
	0x0843, 0x0843, 0x0843, 0x0863, 0x0864, 0x0843, 0x0843, 0x0843, 0x0843, 0x0843, 0x0843, 0x0843, 0x0843, 0x0843, 0x0843, 0x0843, 
	0x0843, 0x0843, 0x0843, 0x0843, 0x0843, 0xd6ba, 0xffff, 0xa535, 0x0843, 0x0843, 0x0843, 0x0842, 0x0863, 0x0843, 0x0863, 0x0863, 
	0x0842, 0x0843, 0x0843, 0x0843, 0x0843, 0x0843, 0x0843, 0x0843, 0x0843, 0x0843, 0x0842, 0x0842, 0x0843, 0x0843, 0x0842, 0x0842, 
	0x0842, 0x0842, 0x0842, 0x0842, 0x0842, 0x0842, 0x0842, 0x0842, 0x0842, 0x0842, 0x0842, 0xd6ba, 0xffff, 0xa535, 0x0842, 0x0842, 
	0x0842, 0x0842, 0x0842, 0xb596, 0xffff, 0xef5d, 0x4229, 0x0842, 0x0842, 0x0842, 0x0842, 0x0842, 0x0842, 0x0842, 0x0842, 0x0842, 
	0x0843, 0x0843, 0x0843, 0x0843, 0x0843, 0x0842, 0x0842, 0x0843, 0x0843, 0x0842, 0x0842, 0x0843, 0x0842, 0x0842, 0x0842, 0x0842, 
	0x0843, 0x0843, 0x0843, 0x0843, 0x18c4, 0x4209, 0x0929, 0x9b43, 0xff65, 0xcc65, 0x0026, 0x00a5, 0x08c5, 0x08c5, 0x0085, 0x2125, 
	0x8365, 0x9be5, 0x8325, 0x8325, 0x9c05, 0x8345, 0x2125, 0x0085, 0x08c5, 0x08c5, 0x0065, 0x00a5, 0xf545, 0xff05, 0x8b23, 0x0909, 
	0x3187, 0x2125, 0x2105, 0x18e5, 0x1905, 0x0065, 0x08c5, 0x08c5, 0x08c5, 0x0065, 0x1105, 0x3187, 0x0863, 0x0863, 0x0863, 0x0863, 
	0x0863, 0x0863, 0x0863, 0x0863, 0x0863, 0x0863, 0x0863, 0x0863, 0x0843, 0x0842, 0x0863, 0x0883, 0x0884, 0x0863, 0x0863, 0x0863, 
	0x0842, 0x0843, 0x0843, 0x0842, 0x0842, 0x0842, 0x0842, 0x0842, 0x0842, 0x0842, 0x0843, 0x0843, 0x0843, 0x0843, 0x0843, 0x0842, 
	0x0863, 0x10a4, 0x1084, 0x1084, 0x10a4, 0x10a4, 0x0843, 0x0863, 0x1084, 0x1084, 0x1084, 0x1084, 0x1084, 0x1084, 0x0884, 0x0884, 
	0x0884, 0x0884, 0x0884, 0x1084, 0x1084, 0x1084, 0x0884, 0x0884, 0x0884, 0x1084, 0x0884, 0x0843, 0x0843, 0x0843, 0x0842, 0x0843, 
	0x0843, 0x0863, 0x0864, 0x0843, 0x0842, 0xa535, 0xffff, 0xd6ba, 0x08a4, 0x08a4, 0x0884, 0x0883, 0x0884, 0x0884, 0x0883, 0x0883, 
	0x08a4, 0x08a5, 0x08c5, 0x0884, 0x0863, 0x0863, 0x0863, 0x0863, 0x0863, 0x0863, 0x0843, 0xffff, 0xffff, 0xffff, 0xffff, 0xef5d, 
	0x9cd3, 0x2967, 0x0863, 0x0863, 0x0863, 0x0863, 0x0863, 0x0863, 0x0863, 0x0863, 0x0863, 0x0883, 0x0884, 0x0884, 0x0863, 0x0843, 
	0x0843, 0x0843, 0x0843, 0x0843, 0x0843, 0x0843, 0x0843, 0x0843, 0x0843, 0x0842, 0x0842, 0x0842, 0x0842, 0x0842, 0x0842, 0x0842, 
	0x0842, 0x0842, 0x0842, 0x0842, 0x0842, 0x0863, 0x0863, 0x0863, 0x0863, 0x0863, 0x0863, 0x0843, 0x4229, 0x0843, 0x0843, 0x0843, 
	0x4229, 0x0843, 0x6b4e, 0xffff, 0xffff, 0x0843, 0x0843, 0x0863, 0x0884, 0x0884, 0x0884, 0x0884, 0x0884, 0x0884, 0x0884, 0x0884, 
	0x0843, 0x10a5, 0xa535, 0xffff, 0xd6ba, 0x10a4, 0x0843, 0x0843, 0x0863, 0x0863, 0x0863, 0x0863, 0x0863, 0x0863, 0x0863, 0x0863, 
	0x0863, 0x0863, 0x0863, 0x0863, 0x0863, 0x0863, 0x0863, 0x0863, 0x0863, 0x0863, 0x0863, 0x0863, 0x0863, 0x0863, 0x0863, 0x0863, 
	0x0863, 0x0863, 0x0863, 0x0863, 0x0863, 0xd6ba, 0xffff, 0xa535, 0x0864, 0x0863, 0x0863, 0x0843, 0x0863, 0x0843, 0x0863, 0x0843, 
	0x0843, 0x0863, 0x0863, 0x0863, 0x0863, 0x0863, 0x0863, 0x0843, 0x0843, 0x0843, 0x0843, 0x0843, 0x0843, 0x0843, 0x0843, 0x0843, 
	0x0843, 0x0843, 0x0843, 0x0843, 0x0843, 0x4229, 0x0843, 0x0843, 0x0843, 0x0843, 0x0843, 0xd6ba, 0xffff, 0xa535, 0x0843, 0x0843, 
	0x0842, 0x0842, 0x0842, 0x8c51, 0xffff, 0xffff, 0x4229, 0x0842, 0x0842, 0x0842, 0x0842, 0x0842, 0x0842, 0x0842, 0x0842, 0x0842, 
	0x0843, 0x0843, 0x0843, 0x0843, 0x0843, 0x0843, 0x0843, 0x0843, 0x0843, 0x0843, 0x0843, 0x0843, 0x0842, 0x0842, 0x0843, 0x0843, 
	0x0843, 0x0843, 0x0843, 0x0843, 0x0863, 0x2966, 0x3a0a, 0x2965, 0xfe04, 0xfe65, 0x39e5, 0x0006, 0x08c5, 0x08c5, 0x08c5, 0x0046, 
	0x6265, 0x7345, 0x72c5, 0x72c5, 0x7345, 0x5a45, 0x0046, 0x08c5, 0x08c5, 0x08e5, 0x0006, 0x72e5, 0xfea4, 0xfde4, 0x3185, 0x3a0b, 
	0x2926, 0x0022, 0x10e5, 0x0863, 0x39e8, 0x0003, 0x08e6, 0x08c5, 0x08e6, 0x0023, 0x39e8, 0x0884, 0x0863, 0x0863, 0x0863, 0x0863, 
	0x0863, 0x0863, 0x0863, 0x0863, 0x0863, 0x0863, 0x0863, 0x0843, 0x0863, 0x0884, 0x0884, 0x0863, 0x0843, 0x0842, 0x0842, 0x0842, 
	0x0842, 0x0843, 0x0843, 0x0843, 0x0842, 0x0843, 0x0843, 0x0843, 0x0843, 0x0843, 0x0843, 0x0843, 0x0863, 0x0843, 0x0842, 0x0843, 
	0x1084, 0x1084, 0x1084, 0x1084, 0x10a4, 0x0863, 0x0843, 0x0863, 0x0884, 0x1084, 0x1084, 0x1084, 0x1084, 0x1084, 0x1084, 0x1084, 
	0x0884, 0x0884, 0x0884, 0x1084, 0x1084, 0x0884, 0x0884, 0x0884, 0x0884, 0x0884, 0x0884, 0x0864, 0x0843, 0x0843, 0x0843, 0x0843, 
	0x0842, 0x0843, 0x1084, 0x0884, 0x0843, 0xa535, 0xffff, 0xd6ba, 0x0843, 0x0843, 0x0843, 0x0843, 0x0843, 0x0843, 0x0843, 0x0843, 
	0x0843, 0x0843, 0x0843, 0x0843, 0x0843, 0x0863, 0x0863, 0x0863, 0x0863, 0x0863, 0x0863, 0xef5d, 0xffff, 0xf7be, 0x6b4d, 0x0842, 
	0x0842, 0x0842, 0x0842, 0x0842, 0x0842, 0x0842, 0x0842, 0x0842, 0x0842, 0x0842, 0x0842, 0x0842, 0x0842, 0x0842, 0x0843, 0x0843, 
	0x0843, 0x0843, 0x0843, 0x0843, 0x0843, 0x0843, 0x0843, 0x0843, 0x0843, 0x0843, 0x0843, 0x0843, 0x0843, 0x0843, 0x0843, 0x0843, 
	0x0843, 0x0843, 0x0843, 0x0843, 0x0842, 0x0843, 0x0843, 0x0843, 0x0843, 0x0843, 0x0843, 0x8c51, 0xffff, 0xbdf8, 0x0843, 0xb596, 
	0xffff, 0x9cd3, 0x6b4d, 0xffff, 0xffff, 0x0863, 0x0884, 0x0884, 0x0884, 0x0884, 0x0884, 0x0884, 0x0884, 0x0884, 0x0884, 0x0884, 
	0x0843, 0x0864, 0xa555, 0xffff, 0xd6ba, 0x10a4, 0x1084, 0x0843, 0x0863, 0x0863, 0x0863, 0x0863, 0x0863, 0x0863, 0x0843, 0x0863, 
	0x0863, 0x0863, 0x0863, 0x0863, 0x0863, 0x0884, 0x0863, 0x0863, 0x0863, 0x0863, 0x0863, 0x0863, 0x0863, 0x4229, 0x0863, 0x0863, 
	0x0863, 0x0863, 0x0863, 0x0863, 0x0863, 0xd6ba, 0xffff, 0xa535, 0x0863, 0x0863, 0x0863, 0x0843, 0x0863, 0x0863, 0x0842, 0x0842, 
	0x0843, 0x0863, 0x0863, 0x0863, 0x0863, 0x0863, 0x0863, 0x0863, 0x0843, 0x0843, 0x0843, 0x2966, 0x0843, 0x0843, 0x0843, 0x0843, 
	0x0843, 0x0843, 0x0843, 0x0843, 0x5acb, 0xf7be, 0xe71c, 0x2966, 0x0843, 0x0843, 0x0843, 0xd6ba, 0xffff, 0xa535, 0x0843, 0x0843, 
	0x0843, 0x0842, 0x0842, 0x0842, 0x7bcf, 0x5acb, 0x0842, 0x0843, 0x0842, 0x0842, 0x0842, 0x0842, 0x0842, 0x0842, 0x0843, 0x0843, 
	0x0843, 0x0843, 0x0843, 0x0843, 0x0843, 0x0843, 0x0843, 0x0843, 0x0843, 0x0843, 0x0843, 0x0843, 0x0842, 0x0842, 0x0842, 0x0843, 
	0x0843, 0x0843, 0x0843, 0x0843, 0x0843, 0x18c4, 0x4a29, 0x00e9, 0xa383, 0xff65, 0xbc05, 0x0006, 0x00c5, 0x08c5, 0x08c5, 0x00a5, 
	0x0085, 0x72c5, 0x7305, 0x7305, 0x7ae5, 0x00a5, 0x00a5, 0x08c5, 0x08c5, 0x0085, 0x0066, 0xece5, 0xff24, 0xa383, 0x0909, 0x31a7, 
	0x2966, 0x0003, 0x0043, 0x10a4, 0x2946, 0x08a4, 0x00a5, 0x08c5, 0x00a5, 0x08a4, 0x39c8, 0x0843, 0x0843, 0x0843, 0x0843, 0x0843, 
	0x0843, 0x0843, 0x0843, 0x0843, 0x0843, 0x0843, 0x0843, 0x0863, 0x0884, 0x0863, 0x0843, 0x0842, 0x0842, 0x0843, 0x0843, 0x0843, 
	0x0843, 0x0843, 0x0843, 0x0843, 0x0883, 0x0883, 0x0863, 0x0863, 0x0884, 0x0884, 0x0884, 0x0883, 0x0884, 0x0863, 0x0843, 0x1084, 
	0x10a4, 0x1084, 0x1084, 0x1084, 0x0884, 0x0842, 0x0863, 0x0863, 0x1084, 0x1084, 0x1084, 0x1084, 0x1084, 0x1084, 0x1084, 0x1084, 
	0x1084, 0x1084, 0x1084, 0x1084, 0x1084, 0x0884, 0x0863, 0x0883, 0x0884, 0x0863, 0x0863, 0x0884, 0x0884, 0x0843, 0x0843, 0x0843, 
	0x0843, 0x0842, 0x0863, 0x0863, 0x0863, 0xa535, 0xffff, 0xd6ba, 0x0863, 0x0863, 0x0863, 0x0863, 0x0863, 0x0863, 0x0863, 0x0863, 
	0x0863, 0x0863, 0x0863, 0x0863, 0x0843, 0x0843, 0x0843, 0x0843, 0x0843, 0x0843, 0x0843, 0xce59, 0xffff, 0xffff, 0xbdf8, 0x0843, 
	0x0843, 0x0843, 0x0843, 0x0843, 0x0843, 0x0843, 0x0843, 0x0843, 0x0843, 0x0843, 0x0843, 0x0843, 0x0843, 0x0843, 0x0843, 0x0843, 
	0x0843, 0x0843, 0x0843, 0x0843, 0x0843, 0x0843, 0x0843, 0x0843, 0x0843, 0x0843, 0x0843, 0x0843, 0x0843, 0x0843, 0x0843, 0x0843, 
	0x0843, 0x0843, 0x0843, 0x0863, 0x0863, 0x0863, 0x0863, 0x0863, 0x0863, 0x0863, 0x0863, 0xbdf8, 0xffff, 0xf7be, 0x2967, 0xe71c, 
	0xffff, 0xe71c, 0x6b4e, 0xffff, 0xffff, 0x0884, 0x0884, 0x0863, 0x0863, 0x0863, 0x0863, 0x0863, 0x0863, 0x0863, 0x0884, 0x0884, 
	0x0863, 0x0843, 0xa555, 0xffff, 0xd6ba, 0x1084, 0x10a5, 0x0863, 0x0842, 0x0843, 0x0863, 0x0883, 0x0843, 0x0863, 0x0884, 0x0863, 
	0x0863, 0x0842, 0x0842, 0x0863, 0x0843, 0x0864, 0x0863, 0x0863, 0x0863, 0x0843, 0x0843, 0x0843, 0x8c51, 0xf7be, 0x5acb, 0x0843, 
	0x0843, 0x0863, 0x0863, 0x0863, 0x0863, 0xd6ba, 0xffff, 0xa535, 0x0863, 0x0863, 0x0843, 0x0842, 0x0843, 0x0864, 0x0843, 0x0842, 
	0x0842, 0x0843, 0x0843, 0x0843, 0x0843, 0x0843, 0x0843, 0x0843, 0x0843, 0x0842, 0x5acb, 0xf7be, 0x8c51, 0x0842, 0x0842, 0x0842, 
	0x0842, 0x0842, 0x0842, 0x0842, 0xd6ba, 0xffff, 0xffff, 0x7bcf, 0x0842, 0x0842, 0x0842, 0xd6ba, 0xffff, 0xa534, 0x0842, 0x0842, 
	0x0842, 0x0842, 0x0842, 0x0843, 0x0843, 0x0843, 0x0842, 0x0843, 0x0842, 0x0842, 0x0842, 0x0842, 0x0842, 0x0843, 0x0843, 0x0843, 
	0x0843, 0x0843, 0x0843, 0x0843, 0x0843, 0x0843, 0x0843, 0x0843, 0x0843, 0x0843, 0x0843, 0x0843, 0x0843, 0x0843, 0x0843, 0x0843, 
	0x0843, 0x0843, 0x0843, 0x0843, 0x0843, 0x0863, 0x3167, 0x31eb, 0x39c5, 0xfe64, 0xfe05, 0x2985, 0x0006, 0x08c5, 0x08c5, 0x00a5, 
	0x08a5, 0x6285, 0x93c5, 0x93a5, 0x6285, 0x08a5, 0x00a5, 0x08c5, 0x08e5, 0x0006, 0x5265, 0xfe85, 0xfe24, 0x3184, 0x31eb, 0x2126, 
	0x1905, 0x0064, 0x0023, 0x2125, 0x0863, 0x31c7, 0x0023, 0x08e6, 0x0024, 0x31a7, 0x18c4, 0x0863, 0x0883, 0x0883, 0x0883, 0x0863, 
	0x0863, 0x0883, 0x0843, 0x0843, 0x0843, 0x0843, 0x0863, 0x0863, 0x0843, 0x0842, 0x0842, 0x0843, 0x0843, 0x0863, 0x0863, 0x0843, 
	0x0843, 0x0843, 0x0843, 0x0842, 0x0884, 0x0863, 0x0863, 0x0863, 0x0884, 0x0883, 0x0863, 0x1084, 0x0884, 0x0843, 0x0843, 0x1084, 
	0x1084, 0x1084, 0x1084, 0x10a4, 0x0863, 0x0843, 0x0863, 0x1084, 0x0884, 0x0843, 0x0843, 0x0843, 0x0843, 0x0843, 0x0843, 0x0863, 
	0x0843, 0x0843, 0x0843, 0x0843, 0x0843, 0x0863, 0x0864, 0x0863, 0x0884, 0x0884, 0x0863, 0x2967, 0x5acc, 0x0863, 0x0863, 0x0843, 
	0x0843, 0x0843, 0x0843, 0x0843, 0x0863, 0xa535, 0xffff, 0xd6ba, 0x0843, 0x0843, 0x0843, 0x0843, 0x7bcf, 0xa535, 0x7bcf, 0x0842, 
	0x0843, 0x0843, 0x0843, 0x0843, 0x0843, 0x0843, 0x0843, 0x0843, 0x0843, 0x0843, 0x0843, 0x2966, 0xe71c, 0xffff, 0xffff, 0x8c51, 
	0x0843, 0x0843, 0x0843, 0x0843, 0x0843, 0x0843, 0x0843, 0x0843, 0x0843, 0x0843, 0x0843, 0x0843, 0x0843, 0x0843, 0x0843, 0x0863, 
	0x0863, 0x5acc, 0xa535, 0xa535, 0xa535, 0x6b4e, 0x0863, 0x0863, 0x0863, 0x0864, 0x0884, 0x0864, 0x0864, 0x0864, 0x0864, 0x0864, 
	0x0884, 0x0884, 0x0864, 0x5acc, 0xa535, 0xa535, 0x8c52, 0x2987, 0x0884, 0x0884, 0x0884, 0x2987, 0x8c52, 0x424a, 0x0884, 0x422a, 
	0x8c52, 0x422a, 0x6b6e, 0xffff, 0xffff, 0x0884, 0x0884, 0x08a4, 0x08a4, 0x0884, 0x7bf0, 0xa535, 0x9cd3, 0x424a, 0x0863, 0x0884, 
	0x0884, 0x0843, 0xa535, 0xffff, 0xd6ba, 0x1084, 0x10a4, 0x10a4, 0x0843, 0x0843, 0x5acc, 0xa535, 0xa535, 0x8c51, 0x08a5, 0x0884, 
	0x0883, 0x0883, 0x0863, 0x1083, 0x1083, 0x0863, 0x0863, 0x0863, 0x0863, 0x0843, 0x0843, 0x0843, 0xf7be, 0xffff, 0xf7be, 0x5acb, 
	0x0863, 0x0863, 0x0863, 0x0863, 0x0863, 0xd6ba, 0xffff, 0xa535, 0x0843, 0x0843, 0x0843, 0x0843, 0x0842, 0x0843, 0x0863, 0x0863, 
	0x0863, 0x0843, 0x0843, 0x0843, 0x0843, 0x0843, 0x0843, 0x0843, 0x0843, 0x0843, 0xce59, 0xffff, 0xffff, 0x8c51, 0x0842, 0x0842, 
	0x0842, 0x0842, 0x0843, 0x0843, 0x5acb, 0xd6ba, 0xa534, 0x0842, 0x0842, 0x0842, 0x0842, 0xd6ba, 0xffff, 0xa535, 0x0843, 0x0843, 
	0x0843, 0xa535, 0xa535, 0xa535, 0xa535, 0xa535, 0xa534, 0x7bcf, 0x0843, 0x0843, 0x0843, 0x0843, 0x0843, 0x0843, 0x0843, 0x0843, 
	0x0843, 0x0843, 0x0843, 0x0843, 0x0843, 0x0843, 0x0843, 0x0843, 0x0843, 0x0843, 0x0843, 0x0843, 0x0843, 0x0843, 0x0843, 0x0843, 
	0x0843, 0x0843, 0x0843, 0x0843, 0x0843, 0x0843, 0x18e5, 0x4a29, 0x1128, 0xc403, 0xff44, 0xb3e5, 0x0006, 0x00c5, 0x08c5, 0x08c5, 
	0x0046, 0x2145, 0x7325, 0x7325, 0x1925, 0x0046, 0x08c5, 0x08c5, 0x00a5, 0x0026, 0xd485, 0xff24, 0xbbe3, 0x08e8, 0x39c8, 0x2926, 
	0x0043, 0x00c6, 0x00a5, 0x0084, 0x0863, 0x39a7, 0x0063, 0x00c6, 0x0043, 0x41e8, 0x0863, 0x0863, 0x0863, 0x0863, 0x0863, 0x0863, 
	0x0863, 0x0863, 0x0863, 0x0863, 0x0863, 0x0863, 0x0843, 0x0842, 0x0842, 0x0843, 0x0843, 0x0843, 0x0863, 0x0864, 0x0843, 0x0843, 
	0x0843, 0x0843, 0x0843, 0x0883, 0x0863, 0x0883, 0x0863, 0x0883, 0x0883, 0x0863, 0x0863, 0x10a5, 0x0864, 0x0843, 0x1084, 0x1084, 
	0x1084, 0x1084, 0x10a4, 0x10a4, 0x0843, 0x0863, 0x0884, 0x1084, 0x0843, 0x0843, 0x08a4, 0x08e5, 0x08e5, 0x08c4, 0x0863, 0x0863, 
	0x0863, 0x1084, 0x10a4, 0x0884, 0x0843, 0x0863, 0x0884, 0x0863, 0x0863, 0x0884, 0x5acc, 0xef5d, 0xffff, 0x8c51, 0x0884, 0x0863, 
	0x0843, 0x0843, 0x0843, 0x0843, 0x0843, 0xa535, 0xffff, 0xd6ba, 0x0843, 0x0863, 0x2966, 0xe71c, 0xffff, 0xffff, 0xffff, 0xf7be, 
	0x9cd3, 0x0843, 0x0843, 0x0843, 0x0843, 0x0843, 0x0843, 0x0843, 0x0843, 0x0843, 0x0843, 0x0843, 0x4229, 0xf7be, 0xffff, 0xffff, 
	0x6b4e, 0x0843, 0x0843, 0x0863, 0x0864, 0x0864, 0x0864, 0x0864, 0x0864, 0x0864, 0x0863, 0x0863, 0x0863, 0x0863, 0x0863, 0x0884, 
	0xa535, 0xffff, 0xffff, 0xffff, 0xffff, 0xa535, 0x0884, 0x0884, 0x0884, 0x0884, 0x0884, 0x0884, 0x0884, 0x0884, 0x0884, 0x0884, 
	0x0884, 0x08a4, 0x8c72, 0xffff, 0xffff, 0xffff, 0xffff, 0xe71c, 0x2987, 0x0884, 0x0884, 0x0884, 0x0884, 0x0884, 0x0884, 0x0884, 
	0x0884, 0x0884, 0x6b6e, 0xffff, 0xffff, 0x08c5, 0x0884, 0x08a4, 0x08c5, 0xe71c, 0xffff, 0xffff, 0xffff, 0xf7be, 0x5aec, 0x0884, 
	0x0884, 0x0884, 0xa535, 0xffff, 0xd6bb, 0x1084, 0x1084, 0x10a4, 0x0884, 0xa534, 0xffff, 0xffff, 0xffff, 0xffff, 0xe71c, 0x2987, 
	0x0863, 0x0883, 0x0863, 0x0843, 0x1083, 0x0843, 0x0843, 0x0843, 0x0842, 0x0843, 0x0843, 0x0842, 0x5acb, 0xf7be, 0xffff, 0xe71c, 
	0x2966, 0x0842, 0x0842, 0x0842, 0x0842, 0xd6ba, 0xffff, 0xa534, 0x0842, 0x0843, 0x0843, 0x0843, 0x0843, 0x0842, 0x0843, 0x0843, 
	0x0863, 0x0863, 0x0863, 0x0863, 0x0863, 0x0843, 0x0843, 0x0843, 0x0843, 0x0843, 0xe71c, 0xffff, 0xffff, 0xf7be, 0x5acb, 0x0843, 
	0x0843, 0x0843, 0x0843, 0x0843, 0x0843, 0x0843, 0x0843, 0x0843, 0x0843, 0x0843, 0x0843, 0xd6ba, 0xffff, 0xa535, 0x0843, 0x0843, 
	0x0843, 0xffff, 0xffff, 0xffff, 0xffff, 0xffff, 0xffff, 0xffff, 0xe71c, 0x2966, 0x0843, 0x0843, 0x0843, 0x0843, 0x0843, 0x0843, 
	0x0843, 0x0843, 0x0843, 0x0843, 0x0843, 0x0843, 0x0843, 0x0843, 0x0843, 0x0843, 0x0843, 0x0843, 0x0843, 0x0843, 0x0843, 0x0843, 
	0x0843, 0x0843, 0x0843, 0x0843, 0x0843, 0x0843, 0x1083, 0x3187, 0x29aa, 0x49e4, 0xfe84, 0xfde5, 0x2165, 0x0026, 0x08c5, 0x08c5, 
	0x08c5, 0x0066, 0x7b05, 0x72e5, 0x0066, 0x08c5, 0x08c5, 0x08e5, 0x0006, 0x4a25, 0xfe45, 0xfe64, 0x4a04, 0x29cb, 0x2105, 0x2125, 
	0x0044, 0x08c6, 0x08e6, 0x0003, 0x2105, 0x0863, 0x2146, 0x0003, 0x1925, 0x2926, 0x0843, 0x0843, 0x0843, 0x0843, 0x0843, 0x0843, 
	0x0843, 0x0842, 0x0863, 0x1083, 0x0843, 0x0863, 0x0843, 0x0842, 0x0843, 0x0843, 0x0843, 0x0843, 0x0863, 0x0863, 0x0843, 0x0843, 
	0x0843, 0x0842, 0x0883, 0x08a4, 0x0843, 0x0863, 0x0863, 0x0863, 0x0863, 0x0883, 0x0883, 0x0843, 0x0842, 0x0863, 0x1084, 0x1084, 
	0x1084, 0x1084, 0x10a4, 0x0863, 0x0843, 0x0864, 0x1084, 0x0863, 0x0843, 0x0863, 0x0905, 0x0926, 0x0926, 0x0905, 0x0863, 0x0843, 
	0x1084, 0x20e5, 0x20c5, 0x0884, 0x0843, 0x0863, 0x0863, 0x0863, 0x0863, 0x0884, 0x2987, 0xe71c, 0xffff, 0xb596, 0x0863, 0x0883, 
	0x0863, 0xd6ba, 0xd6ba, 0x5acb, 0x0843, 0xa535, 0xffff, 0xd6ba, 0x0843, 0x0843, 0xb596, 0xffff, 0xffff, 0xef5d, 0xffff, 0xffff, 
	0xffff, 0x4229, 0x0863, 0x0863, 0x0863, 0x0863, 0x5acc, 0xd6ba, 0xd6ba, 0x0863, 0x0863, 0x0843, 0x0863, 0x5acc, 0xf7be, 0xffff, 
	0xf7be, 0x5acc, 0x0864, 0x0884, 0x0884, 0x0884, 0x0884, 0x0864, 0x0884, 0x0884, 0x0884, 0x0884, 0x0884, 0x0884, 0x0884, 0x6b6e, 
	0xffff, 0xffff, 0xffff, 0xd6bb, 0xd6ba, 0x8c72, 0x0884, 0x0884, 0x08a4, 0x08a4, 0x08a4, 0x08a4, 0x08a4, 0xd6bb, 0xd6bb, 0x5aec, 
	0x08a4, 0x0884, 0xf7be, 0xffff, 0xffff, 0xffff, 0xffff, 0xffff, 0xbdf8, 0x0884, 0x0884, 0x0884, 0x0884, 0x0864, 0x8c52, 0xd6ba, 
	0xb596, 0x0884, 0x6b6e, 0xffff, 0xffff, 0x08a4, 0x0884, 0x0864, 0x9cd3, 0xffff, 0xffff, 0xef5d, 0xffff, 0xffff, 0xef7d, 0x08a4, 
	0x0863, 0x0884, 0xa535, 0xffff, 0xd6bb, 0x0884, 0x1084, 0x1084, 0x2987, 0xffff, 0xffff, 0xffff, 0xffff, 0xffff, 0xffff, 0xa535, 
	0x0863, 0x0883, 0x0884, 0x0863, 0x0843, 0x8c51, 0xd6ba, 0xb596, 0x0863, 0x0843, 0x0843, 0x0843, 0x0863, 0x6b4d, 0xffff, 0xffff, 
	0xe71c, 0x2966, 0x0843, 0x0843, 0x0843, 0xd6ba, 0xffff, 0xa535, 0x0843, 0x0863, 0x0884, 0x0843, 0x0843, 0x0843, 0x0843, 0x5acb, 
	0xd6ba, 0xd6ba, 0x0843, 0x0843, 0x0843, 0x0843, 0x0863, 0x0863, 0x0863, 0xb596, 0xffff, 0xffff, 0xffff, 0xffff, 0xf7be, 0x5acb, 
	0x0843, 0x0843, 0x0843, 0x0843, 0x0843, 0x0843, 0x0843, 0xd6ba, 0xd6ba, 0x5acb, 0x0843, 0xd6ba, 0xffff, 0xa535, 0x0843, 0x0843, 
	0x0843, 0xb596, 0xd6ba, 0xd6ba, 0xd6ba, 0xffff, 0xffff, 0xffff, 0xffff, 0xbdf8, 0x0843, 0x0843, 0x0843, 0x0843, 0x0843, 0x0843, 
	0x0843, 0x0843, 0x0843, 0x0843, 0x0843, 0x0843, 0x0843, 0x0843, 0x0843, 0x0843, 0x0843, 0x0843, 0x0843, 0x0843, 0x0843, 0x0843, 
	0x0843, 0x0843, 0x0843, 0x0843, 0x0843, 0x0843, 0x0843, 0x18e5, 0x4a4a, 0x00e7, 0xcc43, 0xff44, 0x9b85, 0x0006, 0x08e5, 0x08e5, 
	0x0046, 0x0006, 0x6ac5, 0x62a5, 0x0006, 0x0066, 0x08e5, 0x00c5, 0x0006, 0xcc65, 0xff24, 0xcc43, 0x0908, 0x4209, 0x2126, 0x0063, 
	0x00c6, 0x08c5, 0x08c5, 0x0085, 0x10c5, 0x0863, 0x41e8, 0x0000, 0x41e8, 0x0843, 0x0843, 0x0843, 0x0843, 0x0843, 0x0843, 0x0843, 
	0x0843, 0x0843, 0x0843, 0x0842, 0x0863, 0x0863, 0x0842, 0x0843, 0x0843, 0x0843, 0x0843, 0x0843, 0x0863, 0x0843, 0x0843, 0x0843, 
	0x0843, 0x0863, 0x0883, 0x0863, 0x0863, 0x0863, 0x0863, 0x0863, 0x0863, 0x0863, 0x0863, 0x0843, 0x0843, 0x1084, 0x1084, 0x1084, 
	0x1084, 0x10a4, 0x0884, 0x0843, 0x0863, 0x0863, 0x1084, 0x0863, 0x0843, 0x0843, 0x0883, 0x0884, 0x0884, 0x0863, 0x0843, 0x0843, 
	0x1063, 0x1084, 0x0863, 0x0863, 0x0843, 0x0863, 0x0863, 0x0863, 0x0863, 0x0863, 0x0863, 0x2967, 0x9cd3, 0x2967, 0x0863, 0x0863, 
	0x0863, 0xffff, 0xffff, 0x6b4e, 0x0863, 0xa535, 0xffff, 0xd6ba, 0x0863, 0x0863, 0xd6ba, 0xffff, 0xd6ba, 0x0863, 0x8c51, 0xffff, 
	0xffff, 0x7bf0, 0x0884, 0x0884, 0x0884, 0x0884, 0x6b6e, 0xffff, 0xffff, 0x0884, 0x0884, 0x0884, 0x0864, 0x0864, 0x6b6e, 0xffff, 
	0xffff, 0xef5d, 0x2987, 0x0884, 0x0884, 0x0884, 0x0884, 0x0884, 0x0884, 0x08a4, 0x0884, 0x0884, 0x0884, 0x0884, 0x08a4, 0xa535, 
	0xffff, 0xf7be, 0x6b6e, 0x0884, 0x0884, 0x0884, 0x0884, 0x0884, 0x0884, 0x0884, 0x0884, 0x0884, 0x0884, 0xffff, 0xffff, 0x6b6e, 
	0x08a5, 0x6b6e, 0xffff, 0xffff, 0xa535, 0x2987, 0xd6ba, 0xffff, 0xef5d, 0x0884, 0x0884, 0x0884, 0x0884, 0x0884, 0xa535, 0xffff, 
	0xd6ba, 0x0864, 0x6b6e, 0xffff, 0xffff, 0x08c5, 0x08c5, 0x0863, 0xd6ba, 0xffff, 0xa555, 0x0863, 0x2967, 0xf7be, 0xffff, 0x5b0c, 
	0x0863, 0x0863, 0xa535, 0xffff, 0xd6ba, 0x10a4, 0x0884, 0x1084, 0x6b6e, 0xffff, 0xffff, 0x9cd3, 0x2967, 0xd6ba, 0xffff, 0xd6ba, 
	0x0863, 0x0883, 0x0884, 0x0883, 0x0843, 0xa535, 0xffff, 0xd6ba, 0x0843, 0x0843, 0x0843, 0x0863, 0x0843, 0x0842, 0x8c51, 0xffff, 
	0xffff, 0xce59, 0x0863, 0x0863, 0x0863, 0xd6ba, 0xffff, 0xa535, 0x0863, 0x0863, 0x0863, 0x0884, 0x0843, 0x0843, 0x0843, 0x6b4d, 
	0xffff, 0xffff, 0x0842, 0x0843, 0x0843, 0x0843, 0x0843, 0x0843, 0x4229, 0xffff, 0xffff, 0xbdf8, 0x5acb, 0xf7be, 0xffff, 0xe71c, 
	0x2966, 0x0843, 0x0843, 0x0843, 0x0843, 0x0843, 0x0843, 0xffff, 0xffff, 0x6b4d, 0x0843, 0xd6ba, 0xffff, 0xa535, 0x0843, 0x0843, 
	0x0843, 0x0843, 0x0843, 0x0843, 0x0843, 0x0843, 0x2966, 0xe71c, 0xffff, 0xffff, 0x0843, 0x0843, 0x0843, 0x0843, 0x0843, 0x0843, 
	0x0843, 0x0843, 0x0843, 0x0843, 0x0843, 0x0843, 0x0843, 0x0843, 0x0843, 0x0843, 0x0843, 0x0843, 0x0843, 0x0843, 0x0843, 0x0843, 
	0x0843, 0x0843, 0x0843, 0x0843, 0x0843, 0x0843, 0x0843, 0x1084, 0x39a7, 0x218a, 0x5a24, 0xfec4, 0xfdc5, 0x1925, 0x0026, 0x08a5, 
	0x2985, 0x39c5, 0x0006, 0x0026, 0x39e5, 0x2965, 0x08a5, 0x0006, 0x31c5, 0xfe25, 0xfe84, 0x49e4, 0x218a, 0x18e5, 0x2146, 0x0023, 
	0x08e6, 0x08c5, 0x08c5, 0x08e6, 0x0023, 0x1926, 0x2106, 0x2125, 0x31a7, 0x0843, 0x0843, 0x0843, 0x0843, 0x0843, 0x0843, 0x0843, 
	0x0843, 0x0863, 0x0863, 0x0863, 0x0863, 0x0843, 0x0843, 0x0843, 0x0843, 0x0843, 0x0843, 0x0863, 0x0843, 0x0843, 0x0843, 0x0843, 
	0x0843, 0x0883, 0x0884, 0x0863, 0x0863, 0x0883, 0x0863, 0x0843, 0x0863, 0x1083, 0x0863, 0x0842, 0x0863, 0x1084, 0x0863, 0x1084, 
	0x1084, 0x10a4, 0x0863, 0x0843, 0x0863, 0x0884, 0x0884, 0x0864, 0x0864, 0x0863, 0x0863, 0x0863, 0x0863, 0x0863, 0x0864, 0x0864, 
	0x0863, 0x0863, 0x0863, 0x0864, 0x0884, 0x0884, 0x8c51, 0xa535, 0x6b6e, 0x0884, 0x0884, 0x0884, 0x0884, 0x0884, 0x0884, 0x0884, 
	0x0864, 0xffff, 0xffff, 0x6b6e, 0x0884, 0xa535, 0xffff, 0xd6ba, 0x0884, 0x0884, 0xffff, 0xffff, 0x9cd3, 0x0884, 0x2987, 0xf7be, 
	0xffff, 0x7bf0, 0x0884, 0x0884, 0x0884, 0x0884, 0x6b6e, 0xffff, 0xffff, 0x0884, 0x0884, 0x0884, 0x08a4, 0x08a4, 0x08a4, 0x8c72, 
	0xffff, 0xffff, 0xa535, 0x08a5, 0x08a5, 0x08a4, 0x08a5, 0x08a5, 0x08a5, 0x8c72, 0xa535, 0x6b6e, 0x08a4, 0x08a4, 0x08a4, 0xa535, 
	0xffff, 0xbdf8, 0x08a4, 0x08a4, 0x08a4, 0x08a4, 0x08a4, 0x08a4, 0x0884, 0x08a4, 0x08a4, 0x08a4, 0x0884, 0xffff, 0xffff, 0x6b6e, 
	0x08a4, 0x6b6e, 0xffff, 0xffff, 0x08a5, 0x08a5, 0x7bf0, 0xffff, 0xffff, 0x08c5, 0x08a4, 0x0884, 0x08a4, 0x08a4, 0xa535, 0xffff, 
	0xd6ba, 0x0884, 0x6b6e, 0xffff, 0xffff, 0x08c5, 0x08a5, 0x08a4, 0xd6bb, 0xffff, 0x6b6e, 0x08a4, 0x0884, 0xd6bb, 0xffff, 0x6b6e, 
	0x08a4, 0x0884, 0xa535, 0xffff, 0xd6ba, 0x1084, 0x0864, 0x0863, 0x6b6e, 0xffff, 0xffff, 0x0843, 0x0863, 0x8c51, 0xffff, 0xffff, 
	0x0863, 0x0863, 0x0883, 0x0883, 0x0863, 0xa535, 0xffff, 0xd6ba, 0x0863, 0x0843, 0x0863, 0x0863, 0x0843, 0x0843, 0x0843, 0x9cd3, 
	0xffff, 0xffff, 0x6b6e, 0x0863, 0x0863, 0xd6ba, 0xffff, 0xa535, 0x0863, 0x0863, 0x0843, 0x0863, 0x0883, 0x0843, 0x0843, 0x6b4d, 
	0xffff, 0xffff, 0x0843, 0x0843, 0x0843, 0x0843, 0x0843, 0x0843, 0xa535, 0xffff, 0xffff, 0x2966, 0x0843, 0x6b4d, 0xffff, 0xffff, 
	0xe71c, 0x2966, 0x0843, 0x0843, 0x0843, 0x0843, 0x0843, 0xffff, 0xffff, 0x6b4d, 0x0843, 0xd6ba, 0xffff, 0xa535, 0x0843, 0x0843, 
	0x0843, 0x0843, 0x0843, 0x0843, 0x0843, 0x0843, 0xa535, 0xf7be, 0xffff, 0xffff, 0x0843, 0x0843, 0x0843, 0x0843, 0x0843, 0x0843, 
	0x0843, 0x0843, 0x0843, 0x0843, 0x0843, 0x0843, 0x0843, 0x0843, 0x0843, 0x0843, 0x0843, 0x0843, 0x0843, 0x0843, 0x0843, 0x0843, 
	0x0843, 0x0843, 0x0843, 0x0843, 0x0843, 0x0843, 0x0843, 0x0843, 0x2105, 0x4a4a, 0x1127, 0xe4c3, 0xff24, 0x9b85, 0x0006, 0x0006, 
	0xc465, 0xfd85, 0x0006, 0x0045, 0xfdc5, 0xb405, 0x0006, 0x0006, 0xb405, 0xff04, 0xdca3, 0x1107, 0x422a, 0x2105, 0x08c4, 0x0085, 
	0x08c5, 0x08c5, 0x08c5, 0x08c5, 0x0044, 0x1905, 0x0843, 0x4a4a, 0x18e5, 0x0843, 0x0843, 0x0843, 0x0843, 0x0843, 0x0843, 0x0843, 
	0x0863, 0x0863, 0x0843, 0x0843, 0x0843, 0x0843, 0x0843, 0x0843, 0x0843, 0x0843, 0x0863, 0x0863, 0x0843, 0x0843, 0x0843, 0x0843, 
	0x0863, 0x0883, 0x0863, 0x0863, 0x0863, 0x0863, 0x0863, 0x0863, 0x0863, 0x0863, 0x0843, 0x0843, 0x1084, 0x0863, 0x0863, 0x0863, 
	0x0884, 0x1084, 0x1084, 0x0863, 0x0863, 0x0864, 0x0863, 0x0863, 0x0863, 0x0863, 0x0863, 0x0863, 0x0863, 0x0863, 0x0863, 0x0863, 
	0x0863, 0x0863, 0x0863, 0x0863, 0x0864, 0x0863, 0xd6ba, 0xffff, 0xa535, 0x0864, 0x0864, 0x0884, 0x0864, 0x0864, 0x0863, 0x0863, 
	0x0864, 0xffff, 0xffff, 0x6b6e, 0x0863, 0xa535, 0xffff, 0xef5d, 0x0884, 0x0884, 0xd6ba, 0xffff, 0x6b6e, 0x0884, 0xa535, 0xffff, 
	0xffff, 0x424a, 0x0884, 0x0884, 0x0884, 0x0884, 0x9cd3, 0xffff, 0xffff, 0x0884, 0x0884, 0x0884, 0x0884, 0x08a4, 0x0884, 0x0884, 
	0xb596, 0xffff, 0xf7be, 0x0884, 0x0884, 0x0884, 0x0884, 0x08a4, 0x08a4, 0xd6ba, 0xffff, 0xa535, 0x0884, 0x08a4, 0x0884, 0xa535, 
	0xffff, 0xa535, 0x0884, 0x0884, 0x08a4, 0x08a4, 0x08a4, 0x08a4, 0x08a4, 0x08a4, 0x08a4, 0x08a4, 0x08a4, 0xffff, 0xffff, 0x6b6e, 
	0x08a4, 0x6b6e, 0xffff, 0xffff, 0x7bf0, 0x0884, 0x6b6e, 0xffff, 0xffff, 0x0884, 0x0884, 0x0863, 0x0864, 0x0864, 0xa535, 0xffff, 
	0xd6ba, 0x0864, 0x6b6e, 0xffff, 0xffff, 0x422a, 0x0884, 0x0884, 0xe71c, 0xffff, 0x6b6e, 0x0884, 0x0884, 0xd6ba, 0xffff, 0x6b6e, 
	0x0884, 0x0884, 0xa535, 0xffff, 0xd6ba, 0x0864, 0x0863, 0x0884, 0x6b6e, 0xffff, 0xffff, 0x6b4d, 0x0843, 0x6b6e, 0xffff, 0xffff, 
	0x0884, 0x0863, 0x0843, 0x0863, 0x0863, 0xb596, 0xffff, 0xd6ba, 0x0863, 0x0863, 0x0843, 0x0863, 0x0843, 0x0843, 0x0843, 0x0843, 
	0xce59, 0xffff, 0xbdf8, 0x0863, 0x0863, 0xd6ba, 0xffff, 0xa535, 0x0863, 0x0863, 0x0863, 0x0843, 0x0863, 0x0883, 0x0863, 0x6b4e, 
	0xffff, 0xffff, 0x0843, 0x0843, 0x0843, 0x0843, 0x0843, 0x0843, 0xa535, 0xffff, 0xe71c, 0x0843, 0x0843, 0x2966, 0xffff, 0xffff, 
	0xffff, 0xbdf8, 0x0843, 0x0843, 0x0843, 0x0843, 0x0843, 0xffff, 0xffff, 0x6b4d, 0x0843, 0xd6ba, 0xffff, 0xb596, 0x0843, 0x0843, 
	0x0843, 0x0843, 0x0843, 0x0843, 0x7bcf, 0xef5d, 0xffff, 0xffff, 0xf7be, 0xa535, 0x0843, 0x0843, 0x0843, 0x0843, 0x0843, 0x0843, 
	0x0843, 0x0843, 0x0843, 0x0843, 0x0843, 0x0843, 0x0843, 0x0843, 0x0843, 0x0843, 0x0843, 0x0843, 0x0843, 0x0843, 0x0843, 0x0843, 
	0x0843, 0x0843, 0x0843, 0x0843, 0x0843, 0x0843, 0x0843, 0x0843, 0x10a4, 0x39c8, 0x196a, 0x6263, 0xfee5, 0xfda5, 0x1105, 0x0006, 
	0xc445, 0xf545, 0x0006, 0x0006, 0xfda5, 0xb405, 0x0006, 0x2985, 0xfe05, 0xfec4, 0x6a83, 0x198a, 0x2926, 0x2946, 0x0003, 0x08e6, 
	0x08c5, 0x08c5, 0x08c5, 0x08c5, 0x00c6, 0x0063, 0x18c4, 0x0843, 0x0843, 0x0843, 0x0843, 0x0843, 0x0843, 0x0863, 0x0863, 0x0863, 
	0x0843, 0x0843, 0x0843, 0x0843, 0x0843, 0x0843, 0x0843, 0x0843, 0x0843, 0x0843, 0x0863, 0x0843, 0x0843, 0x0843, 0x0843, 0x0843, 
	0x0843, 0x0843, 0x0843, 0x0863, 0x0863, 0x0863, 0x0863, 0x0863, 0x0843, 0x0843, 0x0843, 0x0863, 0x1084, 0x0863, 0x0863, 0x0863, 
	0x0863, 0x0884, 0x1084, 0x1084, 0x0884, 0x0884, 0x0884, 0x0884, 0x0884, 0x0884, 0x0884, 0x0884, 0x0884, 0x0884, 0x0884, 0x0884, 
	0x0884, 0x0864, 0x1084, 0x0884, 0x0863, 0x0884, 0xd6ba, 0xffff, 0xa535, 0x0884, 0x0884, 0x0884, 0x0884, 0x0884, 0x0884, 0x0884, 
	0x0884, 0xffff, 0xffff, 0x6b6e, 0x0884, 0xa535, 0xffff, 0xffff, 0x8c72, 0x6b6e, 0xe71c, 0xffff, 0xbe18, 0xbe18, 0xffff, 0xffff, 
	0xd6bb, 0x6b6e, 0x6b8e, 0x6b8e, 0x6b8e, 0x7bf0, 0xe71c, 0xffff, 0xffff, 0xa555, 0x6b8e, 0x6b8e, 0x6b8e, 0x6b8e, 0x6b8e, 0x6b8e, 
	0xe71c, 0xffff, 0xffff, 0x5aec, 0x08e5, 0x08e5, 0x08e5, 0x08e5, 0x08e5, 0xd6bb, 0xffff, 0xa555, 0x08e5, 0x08e5, 0x08c5, 0xa555, 
	0xffff, 0xffff, 0xffff, 0xffff, 0xef7d, 0x5b0d, 0x08e5, 0x08c5, 0x08c5, 0x08c5, 0x08c5, 0x08c5, 0x08c5, 0xffff, 0xffff, 0x6b6e, 
	0x08c5, 0x424a, 0xffff, 0xffff, 0xef5d, 0x6b6e, 0x9cd3, 0xffff, 0xffff, 0x7bf0, 0x6b6e, 0x6b6e, 0x6b6e, 0x7bf0, 0xef5d, 0xffff, 
	0xb596, 0x0884, 0x6b6e, 0xffff, 0xffff, 0xb596, 0x6b6e, 0x7bf0, 0xffff, 0xffff, 0xbdf8, 0x0864, 0x5acc, 0xf7be, 0xffff, 0x5acc, 
	0x0884, 0x0863, 0xa535, 0xffff, 0xd6ba, 0x0884, 0x0863, 0x0884, 0x5acc, 0xffff, 0xffff, 0xef5d, 0x6b4d, 0x9cd3, 0xffff, 0xffff, 
	0x6b4d, 0x6b4d, 0x6b4d, 0x6b4d, 0x7bcf, 0xef5d, 0xffff, 0xa535, 0x0843, 0x5acb, 0x6b4d, 0x6b4d, 0x6b6e, 0x6b4d, 0x6b4d, 0x7bcf, 
	0xe71c, 0xffff, 0xe71c, 0x0863, 0x0863, 0xd6ba, 0xffff, 0xa535, 0x0863, 0x0843, 0x0863, 0x0863, 0x0843, 0x0843, 0x0843, 0x6b6e, 
	0xffff, 0xffff, 0x0843, 0x0843, 0x0843, 0x0843, 0x0843, 0x0843, 0x9cd3, 0xffff, 0xffff, 0x6b4d, 0x0843, 0xa535, 0xffff, 0xffff, 
	0xffff, 0xffff, 0xce59, 0x7bcf, 0x6b4d, 0x6b4d, 0x9cd3, 0xffff, 0xffff, 0x2966, 0x0843, 0xd6ba, 0xffff, 0xef5d, 0x7bcf, 0x6b4d, 
	0x6b4d, 0x7bcf, 0xa535, 0xe71c, 0xffff, 0xffff, 0xffff, 0xce59, 0x4229, 0x0843, 0x0843, 0x0843, 0x0843, 0x0843, 0x0843, 0x0843, 
	0x0843, 0x0843, 0x0843, 0x0843, 0x0843, 0x0843, 0x0843, 0x0843, 0x0843, 0x0843, 0x0843, 0x0843, 0x0843, 0x0843, 0x0843, 0x0843, 
	0x0843, 0x0843, 0x0843, 0x0843, 0x0843, 0x0843, 0x0843, 0x0843, 0x0863, 0x2126, 0x422a, 0x1106, 0xed04, 0xff04, 0x8325, 0x0006, 
	0x9b85, 0xfe45, 0xdce5, 0xe4e5, 0xfe45, 0x8b45, 0x0006, 0xabc5, 0xfee4, 0xed04, 0x1926, 0x422a, 0x18c4, 0x2966, 0x0043, 0x00c6, 
	0x08c5, 0x08c5, 0x08c5, 0x08c5, 0x0085, 0x08c5, 0x18e5, 0x0863, 0x0863, 0x0843, 0x0843, 0x0863, 0x0863, 0x0863, 0x0863, 0x0843, 
	0x0843, 0x0843, 0x0843, 0x0843, 0x0863, 0x0863, 0x0863, 0x0863, 0x0863, 0x0863, 0x0863, 0x0863, 0x0863, 0x0863, 0x0863, 0x0863, 
	0x0843, 0x0843, 0x0863, 0x0863, 0x0863, 0x0843, 0x0863, 0x0863, 0x0843, 0x0843, 0x0863, 0x1084, 0x0863, 0x0863, 0x0843, 0x0863, 
	0x0863, 0x0863, 0x0863, 0x0863, 0x0863, 0x0863, 0x0863, 0x0863, 0x0863, 0x0863, 0x0863, 0x0863, 0x0884, 0x0884, 0x0884, 0x0884, 
	0x0863, 0x0884, 0x0884, 0x0863, 0x0863, 0x1084, 0xd6ba, 0xffff, 0xa535, 0x0884, 0x0884, 0x0863, 0x0863, 0x0863, 0x0863, 0x0863, 
	0x0863, 0xffff, 0xffff, 0x6b6e, 0x0884, 0x6b6e, 0xffff, 0xffff, 0xffff, 0xffff, 0xffff, 0xffff, 0xffff, 0xffff, 0xffff, 0xffff, 
	0xffff, 0xffff, 0xffff, 0xffff, 0xffff, 0xffff, 0xffff, 0xffff, 0xffff, 0xffff, 0xffff, 0xffff, 0xffff, 0xffff, 0xffff, 0xffff, 
	0xffff, 0xffff, 0xf7be, 0x08e5, 0x08e5, 0x08e6, 0x08e5, 0x08c5, 0x08c5, 0xd6bb, 0xffff, 0xa555, 0x08e5, 0x08e5, 0x08c5, 0xa555, 
	0xffff, 0xffff, 0xffff, 0xffff, 0xffff, 0xef5d, 0x08a4, 0x0884, 0x0884, 0x0884, 0x0884, 0x0884, 0x0884, 0xffff, 0xffff, 0x6b6e, 
	0x0884, 0x0884, 0xd6ba, 0xffff, 0xffff, 0xffff, 0xffff, 0xffff, 0xffff, 0xffff, 0xffff, 0xffff, 0xffff, 0xffff, 0xffff, 0xffff, 
	0x5acc, 0x0884, 0x2987, 0xf7be, 0xffff, 0xffff, 0xffff, 0xffff, 0xffff, 0xffff, 0xffff, 0xffff, 0xffff, 0xffff, 0xef5d, 0x0884, 
	0x0884, 0x0884, 0xa535, 0xffff, 0xd6ba, 0x0884, 0x0863, 0x0863, 0x0863, 0xe71c, 0xffff, 0xffff, 0xffff, 0xffff, 0xffff, 0xffff, 
	0xffff, 0xffff, 0xffff, 0xffff, 0xffff, 0xffff, 0xffff, 0x5acb, 0x0843, 0xbdf8, 0xffff, 0xffff, 0xffff, 0xffff, 0xffff, 0xffff, 
	0xffff, 0xffff, 0x8c51, 0x0883, 0x0883, 0xd6ba, 0xffff, 0xa535, 0x0863, 0x0863, 0x0863, 0x0863, 0x0863, 0x0843, 0x0843, 0x6b4e, 
	0xffff, 0xffff, 0x0863, 0x0863, 0x0863, 0x0863, 0x0843, 0x0843, 0x2966, 0xf7be, 0xffff, 0xffff, 0xffff, 0xffff, 0xffff, 0xd6ba, 
	0xbdf8, 0xffff, 0xffff, 0xffff, 0xffff, 0xffff, 0xffff, 0xffff, 0xce59, 0x0843, 0x0843, 0xbdf8, 0xffff, 0xffff, 0xffff, 0xffff, 
	0xffff, 0xffff, 0xffff, 0xffff, 0xffff, 0xef5d, 0x6b4d, 0x0843, 0x0843, 0x0843, 0x0843, 0x0843, 0x0843, 0x0843, 0x0843, 0x0843, 
	0x0843, 0x0843, 0x0843, 0x0843, 0x0843, 0x0843, 0x0843, 0x0843, 0x0843, 0x0843, 0x0843, 0x0843, 0x0843, 0x0843, 0x0843, 0x0843, 
	0x0843, 0x0843, 0x0843, 0x0843, 0x0843, 0x0843, 0x0843, 0x0843, 0x0843, 0x10a4, 0x41e8, 0x114a, 0x7ac3, 0xff05, 0xf565, 0x0006, 
	0x8b65, 0xf5c5, 0x72a5, 0x72c5, 0xfde5, 0x7ae5, 0x0046, 0xfdc5, 0xfee5, 0x6a83, 0x112a, 0x39c8, 0x0863, 0x2105, 0x2146, 0x0044, 
	0x08c5, 0x08c5, 0x08c5, 0x08e6, 0x0003, 0x31c8, 0x1083, 0x0843, 0x0863, 0x0863, 0x0863, 0x0863, 0x0863, 0x0843, 0x0843, 0x0843, 
	0x0843, 0x0843, 0x0843, 0x0843, 0x0843, 0x0843, 0x0843, 0x0843, 0x0863, 0x0863, 0x0843, 0x0843, 0x0843, 0x0843, 0x0863, 0x0863, 
	0x0863, 0x0863, 0x0863, 0x0863, 0x0863, 0x0863, 0x0884, 0x0863, 0x0843, 0x0843, 0x10a4, 0x10c5, 0x1084, 0x1084, 0x1084, 0x1084, 
	0x0884, 0x0884, 0x1084, 0x1084, 0x1084, 0x1084, 0x1084, 0x1084, 0x1084, 0x1084, 0x1084, 0x1084, 0x1084, 0x1084, 0x1084, 0x1084, 
	0x1084, 0x1084, 0x0864, 0x0864, 0x1084, 0x0884, 0xd6ba, 0xffff, 0xa535, 0x0884, 0x0884, 0x0884, 0x0884, 0x0884, 0x0884, 0x08a4, 
	0x0884, 0xffff, 0xffff, 0x6b6e, 0x08a4, 0x08a4, 0x8c72, 0xef7d, 0xffff, 0xffff, 0xffff, 0xffff, 0xffff, 0xffff, 0xffff, 0xffff, 
	0xffff, 0xffff, 0xffff, 0xffff, 0xffff, 0xffff, 0xf7be, 0xb5b6, 0xef7d, 0xffff, 0xffff, 0xffff, 0xffff, 0xffff, 0xffff, 0xffff, 
	0xffff, 0xf7be, 0x8c72, 0x08c5, 0x08e5, 0x08e5, 0x08e5, 0x08c5, 0x08c5, 0xd6bb, 0xffff, 0xa555, 0x08e5, 0x08e5, 0x08e5, 0x426a, 
	0x6b8e, 0x6b8e, 0x7c10, 0xf7be, 0xffff, 0xffff, 0x2987, 0x08c5, 0x08c5, 0x08a5, 0x08a5, 0x08a5, 0x08a5, 0xffff, 0xffff, 0x6b6e, 
	0x08a4, 0x08a4, 0x2987, 0xbe18, 0xffff, 0xffff, 0xffff, 0xffff, 0xffff, 0xffff, 0xffff, 0xffff, 0xffff, 0xffff, 0xef5d, 0x8c52, 
	0x0884, 0x0884, 0x0884, 0x5acc, 0xe71c, 0xffff, 0xffff, 0xffff, 0xffff, 0xd6ba, 0xffff, 0xffff, 0xffff, 0xf7be, 0x5acc, 0x0884, 
	0x0884, 0x0884, 0xa535, 0xffff, 0xd6ba, 0x1084, 0x1084, 0x1084, 0x0884, 0x3187, 0xbe18, 0xffff, 0xffff, 0xffff, 0xffff, 0xffff, 
	0xffff, 0xffff, 0xffff, 0xffff, 0xffff, 0xef5d, 0x8c51, 0x0843, 0x0843, 0xa535, 0xffff, 0xffff, 0xffff, 0xffff, 0xffff, 0xffff, 
	0xf7be, 0xbdf8, 0x2966, 0x0843, 0x0863, 0xd6ba, 0xffff, 0xa535, 0x0863, 0x0884, 0x0884, 0x0863, 0x0884, 0x0863, 0x0843, 0x6b4d, 
	0xffff, 0xffff, 0x0843, 0x0843, 0x0843, 0x0843, 0x0843, 0x0843, 0x0843, 0x6b4d, 0xf7be, 0xffff, 0xffff, 0xffff, 0xe71c, 0x2966, 
	0x0843, 0xa535, 0xf7be, 0xffff, 0xffff, 0xffff, 0xffff, 0xbdf8, 0x4229, 0x0843, 0x0843, 0x2966, 0xbdf8, 0xffff, 0xffff, 0xffff, 
	0xffff, 0xffff, 0xffff, 0xe71c, 0x8c51, 0x0843, 0x0843, 0x0843, 0x0843, 0x0843, 0x0843, 0x0843, 0x0843, 0x0843, 0x0843, 0x0843, 
	0x0843, 0x0843, 0x0843, 0x0843, 0x0843, 0x0843, 0x0843, 0x0843, 0x0843, 0x0843, 0x0843, 0x0843, 0x0843, 0x0843, 0x0843, 0x0843, 
	0x0843, 0x0843, 0x0843, 0x0843, 0x0843, 0x0843, 0x0843, 0x0843, 0x0843, 0x0863, 0x2946, 0x422a, 0x2146, 0xfd64, 0xfee4, 0x5245, 
	0x8b65, 0xfd45, 0x0006, 0x0006, 0xfda5, 0x8325, 0x6285, 0xfec4, 0xf544, 0x1946, 0x422a, 0x2926, 0x0843, 0x0843, 0x39e8, 0x0023, 
	0x08c6, 0x08c5, 0x08c5, 0x00c6, 0x0063, 0x39c8, 0x0863, 0x0863, 0x0863, 0x0863, 0x0843, 0x0843, 0x0843, 0x0843, 0x0843, 0x0843, 
	0x0843, 0x0843, 0x0843, 0x0843, 0x0843, 0x0843, 0x0843, 0x0843, 0x0863, 0x0843, 0x0843, 0x0843, 0x0843, 0x0843, 0x0843, 0x0863, 
	0x0863, 0x0863, 0x0863, 0x0843, 0x0843, 0x0843, 0x0843, 0x0843, 0x0843, 0x0843, 0x10a4, 0x10a4, 0x0863, 0x0863, 0x0863, 0x0863, 
	0x0863, 0x0863, 0x0863, 0x0863, 0x0863, 0x0863, 0x0863, 0x0863, 0x0863, 0x0863, 0x0863, 0x0863, 0x0863, 0x0863, 0x0863, 0x0863, 
	0x0863, 0x0863, 0x0863, 0x0863, 0x0863, 0x0863, 0xd6ba, 0xffff, 0xbdf8, 0x0863, 0x0863, 0x0863, 0x0863, 0x0863, 0x0864, 0x0884, 
	0x422a, 0xffff, 0xffff, 0x6b6e, 0x0863, 0x0863, 0x0883, 0x0883, 0x4229, 0x6b6e, 0xbdf8, 0xffff, 0xbdf8, 0x8c51, 0xe71c, 0xffff, 
	0xe71c, 0x6b6e, 0x6b6e, 0x6b6e, 0x6b6e, 0x6b6e, 0x2967, 0x0863, 0x0863, 0x4229, 0x6b6e, 0x6b6e, 0x6b6e, 0x6b6e, 0x6b6e, 0x6b6e, 
	0x6b6e, 0x0863, 0x0883, 0x0884, 0x0884, 0x0884, 0x0884, 0x0884, 0x0884, 0xd6ba, 0xffff, 0xbdf8, 0x0884, 0x0884, 0x0884, 0x0884, 
	0x0884, 0x0884, 0x0884, 0x7bf0, 0xffff, 0xffff, 0x2987, 0x0884, 0x0884, 0x0884, 0x0884, 0x0884, 0x6b6e, 0xffff, 0xffff, 0x6b6e, 
	0x0884, 0x0884, 0x0884, 0x0884, 0x0864, 0x4229, 0xbdf8, 0xffff, 0xffff, 0x7bd0, 0x6b6e, 0x6b6e, 0x6b4e, 0x6b4e, 0x0863, 0x0863, 
	0x0863, 0x0863, 0x0863, 0x0864, 0x0863, 0x2967, 0x6b6e, 0x4229, 0x0863, 0x0863, 0x2967, 0x9cd3, 0x9cd3, 0x4229, 0x0863, 0x0863, 
	0x0863, 0x0863, 0x4229, 0x6b6e, 0x5acc, 0x0864, 0x0863, 0x0863, 0x0863, 0x0863, 0x08a4, 0x1084, 0x4229, 0xce59, 0xffff, 0xffff, 
	0x6b4e, 0x6b6e, 0x6b6e, 0x6b6e, 0x6b6e, 0x0864, 0x0863, 0x0884, 0x0843, 0x4229, 0x6b4d, 0x6b4e, 0x6b4d, 0x6b4d, 0x6b4d, 0x6b4d, 
	0x2966, 0x0863, 0x0843, 0x0843, 0x0843, 0x5acb, 0x6b4d, 0x4229, 0x0843, 0x0843, 0x0843, 0x0843, 0x0843, 0x0843, 0x0843, 0xa535, 
	0xffff, 0xffff, 0x0863, 0x0843, 0x0843, 0x0843, 0x0843, 0x0843, 0x0843, 0x0843, 0x2966, 0x7bcf, 0xa535, 0x6b4d, 0x0843, 0x0843, 
	0x0843, 0x0843, 0x0843, 0x6b4d, 0x6b4d, 0x6b4d, 0x4229, 0x0843, 0x0843, 0x0843, 0x0843, 0x0843, 0x0843, 0x0843, 0x5acb, 0x6b4d, 
	0x6b4d, 0x4229, 0x0843, 0x0843, 0x0843, 0x0843, 0x0843, 0x0843, 0x0843, 0x0843, 0x0843, 0x0843, 0x0843, 0x0843, 0x0843, 0x0843, 
	0x0843, 0x0843, 0x0843, 0x0843, 0x0843, 0x0843, 0x0843, 0x0843, 0x0843, 0x0843, 0x0843, 0x0843, 0x0843, 0x0843, 0x0843, 0x0843, 
	0x0843, 0x0843, 0x0843, 0x0843, 0x0843, 0x0843, 0x0843, 0x0843, 0x0843, 0x0843, 0x18c4, 0x4209, 0x0909, 0x82e3, 0xff05, 0xd485, 
	0xb425, 0xdce5, 0x0026, 0x0065, 0xe505, 0xbc45, 0xe4e5, 0xfee5, 0x8b03, 0x112a, 0x4209, 0x18c4, 0x0843, 0x0843, 0x3187, 0x08c5, 
	0x0085, 0x08c5, 0x08c6, 0x0044, 0x2987, 0x2105, 0x0863, 0x0843, 0x0843, 0x0843, 0x0843, 0x0843, 0x0843, 0x0843, 0x0843, 0x0843, 
	0x0843, 0x0843, 0x0843, 0x0843, 0x0843, 0x0843, 0x0843, 0x0863, 0x0843, 0x0843, 0x0843, 0x0843, 0x0843, 0x0843, 0x0843, 0x0843, 
	0x0843, 0x0843, 0x0843, 0x0843, 0x0843, 0x0843, 0x0843, 0x0843, 0x0843, 0x0843, 0x0884, 0x0863, 0x0843, 0x0843, 0x0843, 0x0843, 
	0x0843, 0x0843, 0x0843, 0x0843, 0x0843, 0x0843, 0x0843, 0x0843, 0x0843, 0x0843, 0x0843, 0x0843, 0x0843, 0x0843, 0x0843, 0x0843, 
	0x0843, 0x0843, 0x0843, 0x0843, 0x0843, 0x0843, 0xb596, 0xffff, 0xffff, 0x4229, 0x0843, 0x0843, 0x0843, 0x0843, 0x0843, 0x0843, 
	0xb596, 0xffff, 0xffff, 0x2966, 0x0843, 0x0843, 0x0843, 0x0843, 0x0843, 0x0843, 0xa535, 0xffff, 0xb596, 0x0843, 0x2966, 0xf7be, 
	0xffff, 0x7bcf, 0x0843, 0x0843, 0x0843, 0x0843, 0x0843, 0x0843, 0x0843, 0x0843, 0x0843, 0x0843, 0x0843, 0x0843, 0x0843, 0x0843, 
	0x0843, 0x0843, 0x0843, 0x0843, 0x0843, 0x0843, 0x0843, 0x0843, 0x0843, 0xa535, 0xffff, 0xf7be, 0x2966, 0x0843, 0x0843, 0x0843, 
	0x0843, 0x0843, 0x0843, 0xb596, 0xffff, 0xffff, 0x0843, 0x0843, 0x0843, 0x0843, 0x0843, 0x0843, 0xd6ba, 0xffff, 0xffff, 0x0843, 
	0x0843, 0x0843, 0x0843, 0x0843, 0x0843, 0x0843, 0xef5d, 0xffff, 0xffff, 0x0843, 0x0843, 0x0843, 0x0843, 0x0843, 0x0843, 0x0843, 
	0x0843, 0x0843, 0x0843, 0x0843, 0x0843, 0x0843, 0x0843, 0x0843, 0x0843, 0x0843, 0x0843, 0x0843, 0x0843, 0x0843, 0x0843, 0x0843, 
	0x0843, 0x0843, 0x0843, 0x0843, 0x0843, 0x0843, 0x0843, 0x0843, 0x0863, 0x0843, 0x0843, 0x0863, 0x0843, 0xef5d, 0xffff, 0xf7be, 
	0x0843, 0x0843, 0x0884, 0x0884, 0x0884, 0x0884, 0x0884, 0x0884, 0x0884, 0x0843, 0x0843, 0x0843, 0x0843, 0x0843, 0x0843, 0x0843, 
	0x0843, 0x0843, 0x0863, 0x0863, 0x0843, 0x0843, 0x0843, 0x0843, 0x0843, 0x0843, 0x0843, 0x0843, 0x0843, 0x0843, 0x2966, 0xf7be, 
	0xffff, 0xe71c, 0x0863, 0x0843, 0x0843, 0x0843, 0x0843, 0x0843, 0x0843, 0x0843, 0x0843, 0x0843, 0x0843, 0x0843, 0x0843, 0x0843, 
	0x0843, 0x0843, 0x0843, 0x0843, 0x0843, 0x0843, 0x0843, 0x0843, 0x0843, 0x0843, 0x0843, 0x0843, 0x0843, 0x0843, 0x0843, 0x0843, 
	0x0843, 0x0843, 0x0843, 0x0843, 0x0843, 0x0843, 0x0843, 0x0843, 0x0843, 0x0843, 0x0843, 0x0843, 0x0843, 0x0843, 0x0843, 0x0843, 
	0x0843, 0x0843, 0x0843, 0x0843, 0x0843, 0x0843, 0x0843, 0x0843, 0x0843, 0x0843, 0x0843, 0x0843, 0x0843, 0x0843, 0x0843, 0x0843, 
	0x0843, 0x0843, 0x0843, 0x0843, 0x0843, 0x0843, 0x0843, 0x0843, 0x0843, 0x0843, 0x0863, 0x2946, 0x3a0a, 0x2145, 0xfda4, 0xfea4, 
	0x8b45, 0x0866, 0x08c5, 0x00c5, 0x0866, 0xa3c5, 0xfea5, 0xfda4, 0x2165, 0x3a0b, 0x2946, 0x0863, 0x0843, 0x0843, 0x1084, 0x39e8, 
	0x0023, 0x08c6, 0x08c6, 0x0023, 0x4208, 0x0863, 0x0843, 0x0843, 0x0843, 0x0843, 0x0843, 0x0843, 0x0843, 0x0843, 0x0843, 0x0843, 
	0x0843, 0x0843, 0x0843, 0x0843, 0x0843, 0x0843, 0x0843, 0x0863, 0x0843, 0x0843, 0x0843, 0x0843, 0x0843, 0x0843, 0x0843, 0x0843, 
	0x0843, 0x0843, 0x0843, 0x0843, 0x0843, 0x0843, 0x0843, 0x0843, 0x0843, 0x0863, 0x0863, 0x0843, 0x0863, 0x0863, 0x0863, 0x0843, 
	0x0843, 0x0843, 0x0843, 0x0843, 0x0843, 0x0843, 0x0843, 0x0843, 0x0843, 0x0843, 0x0843, 0x0843, 0x0843, 0x0843, 0x0843, 0x0843, 
	0x0843, 0x0843, 0x0843, 0x0843, 0x0843, 0x0843, 0x6b4d, 0xffff, 0xffff, 0xce59, 0x7bcf, 0x0843, 0x0843, 0x0843, 0x2966, 0x9cd3, 
	0xf7be, 0xffff, 0xd6ba, 0x0843, 0x0843, 0x0843, 0x0843, 0x0843, 0x0843, 0x0843, 0x9cd3, 0xffff, 0xef5d, 0x0843, 0x0843, 0xce59, 
	0xffff, 0xa535, 0x0843, 0x4229, 0x0843, 0x0843, 0x0843, 0x4229, 0x0843, 0x0843, 0x0863, 0x0863, 0x0863, 0x0863, 0x0863, 0x0863, 
	0x0863, 0x0863, 0x0863, 0x0863, 0x0863, 0x0863, 0x0863, 0x0863, 0x0863, 0x5acb, 0xffff, 0xffff, 0xce59, 0x5acb, 0x0863, 0x0863, 
	0x0863, 0x2966, 0x8c51, 0xf7be, 0xffff, 0xce59, 0x0863, 0x0863, 0x0863, 0x0863, 0x6b4e, 0xb596, 0xffff, 0xffff, 0xbdf8, 0x0863, 
	0x0863, 0x0863, 0x0863, 0x0863, 0x5acb, 0xce59, 0xffff, 0xffff, 0xce59, 0x0863, 0x0863, 0x0863, 0x0863, 0x0863, 0x0863, 0x0863, 
	0x0863, 0x0863, 0x0843, 0x0843, 0x0863, 0x0863, 0x0863, 0x0863, 0x0863, 0x0863, 0x0863, 0x0863, 0x0863, 0x0863, 0x0863, 0x0863, 
	0x0863, 0x0863, 0x0863, 0x0863, 0x0843, 0x0843, 0x0843, 0x0863, 0x0863, 0x0863, 0x0843, 0x6b4e, 0xce59, 0xffff, 0xffff, 0xbdf8, 
	0x0843, 0x0843, 0x2966, 0x0863, 0x0863, 0x2966, 0x0863, 0x0863, 0x0863, 0x0843, 0x0843, 0x0843, 0x0863, 0x0843, 0x0843, 0x0843, 
	0x0843, 0x0843, 0x0843, 0x0863, 0x0863, 0x0843, 0x0843, 0x0843, 0x0843, 0x0843, 0x0843, 0x0843, 0x2966, 0x7bcf, 0xce59, 0xffff, 
	0xffff, 0xa535, 0x0843, 0x0863, 0x0843, 0x0843, 0x0843, 0x0843, 0x0843, 0x0843, 0x0843, 0x0843, 0x0843, 0x0843, 0x0843, 0x0843, 
	0x0843, 0x0843, 0x0843, 0x0843, 0x0843, 0x0843, 0x0843, 0x0843, 0x0843, 0x0843, 0x0843, 0x0843, 0x0843, 0x0843, 0x0843, 0x0843, 
	0x0843, 0x0843, 0x0843, 0x0843, 0x0843, 0x0843, 0x0843, 0x0843, 0x0843, 0x0843, 0x0843, 0x0843, 0x0843, 0x0843, 0x0843, 0x0843, 
	0x0843, 0x0843, 0x0843, 0x0843, 0x0843, 0x0843, 0x0843, 0x0843, 0x0843, 0x0843, 0x0843, 0x0843, 0x0843, 0x0843, 0x0843, 0x0843, 
	0x0843, 0x0843, 0x0843, 0x0843, 0x0843, 0x0843, 0x0843, 0x0843, 0x0843, 0x0843, 0x0843, 0x18c4, 0x4a29, 0x0929, 0x9b63, 0xff24, 
	0xdce5, 0x0026, 0x0085, 0x0066, 0x0046, 0xed25, 0xff05, 0x9323, 0x00e9, 0x4a29, 0x18c5, 0x0843, 0x0843, 0x0843, 0x0863, 0x39c8, 
	0x0084, 0x00a5, 0x0085, 0x1105, 0x2966, 0x0843, 0x0843, 0x0843, 0x0843, 0x0843, 0x0843, 0x0843, 0x0843, 0x0843, 0x0843, 0x0843, 
	0x0843, 0x0843, 0x0843, 0x0843, 0x0843, 0x0843, 0x0843, 0x0843, 0x0843, 0x0843, 0x0843, 0x0843, 0x0863, 0x0863, 0x0863, 0x0843, 
	0x0843, 0x0843, 0x0843, 0x0843, 0x0843, 0x0843, 0x0843, 0x0843, 0x0843, 0x0843, 0x0863, 0x0843, 0x0863, 0x0863, 0x0843, 0x0843, 
	0x0863, 0x0863, 0x0863, 0x0863, 0x0863, 0x0863, 0x0863, 0x0863, 0x0863, 0x0863, 0x0863, 0x0863, 0x0863, 0x0863, 0x0863, 0x0863, 
	0x0863, 0x0863, 0x0863, 0x0863, 0x0863, 0x0863, 0x0863, 0xce59, 0xffff, 0xffff, 0xffff, 0xef5d, 0xd6ba, 0xd6ba, 0xffff, 0xffff, 
	0xffff, 0xffff, 0x6b4e, 0x0863, 0x0863, 0x0863, 0x0863, 0x0863, 0x0863, 0x0863, 0x5acc, 0xffff, 0xffff, 0xce59, 0xbdf8, 0xffff, 
	0xffff, 0xa535, 0x5acc, 0xf7be, 0xbdf8, 0x0863, 0x8c51, 0xffff, 0x9cd3, 0x0863, 0x0843, 0x0843, 0x0843, 0x0843, 0x0843, 0x0863, 
	0x0863, 0x0843, 0x0843, 0x0843, 0x0843, 0x0843, 0x0843, 0x0843, 0x0843, 0x0843, 0xbdf8, 0xffff, 0xffff, 0xffff, 0xef5d, 0xd6ba, 
	0xd6ba, 0xffff, 0xffff, 0xffff, 0xffff, 0x5acb, 0x0843, 0xef5d, 0xffff, 0xffff, 0xffff, 0xffff, 0xffff, 0xf7be, 0x4229, 0x0843, 
	0x0843, 0xd6ba, 0xd6ba, 0xef5d, 0xffff, 0xffff, 0xffff, 0xf7be, 0x4229, 0x0843, 0x0843, 0x0843, 0x0843, 0x0843, 0x0843, 0x0843, 
	0x0843, 0x0843, 0x0843, 0x0843, 0x0843, 0x0843, 0x0843, 0x0843, 0x0843, 0x0843, 0x0843, 0x0843, 0x0843, 0x0843, 0x0843, 0x0843, 
	0x0843, 0x0843, 0x0843, 0x0843, 0x0843, 0x0843, 0x0843, 0x0843, 0xd6ba, 0xd6ba, 0xef5d, 0xffff, 0xffff, 0xffff, 0xf7be, 0x4229, 
	0x2966, 0xbdf8, 0xf7be, 0x5acb, 0x2966, 0xe71c, 0xe71c, 0x2966, 0x0843, 0x0843, 0x0843, 0x0843, 0x0863, 0x0863, 0x0843, 0x0843, 
	0x0843, 0x0843, 0x0843, 0x0843, 0x0843, 0x0863, 0x0843, 0x0843, 0x0843, 0x0843, 0xffff, 0xffff, 0xffff, 0xffff, 0xffff, 0xffff, 
	0xe71c, 0x2966, 0x0843, 0x0843, 0x0863, 0x0843, 0x0843, 0x0843, 0x0843, 0x0843, 0x0843, 0x0843, 0x0843, 0x0843, 0x0843, 0x0843, 
	0x0843, 0x0843, 0x0843, 0x0843, 0x0843, 0x0843, 0x0843, 0x0843, 0x0843, 0x0843, 0x0843, 0x0843, 0x0843, 0x0843, 0x0843, 0x0843, 
	0x0843, 0x0843, 0x0843, 0x0843, 0x0843, 0x0843, 0x0843, 0x0843, 0x0843, 0x0843, 0x0843, 0x0843, 0x0843, 0x0843, 0x0843, 0x0843, 
	0x0843, 0x0843, 0x0843, 0x0843, 0x0843, 0x0843, 0x0843, 0x0843, 0x0843, 0x0843, 0x0843, 0x0843, 0x0843, 0x0843, 0x0843, 0x0843, 
	0x0843, 0x0843, 0x0843, 0x0843, 0x0843, 0x0843, 0x0843, 0x0843, 0x0843, 0x0843, 0x0843, 0x0883, 0x3167, 0x31ea, 0x39a5, 0xfe04, 
	0xfea4, 0x72e5, 0x0006, 0x0006, 0x8325, 0xfea4, 0xfde4, 0x3185, 0x3a0a, 0x2966, 0x0883, 0x0843, 0x0843, 0x0863, 0x0843, 0x18c4, 
	0x2987, 0x0044, 0x0003, 0x39c7, 0x0863, 0x0843, 0x0843, 0x0843, 0x0843, 0x0843, 0x0843, 0x0843, 0x0843, 0x0843, 0x0843, 0x0843, 
	0x0843, 0x0843, 0x0843, 0x0843, 0x0843, 0x0843, 0x0843, 0x0843, 0x0843, 0x0843, 0x0843, 0x0843, 0x0843, 0x0843, 0x0843, 0x0843, 
	0x0843, 0x0843, 0x0843, 0x0843, 0x0843, 0x0843, 0x0843, 0x0843, 0x0843, 0x0843, 0x0863, 0x0843, 0x0863, 0x0843, 0x0843, 0x0863, 
	0x0863, 0x0843, 0x0843, 0x0843, 0x0843, 0x0843, 0x0843, 0x0863, 0x0843, 0x0843, 0x0843, 0x0843, 0x0843, 0x0843, 0x0843, 0x0843, 
	0x0843, 0x0843, 0x0843, 0x0843, 0x0843, 0x0843, 0x0843, 0x2966, 0xce59, 0xffff, 0xffff, 0xffff, 0xffff, 0xffff, 0xffff, 0xffff, 
	0xf7be, 0x8c51, 0x0843, 0x0843, 0x0843, 0x0843, 0x0843, 0x0843, 0x0843, 0x0843, 0x0843, 0xbdf8, 0xffff, 0xffff, 0xffff, 0xffff, 
	0xffff, 0x7bcf, 0xa535, 0xffff, 0xffff, 0x4229, 0xd6ba, 0xffff, 0xef5d, 0x0863, 0x0863, 0x0843, 0x0843, 0x0843, 0x0843, 0x0843, 
	0x0843, 0x0863, 0x0863, 0x0863, 0x0863, 0x0863, 0x0863, 0x0863, 0x0863, 0x0863, 0x2967, 0xce59, 0xffff, 0xffff, 0xffff, 0xffff, 
	0xffff, 0xffff, 0xffff, 0xf7be, 0x7bf0, 0x0863, 0x0863, 0xd6ba, 0xffff, 0xffff, 0xffff, 0xffff, 0xf7be, 0x5acb, 0x0863, 0x0863, 
	0x0863, 0xef5d, 0xffff, 0xffff, 0xffff, 0xffff, 0xef5d, 0x5acc, 0x0863, 0x0863, 0x0863, 0x0863, 0x0863, 0x0863, 0x0863, 0x0863, 
	0x0863, 0x0863, 0x0863, 0x0863, 0x0863, 0x0863, 0x0863, 0x0863, 0x0863, 0x0863, 0x0863, 0x0863, 0x0863, 0x0863, 0x0863, 0x0863, 
	0x0863, 0x0863, 0x0863, 0x0863, 0x0863, 0x0863, 0x0863, 0x0843, 0xffff, 0xffff, 0xffff, 0xffff, 0xffff, 0xef5d, 0x5acb, 0x0843, 
	0x4229, 0xffff, 0xffff, 0x9cd3, 0x8c51, 0xffff, 0xffff, 0x7bcf, 0x0843, 0x0843, 0x0843, 0x0843, 0x0843, 0x0863, 0x0843, 0x0843, 
	0x0843, 0x0863, 0x0843, 0x0843, 0x0843, 0x0843, 0x0863, 0x0843, 0x0843, 0x0843, 0xffff, 0xffff, 0xffff, 0xffff, 0xffff, 0xe71c, 
	0x4229, 0x0843, 0x0843, 0x0843, 0x0843, 0x0863, 0x0843, 0x0843, 0x0843, 0x0843, 0x0843, 0x0843, 0x0843, 0x0843, 0x0843, 0x0843, 
	0x0843, 0x0843, 0x0843, 0x0843, 0x0843, 0x0843, 0x0843, 0x0843, 0x0843, 0x0843, 0x0843, 0x0843, 0x0843, 0x0843, 0x0843, 0x0843, 
	0x0843, 0x0843, 0x0843, 0x0843, 0x0843, 0x0843, 0x0843, 0x0843, 0x0843, 0x0843, 0x0843, 0x0843, 0x0843, 0x0843, 0x0843, 0x0843, 
	0x0843, 0x0843, 0x0843, 0x0843, 0x0843, 0x0843, 0x0843, 0x0843, 0x0843, 0x0843, 0x0843, 0x0843, 0x0843, 0x0843, 0x0843, 0x0843, 
	0x0843, 0x0843, 0x0843, 0x0843, 0x0843, 0x0843, 0x0843, 0x0843, 0x0843, 0x0843, 0x0843, 0x0843, 0x18e5, 0x4a29, 0x0908, 0xb3c3, 
	0xff05, 0xed25, 0x0006, 0x0066, 0xfd65, 0xfee4, 0xb3c3, 0x0909, 0x4a29, 0x18e5, 0x0843, 0x0843, 0x0843, 0x0843, 0x0843, 0x0843, 
	0x41e8, 0x0003, 0x0084, 0x39c7, 0x0843, 0x0843, 0x0843, 0x0843, 0x0843, 0x0843, 0x0843, 0x0843, 0x0843, 0x0843, 0x0843, 0x0843, 
	0x0843, 0x0843, 0x0843, 0x0843, 0x0843, 0x0843, 0x0843, 0x0843, 0x0843, 0x0843, 0x0843, 0x0843, 0x0843, 0x0843, 0x0843, 0x0843, 
	0x0843, 0x0843, 0x0843, 0x0843, 0x0843, 0x0843, 0x0843, 0x0843, 0x0843, 0x0843, 0x0863, 0x0843, 0x0863, 0x0843, 0x0843, 0x0863, 
	0x0863, 0x0843, 0x0843, 0x0843, 0x0843, 0x0843, 0x0843, 0x0843, 0x0843, 0x0843, 0x0843, 0x0843, 0x0843, 0x0843, 0x0843, 0x0843, 
	0x0843, 0x0843, 0x0843, 0x0843, 0x0843, 0x0843, 0x0843, 0x0843, 0x0843, 0x5acb, 0xa535, 0xa535, 0xa535, 0xa535, 0xa535, 0x8c51, 
	0x2966, 0x0843, 0x0843, 0x0843, 0x0843, 0x0843, 0x0843, 0x0843, 0x0843, 0x0843, 0x0843, 0x0843, 0x8c51, 0xce59, 0xd6ba, 0xce59, 
	0x7bcf, 0x0843, 0x2966, 0x8c51, 0x6b4d, 0x0843, 0x4229, 0x9cd3, 0x4229, 0x0863, 0x0843, 0x0843, 0x0843, 0x0843, 0x0863, 0x0843, 
	0x0863, 0x0864, 0x0863, 0x0843, 0x0863, 0x0863, 0x0863, 0x0863, 0x0863, 0x0863, 0x0863, 0x0863, 0x5acb, 0xa535, 0xa535, 0xa535, 
	0xa535, 0xa535, 0x8c51, 0x2966, 0x0863, 0x0863, 0x0863, 0x7bd0, 0xa535, 0xa535, 0xa535, 0x8c51, 0x2967, 0x0863, 0x0863, 0x0863, 
	0x0843, 0x8c51, 0xa535, 0xa535, 0xa535, 0x7bcf, 0x0843, 0x0843, 0x0843, 0x0843, 0x0843, 0x0843, 0x0843, 0x0843, 0x0843, 0x0843, 
	0x0843, 0x0843, 0x0843, 0x0843, 0x0843, 0x0843, 0x0843, 0x0843, 0x0843, 0x0843, 0x0843, 0x0843, 0x0843, 0x0843, 0x0843, 0x0843, 
	0x0843, 0x0843, 0x0843, 0x0843, 0x0843, 0x0843, 0x0863, 0x0843, 0x8c51, 0xa535, 0xa535, 0xa535, 0x7bcf, 0x0843, 0x0843, 0x0843, 
	0x0843, 0x6b4e, 0x8c51, 0x2966, 0x0843, 0x7bd0, 0x8c51, 0x0843, 0x0843, 0x0843, 0x0843, 0x0843, 0x0843, 0x0843, 0x0863, 0x0843, 
	0x0843, 0x0863, 0x0863, 0x0843, 0x0843, 0x0843, 0x0863, 0x0843, 0x0843, 0x0863, 0x8c51, 0xa535, 0xa535, 0xa535, 0x7bcf, 0x0843, 
	0x0843, 0x0843, 0x0843, 0x0843, 0x0843, 0x0843, 0x0843, 0x0843, 0x0843, 0x0843, 0x0843, 0x0843, 0x0843, 0x0843, 0x0843, 0x0843, 
	0x0843, 0x0843, 0x0843, 0x0843, 0x0843, 0x0843, 0x0843, 0x0843, 0x0843, 0x0843, 0x0843, 0x0843, 0x0843, 0x0843, 0x0843, 0x0843, 
	0x0843, 0x0843, 0x0843, 0x0843, 0x0843, 0x0843, 0x0843, 0x0843, 0x0843, 0x0843, 0x0843, 0x0843, 0x0843, 0x0843, 0x0843, 0x0843, 
	0x0843, 0x0843, 0x0843, 0x0843, 0x0843, 0x0843, 0x0843, 0x0843, 0x0843, 0x0843, 0x0843, 0x0843, 0x0843, 0x0843, 0x0843, 0x0843, 
	0x0843, 0x0843, 0x0843, 0x0843, 0x0843, 0x0843, 0x0843, 0x0843, 0x0843, 0x0843, 0x0843, 0x0843, 0x1084, 0x3187, 0x29ca, 0x39a4, 
	0xfe44, 0xfe85, 0x39e5, 0x4a25, 0xfea4, 0xfe24, 0x39a4, 0x31ca, 0x3187, 0x1084, 0x0863, 0x0863, 0x0843, 0x0843, 0x0843, 0x0843, 
	0x2946, 0x0063, 0x1926, 0x18c4, 0x0843, 0x0843, 0x0843, 0x0863, 0x0863, 0x0863, 0x0863, 0x0843, 0x0843, 0x0843, 0x0843, 0x0843, 
	0x0843, 0x0843, 0x0843, 0x0843, 0x0843, 0x0843, 0x0843, 0x0843, 0x0863, 0x0863, 0x0863, 0x0863, 0x0863, 0x0843, 0x0843, 0x0843, 
	0x0843, 0x0863, 0x0863, 0x0863, 0x0863, 0x0863, 0x0843, 0x0843, 0x0843, 0x0843, 0x0863, 0x0843, 0x0843, 0x0843, 0x0843, 0x0843, 
	0x0843, 0x0843, 0x0843, 0x0843, 0x0843, 0x0863, 0x0863, 0x0863, 0x0863, 0x0863, 0x0863, 0x0863, 0x0863, 0x0863, 0x0863, 0x0863, 
	0x0863, 0x0863, 0x0863, 0x0863, 0x0843, 0x0843, 0x0863, 0x0863, 0x0863, 0x0863, 0x0863, 0x0863, 0x0863, 0x0863, 0x0843, 0x0843, 
	0x0863, 0x0863, 0x0863, 0x0843, 0x0843, 0x0843, 0x0843, 0x0863, 0x0863, 0x0863, 0x0863, 0x0863, 0x0843, 0x0863, 0x0863, 0x0863, 
	0x0863, 0x0863, 0x0863, 0x0863, 0x0843, 0x0843, 0x0843, 0x0843, 0x0843, 0x0843, 0x0843, 0x0843, 0x0843, 0x0843, 0x0843, 0x0843, 
	0x0863, 0x0843, 0x0843, 0x0843, 0x0843, 0x0843, 0x0843, 0x0843, 0x0843, 0x0843, 0x0843, 0x0843, 0x0843, 0x0843, 0x0843, 0x0843, 
	0x0843, 0x0843, 0x0843, 0x0843, 0x0843, 0x0843, 0x0843, 0x0843, 0x0843, 0x0843, 0x0843, 0x0843, 0x0843, 0x0843, 0x0863, 0x0843, 
	0x0843, 0x0843, 0x0843, 0x0843, 0x0843, 0x0843, 0x0843, 0x0843, 0x0843, 0x0843, 0x0843, 0x0843, 0x0843, 0x0843, 0x0843, 0x0843, 
	0x0843, 0x0843, 0x0843, 0x0843, 0x0843, 0x0843, 0x0843, 0x0843, 0x0843, 0x0843, 0x0843, 0x0843, 0x0843, 0x0843, 0x0843, 0x0843, 
	0x0843, 0x0843, 0x0843, 0x0843, 0x0843, 0x0843, 0x0843, 0x0843, 0x0843, 0x0863, 0x0863, 0x0863, 0x0843, 0x0843, 0x0843, 0x0843, 
	0x0863, 0x0863, 0x0843, 0x0843, 0x0843, 0x0863, 0x0863, 0x0863, 0x0863, 0x0863, 0x0863, 0x0863, 0x0843, 0x0843, 0x0863, 0x0843, 
	0x0843, 0x0863, 0x0863, 0x0863, 0x0843, 0x0843, 0x0843, 0x0863, 0x0843, 0x0843, 0x0863, 0x0843, 0x0863, 0x0863, 0x0863, 0x0863, 
	0x0863, 0x0863, 0x0863, 0x0843, 0x0843, 0x0843, 0x0863, 0x0843, 0x0843, 0x0843, 0x0843, 0x0843, 0x0843, 0x0843, 0x0843, 0x0843, 
	0x0843, 0x0843, 0x0843, 0x0843, 0x0843, 0x0843, 0x0843, 0x0843, 0x0843, 0x0843, 0x0843, 0x0843, 0x0843, 0x0843, 0x0843, 0x0843, 
	0x0843, 0x0843, 0x0843, 0x0843, 0x0843, 0x0843, 0x0843, 0x0843, 0x0843, 0x0843, 0x0843, 0x0843, 0x0843, 0x0843, 0x0843, 0x0843, 
	0x0843, 0x0843, 0x0843, 0x0843, 0x0843, 0x0843, 0x0843, 0x0843, 0x0843, 0x0843, 0x0843, 0x0843, 0x0843, 0x0843, 0x0843, 0x0843, 
	0x0843, 0x0843, 0x0843, 0x0843, 0x0843, 0x0843, 0x0843, 0x0843, 0x0843, 0x0843, 0x0843, 0x0843, 0x0843, 0x18e5, 0x4a4a, 0x0908, 
	0xc423, 0xfea5, 0xe505, 0xe505, 0xfea5, 0xbc03, 0x00e8, 0x4a4a, 0x18e5, 0x0843, 0x0863, 0x0843, 0x0843, 0x0843, 0x0843, 0x0843, 
	0x0863, 0x4229, 0x41e8, 0x0843, 0x0843, 0x0843, 0x0843, 0x0863, 0x0863, 0x0863, 0x0863, 0x0843, 0x0843, 0x0843, 0x0843, 0x0843, 
	0x0843, 0x0863, 0x0843, 0x0843, 0x0843, 0x0843, 0x0843, 0x0843, 0x0863, 0x0863, 0x0863, 0x0863, 0x0863, 0x0863, 0x0843, 0x0843, 
	0x0843, 0x0863, 0x0863, 0x0863, 0x0863, 0x0843, 0x0843, 0x0843, 0x0843, 0x0843, 0x0863, 0x0843, 0x0843, 0x0843, 0x0843, 0x0843, 
	0x0843, 0x0843, 0x0843, 0x0863, 0x0884, 0x0863, 0x0863, 0x0863, 0x0863, 0x0863, 0x0863, 0x0863, 0x0863, 0x0863, 0x0863, 0x0863, 
	0x0863, 0x0863, 0x0863, 0x0863, 0x0863, 0x0863, 0x0863, 0x0863, 0x0863, 0x0863, 0x0863, 0x0863, 0x0863, 0x0863, 0x0863, 0x0863, 
	0x0863, 0x0863, 0x0863, 0x0863, 0x0863, 0x0863, 0x0863, 0x0863, 0x0863, 0x0863, 0x0863, 0x0863, 0x0863, 0x0863, 0x0863, 0x0863, 
	0x0863, 0x0863, 0x0863, 0x0863, 0x0884, 0x0863, 0x0843, 0x0843, 0x0843, 0x0843, 0x0843, 0x0843, 0x0843, 0x0843, 0x0843, 0x0843, 
	0x0843, 0x0843, 0x0843, 0x0843, 0x0843, 0x0843, 0x0843, 0x0843, 0x0843, 0x0843, 0x0843, 0x0843, 0x0843, 0x0843, 0x0843, 0x0843, 
	0x0843, 0x0843, 0x0843, 0x0843, 0x0843, 0x0843, 0x0843, 0x0843, 0x0843, 0x0843, 0x0843, 0x0843, 0x0843, 0x0843, 0x0863, 0x0843, 
	0x0843, 0x0843, 0x0843, 0x0843, 0x0843, 0x0843, 0x0843, 0x0843, 0x0843, 0x0843, 0x0843, 0x0843, 0x0843, 0x0843, 0x0843, 0x0843, 
	0x0843, 0x0843, 0x0843, 0x0843, 0x0843, 0x0843, 0x0843, 0x0843, 0x0843, 0x0843, 0x0843, 0x0843, 0x0843, 0x0843, 0x0843, 0x0843, 
	0x0843, 0x0843, 0x0843, 0x0843, 0x0843, 0x0843, 0x0843, 0x0843, 0x0843, 0x0863, 0x0843, 0x0863, 0x0843, 0x0843, 0x0843, 0x0863, 
	0x0863, 0x0863, 0x0863, 0x0863, 0x0863, 0x0863, 0x0863, 0x0863, 0x0863, 0x0863, 0x0863, 0x0863, 0x0843, 0x0843, 0x0843, 0x0843, 
	0x0863, 0x0863, 0x0863, 0x0863, 0x0843, 0x0843, 0x0843, 0x0863, 0x0843, 0x0843, 0x0863, 0x0863, 0x0863, 0x0863, 0x0863, 0x0863, 
	0x0863, 0x0863, 0x0863, 0x0863, 0x0843, 0x0843, 0x0843, 0x0843, 0x0843, 0x0843, 0x0843, 0x0843, 0x0843, 0x0843, 0x0843, 0x0843, 
	0x0843, 0x0843, 0x0843, 0x0843, 0x0843, 0x0843, 0x0843, 0x0843, 0x0843, 0x0843, 0x0843, 0x0843, 0x0843, 0x0843, 0x0843, 0x0843, 
	0x0843, 0x0843, 0x0843, 0x0843, 0x0843, 0x0843, 0x0843, 0x0843, 0x0843, 0x0843, 0x0843, 0x0843, 0x0843, 0x0843, 0x0843, 0x0843, 
	0x0843, 0x0843, 0x0843, 0x0843, 0x0843, 0x0843, 0x0843, 0x0843, 0x0843, 0x0843, 0x0843, 0x0843, 0x0843, 0x0843, 0x0843, 0x0843, 
	0x0843, 0x0843, 0x0843, 0x0843, 0x0843, 0x0843, 0x0843, 0x0843, 0x0843, 0x0843, 0x0843, 0x0843, 0x0843, 0x1084, 0x39a7, 0x21aa, 
	0x5224, 0xfe44, 0xfde5, 0xfde5, 0xfe44, 0x4a04, 0x29ca, 0x31a7, 0x1084, 0x0843, 0x0843, 0x0843, 0x0843, 0x0843, 0x0843, 0x0843, 
	0x0843, 0x3167, 0x2946, 0x0843, 0x0843, 0x0843, 0x0843, 0x0843, 0x0843, 0x0843, 0x0843, 0x0843, 0x0843, 0x0843, 0x0843, 0x0843, 
	0x0843, 0x0843, 0x0843, 0x0843, 0x0843, 0x0843, 0x0843, 0x0843, 0x0843, 0x0843, 0x0843, 0x0843, 0x0843, 0x0843, 0x0843, 0x0843, 
	0x0843, 0x0843, 0x0843, 0x0843, 0x0843, 0x0843, 0x0843, 0x0843, 0x0843, 0x0843, 0x0863, 0x0843, 0x0843, 0x0843, 0x0843, 0x0843, 
	0x0843, 0x0843, 0x0843, 0x0863, 0x0863, 0x0843, 0x0843, 0x0843, 0x0843, 0x0843, 0x0843, 0x0843, 0x0843, 0x0843, 0x0843, 0x0843, 
	0x0843, 0x0843, 0x0843, 0x0843, 0x0843, 0x0843, 0x0843, 0x0843, 0x0843, 0x0843, 0x0843, 0x0843, 0x0843, 0x0843, 0x0843, 0x0843, 
	0x0843, 0x0843, 0x0843, 0x0843, 0x0843, 0x0843, 0x0843, 0x0843, 0x0843, 0x0843, 0x0843, 0x0843, 0x0843, 0x0843, 0x0843, 0x0843, 
	0x0843, 0x0843, 0x0843, 0x0843, 0x0843, 0x0863, 0x0843, 0x0843, 0x0843, 0x0843, 0x0843, 0x0843, 0x0843, 0x0843, 0x0843, 0x0843, 
	0x0843, 0x0843, 0x0843, 0x0843, 0x0843, 0x0843, 0x0843, 0x0843, 0x0843, 0x0843, 0x0843, 0x0843, 0x0843, 0x0843, 0x0843, 0x0843, 
	0x0843, 0x0843, 0x0843, 0x0843, 0x0843, 0x0843, 0x0843, 0x0843, 0x0843, 0x0843, 0x0843, 0x0843, 0x0843, 0x0843, 0x0863, 0x0843, 
	0x0843, 0x0843, 0x0843, 0x0843, 0x0843, 0x0843, 0x0843, 0x0843, 0x0843, 0x0843, 0x0843, 0x0843, 0x0843, 0x0843, 0x0843, 0x0843, 
	0x0843, 0x0843, 0x0843, 0x0843, 0x0843, 0x0843, 0x0843, 0x0843, 0x0843, 0x0843, 0x0843, 0x0843, 0x0843, 0x0843, 0x0843, 0x0843, 
	0x0843, 0x0843, 0x0843, 0x0843, 0x0843, 0x0843, 0x0843, 0x0843, 0x0843, 0x0843, 0x0843, 0x0863, 0x0843, 0x0843, 0x0843, 0x0843, 
	0x0843, 0x0843, 0x0843, 0x0843, 0x0843, 0x0843, 0x0843, 0x0843, 0x0843, 0x0843, 0x0843, 0x0843, 0x0843, 0x0843, 0x0843, 0x0843, 
	0x0843, 0x0843, 0x0843, 0x0843, 0x0843, 0x0843, 0x0843, 0x0843, 0x0843, 0x0843, 0x0843, 0x0843, 0x0843, 0x0843, 0x0843, 0x0843, 
	0x0843, 0x0843, 0x0843, 0x0843, 0x0843, 0x0843, 0x0843, 0x0843, 0x0843, 0x0843, 0x0843, 0x0843, 0x0843, 0x0843, 0x0843, 0x0843, 
	0x0843, 0x0843, 0x0843, 0x0843, 0x0843, 0x0843, 0x0843, 0x0843, 0x0843, 0x0843, 0x0843, 0x0843, 0x0843, 0x0843, 0x0843, 0x0843, 
	0x0843, 0x0843, 0x0843, 0x0843, 0x0843, 0x0843, 0x0843, 0x0843, 0x0843, 0x0843, 0x0843, 0x0843, 0x0843, 0x0843, 0x0843, 0x0843, 
	0x0843, 0x0843, 0x0843, 0x0843, 0x0843, 0x0843, 0x0843, 0x0843, 0x0843, 0x0843, 0x0843, 0x0843, 0x0843, 0x0843, 0x0843, 0x0843, 
	0x0843, 0x0843, 0x0843, 0x0843, 0x0843, 0x0843, 0x0843, 0x0843, 0x0843, 0x0843, 0x0843, 0x0843, 0x0843, 0x0843, 0x2105, 0x4a4a, 
	0x0907, 0xd483, 0xfe25, 0xfe25, 0xd483, 0x1128, 0x4a4a, 0x2105, 0x0843, 0x0843, 0x0843, 0x0843, 0x0843, 0x0843, 0x0843, 0x0843, 
	0x0843, 0x0843, 0x0843, 0x0843, 0x0843, 0x0843, 0x0843, 0x0843, 0x0843, 0x0843, 0x0843, 0x0843, 0x0843, 0x0843, 0x0843, 0x0843, 
	0x0843, 0x0843, 0x0843, 0x0843, 0x0843, 0x0843, 0x0843, 0x0843, 0x0843, 0x0843, 0x0843, 0x0843, 0x0843, 0x0843, 0x0843, 0x0843, 
	0x0843, 0x0843, 0x0843, 0x0843, 0x0843, 0x0843, 0x0843, 0x0843, 0x0843, 0x0843, 0x0863, 0x0843, 0x0843, 0x0843, 0x0843, 0x0843, 
	0x0843, 0x0843, 0x0843, 0x0843, 0x0843, 0x0843, 0x0843, 0x0843, 0x0843, 0x0843, 0x0843, 0x0843, 0x0843, 0x0843, 0x0843, 0x0843, 
	0x0843, 0x0843, 0x0843, 0x0843, 0x0843, 0x0843, 0x0843, 0x0843, 0x0843, 0x0843, 0x0843, 0x0843, 0x0843, 0x0843, 0x0843, 0x0843, 
	0x0843, 0x0843, 0x0843, 0x0843, 0x0843, 0x0843, 0x0843, 0x0843, 0x0843, 0x0843, 0x0843, 0x0843, 0x0843, 0x0843, 0x0843, 0x0843, 
	0x0843, 0x0843, 0x0843, 0x0843, 0x0843, 0x0843, 0x0843, 0x0843, 0x0843, 0x0843, 0x0843, 0x0843, 0x0843, 0x0843, 0x0843, 0x0843, 
	0x0843, 0x0843, 0x0843, 0x0843, 0x0843, 0x0843, 0x0843, 0x0843, 0x0843, 0x0863, 0x0863, 0x0883, 0x0863, 0x0863, 0x0863, 0x0843, 
	0x0843, 0x0843, 0x0843, 0x0843, 0x0843, 0x0843, 0x0843, 0x0843, 0x0843, 0x0843, 0x0843, 0x0843, 0x0843, 0x0843, 0x0863, 0x0843, 
	0x0843, 0x0843, 0x0843, 0x0843, 0x0843, 0x0843, 0x0843, 0x0843, 0x0843, 0x0843, 0x0843, 0x0843, 0x0843, 0x0843, 0x0843, 0x0843, 
	0x0843, 0x0843, 0x0843, 0x0843, 0x0843, 0x0843, 0x0843, 0x0843, 0x0843, 0x0843, 0x0843, 0x0843, 0x0843, 0x0843, 0x0843, 0x0843, 
	0x0843, 0x0843, 0x0843, 0x0843, 0x0843, 0x0843, 0x0843, 0x0843, 0x0843, 0x0843, 0x0843, 0x0863, 0x0843, 0x0843, 0x0843, 0x0843, 
	0x0843, 0x0843, 0x0843, 0x0843, 0x0843, 0x0843, 0x0843, 0x0843, 0x0843, 0x0843, 0x0843, 0x0843, 0x0843, 0x0843, 0x0843, 0x0843, 
	0x0843, 0x0843, 0x0843, 0x0843, 0x0843, 0x0843, 0x0843, 0x0843, 0x0843, 0x0843, 0x0843, 0x0843, 0x0843, 0x0843, 0x0843, 0x0843, 
	0x0843, 0x0843, 0x0843, 0x0843, 0x0843, 0x0843, 0x0843, 0x0843, 0x0843, 0x0843, 0x0843, 0x0843, 0x0843, 0x0843, 0x0843, 0x0843, 
	0x0843, 0x0843, 0x0843, 0x0843, 0x0843, 0x0843, 0x0843, 0x0843, 0x0843, 0x0843, 0x0843, 0x0843, 0x0843, 0x0843, 0x0843, 0x0843, 
	0x0843, 0x0843, 0x0843, 0x0843, 0x0843, 0x0843, 0x0843, 0x0843, 0x0843, 0x0843, 0x0843, 0x0843, 0x0843, 0x0843, 0x0843, 0x0843, 
	0x0843, 0x0843, 0x0843, 0x0843, 0x0843, 0x0843, 0x0843, 0x0843, 0x0843, 0x0843, 0x0843, 0x0843, 0x0843, 0x0843, 0x0843, 0x0843, 
	0x0843, 0x0843, 0x0843, 0x0843, 0x0843, 0x0843, 0x0843, 0x0843, 0x0843, 0x0843, 0x0843, 0x0843, 0x0843, 0x0843, 0x10a4, 0x39c7, 
	0x196a, 0x5a23, 0xfee4, 0xfec4, 0x4a03, 0x218a, 0x39a8, 0x1084, 0x0843, 0x0843, 0x0843, 0x0843, 0x0843, 0x0843, 0x0843, 0x0843, 
	0x0843, 0x0843, 0x0843, 0x0843, 0x0843, 0x0843, 0x0843, 0x0843, 0x0843, 0x0843, 0x0843, 0x0843, 0x0843, 0x0843, 0x0843, 0x0843, 
	0x0843, 0x0843, 0x0843, 0x0843, 0x0843, 0x0843, 0x0843, 0x0843, 0x0843, 0x0843, 0x0843, 0x0843, 0x0843, 0x0843, 0x0843, 0x0843, 
	0x0843, 0x0843, 0x0843, 0x0843, 0x0843, 0x0843, 0x0843, 0x0843, 0x0843, 0x0843, 0x0843, 0x0843, 0x0843, 0x0843, 0x0843, 0x0843, 
	0x0843, 0x0843, 0x0843, 0x0843, 0x0843, 0x0843, 0x0863, 0x0863, 0x0863, 0x0863, 0x0863, 0x0863, 0x0863, 0x0863, 0x0863, 0x0863, 
	0x0884, 0x0884, 0x0884, 0x0884, 0x0884, 0x0884, 0x0884, 0x0863, 0x0863, 0x0863, 0x0884, 0x0884, 0x0884, 0x0884, 0x0884, 0x0884, 
	0x0884, 0x0884, 0x0863, 0x0843, 0x0843, 0x0863, 0x0863, 0x0863, 0x0863, 0x0863, 0x0863, 0x0863, 0x0863, 0x0864, 0x0864, 0x0863, 
	0x0863, 0x0884, 0x0863, 0x0843, 0x0843, 0x0843, 0x0843, 0x0843, 0x0843, 0x0843, 0x0843, 0x0843, 0x0843, 0x0843, 0x0843, 0x0843, 
	0x0843, 0x0843, 0x0843, 0x0843, 0x0843, 0x0843, 0x0843, 0x0843, 0x0843, 0x0863, 0x0884, 0x0884, 0x0884, 0x0883, 0x0863, 0x0843, 
	0x0843, 0x0843, 0x0843, 0x0843, 0x0843, 0x0843, 0x0843, 0x0843, 0x0843, 0x0843, 0x0843, 0x0843, 0x0843, 0x0843, 0x0843, 0x0843, 
	0x0843, 0x0843, 0x0843, 0x0843, 0x0843, 0x0843, 0x0843, 0x0843, 0x0843, 0x0843, 0x0843, 0x0843, 0x0843, 0x0843, 0x0843, 0x0843, 
	0x0843, 0x0843, 0x0843, 0x0843, 0x0843, 0x0843, 0x0843, 0x0843, 0x0843, 0x0843, 0x0843, 0x0843, 0x0843, 0x0843, 0x0843, 0x0843, 
	0x0843, 0x0843, 0x0843, 0x0843, 0x0843, 0x0843, 0x0843, 0x0843, 0x0843, 0x0843, 0x0843, 0x0863, 0x0843, 0x0843, 0x0843, 0x0843, 
	0x0843, 0x0843, 0x0843, 0x0843, 0x0843, 0x0843, 0x0843, 0x0843, 0x0843, 0x0843, 0x0843, 0x0843, 0x0843, 0x0843, 0x0843, 0x0843, 
	0x0843, 0x0843, 0x0843, 0x0843, 0x0843, 0x0843, 0x0843, 0x0843, 0x0843, 0x0843, 0x0843, 0x0843, 0x0843, 0x0843, 0x0843, 0x0843, 
	0x0843, 0x0843, 0x0843, 0x0843, 0x0843, 0x0843, 0x0843, 0x0843, 0x0843, 0x0843, 0x0843, 0x0843, 0x0843, 0x0843, 0x0843, 0x0843, 
	0x0843, 0x0843, 0x0843, 0x0843, 0x0843, 0x0843, 0x0843, 0x0843, 0x0843, 0x0843, 0x0843, 0x0843, 0x0843, 0x0843, 0x0843, 0x0843, 
	0x0843, 0x0843, 0x0843, 0x0843, 0x0843, 0x0843, 0x0843, 0x0843, 0x0843, 0x0843, 0x0843, 0x0843, 0x0843, 0x0843, 0x0843, 0x0843, 
	0x0843, 0x0843, 0x0843, 0x0843, 0x0843, 0x0843, 0x0843, 0x0843, 0x0843, 0x0843, 0x0843, 0x0843, 0x0843, 0x0843, 0x0843, 0x0843, 
	0x0843, 0x0843, 0x0843, 0x0843, 0x0843, 0x0843, 0x0843, 0x0843, 0x0843, 0x0843, 0x0843, 0x0843, 0x0843, 0x0843, 0x0863, 0x2105, 
	0x4a4a, 0x1107, 0xcc62, 0xc442, 0x08e7, 0x4a4a, 0x2105, 0x0863, 0x0843, 0x0843, 0x0843, 0x0843, 0x0843, 0x0843, 0x0843, 0x0843, 
	0x0843, 0x0843, 0x0843, 0x0843, 0x0843, 0x0843, 0x0843, 0x0843, 0x0843, 0x0843, 0x0843, 0x0843, 0x0843, 0x0843, 0x0843, 0x0843, 
	0x0843, 0x0843, 0x0843, 0x0843, 0x0843, 0x0843, 0x0843, 0x0843, 0x0843, 0x0843, 0x0843, 0x0843, 0x0843, 0x0843, 0x0843, 0x0843, 
	0x0843, 0x0843, 0x0843, 0x0843, 0x0843, 0x0843, 0x0843, 0x0843, 0x0843, 0x0843, 0x0843, 0x0843, 0x0843, 0x0843, 0x0843, 0x0843, 
	0x0843, 0x0843, 0x0843, 0x0843, 0x0843, 0x0843, 0x0863, 0x0863, 0x0884, 0x0884, 0x0884, 0x0884, 0x0884, 0x0884, 0x0884, 0x0884, 
	0x0884, 0x0884, 0x08a4, 0x08a4, 0x08a4, 0x08a4, 0x08a4, 0x0884, 0x0884, 0x0884, 0x0884, 0x08a4, 0x08a4, 0x08a4, 0x08a4, 0x08a4, 
	0x08a4, 0x08a4, 0x0884, 0x0843, 0x0843, 0x0863, 0x0884, 0x0884, 0x0884, 0x0884, 0x0884, 0x0863, 0x0863, 0x0863, 0x0863, 0x0863, 
	0x0863, 0x0863, 0x0884, 0x0843, 0x0843, 0x0843, 0x0843, 0x0843, 0x0843, 0x0843, 0x0843, 0x0843, 0x0843, 0x0843, 0x0843, 0x0843, 
	0x0843, 0x0843, 0x0843, 0x0843, 0x0843, 0x0843, 0x0843, 0x0843, 0x0843, 0x0843, 0x0843, 0x0863, 0x0863, 0x0843, 0x0843, 0x0843, 
	0x0843, 0x0843, 0x0843, 0x0843, 0x0843, 0x0843, 0x0843, 0x0843, 0x0843, 0x0843, 0x0843, 0x0843, 0x0843, 0x0843, 0x0843, 0x0843, 
	0x0843, 0x0843, 0x0843, 0x0843, 0x0843, 0x0843, 0x0843, 0x0843, 0x0843, 0x0843, 0x0843, 0x0843, 0x0843, 0x0843, 0x0843, 0x0843, 
	0x0843, 0x0843, 0x0843, 0x0843, 0x0843, 0x0843, 0x0843, 0x0843, 0x0843, 0x0843, 0x0843, 0x0843, 0x0843, 0x0843, 0x0843, 0x0843, 
	0x0843, 0x0843, 0x0843, 0x0843, 0x0843, 0x0843, 0x0843, 0x0843, 0x0843, 0x0843, 0x0843, 0x0863, 0x0843, 0x0843, 0x0843, 0x0843, 
	0x0843, 0x0843, 0x0843, 0x0843, 0x0843, 0x0843, 0x0843, 0x0843, 0x0843, 0x0843, 0x0843, 0x0843, 0x0843, 0x0843, 0x0843, 0x0843, 
	0x0843, 0x0843, 0x0843, 0x0843, 0x0843, 0x0843, 0x0843, 0x0843, 0x0843, 0x0843, 0x0843, 0x0843, 0x0843, 0x0843, 0x0843, 0x0843, 
	0x0843, 0x0843, 0x0843, 0x0843, 0x0843, 0x0843, 0x0843, 0x0843, 0x0843, 0x0843, 0x0843, 0x0843, 0x0843, 0x0843, 0x0843, 0x0843, 
	0x0843, 0x0843, 0x0843, 0x0843, 0x0843, 0x0843, 0x0843, 0x0843, 0x0843, 0x0843, 0x0843, 0x0843, 0x0843, 0x0843, 0x0843, 0x0843, 
	0x0843, 0x0843, 0x0843, 0x0843, 0x0843, 0x0843, 0x0843, 0x0843, 0x0843, 0x0843, 0x0843, 0x0843, 0x0843, 0x0843, 0x0843, 0x0843, 
	0x0843, 0x0843, 0x0843, 0x0843, 0x0843, 0x0843, 0x0843, 0x0843, 0x0843, 0x0843, 0x0843, 0x0843, 0x0843, 0x0843, 0x0843, 0x0843, 
	0x0843, 0x0843, 0x0843, 0x0843, 0x0843, 0x0843, 0x0843, 0x0843, 0x0843, 0x0843, 0x0843, 0x0843, 0x0843, 0x0843, 0x0843, 0x10a4, 
	0x39c8, 0x4a6b, 0x1926, 0x1927, 0x4a8b, 0x39c8, 0x10a4, 0x0843, 0x0843, 0x0843, 0x0843, 0x0843, 0x0843, 0x0843, 0x0843, 0x0843, 
	0x0843, 0x0843, 0x0843, 0x0843, 0x0843, 0x0843, 0x0843, 0x0843, 0x0843, 0x0843, 0x0843, 0x0843, 0x0843, 0x0843, 0x0843, 0x0843, 
	0x0843, 0x0843, 0x0843, 0x0843, 0x0843, 0x0843, 0x0843, 0x0843, 0x0843, 0x0843, 0x0843, 0x0843, 0x0843, 0x0843, 0x0843, 0x0843, 
	0x0843, 0x0843, 0x0843, 0x0843, 0x0843, 0x0843, 0x0843, 0x0843, 0x0843, 0x0843, 0x0863, 0x0843, 0x0843, 0x0843, 0x0843, 0x0843, 
	0x0843, 0x0843, 0x0843, 0x0843, 0x0843, 0x0843, 0x0863, 0x0863, 0x0863, 0x0884, 0x0884, 0x0884, 0x0884, 0x0884, 0x0884, 0x0884, 
	0x0884, 0x0884, 0x0884, 0x0884, 0x0884, 0x0884, 0x0884, 0x0884, 0x0884, 0x0884, 0x0884, 0x0884, 0x0884, 0x08a4, 0x08a4, 0x0884, 
	0x0884, 0x0884, 0x0863, 0x0843, 0x0843, 0x0863, 0x0863, 0x0863, 0x0863, 0x0863, 0x0863, 0x0863, 0x0843, 0x0843, 0x0843, 0x0843, 
	0x0843, 0x0843, 0x0863, 0x0843, 0x0843, 0x0843, 0x0843, 0x0843, 0x0843, 0x0843, 0x0843, 0x0843, 0x0843, 0x0843, 0x0843, 0x0843, 
	0x0843, 0x0843, 0x0843, 0x0843, 0x0843, 0x0843, 0x0843, 0x0843, 0x0843, 0x0843, 0x0843, 0x0843, 0x0843, 0x0843, 0x0843, 0x0843, 
	0x0843, 0x0843, 0x0843, 0x0843, 0x0843, 0x0843, 0x0843, 0x0843, 0x0843, 0x0843, 0x0843, 0x0843, 0x0843, 0x0843, 0x0843, 0x0843, 
	0x0843, 0x0843, 0x0843, 0x0843, 0x0843, 0x0843, 0x0843, 0x0843, 0x0843, 0x0843, 0x0843, 0x0843, 0x0843, 0x0843, 0x0843, 0x0843, 
	0x0843, 0x0843, 0x0843, 0x0843, 0x0843, 0x0843, 0x0843, 0x0843, 0x0843, 0x0843, 0x0843, 0x0843, 0x0843, 0x0843, 0x0843, 0x0843, 
	0x0843, 0x0843, 0x0843, 0x0843, 0x0843, 0x0843, 0x0843, 0x0843, 0x0843, 0x0843, 0x0843, 0x0863, 0x0843, 0x0843, 0x0843, 0x0843, 
	0x0843, 0x0843, 0x0843, 0x0843, 0x0843, 0x0843, 0x0843, 0x0843, 0x0843, 0x0843, 0x0843, 0x0843, 0x0843, 0x0843, 0x0843, 0x0843, 
	0x0843, 0x0843, 0x0843, 0x0843, 0x0843, 0x0843, 0x0843, 0x0843, 0x0843, 0x0843, 0x0843, 0x0843, 0x0843, 0x0843, 0x0843, 0x0843, 
	0x0843, 0x0843, 0x0843, 0x0843, 0x0843, 0x0843, 0x0843, 0x0843, 0x0843, 0x0843, 0x0843, 0x0843, 0x0843, 0x0843, 0x0843, 0x0843, 
	0x0843, 0x0843, 0x0843, 0x0843, 0x0843, 0x0843, 0x0843, 0x0843, 0x0843, 0x0843, 0x0843, 0x0843, 0x0843, 0x0843, 0x0843, 0x0843, 
	0x0843, 0x0843, 0x0843, 0x0843, 0x0843, 0x0843, 0x0843, 0x0843, 0x0843, 0x0843, 0x0843, 0x0843, 0x0843, 0x0843, 0x0843, 0x0843, 
	0x0843, 0x0843, 0x0843, 0x0843, 0x0843, 0x0843, 0x0843, 0x0843, 0x0843, 0x0843, 0x0843, 0x0843, 0x0843, 0x0843, 0x0843, 0x0843, 
	0x0843, 0x0843, 0x0843, 0x0843, 0x0843, 0x0843, 0x0843, 0x0843, 0x0843, 0x0843, 0x0843, 0x0843, 0x0843, 0x0843, 0x0843, 0x0863, 
	0x18e5, 0x41e8, 0x4a6b, 0x4a6b, 0x39e8, 0x18e5, 0x0863, 0x0843, 0x0843, 0x0843, 0x0843, 0x0843, 0x0843, 0x0843, 0x0843, 0x0843, 
	0x0843, 0x0843, 0x0843, 0x0843, 0x0843, 0x0843, 0x0843, 0x0843, 0x0843, 0x0843, 0x0843, 0x0843, 0x0843, 0x0843, 0x0843, 0x0843, 
	0x0843, 0x0843, 0x0843, 0x0843, 0x0843, 0x0843, 0x0843, 0x0843, 0x0843, 0x0843, 0x0843, 0x0843, 0x0843, 0x0843, 0x0843, 0x0843, 
	0x0843, 0x0843, 0x0843, 0x0843, 0x0843, 0x0843, 0x0843, 0x0843, 0x0843, 0x0843, 0x0863, 0x0843, 0x0843, 0x0843, 0x0843, 0x0843, 
	0x0843, 0x0843, 0x0843, 0x0843, 0x0843, 0x0843, 0x0843, 0x0863, 0x0863, 0x0843, 0x0863, 0x0863, 0x0863, 0x0863, 0x0863, 0x0863, 
	0x0863, 0x0863, 0x0863, 0x0863, 0x0863, 0x0863, 0x0863, 0x0863, 0x0863, 0x0863, 0x0863, 0x0863, 0x0863, 0x0863, 0x0863, 0x0863, 
	0x0863, 0x0863, 0x0843, 0x0843, 0x0843, 0x0843, 0x0843, 0x0843, 0x0843, 0x0843, 0x0843, 0x0843, 0x0843, 0x0843, 0x0843, 0x0843, 
	0x0843, 0x0843, 0x0843, 0x0843, 0x0843, 0x0843, 0x0843, 0x0843, 0x0843, 0x0843, 0x0843, 0x0843, 0x0843, 0x0843, 0x0843, 0x0843, 
	0x0843, 0x0843, 0x0843, 0x0843, 0x0843, 0x0843, 0x0843, 0x0843, 0x0843, 0x0843, 0x0843, 0x0843, 0x0843, 0x0843, 0x0843, 0x0843, 
	0x0843, 0x0843, 0x0843, 0x0843, 0x0843, 0x0843, 0x0843, 0x0843, 0x0843, 0x0843, 0x0843, 0x0843, 0x0843, 0x0843, 0x0843, 0x0843, 
	0x0843, 0x0843, 0x0843, 0x0843, 0x0843, 0x0843, 0x0843, 0x0843, 0x0843, 0x0843, 0x0843, 0x0843, 0x0843, 0x0843, 0x0843, 0x0843, 
	0x0843, 0x0843, 0x0843, 0x0843, 0x0843, 0x0843, 0x0843, 0x0843, 0x0843, 0x0843, 0x0843, 0x0843, 0x0843, 0x0843, 0x0843, 0x0843, 
	0x0843, 0x0843, 0x0843, 0x0843, 0x0843, 0x0843, 0x0843, 0x0843, 0x0843, 0x0843, 0x0843, 0x0843, 0x0843, 0x0843, 0x0843, 0x0843, 
	0x0843, 0x0843, 0x0843, 0x0843, 0x0843, 0x0843, 0x0843, 0x0843, 0x0843, 0x0843, 0x0843, 0x0843, 0x0843, 0x0843, 0x0843, 0x0843, 
	0x0843, 0x0843, 0x0843, 0x0843, 0x0843, 0x0843, 0x0843, 0x0843, 0x0843, 0x0843, 0x0843, 0x0843, 0x0843, 0x0843, 0x0843, 0x0843, 
	0x0843, 0x0843, 0x0843, 0x0843, 0x0843, 0x0843, 0x0843, 0x0843, 0x0843, 0x0843, 0x0843, 0x0843, 0x0843, 0x0843, 0x0843, 0x0843, 
	0x0843, 0x0843, 0x0843, 0x0843, 0x0843, 0x0843, 0x0843, 0x0843, 0x0843, 0x0843, 0x0843, 0x0843, 0x0843, 0x0843, 0x0843, 0x0843, 
	0x0843, 0x0843, 0x0843, 0x0843, 0x0843, 0x0843, 0x0843, 0x0843, 0x0843, 0x0843, 0x0843, 0x0843, 0x0843, 0x0843, 0x0843, 0x0843, 
	0x0843, 0x0843, 0x0843, 0x0843, 0x0843, 0x0843, 0x0843, 0x0843, 0x0843, 0x0843, 0x0843, 0x0843, 0x0843, 0x0843, 0x0843, 0x0843, 
	0x0843, 0x0843, 0x0843, 0x0843, 0x0843, 0x0843, 0x0843, 0x0843, 0x0843, 0x0843, 0x0843, 0x0843, 0x0843, 0x0843, 0x0843, 0x0843, 
	0x0843, 0x0843, 0x0843, 0x0843, 0x0843, 0x0843, 0x0843, 0x0843, 0x0843, 0x0843, 0x0843, 0x0843, 0x0843, 0x0843, 0x0843, 0x0843, 
	0x0843, 0x0843, 0x0843, 0x0843, 0x0843, 0x0843, 0x0843, 0x0843, 0x0843, 0x0843, 0x0843, 0x0843, 0x0843, 0x0843, 0x0843, 0x0843, 
	0x0843, 0x0843, 0x0843, 0x0843, 0x0843, 0x0843, 0x0843, 0x0843, 0x0843, 0x0843, 0x0843, 0x0843, 0x0843, 0x0843, 0x0843, 0x0843, 
	0x0843, 0x0843, 0x0843, 0x0843, 0x0843, 0x0843, 0x0843, 0x0843, 0x0843, 0x0843, 0x0843, 0x0843, 0x0843, 0x0843, 0x0843, 0x0843, 
	0x0843, 0x0843, 0x0843, 0x0843, 0x0843, 0x0843, 0x0843, 0x0863, 0x0843, 0x0863, 0x0863, 0x0863, 0x0863, 0x0863, 0x0863, 0x0863, 
	0x0863, 0x0863, 0x0863, 0x0863, 0x0863, 0x0863, 0x0863, 0x0863, 0x0863, 0x0863, 0x0863, 0x0863, 0x0863, 0x0863, 0x0863, 0x0863, 
	0x0863, 0x0863, 0x0863, 0x0843, 0x0843, 0x0843, 0x0843, 0x0843, 0x0843, 0x0843, 0x0843, 0x0863, 0x0843, 0x0843, 0x0843, 0x0843, 
	0x0843, 0x0843, 0x0843, 0x0843, 0x0843, 0x0843, 0x0843, 0x0843, 0x0843, 0x0843, 0x0843, 0x0843, 0x0843, 0x0843, 0x0843, 0x0843, 
	0x0843, 0x0843, 0x0843, 0x0843, 0x0843, 0x0843, 0x0843, 0x0843, 0x0843, 0x0843, 0x0843, 0x0843, 0x0843, 0x0843, 0x0843, 0x0843, 
	0x0843, 0x0843, 0x0843, 0x0843, 0x0843, 0x0843, 0x0843, 0x0843, 0x0843, 0x0843, 0x0843, 0x0843, 0x0843, 0x0843, 0x0843, 0x0843, 
	0x0843, 0x0843, 0x0843, 0x0843, 0x0843, 0x0843, 0x0843, 0x0843, 0x0843, 0x0843, 0x0843, 0x0843, 0x0843, 0x0843, 0x0843, 0x0843, 
	0x0843, 0x0843, 0x0843, 0x0843, 0x0843, 0x0843, 0x0843, 0x0843, 0x0843, 0x0843, 0x0843, 0x0843, 0x0863, 0x0843, 0x0843, 0x0863, 
	0x0843, 0x0843, 0x0843, 0x0843, 0x0843, 0x0843, 0x0843, 0x0843, 0x0843, 0x0843, 0x0843, 0x0843, 0x0843, 0x0843, 0x0843, 0x0843, 
	0x0843, 0x0843, 0x0843, 0x0843, 0x0843, 0x0843, 0x0843, 0x0843, 0x0843, 0x0843, 0x0843, 0x0843, 0x0843, 0x0843, 0x0843, 0x0843, 
	0x0843, 0x0843, 0x0843, 0x0843, 0x0843, 0x0843, 0x0843, 0x0843, 0x0843, 0x0843, 0x0843, 0x0843, 0x0843, 0x0843, 0x0843, 0x0843, 
	0x0843, 0x0843, 0x0843, 0x0843, 0x0843, 0x0843, 0x0843, 0x0843, 0x0843, 0x0843, 0x0843, 0x0843, 0x0843, 0x0843, 0x0843, 0x0843, 
	0x0843, 0x0843, 0x0843, 0x0843, 0x0843, 0x0843, 0x0843, 0x0843, 0x0843, 0x0843, 0x0843, 0x0843, 0x0843, 0x0843, 0x0843, 0x0843, 
	0x0843, 0x0843, 0x0843, 0x0843, 0x0843, 0x0843, 0x0843, 0x0843, 0x0843, 0x0843, 0x0843, 0x0843, 0x0843, 0x0843, 0x0843, 0x0843, 
	0x0843, 0x0843, 0x0843, 0x0843, 0x0843, 0x0843, 0x0843, 0x0843, 0x0843, 0x0843, 0x0843, 0x0843, 0x0843, 0x0843, 0x0843, 0x0843, 
	0x0843, 0x0843, 0x0843, 0x0843, 0x0843, 0x0843, 0x0843, 0x0843, 0x0843, 0x0843, 0x0843, 0x0843, 0x0843, 0x0843, 0x0843, 0x0843, 
	0x0843, 0x0843, 0x0843, 0x0843, 0x0843, 0x0843, 0x0843, 0x0843, 0x0843, 0x0843, 0x0843, 0x0843, 0x0843, 0x0843, 0x0843, 0x0843, 
	0x0843, 0x0843, 0x0843, 0x0843, 0x0843, 0x0843, 0x0843, 0x0843, 0x0843, 0x0843, 0x0843, 0x0843, 0x0843, 0x0843, 0x0843, 0x0843, 
	0x0843, 0x0843, 0x0843, 0x0843, 0x0843, 0x0843, 0x0843, 0x0843, 0x0843, 0x0843, 0x0843, 0x0843, 0x0843, 0x0843, 0x0843, 0x0843, 
	0x0843, 0x0843, 0x0843, 0x0843, 0x0843, 0x0843, 0x0843, 0x0843, 0x0843, 0x0843, 0x0843, 0x0843, 0x0843, 0x0843, 0x0843, 0x0843, 
	0x0843, 0x0843, 0x0843, 0x0843, 0x0843, 0x0843, 0x0843, 0x0863, 0x0863, 0x0863, 0x0843, 0x0843, 0x0843, 0x0843, 0x0843, 0x0843, 
	0x0843, 0x0843, 0x0843, 0x0843, 0x0843, 0x0843, 0x0843, 0x0843, 0x0843, 0x0843, 0x0843, 0x0843, 0x0843, 0x0843, 0x0843, 0x0843, 
	0x0843, 0x0843, 0x0863, 0x0843, 0x0843, 0x0843, 0x0843, 0x0843, 0x0843, 0x0863, 0x0843, 0x0863, 0x0843, 0x0843, 0x0863, 0x0843, 
	0x0843, 0x0843, 0x0843, 0x0843, 0x0843, 0x0843, 0x0843, 0x0843, 0x0843, 0x0843, 0x0843, 0x0843, 0x0843, 0x0843, 0x0843, 0x0843, 
	0x0843, 0x0843, 0x0843, 0x0843, 0x0843, 0x0843, 0x0843, 0x0843, 0x0843, 0x0843, 0x0843, 0x0843, 0x0843, 0x0843, 0x0843, 0x0843, 
	0x0843, 0x0843, 0x0843, 0x0843, 0x0843, 0x0843, 0x0843, 0x0843, 0x0843, 0x0843, 0x0843, 0x0843, 0x0843, 0x0843, 0x0843, 0x0843, 
	0x0843, 0x0843, 0x0843, 0x0843, 0x0843, 0x0843, 0x0843, 0x0843, 0x0843, 0x0843, 0x0843, 0x0843, 0x0843, 0x0843, 0x0843, 0x0843, 
	0x0843, 0x0843, 0x0843, 0x0843, 0x0843, 0x0843, 0x0843, 0x0843, 0x0843, 0x0843, 0x0843, 0x0843, 0x0843, 0x0843, 0x0843, 0x0863, 
	0x0863, 0x0843, 0x0843, 0x0843, 0x0843, 0x0843, 0x0843, 0x0843, 0x0843, 0x0843, 0x0843, 0x0843, 0x0843, 0x0843, 0x0843, 0x0843, 
	0x0843, 0x0843, 0x0843, 0x0843, 0x0843, 0x0843, 0x0843, 0x0843, 0x0843, 0x0843, 0x0843, 0x0843, 0x0843, 0x0843, 0x0843, 0x0843, 
	0x0843, 0x0843, 0x0843, 0x0843, 0x0843, 0x0843, 0x0843, 0x0843, 0x0843, 0x0843, 0x0843, 0x0843, 0x0843, 0x0843, 0x0843, 0x0843, 
	0x0843, 0x0843, 0x0843, 0x0843, 0x0843, 0x0843, 0x0843, 0x0843, 0x0843, 0x0843, 0x0843, 0x0843, 0x0843, 0x0843, 0x0843, 0x0843, 
	0x0843, 0x0843, 0x0843, 0x0843, 0x0843, 0x0843, 0x0843, 0x0843, 0x0843, 0x0843, 0x0843, 0x0843, 0x0843, 0x0843, 0x0843, 0x0843, 
	0x0843, 0x0843, 0x0843, 0x0843, 0x0843, 0x0843, 0x0843, 0x0843, 0x0843, 0x0843, 0x0843, 0x0843, 0x0843, 0x0843, 0x0843, 0x0843, 
	0x0843, 0x0843, 0x0843, 0x0843, 0x0843, 0x0843, 0x0843, 0x0843, 0x0843, 0x0843, 0x0843, 0x0843, 0x0843, 0x0843, 0x0843, 0x0843, 
	0x0843, 0x0843, 0x0843, 0x0843, 0x0843, 0x0843, 0x0843, 0x0843, 0x0843, 0x0843, 0x0843, 0x0843, 0x0843, 0x0843, 0x0843, 0x0843, 
	0x0843, 0x0843, 0x0843, 0x0843, 0x0843, 0x0843, 0x0843, 0x0843, 0x0843, 0x0843, 0x0843, 0x0843, 0x0843, 0x0843, 0x0843, 0x0843, 
	0x0843, 0x0843, 0x0843, 0x0843, 0x0843, 0x0843, 0x0843, 0x0843, 0x0843, 0x0843, 0x0843, 0x0843, 0x0843, 0x0843, 0x0843, 0x0843, 
	0x0843, 0x0843, 0x0843, 0x0843, 0x0843, 0x0843, 0x0843, 0x0843, 0x0843, 0x0843, 0x0843, 0x0843, 0x0843, 0x0843, 0x0843, 0x0843, 
	0x0843, 0x0843, 0x0843, 0x0843, 0x0843, 0x0843, 0x0843, 0x0843, 0x0843, 0x0843, 0x0843, 0x0843, 0x0843, 0x0843, 0x0843, 0x0843, 
	0x0843, 0x0843, 0x0843, 0x0843, 0x0843, 0x0843, 0x0843, 0x0843, 0x0843, 0x0843, 0x0843, 0x0843, 0x0843, 0x0843, 0x0843, 0x0843, 
	0x0843, 0x0843, 0x0843, 0x0843, 0x0843, 0x0843, 0x0843, 0x0843, 0x0843, 0x0843, 0x0843, 0x0843, 0x0843, 0x0843, 0x0843, 0x0843, 
	0x0843, 0x0843, 0x0843, 0x0843, 0x0843, 0x0843, 0x0843, 0x0843, 0x0843, 0x0843, 0x0843, 0x0863, 0x0863, 0x0843, 0x0843, 0x0843, 
	0x0843, 0x0843, 0x0843, 0x0843, 0x0843, 0x0843, 0x0843, 0x0843, 0x0843, 0x0843, 0x0843, 0x0843, 0x0843, 0x0843, 0x0843, 0x0843, 
	0x0843, 0x0843, 0x0843, 0x0843, 0x0843, 0x0843, 0x0843, 0x0843, 0x0843, 0x0843, 0x0843, 0x0843, 0x0843, 0x0843, 0x0843, 0x0843, 
	0x0843, 0x0843, 0x0843, 0x0843, 0x0843, 0x0843, 0x0843, 0x0843, 0x0843, 0x0843, 0x0843, 0x0843, 0x0843, 0x0843, 0x0843, 0x0843, 
	0x0843, 0x0843, 0x0843, 0x0843, 0x0843, 0x0843, 0x0843, 0x0843, 0x0843, 0x0843, 0x0843, 0x0843, 0x0843, 0x0843, 0x0843, 0x0843, 
	0x0843, 0x0843, 0x0843, 0x0843, 0x0843, 0x0843, 0x0843, 0x0843, 0x0843, 0x0843, 0x0843, 0x0843, 0x0843, 0x0843, 0x0843, 0x0843, 
	0x0843, 0x0843, 0x0843, 0x0843, 0x0843, 0x0843, 0x0843, 0x0843, 0x0843, 0x0843, 0x0843, 0x0843, 0x0843, 0x0843, 0x0843, 0x0843, 
	0x0843, 0x0843, 0x0843, 0x0843, 0x0843, 0x0843, 0x0843, 0x0843, 0x0843, 0x0843, 0x0843, 0x0843, 0x0843, 0x0843, 0x0843, 0x0843, 
	0x0843, 0x0843, 0x0843, 0x0843, 0x0843, 0x0843, 0x0843, 0x0843, 0x0843, 0x0843, 0x0843, 0x0843, 0x0843, 0x0843, 0x0843, 0x0843, 
	0x0843, 0x0843, 0x0843, 0x0843, 0x0843, 0x0843, 0x0843, 0x0843, 0x0843, 0x0843, 0x0843, 0x0843, 0x0843, 0x0843, 0x0843, 0x0843, 
	0x0843, 0x0843, 0x0843, 0x0843, 0x0843, 0x0843, 0x0843, 0x0843, 0x0843, 0x0843, 0x0843, 0x0843, 0x0843, 0x0843, 0x0843, 0x0843, 
	0x0843, 0x0843, 0x0843, 0x0843, 0x0843, 0x0843, 0x0843, 0x0843, 0x0843, 0x0843, 0x0843, 0x0843, 0x0843, 0x0843, 0x0843, 0x0843, 
	0x0843, 0x0843, 0x0843, 0x0843, 0x0843, 0x0843, 0x0843, 0x0843, 0x0843, 0x0843, 0x0843, 0x0843, 0x0843, 0x0843, 0x0843, 0x0843, 
	0x0843, 0x0843, 0x0843, 0x0843, 0x0843, 0x0843, 0x0843, 0x0843, 0x0843, 0x0843, 0x0843, 0x0843, 0x0843, 0x0843, 0x0843, 0x0843, 
	0x0843, 0x0843, 0x0843, 0x0843, 0x0843, 0x0843, 0x0843, 0x0843, 0x0843, 0x0843, 0x0843, 0x0843, 0x0843, 0x0843, 0x0843, 0x0843, 
	0x0843, 0x0843, 0x0843, 0x0843, 0x0843, 0x0843, 0x0843, 0x0843, 0x0843, 0x0843, 0x0843, 0x0843, 0x0843, 0x0843, 0x0843, 0x0843, 
	0x0843, 0x0843, 0x0843, 0x0843, 0x0843, 0x0843, 0x0843, 0x0843, 0x0843, 0x0843, 0x0843, 0x0843, 0x0843, 0x0843, 0x0843, 0x0843, 
	0x0843, 0x0843, 0x0843, 0x0843, 0x0843, 0x0843, 0x0843, 0x0843, 0x0843, 0x0843, 0x0843, 0x0843, 0x0843, 0x0843, 0x0843, 0x0843, 
	0x0843, 0x0843, 0x0843, 0x0843, 0x0843, 0x0843, 0x0843, 0x0843, 0x0843, 0x0843, 0x0843, 0x0843, 0x0843, 0x0843, 0x0843, 0x0843, 
	0x0843, 0x0843, 0x0843, 0x0843, 0x0843, 0x0843, 0x0843, 0x0843, 0x0843, 0x0843, 0x0843, 0x0843, 0x0843, 0x0843, 0x0843, 0x0843, 
	0x0843, 0x0843, 0x0843, 0x0843, 0x0843, 0x0843, 0x0843, 0x0843, 0x0843, 0x0843, 0x0843, 0x0843, 0x0843, 0x0843, 0x0843, 0x0843, 
	0x0843, 0x0843, 0x0843, 0x0843, 0x0843, 0x0843, 0x0843, 0x0843, 0x0843, 0x0843, 0x0843, 0x0843, 0x0843, 0x0843, 0x0843, 0x0843, 
	0x0843, 0x0843, 0x0843, 0x0843, 0x0843, 0x0843, 0x0843, 0x0843, 0x0843, 0x0843, 0x0843, 0x0843, 0x0843, 0x0843, 0x0843, 0x0843, 
	0x0843, 0x0843, 0x0843, 0x0843, 0x0843, 0x0843, 0x0843, 0x0843, 0x0843, 0x0843, 0x0843, 0x0843, 0x0843, 0x0843, 0x0843, 0x0843, 
	0x0843, 0x0843, 0x0843, 0x0843, 0x0843, 0x0843, 0x0843, 0x0843, 0x0843, 0x0843, 0x0843, 0x0843, 0x0843, 0x0843, 0x0843, 0x0843, 
	0x0843, 0x0843, 0x0843, 0x0843, 0x0843, 0x0843, 0x0843, 0x0843, 0x0843, 0x0843, 0x0843, 0x0843, 0x0843, 0x0843, 0x0843, 0x0843, 
	0x0843, 0x0843, 0x0843, 0x0843, 0x0843, 0x0843, 0x0843, 0x0843, 0x0843, 0x0843, 0x0843, 0x0843, 0x0843, 0x0843, 0x0843, 0x0843, 
	0x0843, 0x0843, 0x0843, 0x0843, 0x0843, 0x0843, 0x0843, 0x0843, 0x0843, 0x0843, 0x0843, 0x0843, 0x0843, 0x0843, 0x0843, 0x0843, 
	0x0843, 0x0843, 0x0843, 0x0843, 0x0843, 0x0843, 0x0843, 0x0843, 0x0843, 0x0843, 0x0843, 0x0843, 0x0843, 0x0843, 0x0843, 0x0843, 
	0x0843, 0x0843, 0x0843, 0x0843, 0x0843, 0x0843, 0x0843, 0x0843, 0x0843, 0x0843, 0x0843, 0x0843, 0x0843, 0x0843, 0x0843, 0x0843, 
	0x0843, 0x0843, 0x0843, 0x0843, 0x0843, 0x0843, 0x0843, 0x0843, 0x0843, 0x0843, 0x0843, 0x0843, 0x0843, 0x0843, 0x0843, 0x0843, 
	0x0843, 0x0843, 0x0843, 0x0843, 0x0843, 0x0843, 0x0843, 0x0843, 0x0843, 0x0843, 0x0843, 0x0843, 0x0843, 0x0843, 0x0843, 0x0843, 
	0x0843, 0x0843, 0x0843, 0x0843, 0x0843, 0x0843, 0x0843, 0x0843, 0x0843, 0x0843, 0x0843, 0x0843, 0x0843, 0x0843, 0x0843, 0x0843, 
	0x0843, 0x0843, 0x0843, 0x0843, 0x0843, 0x0843, 0x0843, 0x0843, 0x0843, 0x0843, 0x0843, 0x0843, 0x0843, 0x0843, 0x0843, 0x0843, 
	0x0843, 0x0843, 0x0843, 0x0843, 0x0843, 0x0843, 0x0843, 0x0843, 0x0843, 0x0843, 0x0843, 0x0843, 0x0843, 0x0843, 0x0843, 0x0843, 
	0x0843, 0x0843, 0x0843, 0x0843, 0x0843, 0x0843, 0x0843, 0x0843, 0x0843, 0x0843, 0x0843, 0x0843, 0x0843, 0x0843, 0x0843, 0x0843, 
	0x0843, 0x0843, 0x0843, 0x0843, 0x0843, 0x0843, 0x0843, 0x0843, 0x0843, 0x0843, 0x0843, 0x0843, 0x0843, 0x0843, 0x0843, 0x0843, 
	0x0843, 0x0843, 0x0843, 0x0843, 0x0843, 0x0843, 0x0843, 0x0843, 0x0843, 0x0843, 0x0843, 0x0843, 0x0843, 0x0843, 0x0843, 0x0843, 
	0x0843, 0x0843, 0x0843, 0x0843, 0x0843, 0x0843, 0x0843, 0x0843, 0x0843, 0x0863, 0x0863, 0x0843, 0x0843, 0x0843, 0x0843, 0x0843, 
	0x0843, 0x0843, 0x0843, 0x0843, 0x0843, 0x0843, 0x0843, 0x0843, 0x0843, 0x0843, 0x0843, 0x0843, 0x0843, 0x0843, 0x0843, 0x0843, 
	0x0843, 0x0843, 0x0843, 0x0843, 0x0843, 0x0843, 0x0843, 0x0843, 0x0843, 0x0863, 0x0843, 0x0863, 0x0843, 0x0843, 0x0863, 0x0843, 
	0x0843, 0x0843, 0x0843, 0x0843, 0x0843, 0x0843, 0x0843, 0x0843, 0x0843, 0x0843, 0x0843, 0x0843, 0x0843, 0x0843, 0x0843, 0x0843, 
	0x0843, 0x0843, 0x0843, 0x0843, 0x0843, 0x0843, 0x0843, 0x0843, 0x0843, 0x0843, 0x0843, 0x0843, 0x0843, 0x0843, 0x0843, 0x0843, 
	0x0843, 0x0843, 0x0843, 0x0843, 0x0843, 0x0843, 0x0843, 0x0843, 0x0843, 0x0843, 0x0843, 0x0843, 0x0843, 0x0843, 0x0843, 0x0843, 
	0x0843, 0x0843, 0x0843, 0x0843, 0x0843, 0x0843, 0x0843, 0x0843, 0x0843, 0x0843, 0x0843, 0x0843, 0x0843, 0x0843, 0x0843, 0x0843, 
	0x0843, 0x0843, 0x0843, 0x0843, 0x0843, 0x0843, 0x0843, 0x0843, 0x0843, 0x0843, 0x0843, 0x0843, 0x0843, 0x0843, 0x0843, 0x0843, 
	0x0843, 0x0843, 0x0843, 0x0843, 0x0843, 0x0843, 0x0843, 0x0843, 0x0843, 0x0843, 0x0843, 0x0843, 0x0843, 0x0843, 0x0843, 0x0843, 
	0x0843, 0x0843, 0x0843, 0x0843, 0x0843, 0x0843, 0x0843, 0x0843, 0x0843, 0x0843, 0x0843, 0x0843, 0x0843, 0x0843, 0x0843, 0x0843, 
	0x0843, 0x0843, 0x0843, 0x0843, 0x0843, 0x0843, 0x0843, 0x0843, 0x0843, 0x0843, 0x0843, 0x0843, 0x0843, 0x0843, 0x0843, 0x0843, 
	0x0843, 0x0843, 0x0843, 0x0843, 0x0843, 0x0843, 0x0843, 0x0843, 0x0843, 0x0843, 0x0843, 0x0843, 0x0843, 0x0843, 0x0843, 0x0843, 
	0x0843, 0x0843, 0x0843, 0x0843, 0x0843, 0x0843, 0x0843, 0x0843, 0x0843, 0x0843, 0x0843, 0x0843, 0x0843, 0x0843, 0x0843, 0x0843, 
	0x0843, 0x0843, 0x0843, 0x0843, 0x0843, 0x0843, 0x0843, 0x0843, 0x0843, 0x0843, 0x0843, 0x0843, 0x0843, 0x0843, 0x0843, 0x0843
}

// Add more images as needed:
// const uint16_t image_boot[] PROGMEM = { ... };
// const uint16_t image_error[] PROGMEM = { ... };

#endif // IMAGES_H